customer_id,first_name,last_name,email,phone,city,signup_date,segment,age,full_name,days_since_signup
CUST_00001,Arjun,Kumar,user1@email.com,+91-8317251289,Delhi,2020-01-01 00:00:00,Standard,69.0,Arjun Kumar,2301
CUST_00002,Neha,Singh,user2@email.com,+91-8074915660,Pune,2020-01-01 06:00:00,Basic,44.0,Neha Singh,2301
CUST_00003,Meera,Shah,user3@email.com,+91-7983189671,Delhi,2020-01-01 12:00:00,Basic,27.0,Meera Shah,2301
CUST_00004,Vikram,Gupta,user4@email.com,+91-7715299965,Chennai,2020-01-01 18:00:00,Premium,55.0,Vikram Gupta,2300
CUST_00005,Arjun,Gupta,user5@email.com,+91-8890186924,Pune,2020-01-02 00:00:00,Basic,61.0,Arjun Gupta,2300
CUST_00006,Pooja,Reddy,user6@email.com,+91-9369111897,Delhi,2020-01-02 06:00:00,Standard,48.0,Pooja Reddy,2300
CUST_00007,Rahul,Kumar,user7@email.com,+91-9087913372,Delhi,2020-01-02 12:00:00,Standard,27.0,Rahul Kumar,2300
CUST_00008,Arjun,Kumar,user8@email.com,+91-8526735515,Mumbai,2020-01-02 18:00:00,Premium,66.0,Arjun Kumar,2299
CUST_00009,Meera,Joshi,user9@email.com,+91-8259261398,Delhi,2020-01-03 00:00:00,Standard,51.0,Meera Joshi,2299
CUST_00010,Vikram,Nair,user10@email.com,+91-7772919190,Kolkata,2020-01-03 06:00:00,Standard,68.0,Vikram Nair,2299
CUST_00011,Neha,Kumar,user11@email.com,+91-7280983462,Chennai,2020-01-03 12:00:00,Standard,69.0,Neha Kumar,2299
CUST_00012,Meera,Patel,user12@email.com,+91-8595525960,Bengaluru,2020-01-03 18:00:00,Basic,23.0,Meera Patel,2298
CUST_00013,Meera,Nair,user13@email.com,+91-8761339546,Bengaluru,2020-01-04 00:00:00,Basic,45.0,Meera Nair,2298
CUST_00014,Rahul,Patel,user14@email.com,+91-9824560751,Bengaluru,2020-01-04 06:00:00,Standard,45.0,Rahul Patel,2298
CUST_00015,Anjali,Gupta,user15@email.com,+91-7931498427,Chennai,2020-01-04 12:00:00,Premium,30.0,Anjali Gupta,2298
CUST_00016,Vikram,Nair,user16@email.com,+91-7601302343,Bengaluru,2020-01-04 18:00:00,Basic,58.0,Vikram Nair,2297
CUST_00017,Priya,Kumar,user17@email.com,+91-8291742934,Mumbai,2020-01-05 00:00:00,Premium,29.0,Priya Kumar,2297
CUST_00018,Meera,Singh,user18@email.com,+91-8575272001,Chennai,2020-01-05 06:00:00,Basic,67.0,Meera Singh,2297
CUST_00019,Anjali,Reddy,user19@email.com,+91-7615805968,Kolkata,2020-01-05 12:00:00,Basic,57.0,Anjali Reddy,2297
CUST_00020,Priya,Patel,user20@email.com,+91-9099840837,Pune,2020-01-05 18:00:00,Standard,67.0,Priya Patel,2296
CUST_00021,Vikram,Nair,user21@email.com,+91-7148545386,Kolkata,2020-01-06 00:00:00,Standard,19.0,Vikram Nair,2296
CUST_00022,Aarav,Kumar,user22@email.com,+91-7244441685,Chennai,2020-01-06 06:00:00,Premium,25.0,Aarav Kumar,2296
CUST_00023,Pooja,Nair,user23@email.com,+91-8127077034,Chennai,2020-01-06 12:00:00,Standard,59.0,Pooja Nair,2296
CUST_00024,Anjali,Kumar,user24@email.com,+91-8217779739,Delhi,2020-01-06 18:00:00,Premium,26.0,Anjali Kumar,2295
CUST_00025,Sanjay,Kumar,user25@email.com,+91-8732797997,Delhi,2020-01-07 00:00:00,Basic,67.0,Sanjay Kumar,2295
CUST_00026,Aarav,Kumar,user26@email.com,+91-8307505379,Delhi,2020-01-07 06:00:00,Premium,25.0,Aarav Kumar,2295
CUST_00027,Pooja,Joshi,user27@email.com,+91-9090728728,Ahmedabad,2020-01-07 12:00:00,Standard,68.0,Pooja Joshi,2295
CUST_00028,Rahul,Reddy,user28@email.com,+91-9552528505,Ahmedabad,2020-01-07 18:00:00,Standard,20.0,Rahul Reddy,2294
CUST_00029,Arjun,Singh,user29@email.com,+91-7831121406,Hyderabad,2020-01-08 00:00:00,Standard,26.0,Arjun Singh,2294
CUST_00030,Neha,Singh,user30@email.com,+91-8024418116,Ahmedabad,2020-01-08 06:00:00,Premium,30.0,Neha Singh,2294
CUST_00031,Sanjay,Nair,user31@email.com,+91-7038852211,Mumbai,2020-01-08 12:00:00,Premium,26.0,Sanjay Nair,2294
CUST_00032,Rahul,Nair,user32@email.com,+91-9806032734,Chennai,2020-01-08 18:00:00,Premium,48.0,Rahul Nair,2293
CUST_00033,Vikram,Kumar,user33@email.com,+91-7344758125,Kolkata,2020-01-09 00:00:00,Basic,42.0,Vikram Kumar,2293
CUST_00034,Rahul,Joshi,user34@email.com,+91-8486342851,Chennai,2020-01-09 06:00:00,Standard,69.0,Rahul Joshi,2293
CUST_00035,Arjun,Kumar,user35@email.com,+91-8283817537,Delhi,2020-01-09 12:00:00,Basic,61.0,Arjun Kumar,2293
CUST_00036,Vikram,Joshi,user36@email.com,+91-7261564444,Chennai,2020-01-09 18:00:00,Standard,62.0,Vikram Joshi,2292
CUST_00037,Sanjay,Kumar,user37@email.com,+91-9459795131,Pune,2020-01-10 00:00:00,Standard,25.0,Sanjay Kumar,2292
CUST_00038,Arjun,Patel,user38@email.com,+91-9122183694,Ahmedabad,2020-01-10 06:00:00,Standard,64.0,Arjun Patel,2292
CUST_00039,Priya,Patel,user39@email.com,+91-7756108133,Chennai,2020-01-10 12:00:00,Basic,48.0,Priya Patel,2292
CUST_00040,Neha,Gupta,user40@email.com,+91-7184388537,Kolkata,2020-01-10 18:00:00,Standard,62.0,Neha Gupta,2291
CUST_00041,Sanjay,Kumar,user41@email.com,+91-8939942861,Bengaluru,2020-01-11 00:00:00,Premium,44.0,Sanjay Kumar,2291
CUST_00042,Priya,Reddy,user42@email.com,+91-7817018803,Pune,2020-01-11 06:00:00,Standard,62.0,Priya Reddy,2291
CUST_00043,Pooja,Gupta,user43@email.com,+91-7031584046,Pune,2020-01-11 12:00:00,Standard,48.0,Pooja Gupta,2291
CUST_00044,Sanjay,Nair,user44@email.com,+91-7483435831,Chennai,2020-01-11 18:00:00,Standard,34.0,Sanjay Nair,2290
CUST_00045,Pooja,Shah,user45@email.com,+91-8940138562,Hyderabad,2020-01-12 00:00:00,Basic,64.0,Pooja Shah,2290
CUST_00046,Vikram,Kumar,user46@email.com,+91-9890442960,Delhi,2020-01-12 06:00:00,Standard,36.0,Vikram Kumar,2290
CUST_00047,Priya,Patel,user47@email.com,+91-8058540081,Mumbai,2020-01-12 12:00:00,Basic,20.0,Priya Patel,2290
CUST_00048,Neha,Shah,user48@email.com,+91-7537678668,Mumbai,2020-01-12 18:00:00,Standard,63.0,Neha Shah,2289
CUST_00049,Arjun,Joshi,user49@email.com,+91-8255740276,Bengaluru,2020-01-13 00:00:00,Basic,47.0,Arjun Joshi,2289
CUST_00050,Meera,Shah,user50@email.com,+91-7509623450,Mumbai,2020-01-13 06:00:00,Basic,27.0,Meera Shah,2289
CUST_00051,Rahul,Reddy,user51@email.com,+91-9634976755,Mumbai,2020-01-13 12:00:00,Standard,66.0,Rahul Reddy,2289
CUST_00052,Aarav,Kumar,user52@email.com,+91-7885517470,Delhi,2020-01-13 18:00:00,Basic,46.0,Aarav Kumar,2288
CUST_00053,Neha,Singh,user53@email.com,+91-9769759819,Ahmedabad,2020-01-14 00:00:00,Basic,57.0,Neha Singh,2288
CUST_00054,Priya,Shah,user54@email.com,+91-9172329878,Delhi,2020-01-14 06:00:00,Standard,35.0,Priya Shah,2288
CUST_00055,Meera,Singh,user55@email.com,+91-7432747142,Hyderabad,2020-01-14 12:00:00,Standard,29.0,Meera Singh,2288
CUST_00056,Neha,Joshi,user56@email.com,+91-7474583387,Kolkata,2020-01-14 18:00:00,Basic,66.0,Neha Joshi,2287
CUST_00057,Priya,Gupta,user57@email.com,+91-8477848742,Bengaluru,2020-01-15 00:00:00,Standard,40.0,Priya Gupta,2287
CUST_00058,Anjali,Singh,user58@email.com,+91-7155038874,Mumbai,2020-01-15 06:00:00,Premium,28.0,Anjali Singh,2287
CUST_00059,Anjali,Gupta,user59@email.com,+91-7966601983,Hyderabad,2020-01-15 12:00:00,Basic,26.0,Anjali Gupta,2287
CUST_00060,Pooja,Patel,user60@email.com,+91-8470346291,Bengaluru,2020-01-15 18:00:00,Premium,41.0,Pooja Patel,2286
CUST_00061,Neha,Kumar,user61@email.com,+91-9426919968,Pune,2020-01-16 00:00:00,Basic,42.0,Neha Kumar,2286
CUST_00062,Anjali,Shah,user62@email.com,+91-9220243199,Mumbai,2020-01-16 06:00:00,Basic,42.0,Anjali Shah,2286
CUST_00063,Priya,Patel,user63@email.com,+91-8957434279,Mumbai,2020-01-16 12:00:00,Standard,64.0,Priya Patel,2286
CUST_00064,Pooja,Patel,user64@email.com,+91-7393927473,Delhi,2020-01-16 18:00:00,Premium,26.0,Pooja Patel,2285
CUST_00065,Priya,Mehta,user65@email.com,+91-7944000648,Chennai,2020-01-17 00:00:00,Standard,29.0,Priya Mehta,2285
CUST_00066,Pooja,Sharma,user66@email.com,+91-9487328439,Bengaluru,2020-01-17 06:00:00,Standard,28.0,Pooja Sharma,2285
CUST_00067,Neha,Reddy,user67@email.com,+91-7366179592,Mumbai,2020-01-17 12:00:00,Standard,66.0,Neha Reddy,2285
CUST_00068,Meera,Gupta,user68@email.com,+91-9624346920,Ahmedabad,2020-01-17 18:00:00,Premium,55.0,Meera Gupta,2284
CUST_00069,Arjun,Mehta,user69@email.com,+91-7717617185,Bengaluru,2020-01-18 00:00:00,Standard,45.0,Arjun Mehta,2284
CUST_00070,Sanjay,Sharma,user70@email.com,+91-9598283381,Kolkata,2020-01-18 06:00:00,Standard,25.0,Sanjay Sharma,2284
CUST_00071,Meera,Reddy,user71@email.com,+91-7989367331,Ahmedabad,2020-01-18 12:00:00,Premium,27.0,Meera Reddy,2284
CUST_00072,Vikram,Gupta,user72@email.com,+91-9883795005,Hyderabad,2020-01-18 18:00:00,Basic,42.0,Vikram Gupta,2283
CUST_00073,Priya,Kumar,user73@email.com,+91-8331378213,Ahmedabad,2020-01-19 00:00:00,Basic,64.0,Priya Kumar,2283
CUST_00074,Vikram,Reddy,user74@email.com,+91-7320163097,Hyderabad,2020-01-19 06:00:00,Basic,53.0,Vikram Reddy,2283
CUST_00075,Meera,Shah,user75@email.com,+91-7856725885,Chennai,2020-01-19 12:00:00,Basic,67.0,Meera Shah,2283
CUST_00076,Pooja,Patel,user76@email.com,+91-9613915854,Mumbai,2020-01-19 18:00:00,Standard,60.0,Pooja Patel,2282
CUST_00077,Sanjay,Sharma,user77@email.com,+91-7873941090,Ahmedabad,2020-01-20 00:00:00,Standard,26.0,Sanjay Sharma,2282
CUST_00078,Sanjay,Sharma,user78@email.com,+91-8407121919,Kolkata,2020-01-20 06:00:00,Basic,58.0,Sanjay Sharma,2282
CUST_00079,Aarav,Sharma,user79@email.com,+91-9546851527,Delhi,2020-01-20 12:00:00,Standard,25.0,Aarav Sharma,2282
CUST_00080,Sanjay,Gupta,user80@email.com,+91-8979082359,Mumbai,2020-01-20 18:00:00,Premium,20.0,Sanjay Gupta,2281
CUST_00081,Arjun,Shah,user81@email.com,+91-9842037615,Bengaluru,2020-01-21 00:00:00,Standard,44.0,Arjun Shah,2281
CUST_00082,Sanjay,Reddy,user82@email.com,+91-7427883899,Pune,2020-01-21 06:00:00,Standard,35.0,Sanjay Reddy,2281
CUST_00083,Meera,Patel,user83@email.com,+91-8116410702,Hyderabad,2020-01-21 12:00:00,Standard,63.0,Meera Patel,2281
CUST_00084,Aarav,Shah,user84@email.com,+91-8663707197,Bengaluru,2020-01-21 18:00:00,Standard,52.0,Aarav Shah,2280
CUST_00085,Meera,Mehta,user85@email.com,+91-7844038408,Chennai,2020-01-22 00:00:00,Basic,34.0,Meera Mehta,2280
CUST_00086,Meera,Kumar,user86@email.com,+91-7143444335,Hyderabad,2020-01-22 06:00:00,Standard,53.0,Meera Kumar,2280
CUST_00087,Rahul,Singh,user87@email.com,+91-9076927754,Delhi,2020-01-22 12:00:00,Premium,44.0,Rahul Singh,2280
CUST_00088,Aarav,Shah,user88@email.com,+91-8492786099,Hyderabad,2020-01-22 18:00:00,Basic,45.0,Aarav Shah,2279
CUST_00089,Meera,Mehta,user89@email.com,+91-9540505009,Pune,2020-01-23 00:00:00,Standard,67.0,Meera Mehta,2279
CUST_00090,Rahul,Patel,user90@email.com,+91-7251740350,Ahmedabad,2020-01-23 06:00:00,Standard,32.0,Rahul Patel,2279
CUST_00091,Rahul,Singh,user91@email.com,+91-9102204088,Kolkata,2020-01-23 12:00:00,Premium,36.0,Rahul Singh,2279
CUST_00092,Aarav,Singh,user92@email.com,+91-8622884920,Ahmedabad,2020-01-23 18:00:00,Standard,39.0,Aarav Singh,2278
CUST_00093,Vikram,Shah,user93@email.com,+91-8012329604,Mumbai,2020-01-24 00:00:00,Premium,23.0,Vikram Shah,2278
CUST_00094,Pooja,Sharma,user94@email.com,+91-8117723419,Pune,2020-01-24 06:00:00,Standard,64.0,Pooja Sharma,2278
CUST_00095,Arjun,Nair,user95@email.com,+91-9040291218,Kolkata,2020-01-24 12:00:00,Premium,24.0,Arjun Nair,2278
CUST_00096,Pooja,Patel,user96@email.com,+91-9134574224,Pune,2020-01-24 18:00:00,Basic,61.0,Pooja Patel,2277
CUST_00097,Sanjay,Sharma,user97@email.com,+91-8039277140,Mumbai,2020-01-25 00:00:00,Basic,65.0,Sanjay Sharma,2277
CUST_00098,Arjun,Patel,user98@email.com,+91-8728078843,Hyderabad,2020-01-25 06:00:00,Standard,26.0,Arjun Patel,2277
CUST_00099,Sanjay,Nair,user99@email.com,+91-7422977630,Chennai,2020-01-25 12:00:00,Basic,37.0,Sanjay Nair,2277
CUST_00100,Meera,Kumar,user100@email.com,+91-8560946110,Mumbai,2020-01-25 18:00:00,Standard,54.0,Meera Kumar,2276
CUST_00101,Priya,Nair,user101@email.com,+91-7619177579,Mumbai,2020-01-26 00:00:00,Basic,28.0,Priya Nair,2276
CUST_00102,Aarav,Joshi,user102@email.com,+91-8923805876,Kolkata,2020-01-26 06:00:00,Basic,19.0,Aarav Joshi,2276
CUST_00103,Arjun,Shah,user103@email.com,+91-8023200223,Delhi,2020-01-26 12:00:00,Standard,39.0,Arjun Shah,2276
CUST_00104,Arjun,Shah,user104@email.com,+91-9527967356,Ahmedabad,2020-01-26 18:00:00,Standard,65.0,Arjun Shah,2275
CUST_00105,Meera,Mehta,user105@email.com,+91-7015358990,Hyderabad,2020-01-27 00:00:00,Basic,53.0,Meera Mehta,2275
CUST_00106,Vikram,Sharma,user106@email.com,+91-8984850593,Mumbai,2020-01-27 06:00:00,Basic,22.0,Vikram Sharma,2275
CUST_00107,Rahul,Mehta,user107@email.com,+91-9843157210,Chennai,2020-01-27 12:00:00,Standard,24.0,Rahul Mehta,2275
CUST_00108,Meera,Joshi,user108@email.com,+91-9287636562,Bengaluru,2020-01-27 18:00:00,Basic,23.0,Meera Joshi,2274
CUST_00109,Anjali,Nair,user109@email.com,+91-7651472268,Hyderabad,2020-01-28 00:00:00,Premium,39.0,Anjali Nair,2274
CUST_00110,Rahul,Shah,user110@email.com,+91-8086486116,Delhi,2020-01-28 06:00:00,Basic,27.0,Rahul Shah,2274
CUST_00111,Aarav,Gupta,user111@email.com,+91-8395977350,Pune,2020-01-28 12:00:00,Standard,63.0,Aarav Gupta,2274
CUST_00112,Rahul,Nair,user112@email.com,+91-8120652913,Mumbai,2020-01-28 18:00:00,Standard,57.0,Rahul Nair,2273
CUST_00113,Vikram,Nair,user113@email.com,+91-7223019330,Chennai,2020-01-29 00:00:00,Standard,63.0,Vikram Nair,2273
CUST_00114,Rahul,Joshi,user114@email.com,+91-9545111898,Hyderabad,2020-01-29 06:00:00,Standard,63.0,Rahul Joshi,2273
CUST_00115,Aarav,Kumar,user115@email.com,+91-9972370685,Chennai,2020-01-29 12:00:00,Standard,37.0,Aarav Kumar,2273
CUST_00116,Vikram,Patel,user116@email.com,+91-9478819274,Chennai,2020-01-29 18:00:00,Standard,45.0,Vikram Patel,2272
CUST_00117,Pooja,Joshi,user117@email.com,+91-8233305903,Ahmedabad,2020-01-30 00:00:00,Premium,40.0,Pooja Joshi,2272
CUST_00118,Arjun,Patel,user118@email.com,+91-8914514157,Kolkata,2020-01-30 06:00:00,Basic,52.0,Arjun Patel,2272
CUST_00119,Arjun,Shah,user119@email.com,+91-8065936847,Pune,2020-01-30 12:00:00,Basic,18.0,Arjun Shah,2272
CUST_00120,Sanjay,Joshi,user120@email.com,+91-9171388639,Delhi,2020-01-30 18:00:00,Premium,46.0,Sanjay Joshi,2271
CUST_00121,Pooja,Patel,user121@email.com,+91-8821569965,Ahmedabad,2020-01-31 00:00:00,Basic,26.0,Pooja Patel,2271
CUST_00122,Pooja,Mehta,user122@email.com,+91-8952783837,Hyderabad,2020-01-31 06:00:00,Basic,26.0,Pooja Mehta,2271
CUST_00123,Rahul,Joshi,user123@email.com,+91-7792334719,Mumbai,2020-01-31 12:00:00,Standard,39.0,Rahul Joshi,2271
CUST_00124,Arjun,Shah,user124@email.com,+91-8030848758,Delhi,2020-01-31 18:00:00,Standard,19.0,Arjun Shah,2270
CUST_00125,Aarav,Joshi,user125@email.com,+91-8146526778,Mumbai,2020-02-01 00:00:00,Basic,33.0,Aarav Joshi,2270
CUST_00126,Neha,Shah,user126@email.com,+91-9709776276,Bengaluru,2020-02-01 06:00:00,Basic,57.0,Neha Shah,2270
CUST_00127,Neha,Joshi,user127@email.com,+91-7149426017,Chennai,2020-02-01 12:00:00,Standard,23.0,Neha Joshi,2270
CUST_00128,Vikram,Patel,user128@email.com,+91-8907101195,Bengaluru,2020-02-01 18:00:00,Basic,30.0,Vikram Patel,2269
CUST_00129,Arjun,Kumar,user129@email.com,+91-9295831952,Kolkata,2020-02-02 00:00:00,Premium,50.0,Arjun Kumar,2269
CUST_00130,Arjun,Reddy,user130@email.com,+91-7538850743,Chennai,2020-02-02 06:00:00,Standard,36.0,Arjun Reddy,2269
CUST_00131,Neha,Patel,user131@email.com,+91-8481611716,Pune,2020-02-02 12:00:00,Premium,32.0,Neha Patel,2269
CUST_00132,Arjun,Sharma,user132@email.com,+91-7390019531,Delhi,2020-02-02 18:00:00,Standard,50.0,Arjun Sharma,2268
CUST_00133,Rahul,Singh,user133@email.com,+91-7644320230,Mumbai,2020-02-03 00:00:00,Basic,27.0,Rahul Singh,2268
CUST_00134,Anjali,Kumar,user134@email.com,+91-7800155486,Ahmedabad,2020-02-03 06:00:00,Basic,18.0,Anjali Kumar,2268
CUST_00135,Priya,Mehta,user135@email.com,+91-8891396587,Kolkata,2020-02-03 12:00:00,Standard,29.0,Priya Mehta,2268
CUST_00136,Pooja,Nair,user136@email.com,+91-9866855847,Pune,2020-02-03 18:00:00,Standard,60.0,Pooja Nair,2267
CUST_00137,Sanjay,Patel,user137@email.com,+91-9355436233,Mumbai,2020-02-04 00:00:00,Basic,46.0,Sanjay Patel,2267
CUST_00138,Vikram,Joshi,user138@email.com,+91-7490019854,Delhi,2020-02-04 06:00:00,Basic,34.0,Vikram Joshi,2267
CUST_00139,Anjali,Patel,user139@email.com,+91-7447107965,Hyderabad,2020-02-04 12:00:00,Basic,21.0,Anjali Patel,2267
CUST_00140,Neha,Gupta,user140@email.com,+91-9977382565,Kolkata,2020-02-04 18:00:00,Basic,46.0,Neha Gupta,2266
CUST_00141,Pooja,Kumar,user141@email.com,+91-9847702741,Bengaluru,2020-02-05 00:00:00,Standard,24.0,Pooja Kumar,2266
CUST_00142,Arjun,Reddy,user142@email.com,+91-9985653522,Bengaluru,2020-02-05 06:00:00,Basic,61.0,Arjun Reddy,2266
CUST_00143,Sanjay,Mehta,user143@email.com,+91-8269166489,Ahmedabad,2020-02-05 12:00:00,Premium,30.0,Sanjay Mehta,2266
CUST_00144,Arjun,Gupta,user144@email.com,+91-9848389549,Mumbai,2020-02-05 18:00:00,Standard,22.0,Arjun Gupta,2265
CUST_00145,Aarav,Shah,user145@email.com,+91-9078370355,Mumbai,2020-02-06 00:00:00,Standard,23.0,Aarav Shah,2265
CUST_00146,Aarav,Gupta,user146@email.com,+91-7184252047,Mumbai,2020-02-06 06:00:00,Standard,51.0,Aarav Gupta,2265
CUST_00147,Sanjay,Patel,user147@email.com,+91-8482098147,Kolkata,2020-02-06 12:00:00,Basic,44.0,Sanjay Patel,2265
CUST_00148,Sanjay,Mehta,user148@email.com,+91-8791084113,Delhi,2020-02-06 18:00:00,Basic,24.0,Sanjay Mehta,2264
CUST_00149,Neha,Patel,user149@email.com,+91-8299718708,Hyderabad,2020-02-07 00:00:00,Premium,63.0,Neha Patel,2264
CUST_00150,Sanjay,Shah,user150@email.com,+91-9691751753,Bengaluru,2020-02-07 06:00:00,Premium,45.0,Sanjay Shah,2264
CUST_00151,Rahul,Nair,user151@email.com,+91-8582989629,Pune,2020-02-07 12:00:00,Standard,63.0,Rahul Nair,2264
CUST_00152,Arjun,Mehta,user152@email.com,+91-7617847156,Chennai,2020-02-07 18:00:00,Standard,27.0,Arjun Mehta,2263
CUST_00153,Anjali,Nair,user153@email.com,+91-9366402948,Kolkata,2020-02-08 00:00:00,Basic,21.0,Anjali Nair,2263
CUST_00154,Meera,Kumar,user154@email.com,+91-7878719808,Kolkata,2020-02-08 06:00:00,Basic,20.0,Meera Kumar,2263
CUST_00155,Sanjay,Kumar,user155@email.com,+91-7998509756,Delhi,2020-02-08 12:00:00,Standard,42.0,Sanjay Kumar,2263
CUST_00156,Vikram,Nair,user156@email.com,+91-7557392601,Bengaluru,2020-02-08 18:00:00,Basic,40.0,Vikram Nair,2262
CUST_00157,Aarav,Kumar,user157@email.com,+91-8406324966,Ahmedabad,2020-02-09 00:00:00,Basic,44.0,Aarav Kumar,2262
CUST_00158,Rahul,Mehta,user158@email.com,+91-7031319363,Hyderabad,2020-02-09 06:00:00,Standard,31.0,Rahul Mehta,2262
CUST_00159,Pooja,Joshi,user159@email.com,+91-9881397214,Delhi,2020-02-09 12:00:00,Standard,55.0,Pooja Joshi,2262
CUST_00160,Meera,Sharma,user160@email.com,+91-7288775986,Pune,2020-02-09 18:00:00,Standard,49.0,Meera Sharma,2261
CUST_00161,Anjali,Kumar,user161@email.com,+91-9118279983,Bengaluru,2020-02-10 00:00:00,Standard,40.0,Anjali Kumar,2261
CUST_00162,Meera,Kumar,user162@email.com,+91-8105231686,Delhi,2020-02-10 06:00:00,Basic,64.0,Meera Kumar,2261
CUST_00163,Sanjay,Patel,user163@email.com,+91-9329291928,Bengaluru,2020-02-10 12:00:00,Standard,57.0,Sanjay Patel,2261
CUST_00164,Neha,Nair,user164@email.com,+91-7254238907,Bengaluru,2020-02-10 18:00:00,Standard,54.0,Neha Nair,2260
CUST_00165,Aarav,Singh,user165@email.com,+91-9337105477,Ahmedabad,2020-02-11 00:00:00,Standard,20.0,Aarav Singh,2260
CUST_00166,Aarav,Reddy,user166@email.com,+91-9286905839,Kolkata,2020-02-11 06:00:00,Standard,52.0,Aarav Reddy,2260
CUST_00167,Pooja,Gupta,user167@email.com,+91-9927446559,Hyderabad,2020-02-11 12:00:00,Standard,30.0,Pooja Gupta,2260
CUST_00168,Neha,Kumar,user168@email.com,+91-9788589172,Kolkata,2020-02-11 18:00:00,Basic,51.0,Neha Kumar,2259
CUST_00169,Arjun,Gupta,user169@email.com,+91-8805151228,Chennai,2020-02-12 00:00:00,Basic,41.0,Arjun Gupta,2259
CUST_00170,Priya,Mehta,user170@email.com,+91-7102057683,Hyderabad,2020-02-12 06:00:00,Standard,18.0,Priya Mehta,2259
CUST_00171,Rahul,Singh,user171@email.com,+91-8546599064,Bengaluru,2020-02-12 12:00:00,Standard,29.0,Rahul Singh,2259
CUST_00172,Aarav,Reddy,user172@email.com,+91-8160915387,Delhi,2020-02-12 18:00:00,Basic,25.0,Aarav Reddy,2258
CUST_00173,Vikram,Nair,user173@email.com,+91-9502025898,Pune,2020-02-13 00:00:00,Standard,36.0,Vikram Nair,2258
CUST_00174,Aarav,Sharma,user174@email.com,+91-7933604260,Ahmedabad,2020-02-13 06:00:00,Basic,26.0,Aarav Sharma,2258
CUST_00175,Meera,Reddy,user175@email.com,+91-9700225258,Hyderabad,2020-02-13 12:00:00,Standard,45.0,Meera Reddy,2258
CUST_00176,Aarav,Reddy,user176@email.com,+91-7872239887,Chennai,2020-02-13 18:00:00,Premium,31.0,Aarav Reddy,2257
CUST_00177,Aarav,Sharma,user177@email.com,+91-8650821405,Bengaluru,2020-02-14 00:00:00,Basic,44.0,Aarav Sharma,2257
CUST_00178,Priya,Joshi,user178@email.com,+91-7887013737,Pune,2020-02-14 06:00:00,Basic,35.0,Priya Joshi,2257
CUST_00179,Priya,Nair,user179@email.com,+91-7228089944,Hyderabad,2020-02-14 12:00:00,Standard,59.0,Priya Nair,2257
CUST_00180,Anjali,Patel,user180@email.com,+91-9754935179,Kolkata,2020-02-14 18:00:00,Basic,58.0,Anjali Patel,2256
CUST_00181,Arjun,Gupta,user181@email.com,+91-7640247156,Kolkata,2020-02-15 00:00:00,Basic,23.0,Arjun Gupta,2256
CUST_00182,Vikram,Kumar,user182@email.com,+91-8339297580,Hyderabad,2020-02-15 06:00:00,Basic,50.0,Vikram Kumar,2256
CUST_00183,Aarav,Reddy,user183@email.com,+91-7262526375,Hyderabad,2020-02-15 12:00:00,Basic,54.0,Aarav Reddy,2256
CUST_00184,Aarav,Mehta,user184@email.com,+91-9837957347,Hyderabad,2020-02-15 18:00:00,Standard,59.0,Aarav Mehta,2255
CUST_00185,Rahul,Sharma,user185@email.com,+91-7951937604,Pune,2020-02-16 00:00:00,Standard,42.0,Rahul Sharma,2255
CUST_00186,Priya,Gupta,user186@email.com,+91-8334114261,Kolkata,2020-02-16 06:00:00,Basic,30.0,Priya Gupta,2255
CUST_00187,Vikram,Singh,user187@email.com,+91-8575170549,Delhi,2020-02-16 12:00:00,Standard,40.0,Vikram Singh,2255
CUST_00188,Pooja,Sharma,user188@email.com,+91-9740328299,Chennai,2020-02-16 18:00:00,Standard,53.0,Pooja Sharma,2254
CUST_00189,Anjali,Singh,user189@email.com,+91-7706861969,Chennai,2020-02-17 00:00:00,Standard,50.0,Anjali Singh,2254
CUST_00190,Arjun,Nair,user190@email.com,+91-7367083567,Ahmedabad,2020-02-17 06:00:00,Standard,38.0,Arjun Nair,2254
CUST_00191,Neha,Reddy,user191@email.com,+91-8553071572,Bengaluru,2020-02-17 12:00:00,Standard,51.0,Neha Reddy,2254
CUST_00192,Arjun,Mehta,user192@email.com,+91-7460811339,Mumbai,2020-02-17 18:00:00,Premium,53.0,Arjun Mehta,2253
CUST_00193,Meera,Kumar,user193@email.com,+91-8789534805,Delhi,2020-02-18 00:00:00,Basic,34.0,Meera Kumar,2253
CUST_00194,Aarav,Singh,user194@email.com,+91-8225813718,Kolkata,2020-02-18 06:00:00,Standard,27.0,Aarav Singh,2253
CUST_00195,Anjali,Gupta,user195@email.com,+91-7345115492,Bengaluru,2020-02-18 12:00:00,Standard,40.0,Anjali Gupta,2253
CUST_00196,Meera,Joshi,user196@email.com,+91-8435395998,Ahmedabad,2020-02-18 18:00:00,Premium,61.0,Meera Joshi,2252
CUST_00197,Vikram,Nair,user197@email.com,+91-7391922489,Bengaluru,2020-02-19 00:00:00,Premium,19.0,Vikram Nair,2252
CUST_00198,Neha,Joshi,user198@email.com,+91-9288474365,Hyderabad,2020-02-19 06:00:00,Standard,52.0,Neha Joshi,2252
CUST_00199,Priya,Nair,user199@email.com,+91-7834977950,Mumbai,2020-02-19 12:00:00,Basic,31.0,Priya Nair,2252
CUST_00200,Anjali,Patel,user200@email.com,+91-7727571964,Kolkata,2020-02-19 18:00:00,Premium,64.0,Anjali Patel,2251
CUST_00201,Anjali,Gupta,user201@email.com,+91-7469316231,Mumbai,2020-02-20 00:00:00,Basic,62.0,Anjali Gupta,2251
CUST_00202,Aarav,Joshi,user202@email.com,+91-7094474398,Delhi,2020-02-20 06:00:00,Standard,58.0,Aarav Joshi,2251
CUST_00203,Sanjay,Mehta,user203@email.com,+91-8414374020,Mumbai,2020-02-20 12:00:00,Standard,19.0,Sanjay Mehta,2251
CUST_00204,Anjali,Reddy,user204@email.com,+91-7113646108,Bengaluru,2020-02-20 18:00:00,Premium,36.0,Anjali Reddy,2250
CUST_00205,Rahul,Sharma,user205@email.com,+91-8056097276,Mumbai,2020-02-21 00:00:00,Premium,33.0,Rahul Sharma,2250
CUST_00206,Neha,Kumar,user206@email.com,+91-7975054022,Mumbai,2020-02-21 06:00:00,Basic,60.0,Neha Kumar,2250
CUST_00207,Neha,Reddy,user207@email.com,+91-7193775061,Chennai,2020-02-21 12:00:00,Basic,61.0,Neha Reddy,2250
CUST_00208,Rahul,Reddy,user208@email.com,+91-9678041608,Kolkata,2020-02-21 18:00:00,Basic,42.0,Rahul Reddy,2249
CUST_00209,Pooja,Nair,user209@email.com,+91-9164526577,Kolkata,2020-02-22 00:00:00,Premium,18.0,Pooja Nair,2249
CUST_00210,Rahul,Mehta,user210@email.com,+91-9527124921,Bengaluru,2020-02-22 06:00:00,Standard,19.0,Rahul Mehta,2249
CUST_00211,Rahul,Nair,user211@email.com,+91-8621664452,Pune,2020-02-22 12:00:00,Standard,65.0,Rahul Nair,2249
CUST_00212,Neha,Shah,user212@email.com,+91-9789102337,Mumbai,2020-02-22 18:00:00,Standard,44.0,Neha Shah,2248
CUST_00213,Arjun,Singh,user213@email.com,+91-8964597114,Mumbai,2020-02-23 00:00:00,Standard,19.0,Arjun Singh,2248
CUST_00214,Neha,Kumar,user214@email.com,+91-7087556753,Hyderabad,2020-02-23 06:00:00,Basic,47.0,Neha Kumar,2248
CUST_00215,Sanjay,Singh,user215@email.com,+91-8569226303,Kolkata,2020-02-23 12:00:00,Standard,68.0,Sanjay Singh,2248
CUST_00216,Aarav,Sharma,user216@email.com,+91-8758377183,Mumbai,2020-02-23 18:00:00,Standard,27.0,Aarav Sharma,2247
CUST_00217,Meera,Shah,user217@email.com,+91-8199467604,Kolkata,2020-02-24 00:00:00,Standard,36.0,Meera Shah,2247
CUST_00218,Arjun,Gupta,user218@email.com,+91-7882998306,Mumbai,2020-02-24 06:00:00,Premium,59.0,Arjun Gupta,2247
CUST_00219,Priya,Sharma,user219@email.com,+91-9655614596,Chennai,2020-02-24 12:00:00,Basic,33.0,Priya Sharma,2247
CUST_00220,Meera,Sharma,user220@email.com,+91-8479747609,Bengaluru,2020-02-24 18:00:00,Standard,30.0,Meera Sharma,2246
CUST_00221,Aarav,Patel,user221@email.com,+91-8032484147,Kolkata,2020-02-25 00:00:00,Basic,65.0,Aarav Patel,2246
CUST_00222,Sanjay,Kumar,user222@email.com,+91-8478737137,Delhi,2020-02-25 06:00:00,Premium,67.0,Sanjay Kumar,2246
CUST_00223,Sanjay,Nair,user223@email.com,+91-8632362874,Bengaluru,2020-02-25 12:00:00,Standard,25.0,Sanjay Nair,2246
CUST_00224,Priya,Mehta,user224@email.com,+91-7994470603,Hyderabad,2020-02-25 18:00:00,Premium,67.0,Priya Mehta,2245
CUST_00225,Arjun,Singh,user225@email.com,+91-8861649795,Bengaluru,2020-02-26 00:00:00,Basic,48.0,Arjun Singh,2245
CUST_00226,Pooja,Sharma,user226@email.com,+91-9734353532,Mumbai,2020-02-26 06:00:00,Basic,62.0,Pooja Sharma,2245
CUST_00227,Rahul,Singh,user227@email.com,+91-9542776660,Hyderabad,2020-02-26 12:00:00,Standard,42.0,Rahul Singh,2245
CUST_00228,Arjun,Singh,user228@email.com,+91-7282289502,Bengaluru,2020-02-26 18:00:00,Standard,56.0,Arjun Singh,2244
CUST_00229,Pooja,Gupta,user229@email.com,+91-9619483905,Ahmedabad,2020-02-27 00:00:00,Basic,38.0,Pooja Gupta,2244
CUST_00230,Sanjay,Kumar,user230@email.com,+91-7565673167,Hyderabad,2020-02-27 06:00:00,Standard,67.0,Sanjay Kumar,2244
CUST_00231,Neha,Kumar,user231@email.com,+91-7581913392,Ahmedabad,2020-02-27 12:00:00,Premium,55.0,Neha Kumar,2244
CUST_00232,Aarav,Joshi,user232@email.com,+91-7442545203,Delhi,2020-02-27 18:00:00,Standard,58.0,Aarav Joshi,2243
CUST_00233,Priya,Reddy,user233@email.com,+91-7103552569,Bengaluru,2020-02-28 00:00:00,Premium,46.0,Priya Reddy,2243
CUST_00234,Aarav,Kumar,user234@email.com,+91-9207157543,Kolkata,2020-02-28 06:00:00,Standard,23.0,Aarav Kumar,2243
CUST_00235,Vikram,Singh,user235@email.com,+91-7048732561,Kolkata,2020-02-28 12:00:00,Premium,35.0,Vikram Singh,2243
CUST_00236,Vikram,Nair,user236@email.com,+91-8133850280,Pune,2020-02-28 18:00:00,Standard,66.0,Vikram Nair,2242
CUST_00237,Arjun,Singh,user237@email.com,+91-9444328521,Mumbai,2020-02-29 00:00:00,Basic,61.0,Arjun Singh,2242
CUST_00238,Sanjay,Nair,user238@email.com,+91-9244424301,Ahmedabad,2020-02-29 06:00:00,Standard,52.0,Sanjay Nair,2242
CUST_00239,Sanjay,Joshi,user239@email.com,+91-9144539868,Hyderabad,2020-02-29 12:00:00,Basic,44.0,Sanjay Joshi,2242
CUST_00240,Rahul,Nair,user240@email.com,+91-7570739097,Pune,2020-02-29 18:00:00,Premium,22.0,Rahul Nair,2241
CUST_00241,Rahul,Kumar,user241@email.com,+91-8862655072,Pune,2020-03-01 00:00:00,Standard,24.0,Rahul Kumar,2241
CUST_00242,Rahul,Gupta,user242@email.com,+91-7236026943,Chennai,2020-03-01 06:00:00,Standard,27.0,Rahul Gupta,2241
CUST_00243,Neha,Nair,user243@email.com,+91-9312499765,Ahmedabad,2020-03-01 12:00:00,Basic,27.0,Neha Nair,2241
CUST_00244,Meera,Singh,user244@email.com,+91-8654232445,Hyderabad,2020-03-01 18:00:00,Basic,68.0,Meera Singh,2240
CUST_00245,Anjali,Mehta,user245@email.com,+91-7805485353,Pune,2020-03-02 00:00:00,Standard,45.0,Anjali Mehta,2240
CUST_00246,Meera,Kumar,user246@email.com,+91-9954548629,Chennai,2020-03-02 06:00:00,Premium,53.0,Meera Kumar,2240
CUST_00247,Aarav,Mehta,user247@email.com,+91-9774291185,Pune,2020-03-02 12:00:00,Standard,27.0,Aarav Mehta,2240
CUST_00248,Meera,Shah,user248@email.com,+91-7494613604,Mumbai,2020-03-02 18:00:00,Premium,67.0,Meera Shah,2239
CUST_00249,Neha,Shah,user249@email.com,+91-8354983591,Delhi,2020-03-03 00:00:00,Premium,52.0,Neha Shah,2239
CUST_00250,Aarav,Singh,user250@email.com,+91-8453878971,Ahmedabad,2020-03-03 06:00:00,Standard,44.0,Aarav Singh,2239
CUST_00251,Meera,Shah,user251@email.com,+91-8037138010,Chennai,2020-03-03 12:00:00,Basic,52.0,Meera Shah,2239
CUST_00252,Neha,Reddy,user252@email.com,+91-9433238813,Delhi,2020-03-03 18:00:00,Standard,54.0,Neha Reddy,2238
CUST_00253,Anjali,Joshi,user253@email.com,+91-9682705460,Hyderabad,2020-03-04 00:00:00,Standard,65.0,Anjali Joshi,2238
CUST_00254,Meera,Kumar,user254@email.com,+91-9629709684,Mumbai,2020-03-04 06:00:00,Basic,37.0,Meera Kumar,2238
CUST_00255,Neha,Mehta,user255@email.com,+91-8187676504,Chennai,2020-03-04 12:00:00,Basic,30.0,Neha Mehta,2238
CUST_00256,Rahul,Singh,user256@email.com,+91-9117826725,Hyderabad,2020-03-04 18:00:00,Standard,28.0,Rahul Singh,2237
CUST_00257,Sanjay,Reddy,user257@email.com,+91-9437823673,Pune,2020-03-05 00:00:00,Standard,62.0,Sanjay Reddy,2237
CUST_00258,Rahul,Singh,user258@email.com,+91-8948941041,Kolkata,2020-03-05 06:00:00,Standard,36.0,Rahul Singh,2237
CUST_00259,Sanjay,Reddy,user259@email.com,+91-7450674779,Bengaluru,2020-03-05 12:00:00,Premium,45.0,Sanjay Reddy,2237
CUST_00260,Priya,Shah,user260@email.com,+91-7753802067,Hyderabad,2020-03-05 18:00:00,Basic,55.0,Priya Shah,2236
CUST_00261,Priya,Shah,user261@email.com,+91-8772647275,Delhi,2020-03-06 00:00:00,Standard,62.0,Priya Shah,2236
CUST_00262,Priya,Nair,user262@email.com,+91-9681341367,Mumbai,2020-03-06 06:00:00,Basic,21.0,Priya Nair,2236
CUST_00263,Anjali,Patel,user263@email.com,+91-9617321226,Mumbai,2020-03-06 12:00:00,Basic,54.0,Anjali Patel,2236
CUST_00264,Rahul,Singh,user264@email.com,+91-8484499452,Hyderabad,2020-03-06 18:00:00,Basic,36.0,Rahul Singh,2235
CUST_00265,Sanjay,Nair,user265@email.com,+91-7404351311,Pune,2020-03-07 00:00:00,Standard,54.0,Sanjay Nair,2235
CUST_00266,Neha,Kumar,user266@email.com,+91-7508381307,Bengaluru,2020-03-07 06:00:00,Standard,44.0,Neha Kumar,2235
CUST_00267,Aarav,Nair,user267@email.com,+91-9046275194,Ahmedabad,2020-03-07 12:00:00,Basic,31.0,Aarav Nair,2235
CUST_00268,Neha,Sharma,user268@email.com,+91-7433307932,Delhi,2020-03-07 18:00:00,Standard,48.0,Neha Sharma,2234
CUST_00269,Aarav,Shah,user269@email.com,+91-9977813531,Hyderabad,2020-03-08 00:00:00,Standard,45.0,Aarav Shah,2234
CUST_00270,Vikram,Sharma,user270@email.com,+91-7520913817,Hyderabad,2020-03-08 06:00:00,Premium,53.0,Vikram Sharma,2234
CUST_00271,Neha,Singh,user271@email.com,+91-8638681935,Kolkata,2020-03-08 12:00:00,Premium,61.0,Neha Singh,2234
CUST_00272,Meera,Mehta,user272@email.com,+91-8815437008,Mumbai,2020-03-08 18:00:00,Basic,55.0,Meera Mehta,2233
CUST_00273,Meera,Mehta,user273@email.com,+91-7702410180,Delhi,2020-03-09 00:00:00,Standard,36.0,Meera Mehta,2233
CUST_00274,Arjun,Kumar,user274@email.com,+91-8087906678,Bengaluru,2020-03-09 06:00:00,Standard,59.0,Arjun Kumar,2233
CUST_00275,Rahul,Nair,user275@email.com,+91-7922588706,Mumbai,2020-03-09 12:00:00,Standard,18.0,Rahul Nair,2233
CUST_00276,Aarav,Mehta,user276@email.com,+91-8987772744,Hyderabad,2020-03-09 18:00:00,Standard,40.0,Aarav Mehta,2232
CUST_00277,Aarav,Reddy,user277@email.com,+91-8878857225,Mumbai,2020-03-10 00:00:00,Basic,45.0,Aarav Reddy,2232
CUST_00278,Rahul,Reddy,user278@email.com,+91-7815522508,Mumbai,2020-03-10 06:00:00,Basic,65.0,Rahul Reddy,2232
CUST_00279,Anjali,Kumar,user279@email.com,+91-8231434775,Chennai,2020-03-10 12:00:00,Standard,21.0,Anjali Kumar,2232
CUST_00280,Arjun,Joshi,user280@email.com,+91-7043144852,Mumbai,2020-03-10 18:00:00,Premium,58.0,Arjun Joshi,2231
CUST_00281,Anjali,Shah,user281@email.com,+91-9503826666,Pune,2020-03-11 00:00:00,Standard,35.0,Anjali Shah,2231
CUST_00282,Anjali,Nair,user282@email.com,+91-8674842909,Mumbai,2020-03-11 06:00:00,Basic,66.0,Anjali Nair,2231
CUST_00283,Anjali,Singh,user283@email.com,+91-9907169585,Ahmedabad,2020-03-11 12:00:00,Standard,64.0,Anjali Singh,2231
CUST_00284,Rahul,Gupta,user284@email.com,+91-8362534751,Pune,2020-03-11 18:00:00,Basic,68.0,Rahul Gupta,2230
CUST_00285,Anjali,Gupta,user285@email.com,+91-9708587844,Delhi,2020-03-12 00:00:00,Premium,56.0,Anjali Gupta,2230
CUST_00286,Meera,Gupta,user286@email.com,+91-8557152674,Mumbai,2020-03-12 06:00:00,Basic,42.0,Meera Gupta,2230
CUST_00287,Priya,Mehta,user287@email.com,+91-9678944736,Bengaluru,2020-03-12 12:00:00,Premium,35.0,Priya Mehta,2230
CUST_00288,Vikram,Joshi,user288@email.com,+91-9444659770,Pune,2020-03-12 18:00:00,Basic,23.0,Vikram Joshi,2229
CUST_00289,Aarav,Joshi,user289@email.com,+91-7908849546,Pune,2020-03-13 00:00:00,Standard,36.0,Aarav Joshi,2229
CUST_00290,Aarav,Nair,user290@email.com,+91-9409289924,Hyderabad,2020-03-13 06:00:00,Basic,44.0,Aarav Nair,2229
CUST_00291,Vikram,Nair,user291@email.com,+91-7743618853,Delhi,2020-03-13 12:00:00,Premium,29.0,Vikram Nair,2229
CUST_00292,Rahul,Joshi,user292@email.com,+91-9925281246,Mumbai,2020-03-13 18:00:00,Standard,42.0,Rahul Joshi,2228
CUST_00293,Neha,Kumar,user293@email.com,+91-8278723070,Kolkata,2020-03-14 00:00:00,Basic,52.0,Neha Kumar,2228
CUST_00294,Rahul,Nair,user294@email.com,+91-7046367633,Bengaluru,2020-03-14 06:00:00,Standard,18.0,Rahul Nair,2228
CUST_00295,Aarav,Kumar,user295@email.com,+91-9785474023,Hyderabad,2020-03-14 12:00:00,Basic,22.0,Aarav Kumar,2228
CUST_00296,Aarav,Sharma,user296@email.com,+91-8097600814,Delhi,2020-03-14 18:00:00,Basic,18.0,Aarav Sharma,2227
CUST_00297,Vikram,Reddy,user297@email.com,+91-7188643130,Ahmedabad,2020-03-15 00:00:00,Standard,25.0,Vikram Reddy,2227
CUST_00298,Anjali,Shah,user298@email.com,+91-8310017859,Pune,2020-03-15 06:00:00,Standard,56.0,Anjali Shah,2227
CUST_00299,Rahul,Nair,user299@email.com,+91-7327529999,Bengaluru,2020-03-15 12:00:00,Standard,64.0,Rahul Nair,2227
CUST_00300,Sanjay,Joshi,user300@email.com,+91-8790096190,Ahmedabad,2020-03-15 18:00:00,Standard,60.0,Sanjay Joshi,2226
CUST_00301,Vikram,Reddy,user301@email.com,+91-7376813977,Mumbai,2020-03-16 00:00:00,Standard,35.0,Vikram Reddy,2226
CUST_00302,Meera,Reddy,user302@email.com,+91-8047368096,Kolkata,2020-03-16 06:00:00,Basic,63.0,Meera Reddy,2226
CUST_00303,Aarav,Patel,user303@email.com,+91-7718995708,Chennai,2020-03-16 12:00:00,Standard,26.0,Aarav Patel,2226
CUST_00304,Vikram,Joshi,user304@email.com,+91-7376029399,Chennai,2020-03-16 18:00:00,Standard,22.0,Vikram Joshi,2225
CUST_00305,Rahul,Shah,user305@email.com,+91-7595396083,Delhi,2020-03-17 00:00:00,Standard,21.0,Rahul Shah,2225
CUST_00306,Aarav,Joshi,user306@email.com,+91-9807461542,Kolkata,2020-03-17 06:00:00,Premium,61.0,Aarav Joshi,2225
CUST_00307,Neha,Nair,user307@email.com,+91-9390540628,Bengaluru,2020-03-17 12:00:00,Standard,46.0,Neha Nair,2225
CUST_00308,Vikram,Singh,user308@email.com,+91-8717596724,Hyderabad,2020-03-17 18:00:00,Basic,18.0,Vikram Singh,2224
CUST_00309,Arjun,Sharma,user309@email.com,+91-7157802048,Bengaluru,2020-03-18 00:00:00,Basic,47.0,Arjun Sharma,2224
CUST_00310,Aarav,Kumar,user310@email.com,+91-8729279930,Kolkata,2020-03-18 06:00:00,Standard,62.0,Aarav Kumar,2224
CUST_00311,Rahul,Singh,user311@email.com,+91-7848264898,Ahmedabad,2020-03-18 12:00:00,Standard,18.0,Rahul Singh,2224
CUST_00312,Priya,Sharma,user312@email.com,+91-7951562814,Pune,2020-03-18 18:00:00,Standard,20.0,Priya Sharma,2223
CUST_00313,Sanjay,Singh,user313@email.com,+91-9534410905,Chennai,2020-03-19 00:00:00,Basic,39.0,Sanjay Singh,2223
CUST_00314,Pooja,Kumar,user314@email.com,+91-9475553352,Delhi,2020-03-19 06:00:00,Basic,25.0,Pooja Kumar,2223
CUST_00315,Anjali,Mehta,user315@email.com,+91-9345221043,Mumbai,2020-03-19 12:00:00,Basic,35.0,Anjali Mehta,2223
CUST_00316,Pooja,Joshi,user316@email.com,+91-8548817190,Bengaluru,2020-03-19 18:00:00,Premium,42.0,Pooja Joshi,2222
CUST_00317,Rahul,Singh,user317@email.com,+91-8009775143,Chennai,2020-03-20 00:00:00,Standard,65.0,Rahul Singh,2222
CUST_00318,Meera,Nair,user318@email.com,+91-8776524078,Hyderabad,2020-03-20 06:00:00,Premium,69.0,Meera Nair,2222
CUST_00319,Meera,Shah,user319@email.com,+91-8824381936,Delhi,2020-03-20 12:00:00,Basic,37.0,Meera Shah,2222
CUST_00320,Priya,Gupta,user320@email.com,+91-8703315195,Mumbai,2020-03-20 18:00:00,Standard,48.0,Priya Gupta,2221
CUST_00321,Anjali,Nair,user321@email.com,+91-9206722192,Bengaluru,2020-03-21 00:00:00,Basic,47.0,Anjali Nair,2221
CUST_00322,Arjun,Kumar,user322@email.com,+91-7033636981,Hyderabad,2020-03-21 06:00:00,Standard,33.0,Arjun Kumar,2221
CUST_00323,Priya,Shah,user323@email.com,+91-7506474040,Mumbai,2020-03-21 12:00:00,Basic,19.0,Priya Shah,2221
CUST_00324,Pooja,Nair,user324@email.com,+91-7999145430,Pune,2020-03-21 18:00:00,Premium,34.0,Pooja Nair,2220
CUST_00325,Priya,Reddy,user325@email.com,+91-9592619726,Chennai,2020-03-22 00:00:00,Premium,27.0,Priya Reddy,2220
CUST_00326,Pooja,Joshi,user326@email.com,+91-7344508265,Pune,2020-03-22 06:00:00,Standard,24.0,Pooja Joshi,2220
CUST_00327,Aarav,Shah,user327@email.com,+91-8231750103,Chennai,2020-03-22 12:00:00,Standard,59.0,Aarav Shah,2220
CUST_00328,Meera,Reddy,user328@email.com,+91-7851729797,Hyderabad,2020-03-22 18:00:00,Standard,68.0,Meera Reddy,2219
CUST_00329,Aarav,Nair,user329@email.com,+91-8912164108,Ahmedabad,2020-03-23 00:00:00,Basic,69.0,Aarav Nair,2219
CUST_00330,Sanjay,Sharma,user330@email.com,+91-8558718200,Pune,2020-03-23 06:00:00,Premium,26.0,Sanjay Sharma,2219
CUST_00331,Anjali,Patel,user331@email.com,+91-8750229914,Chennai,2020-03-23 12:00:00,Standard,34.0,Anjali Patel,2219
CUST_00332,Arjun,Sharma,user332@email.com,+91-8362085371,Delhi,2020-03-23 18:00:00,Basic,26.0,Arjun Sharma,2218
CUST_00333,Pooja,Joshi,user333@email.com,+91-7012531414,Hyderabad,2020-03-24 00:00:00,Premium,26.0,Pooja Joshi,2218
CUST_00334,Arjun,Shah,user334@email.com,+91-9748694931,Chennai,2020-03-24 06:00:00,Basic,54.0,Arjun Shah,2218
CUST_00335,Pooja,Shah,user335@email.com,+91-7590777296,Bengaluru,2020-03-24 12:00:00,Standard,41.0,Pooja Shah,2218
CUST_00336,Rahul,Joshi,user336@email.com,+91-8643434771,Chennai,2020-03-24 18:00:00,Premium,56.0,Rahul Joshi,2217
CUST_00337,Priya,Reddy,user337@email.com,+91-9834198652,Pune,2020-03-25 00:00:00,Standard,28.0,Priya Reddy,2217
CUST_00338,Sanjay,Patel,user338@email.com,+91-8527796922,Delhi,2020-03-25 06:00:00,Standard,25.0,Sanjay Patel,2217
CUST_00339,Meera,Nair,user339@email.com,+91-8468000990,Mumbai,2020-03-25 12:00:00,Basic,42.0,Meera Nair,2217
CUST_00340,Pooja,Kumar,user340@email.com,+91-7966600799,Ahmedabad,2020-03-25 18:00:00,Standard,63.0,Pooja Kumar,2216
CUST_00341,Arjun,Sharma,user341@email.com,+91-8734858770,Mumbai,2020-03-26 00:00:00,Basic,19.0,Arjun Sharma,2216
CUST_00342,Sanjay,Sharma,user342@email.com,+91-7329156675,Chennai,2020-03-26 06:00:00,Basic,27.0,Sanjay Sharma,2216
CUST_00343,Neha,Gupta,user343@email.com,+91-8498464618,Mumbai,2020-03-26 12:00:00,Premium,44.0,Neha Gupta,2216
CUST_00344,Neha,Patel,user344@email.com,+91-9849397769,Chennai,2020-03-26 18:00:00,Basic,41.0,Neha Patel,2215
CUST_00345,Aarav,Kumar,user345@email.com,+91-7821836365,Delhi,2020-03-27 00:00:00,Basic,65.0,Aarav Kumar,2215
CUST_00346,Meera,Sharma,user346@email.com,+91-8452559278,Mumbai,2020-03-27 06:00:00,Standard,33.0,Meera Sharma,2215
CUST_00347,Rahul,Kumar,user347@email.com,+91-9494784339,Pune,2020-03-27 12:00:00,Basic,36.0,Rahul Kumar,2215
CUST_00348,Arjun,Nair,user348@email.com,+91-9455047276,Pune,2020-03-27 18:00:00,Basic,48.0,Arjun Nair,2214
CUST_00349,Priya,Shah,user349@email.com,+91-8788757715,Bengaluru,2020-03-28 00:00:00,Standard,28.0,Priya Shah,2214
CUST_00350,Priya,Kumar,user350@email.com,+91-8011373400,Chennai,2020-03-28 06:00:00,Standard,23.0,Priya Kumar,2214
CUST_00351,Arjun,Sharma,user351@email.com,+91-7719892918,Mumbai,2020-03-28 12:00:00,Standard,23.0,Arjun Sharma,2214
CUST_00352,Anjali,Reddy,user352@email.com,+91-7531552686,Pune,2020-03-28 18:00:00,Premium,49.0,Anjali Reddy,2213
CUST_00353,Rahul,Patel,user353@email.com,+91-8899986361,Kolkata,2020-03-29 00:00:00,Standard,56.0,Rahul Patel,2213
CUST_00354,Sanjay,Joshi,user354@email.com,+91-7841419650,Delhi,2020-03-29 06:00:00,Premium,65.0,Sanjay Joshi,2213
CUST_00355,Pooja,Singh,user355@email.com,+91-7036845313,Ahmedabad,2020-03-29 12:00:00,Basic,30.0,Pooja Singh,2213
CUST_00356,Anjali,Mehta,user356@email.com,+91-9110832505,Delhi,2020-03-29 18:00:00,Standard,20.0,Anjali Mehta,2212
CUST_00357,Pooja,Mehta,user357@email.com,+91-9423773994,Kolkata,2020-03-30 00:00:00,Premium,58.0,Pooja Mehta,2212
CUST_00358,Pooja,Singh,user358@email.com,+91-7417914888,Kolkata,2020-03-30 06:00:00,Basic,52.0,Pooja Singh,2212
CUST_00359,Anjali,Kumar,user359@email.com,+91-7910506816,Bengaluru,2020-03-30 12:00:00,Basic,55.0,Anjali Kumar,2212
CUST_00360,Aarav,Patel,user360@email.com,+91-8030229547,Delhi,2020-03-30 18:00:00,Standard,34.0,Aarav Patel,2211
CUST_00361,Neha,Kumar,user361@email.com,+91-7439879149,Delhi,2020-03-31 00:00:00,Standard,20.0,Neha Kumar,2211
CUST_00362,Pooja,Joshi,user362@email.com,+91-7036516226,Mumbai,2020-03-31 06:00:00,Premium,51.0,Pooja Joshi,2211
CUST_00363,Anjali,Patel,user363@email.com,+91-8607968488,Chennai,2020-03-31 12:00:00,Standard,29.0,Anjali Patel,2211
CUST_00364,Anjali,Singh,user364@email.com,+91-8198837001,Hyderabad,2020-03-31 18:00:00,Standard,41.0,Anjali Singh,2210
CUST_00365,Vikram,Kumar,user365@email.com,+91-8116093803,Ahmedabad,2020-04-01 00:00:00,Standard,23.0,Vikram Kumar,2210
CUST_00366,Aarav,Gupta,user366@email.com,+91-8184631099,Delhi,2020-04-01 06:00:00,Standard,59.0,Aarav Gupta,2210
CUST_00367,Meera,Sharma,user367@email.com,+91-8495301380,Ahmedabad,2020-04-01 12:00:00,Standard,28.0,Meera Sharma,2210
CUST_00368,Vikram,Reddy,user368@email.com,+91-8991963066,Ahmedabad,2020-04-01 18:00:00,Basic,65.0,Vikram Reddy,2209
CUST_00369,Vikram,Shah,user369@email.com,+91-8038900413,Ahmedabad,2020-04-02 00:00:00,Basic,44.0,Vikram Shah,2209
CUST_00370,Arjun,Reddy,user370@email.com,+91-9309364951,Delhi,2020-04-02 06:00:00,Standard,65.0,Arjun Reddy,2209
CUST_00371,Neha,Joshi,user371@email.com,+91-9161799999,Hyderabad,2020-04-02 12:00:00,Basic,41.0,Neha Joshi,2209
CUST_00372,Anjali,Kumar,user372@email.com,+91-9254669679,Delhi,2020-04-02 18:00:00,Standard,35.0,Anjali Kumar,2208
CUST_00373,Neha,Nair,user373@email.com,+91-9625836581,Mumbai,2020-04-03 00:00:00,Basic,44.0,Neha Nair,2208
CUST_00374,Rahul,Patel,user374@email.com,+91-7059446250,Mumbai,2020-04-03 06:00:00,Standard,58.0,Rahul Patel,2208
CUST_00375,Arjun,Kumar,user375@email.com,+91-7927629916,Hyderabad,2020-04-03 12:00:00,Premium,38.0,Arjun Kumar,2208
CUST_00376,Meera,Patel,user376@email.com,+91-9168122023,Pune,2020-04-03 18:00:00,Basic,68.0,Meera Patel,2207
CUST_00377,Neha,Shah,user377@email.com,+91-7176082110,Delhi,2020-04-04 00:00:00,Standard,51.0,Neha Shah,2207
CUST_00378,Priya,Gupta,user378@email.com,+91-7273651310,Pune,2020-04-04 06:00:00,Basic,50.0,Priya Gupta,2207
CUST_00379,Pooja,Reddy,user379@email.com,+91-9493503486,Ahmedabad,2020-04-04 12:00:00,Basic,65.0,Pooja Reddy,2207
CUST_00380,Rahul,Sharma,user380@email.com,+91-9444259738,Delhi,2020-04-04 18:00:00,Premium,35.0,Rahul Sharma,2206
CUST_00381,Aarav,Shah,user381@email.com,+91-7283411716,Chennai,2020-04-05 00:00:00,Standard,20.0,Aarav Shah,2206
CUST_00382,Meera,Shah,user382@email.com,+91-7739596380,Delhi,2020-04-05 06:00:00,Standard,41.0,Meera Shah,2206
CUST_00383,Rahul,Reddy,user383@email.com,+91-9106533729,Mumbai,2020-04-05 12:00:00,Basic,18.0,Rahul Reddy,2206
CUST_00384,Pooja,Shah,user384@email.com,+91-7538083978,Bengaluru,2020-04-05 18:00:00,Basic,23.0,Pooja Shah,2205
CUST_00385,Arjun,Nair,user385@email.com,+91-7939266573,Kolkata,2020-04-06 00:00:00,Standard,36.0,Arjun Nair,2205
CUST_00386,Pooja,Nair,user386@email.com,+91-8635881851,Bengaluru,2020-04-06 06:00:00,Standard,39.0,Pooja Nair,2205
CUST_00387,Vikram,Mehta,user387@email.com,+91-8650007934,Bengaluru,2020-04-06 12:00:00,Basic,68.0,Vikram Mehta,2205
CUST_00388,Pooja,Mehta,user388@email.com,+91-7365221809,Bengaluru,2020-04-06 18:00:00,Premium,60.0,Pooja Mehta,2204
CUST_00389,Vikram,Nair,user389@email.com,+91-9872465433,Kolkata,2020-04-07 00:00:00,Basic,25.0,Vikram Nair,2204
CUST_00390,Arjun,Singh,user390@email.com,+91-8980154807,Pune,2020-04-07 06:00:00,Basic,22.0,Arjun Singh,2204
CUST_00391,Sanjay,Gupta,user391@email.com,+91-9292123332,Kolkata,2020-04-07 12:00:00,Basic,69.0,Sanjay Gupta,2204
CUST_00392,Vikram,Patel,user392@email.com,+91-9217350799,Pune,2020-04-07 18:00:00,Standard,26.0,Vikram Patel,2203
CUST_00393,Aarav,Gupta,user393@email.com,+91-9645365216,Kolkata,2020-04-08 00:00:00,Premium,64.0,Aarav Gupta,2203
CUST_00394,Pooja,Joshi,user394@email.com,+91-9042202076,Kolkata,2020-04-08 06:00:00,Standard,38.0,Pooja Joshi,2203
CUST_00395,Pooja,Shah,user395@email.com,+91-7602355893,Delhi,2020-04-08 12:00:00,Premium,45.0,Pooja Shah,2203
CUST_00396,Aarav,Sharma,user396@email.com,+91-8959332956,Pune,2020-04-08 18:00:00,Standard,63.0,Aarav Sharma,2202
CUST_00397,Priya,Shah,user397@email.com,+91-7131379707,Delhi,2020-04-09 00:00:00,Premium,21.0,Priya Shah,2202
CUST_00398,Anjali,Gupta,user398@email.com,+91-7264755402,Chennai,2020-04-09 06:00:00,Basic,41.0,Anjali Gupta,2202
CUST_00399,Sanjay,Nair,user399@email.com,+91-7591988856,Delhi,2020-04-09 12:00:00,Standard,25.0,Sanjay Nair,2202
CUST_00400,Meera,Reddy,user400@email.com,+91-8305440895,Bengaluru,2020-04-09 18:00:00,Standard,69.0,Meera Reddy,2201
CUST_00401,Vikram,Joshi,user401@email.com,+91-7854773558,Hyderabad,2020-04-10 00:00:00,Premium,34.0,Vikram Joshi,2201
CUST_00402,Aarav,Nair,user402@email.com,+91-7363364279,Hyderabad,2020-04-10 06:00:00,Basic,51.0,Aarav Nair,2201
CUST_00403,Arjun,Gupta,user403@email.com,+91-7592360553,Mumbai,2020-04-10 12:00:00,Standard,37.0,Arjun Gupta,2201
CUST_00404,Vikram,Reddy,user404@email.com,+91-9654062894,Mumbai,2020-04-10 18:00:00,Standard,33.0,Vikram Reddy,2200
CUST_00405,Anjali,Sharma,user405@email.com,+91-9215188180,Ahmedabad,2020-04-11 00:00:00,Basic,27.0,Anjali Sharma,2200
CUST_00406,Arjun,Gupta,user406@email.com,+91-9411691277,Delhi,2020-04-11 06:00:00,Standard,51.0,Arjun Gupta,2200
CUST_00407,Rahul,Patel,user407@email.com,+91-9960210530,Kolkata,2020-04-11 12:00:00,Standard,60.0,Rahul Patel,2200
CUST_00408,Pooja,Kumar,user408@email.com,+91-9426460473,Kolkata,2020-04-11 18:00:00,Standard,27.0,Pooja Kumar,2199
CUST_00409,Rahul,Reddy,user409@email.com,+91-9359164871,Hyderabad,2020-04-12 00:00:00,Premium,47.0,Rahul Reddy,2199
CUST_00410,Vikram,Gupta,user410@email.com,+91-7921054469,Bengaluru,2020-04-12 06:00:00,Basic,47.0,Vikram Gupta,2199
CUST_00411,Anjali,Nair,user411@email.com,+91-7119883593,Pune,2020-04-12 12:00:00,Standard,68.0,Anjali Nair,2199
CUST_00412,Sanjay,Patel,user412@email.com,+91-9283423038,Bengaluru,2020-04-12 18:00:00,Premium,42.0,Sanjay Patel,2198
CUST_00413,Vikram,Singh,user413@email.com,+91-9390223472,Ahmedabad,2020-04-13 00:00:00,Standard,63.0,Vikram Singh,2198
CUST_00414,Aarav,Reddy,user414@email.com,+91-7365602053,Bengaluru,2020-04-13 06:00:00,Basic,60.0,Aarav Reddy,2198
CUST_00415,Neha,Patel,user415@email.com,+91-9792406125,Delhi,2020-04-13 12:00:00,Standard,58.0,Neha Patel,2198
CUST_00416,Vikram,Nair,user416@email.com,+91-8836564412,Delhi,2020-04-13 18:00:00,Basic,24.0,Vikram Nair,2197
CUST_00417,Pooja,Gupta,user417@email.com,+91-9219553042,Chennai,2020-04-14 00:00:00,Premium,64.0,Pooja Gupta,2197
CUST_00418,Pooja,Shah,user418@email.com,+91-9302640208,Ahmedabad,2020-04-14 06:00:00,Standard,37.0,Pooja Shah,2197
CUST_00419,Vikram,Sharma,user419@email.com,+91-8482547174,Bengaluru,2020-04-14 12:00:00,Basic,34.0,Vikram Sharma,2197
CUST_00420,Arjun,Shah,user420@email.com,+91-7026712863,Kolkata,2020-04-14 18:00:00,Premium,20.0,Arjun Shah,2196
CUST_00421,Neha,Kumar,user421@email.com,+91-8379242006,Kolkata,2020-04-15 00:00:00,Basic,64.0,Neha Kumar,2196
CUST_00422,Aarav,Patel,user422@email.com,+91-9392159705,Ahmedabad,2020-04-15 06:00:00,Premium,63.0,Aarav Patel,2196
CUST_00423,Vikram,Kumar,user423@email.com,+91-8456246584,Bengaluru,2020-04-15 12:00:00,Basic,57.0,Vikram Kumar,2196
CUST_00424,Arjun,Sharma,user424@email.com,+91-9335759618,Delhi,2020-04-15 18:00:00,Standard,53.0,Arjun Sharma,2195
CUST_00425,Pooja,Patel,user425@email.com,+91-9631072970,Delhi,2020-04-16 00:00:00,Basic,43.0,Pooja Patel,2195
CUST_00426,Pooja,Mehta,user426@email.com,+91-8846496887,Chennai,2020-04-16 06:00:00,Premium,27.0,Pooja Mehta,2195
CUST_00427,Anjali,Nair,user427@email.com,+91-7137167331,Chennai,2020-04-16 12:00:00,Premium,51.0,Anjali Nair,2195
CUST_00428,Vikram,Patel,user428@email.com,+91-7706994653,Mumbai,2020-04-16 18:00:00,Standard,31.0,Vikram Patel,2194
CUST_00429,Neha,Nair,user429@email.com,+91-8660479575,Ahmedabad,2020-04-17 00:00:00,Premium,25.0,Neha Nair,2194
CUST_00430,Priya,Shah,user430@email.com,+91-9581293527,Hyderabad,2020-04-17 06:00:00,Standard,44.0,Priya Shah,2194
CUST_00431,Neha,Joshi,user431@email.com,+91-9738746609,Bengaluru,2020-04-17 12:00:00,Standard,27.0,Neha Joshi,2194
CUST_00432,Pooja,Reddy,user432@email.com,+91-8566017800,Ahmedabad,2020-04-17 18:00:00,Standard,67.0,Pooja Reddy,2193
CUST_00433,Pooja,Joshi,user433@email.com,+91-7465386610,Kolkata,2020-04-18 00:00:00,Basic,32.0,Pooja Joshi,2193
CUST_00434,Rahul,Gupta,user434@email.com,+91-9354485167,Bengaluru,2020-04-18 06:00:00,Basic,54.0,Rahul Gupta,2193
CUST_00435,Pooja,Reddy,user435@email.com,+91-8381063977,Chennai,2020-04-18 12:00:00,Basic,39.0,Pooja Reddy,2193
CUST_00436,Aarav,Reddy,user436@email.com,+91-9999111082,Chennai,2020-04-18 18:00:00,Standard,62.0,Aarav Reddy,2192
CUST_00437,Meera,Singh,user437@email.com,+91-7053517083,Mumbai,2020-04-19 00:00:00,Standard,67.0,Meera Singh,2192
CUST_00438,Vikram,Reddy,user438@email.com,+91-8970033229,Hyderabad,2020-04-19 06:00:00,Standard,48.0,Vikram Reddy,2192
CUST_00439,Neha,Sharma,user439@email.com,+91-7001484110,Mumbai,2020-04-19 12:00:00,Basic,19.0,Neha Sharma,2192
CUST_00440,Meera,Joshi,user440@email.com,+91-7935366089,Kolkata,2020-04-19 18:00:00,Standard,62.0,Meera Joshi,2191
CUST_00441,Arjun,Shah,user441@email.com,+91-8241222635,Hyderabad,2020-04-20 00:00:00,Premium,48.0,Arjun Shah,2191
CUST_00442,Priya,Nair,user442@email.com,+91-9054939260,Pune,2020-04-20 06:00:00,Basic,31.0,Priya Nair,2191
CUST_00443,Aarav,Gupta,user443@email.com,+91-7818979654,Bengaluru,2020-04-20 12:00:00,Standard,27.0,Aarav Gupta,2191
CUST_00444,Neha,Reddy,user444@email.com,+91-7419140590,Mumbai,2020-04-20 18:00:00,Basic,47.0,Neha Reddy,2190
CUST_00445,Meera,Gupta,user445@email.com,+91-7035569503,Chennai,2020-04-21 00:00:00,Basic,53.0,Meera Gupta,2190
CUST_00446,Priya,Shah,user446@email.com,+91-8799196775,Mumbai,2020-04-21 06:00:00,Premium,64.0,Priya Shah,2190
CUST_00447,Rahul,Gupta,user447@email.com,+91-8193280550,Pune,2020-04-21 12:00:00,Premium,57.0,Rahul Gupta,2190
CUST_00448,Aarav,Shah,user448@email.com,+91-7811767764,Mumbai,2020-04-21 18:00:00,Standard,32.0,Aarav Shah,2189
CUST_00449,Aarav,Reddy,user449@email.com,+91-9889107087,Bengaluru,2020-04-22 00:00:00,Basic,31.0,Aarav Reddy,2189
CUST_00450,Rahul,Shah,user450@email.com,+91-7416754279,Pune,2020-04-22 06:00:00,Standard,48.0,Rahul Shah,2189
CUST_00451,Vikram,Reddy,user451@email.com,+91-8385890618,Ahmedabad,2020-04-22 12:00:00,Basic,46.0,Vikram Reddy,2189
CUST_00452,Rahul,Singh,user452@email.com,+91-7141491231,Ahmedabad,2020-04-22 18:00:00,Standard,44.0,Rahul Singh,2188
CUST_00453,Aarav,Singh,user453@email.com,+91-8270738188,Ahmedabad,2020-04-23 00:00:00,Standard,38.0,Aarav Singh,2188
CUST_00454,Aarav,Shah,user454@email.com,+91-9282907206,Chennai,2020-04-23 06:00:00,Premium,26.0,Aarav Shah,2188
CUST_00455,Meera,Singh,user455@email.com,+91-7998533145,Chennai,2020-04-23 12:00:00,Basic,37.0,Meera Singh,2188
CUST_00456,Pooja,Nair,user456@email.com,+91-9998995361,Ahmedabad,2020-04-23 18:00:00,Standard,52.0,Pooja Nair,2187
CUST_00457,Priya,Nair,user457@email.com,+91-7741951397,Ahmedabad,2020-04-24 00:00:00,Basic,32.0,Priya Nair,2187
CUST_00458,Rahul,Singh,user458@email.com,+91-8728090506,Ahmedabad,2020-04-24 06:00:00,Standard,41.0,Rahul Singh,2187
CUST_00459,Priya,Singh,user459@email.com,+91-8942489088,Delhi,2020-04-24 12:00:00,Standard,66.0,Priya Singh,2187
CUST_00460,Rahul,Mehta,user460@email.com,+91-8088247495,Ahmedabad,2020-04-24 18:00:00,Basic,33.0,Rahul Mehta,2186
CUST_00461,Arjun,Mehta,user461@email.com,+91-8993910634,Pune,2020-04-25 00:00:00,Basic,53.0,Arjun Mehta,2186
CUST_00462,Aarav,Reddy,user462@email.com,+91-9113513742,Delhi,2020-04-25 06:00:00,Standard,28.0,Aarav Reddy,2186
CUST_00463,Pooja,Shah,user463@email.com,+91-7561594306,Delhi,2020-04-25 12:00:00,Standard,25.0,Pooja Shah,2186
CUST_00464,Meera,Kumar,user464@email.com,+91-8507017962,Bengaluru,2020-04-25 18:00:00,Basic,20.0,Meera Kumar,2185
CUST_00465,Pooja,Kumar,user465@email.com,+91-9094824717,Mumbai,2020-04-26 00:00:00,Standard,36.0,Pooja Kumar,2185
CUST_00466,Pooja,Singh,user466@email.com,+91-9094321658,Chennai,2020-04-26 06:00:00,Premium,63.0,Pooja Singh,2185
CUST_00467,Pooja,Gupta,user467@email.com,+91-7946950082,Chennai,2020-04-26 12:00:00,Basic,58.0,Pooja Gupta,2185
CUST_00468,Priya,Singh,user468@email.com,+91-7026708104,Mumbai,2020-04-26 18:00:00,Premium,20.0,Priya Singh,2184
CUST_00469,Rahul,Mehta,user469@email.com,+91-8306940063,Chennai,2020-04-27 00:00:00,Premium,53.0,Rahul Mehta,2184
CUST_00470,Sanjay,Reddy,user470@email.com,+91-7456819483,Mumbai,2020-04-27 06:00:00,Premium,42.0,Sanjay Reddy,2184
CUST_00471,Arjun,Singh,user471@email.com,+91-9253731460,Pune,2020-04-27 12:00:00,Basic,53.0,Arjun Singh,2184
CUST_00472,Neha,Joshi,user472@email.com,+91-9001563983,Bengaluru,2020-04-27 18:00:00,Basic,28.0,Neha Joshi,2183
CUST_00473,Pooja,Gupta,user473@email.com,+91-9146520645,Ahmedabad,2020-04-28 00:00:00,Standard,68.0,Pooja Gupta,2183
CUST_00474,Vikram,Joshi,user474@email.com,+91-9853990739,Bengaluru,2020-04-28 06:00:00,Standard,33.0,Vikram Joshi,2183
CUST_00475,Priya,Reddy,user475@email.com,+91-7942821109,Kolkata,2020-04-28 12:00:00,Standard,34.0,Priya Reddy,2183
CUST_00476,Meera,Reddy,user476@email.com,+91-7096191508,Bengaluru,2020-04-28 18:00:00,Basic,59.0,Meera Reddy,2182
CUST_00477,Neha,Nair,user477@email.com,+91-8452478269,Mumbai,2020-04-29 00:00:00,Premium,41.0,Neha Nair,2182
CUST_00478,Sanjay,Patel,user478@email.com,+91-7751953886,Kolkata,2020-04-29 06:00:00,Basic,34.0,Sanjay Patel,2182
CUST_00479,Vikram,Joshi,user479@email.com,+91-9617288883,Mumbai,2020-04-29 12:00:00,Standard,65.0,Vikram Joshi,2182
CUST_00480,Sanjay,Nair,user480@email.com,+91-7771585017,Ahmedabad,2020-04-29 18:00:00,Standard,37.0,Sanjay Nair,2181
CUST_00481,Neha,Mehta,user481@email.com,+91-9645711900,Hyderabad,2020-04-30 00:00:00,Premium,39.0,Neha Mehta,2181
CUST_00482,Pooja,Sharma,user482@email.com,+91-8514124335,Kolkata,2020-04-30 06:00:00,Basic,23.0,Pooja Sharma,2181
CUST_00483,Vikram,Gupta,user483@email.com,+91-9801533618,Ahmedabad,2020-04-30 12:00:00,Standard,24.0,Vikram Gupta,2181
CUST_00484,Sanjay,Sharma,user484@email.com,+91-9515050451,Ahmedabad,2020-04-30 18:00:00,Premium,31.0,Sanjay Sharma,2180
CUST_00485,Meera,Shah,user485@email.com,+91-9894751124,Chennai,2020-05-01 00:00:00,Basic,28.0,Meera Shah,2180
CUST_00486,Rahul,Mehta,user486@email.com,+91-9608933811,Chennai,2020-05-01 06:00:00,Basic,29.0,Rahul Mehta,2180
CUST_00487,Aarav,Mehta,user487@email.com,+91-7067794985,Hyderabad,2020-05-01 12:00:00,Standard,63.0,Aarav Mehta,2180
CUST_00488,Rahul,Sharma,user488@email.com,+91-9239966995,Hyderabad,2020-05-01 18:00:00,Basic,22.0,Rahul Sharma,2179
CUST_00489,Neha,Joshi,user489@email.com,+91-9298047140,Bengaluru,2020-05-02 00:00:00,Standard,22.0,Neha Joshi,2179
CUST_00490,Priya,Patel,user490@email.com,+91-9332204846,Ahmedabad,2020-05-02 06:00:00,Basic,37.0,Priya Patel,2179
CUST_00491,Aarav,Joshi,user491@email.com,+91-8641874590,Hyderabad,2020-05-02 12:00:00,Standard,32.0,Aarav Joshi,2179
CUST_00492,Arjun,Sharma,user492@email.com,+91-8307688153,Mumbai,2020-05-02 18:00:00,Standard,43.0,Arjun Sharma,2178
CUST_00493,Meera,Shah,user493@email.com,+91-7961404312,Ahmedabad,2020-05-03 00:00:00,Standard,50.0,Meera Shah,2178
CUST_00494,Arjun,Joshi,user494@email.com,+91-8331862506,Delhi,2020-05-03 06:00:00,Standard,47.0,Arjun Joshi,2178
CUST_00495,Vikram,Kumar,user495@email.com,+91-9302438679,Mumbai,2020-05-03 12:00:00,Basic,41.0,Vikram Kumar,2178
CUST_00496,Aarav,Joshi,user496@email.com,+91-8182661408,Kolkata,2020-05-03 18:00:00,Premium,40.0,Aarav Joshi,2177
CUST_00497,Arjun,Reddy,user497@email.com,+91-9902662865,Hyderabad,2020-05-04 00:00:00,Premium,26.0,Arjun Reddy,2177
CUST_00498,Arjun,Nair,user498@email.com,+91-9265667453,Chennai,2020-05-04 06:00:00,Standard,20.0,Arjun Nair,2177
CUST_00499,Sanjay,Gupta,user499@email.com,+91-7938207770,Mumbai,2020-05-04 12:00:00,Basic,53.0,Sanjay Gupta,2177
CUST_00500,Rahul,Joshi,user500@email.com,+91-8141724045,Chennai,2020-05-04 18:00:00,Premium,65.0,Rahul Joshi,2176
CUST_00501,Sanjay,Patel,user501@email.com,+91-9982927907,Mumbai,2020-05-05 00:00:00,Standard,24.0,Sanjay Patel,2176
CUST_00502,Aarav,Patel,user502@email.com,+91-9735063799,Chennai,2020-05-05 06:00:00,Basic,39.0,Aarav Patel,2176
CUST_00503,Aarav,Joshi,user503@email.com,+91-8137897411,Pune,2020-05-05 12:00:00,Standard,31.0,Aarav Joshi,2176
CUST_00504,Neha,Singh,user504@email.com,+91-8768985814,Mumbai,2020-05-05 18:00:00,Basic,65.0,Neha Singh,2175
CUST_00505,Sanjay,Mehta,user505@email.com,+91-9380205469,Kolkata,2020-05-06 00:00:00,Basic,46.0,Sanjay Mehta,2175
CUST_00506,Anjali,Joshi,user506@email.com,+91-8343903312,Chennai,2020-05-06 06:00:00,Standard,67.0,Anjali Joshi,2175
CUST_00507,Rahul,Mehta,user507@email.com,+91-9890761505,Delhi,2020-05-06 12:00:00,Basic,33.0,Rahul Mehta,2175
CUST_00508,Aarav,Kumar,user508@email.com,+91-9235347799,Kolkata,2020-05-06 18:00:00,Basic,65.0,Aarav Kumar,2174
CUST_00509,Neha,Sharma,user509@email.com,+91-8057256645,Bengaluru,2020-05-07 00:00:00,Standard,51.0,Neha Sharma,2174
CUST_00510,Sanjay,Kumar,user510@email.com,+91-7934548231,Mumbai,2020-05-07 06:00:00,Standard,27.0,Sanjay Kumar,2174
CUST_00511,Rahul,Joshi,user511@email.com,+91-9857401086,Delhi,2020-05-07 12:00:00,Basic,24.0,Rahul Joshi,2174
CUST_00512,Sanjay,Patel,user512@email.com,+91-8447313562,Bengaluru,2020-05-07 18:00:00,Standard,42.0,Sanjay Patel,2173
CUST_00513,Arjun,Singh,user513@email.com,+91-7333467288,Mumbai,2020-05-08 00:00:00,Basic,44.0,Arjun Singh,2173
CUST_00514,Neha,Shah,user514@email.com,+91-8114762792,Delhi,2020-05-08 06:00:00,Standard,32.0,Neha Shah,2173
CUST_00515,Rahul,Mehta,user515@email.com,+91-8886427384,Delhi,2020-05-08 12:00:00,Standard,49.0,Rahul Mehta,2173
CUST_00516,Pooja,Nair,user516@email.com,+91-7772829262,Kolkata,2020-05-08 18:00:00,Standard,45.0,Pooja Nair,2172
CUST_00517,Vikram,Mehta,user517@email.com,+91-7447854407,Pune,2020-05-09 00:00:00,Premium,26.0,Vikram Mehta,2172
CUST_00518,Vikram,Reddy,user518@email.com,+91-8028168042,Delhi,2020-05-09 06:00:00,Premium,24.0,Vikram Reddy,2172
CUST_00519,Rahul,Gupta,user519@email.com,+91-7231836485,Pune,2020-05-09 12:00:00,Basic,33.0,Rahul Gupta,2172
CUST_00520,Sanjay,Joshi,user520@email.com,+91-8921725670,Hyderabad,2020-05-09 18:00:00,Basic,43.0,Sanjay Joshi,2171
CUST_00521,Neha,Kumar,user521@email.com,+91-7378234733,Kolkata,2020-05-10 00:00:00,Basic,52.0,Neha Kumar,2171
CUST_00522,Vikram,Nair,user522@email.com,+91-7442750697,Ahmedabad,2020-05-10 06:00:00,Basic,34.0,Vikram Nair,2171
CUST_00523,Neha,Patel,user523@email.com,+91-9818441614,Chennai,2020-05-10 12:00:00,Basic,40.0,Neha Patel,2171
CUST_00524,Vikram,Patel,user524@email.com,+91-7415403155,Kolkata,2020-05-10 18:00:00,Standard,25.0,Vikram Patel,2170
CUST_00525,Arjun,Patel,user525@email.com,+91-8732394043,Bengaluru,2020-05-11 00:00:00,Basic,19.0,Arjun Patel,2170
CUST_00526,Sanjay,Shah,user526@email.com,+91-8131440612,Chennai,2020-05-11 06:00:00,Standard,48.0,Sanjay Shah,2170
CUST_00527,Arjun,Reddy,user527@email.com,+91-9712872857,Chennai,2020-05-11 12:00:00,Basic,69.0,Arjun Reddy,2170
CUST_00528,Vikram,Patel,user528@email.com,+91-8347410734,Ahmedabad,2020-05-11 18:00:00,Basic,49.0,Vikram Patel,2169
CUST_00529,Pooja,Patel,user529@email.com,+91-9857883865,Pune,2020-05-12 00:00:00,Standard,46.0,Pooja Patel,2169
CUST_00530,Pooja,Joshi,user530@email.com,+91-7537112637,Ahmedabad,2020-05-12 06:00:00,Standard,20.0,Pooja Joshi,2169
CUST_00531,Arjun,Reddy,user531@email.com,+91-8365129911,Ahmedabad,2020-05-12 12:00:00,Standard,25.0,Arjun Reddy,2169
CUST_00532,Pooja,Singh,user532@email.com,+91-8345811805,Chennai,2020-05-12 18:00:00,Premium,19.0,Pooja Singh,2168
CUST_00533,Vikram,Singh,user533@email.com,+91-9220810300,Delhi,2020-05-13 00:00:00,Standard,48.0,Vikram Singh,2168
CUST_00534,Rahul,Reddy,user534@email.com,+91-9153249431,Pune,2020-05-13 06:00:00,Standard,68.0,Rahul Reddy,2168
CUST_00535,Arjun,Gupta,user535@email.com,+91-9713015252,Chennai,2020-05-13 12:00:00,Premium,66.0,Arjun Gupta,2168
CUST_00536,Priya,Shah,user536@email.com,+91-8132047365,Pune,2020-05-13 18:00:00,Basic,54.0,Priya Shah,2167
CUST_00537,Sanjay,Nair,user537@email.com,+91-9875603153,Hyderabad,2020-05-14 00:00:00,Basic,37.0,Sanjay Nair,2167
CUST_00538,Pooja,Mehta,user538@email.com,+91-8423207753,Pune,2020-05-14 06:00:00,Basic,46.0,Pooja Mehta,2167
CUST_00539,Pooja,Joshi,user539@email.com,+91-9075937927,Mumbai,2020-05-14 12:00:00,Basic,34.0,Pooja Joshi,2167
CUST_00540,Aarav,Sharma,user540@email.com,+91-9976950298,Delhi,2020-05-14 18:00:00,Standard,27.0,Aarav Sharma,2166
CUST_00541,Anjali,Singh,user541@email.com,+91-8232410020,Bengaluru,2020-05-15 00:00:00,Standard,58.0,Anjali Singh,2166
CUST_00542,Arjun,Reddy,user542@email.com,+91-8534840837,Mumbai,2020-05-15 06:00:00,Basic,39.0,Arjun Reddy,2166
CUST_00543,Meera,Nair,user543@email.com,+91-8843464009,Mumbai,2020-05-15 12:00:00,Standard,23.0,Meera Nair,2166
CUST_00544,Pooja,Reddy,user544@email.com,+91-8637427436,Ahmedabad,2020-05-15 18:00:00,Standard,60.0,Pooja Reddy,2165
CUST_00545,Sanjay,Mehta,user545@email.com,+91-9389239383,Ahmedabad,2020-05-16 00:00:00,Basic,51.0,Sanjay Mehta,2165
CUST_00546,Priya,Nair,user546@email.com,+91-9428010463,Mumbai,2020-05-16 06:00:00,Basic,48.0,Priya Nair,2165
CUST_00547,Pooja,Singh,user547@email.com,+91-9771527408,Chennai,2020-05-16 12:00:00,Basic,29.0,Pooja Singh,2165
CUST_00548,Priya,Patel,user548@email.com,+91-7749398311,Pune,2020-05-16 18:00:00,Basic,29.0,Priya Patel,2164
CUST_00549,Vikram,Reddy,user549@email.com,+91-7101714293,Pune,2020-05-17 00:00:00,Standard,33.0,Vikram Reddy,2164
CUST_00550,Vikram,Sharma,user550@email.com,+91-8180563841,Kolkata,2020-05-17 06:00:00,Standard,42.0,Vikram Sharma,2164
CUST_00551,Anjali,Singh,user551@email.com,+91-8802173077,Chennai,2020-05-17 12:00:00,Basic,39.0,Anjali Singh,2164
CUST_00552,Rahul,Kumar,user552@email.com,+91-9893580092,Delhi,2020-05-17 18:00:00,Premium,44.0,Rahul Kumar,2163
CUST_00553,Meera,Sharma,user553@email.com,+91-8291549537,Chennai,2020-05-18 00:00:00,Basic,41.0,Meera Sharma,2163
CUST_00554,Aarav,Gupta,user554@email.com,+91-9971270766,Chennai,2020-05-18 06:00:00,Standard,29.0,Aarav Gupta,2163
CUST_00555,Anjali,Shah,user555@email.com,+91-8941300413,Chennai,2020-05-18 12:00:00,Standard,44.0,Anjali Shah,2163
CUST_00556,Neha,Singh,user556@email.com,+91-8688860870,Delhi,2020-05-18 18:00:00,Standard,35.0,Neha Singh,2162
CUST_00557,Aarav,Patel,user557@email.com,+91-7093241219,Kolkata,2020-05-19 00:00:00,Premium,62.0,Aarav Patel,2162
CUST_00558,Arjun,Singh,user558@email.com,+91-7485684896,Delhi,2020-05-19 06:00:00,Standard,64.0,Arjun Singh,2162
CUST_00559,Sanjay,Mehta,user559@email.com,+91-8391834999,Hyderabad,2020-05-19 12:00:00,Basic,33.0,Sanjay Mehta,2162
CUST_00560,Neha,Nair,user560@email.com,+91-8180276888,Kolkata,2020-05-19 18:00:00,Premium,21.0,Neha Nair,2161
CUST_00561,Neha,Reddy,user561@email.com,+91-7818140796,Hyderabad,2020-05-20 00:00:00,Standard,29.0,Neha Reddy,2161
CUST_00562,Anjali,Nair,user562@email.com,+91-9881509860,Hyderabad,2020-05-20 06:00:00,Premium,66.0,Anjali Nair,2161
CUST_00563,Rahul,Nair,user563@email.com,+91-7375561823,Hyderabad,2020-05-20 12:00:00,Standard,50.0,Rahul Nair,2161
CUST_00564,Anjali,Singh,user564@email.com,+91-9957985249,Pune,2020-05-20 18:00:00,Basic,39.0,Anjali Singh,2160
CUST_00565,Arjun,Mehta,user565@email.com,+91-9085123217,Mumbai,2020-05-21 00:00:00,Basic,35.0,Arjun Mehta,2160
CUST_00566,Pooja,Reddy,user566@email.com,+91-9753419037,Mumbai,2020-05-21 06:00:00,Basic,65.0,Pooja Reddy,2160
CUST_00567,Pooja,Reddy,user567@email.com,+91-7902001461,Hyderabad,2020-05-21 12:00:00,Basic,50.0,Pooja Reddy,2160
CUST_00568,Rahul,Nair,user568@email.com,+91-8095772316,Hyderabad,2020-05-21 18:00:00,Standard,44.0,Rahul Nair,2159
CUST_00569,Arjun,Gupta,user569@email.com,+91-9278421848,Bengaluru,2020-05-22 00:00:00,Basic,59.0,Arjun Gupta,2159
CUST_00570,Rahul,Shah,user570@email.com,+91-7899227669,Ahmedabad,2020-05-22 06:00:00,Basic,36.0,Rahul Shah,2159
CUST_00571,Priya,Mehta,user571@email.com,+91-8102128510,Mumbai,2020-05-22 12:00:00,Standard,65.0,Priya Mehta,2159
CUST_00572,Pooja,Gupta,user572@email.com,+91-8333537137,Ahmedabad,2020-05-22 18:00:00,Basic,31.0,Pooja Gupta,2158
CUST_00573,Neha,Joshi,user573@email.com,+91-8099962942,Ahmedabad,2020-05-23 00:00:00,Basic,42.0,Neha Joshi,2158
CUST_00574,Meera,Joshi,user574@email.com,+91-7483437205,Bengaluru,2020-05-23 06:00:00,Basic,51.0,Meera Joshi,2158
CUST_00575,Sanjay,Sharma,user575@email.com,+91-8948957066,Ahmedabad,2020-05-23 12:00:00,Standard,41.0,Sanjay Sharma,2158
CUST_00576,Arjun,Nair,user576@email.com,+91-9987780298,Kolkata,2020-05-23 18:00:00,Basic,55.0,Arjun Nair,2157
CUST_00577,Aarav,Reddy,user577@email.com,+91-8663234081,Bengaluru,2020-05-24 00:00:00,Premium,40.0,Aarav Reddy,2157
CUST_00578,Rahul,Singh,user578@email.com,+91-9643982159,Ahmedabad,2020-05-24 06:00:00,Standard,22.0,Rahul Singh,2157
CUST_00579,Sanjay,Reddy,user579@email.com,+91-9084485715,Ahmedabad,2020-05-24 12:00:00,Standard,61.0,Sanjay Reddy,2157
CUST_00580,Aarav,Reddy,user580@email.com,+91-9148982775,Chennai,2020-05-24 18:00:00,Premium,53.0,Aarav Reddy,2156
CUST_00581,Sanjay,Patel,user581@email.com,+91-8211393099,Ahmedabad,2020-05-25 00:00:00,Premium,41.0,Sanjay Patel,2156
CUST_00582,Meera,Reddy,user582@email.com,+91-9668766630,Pune,2020-05-25 06:00:00,Premium,53.0,Meera Reddy,2156
CUST_00583,Aarav,Sharma,user583@email.com,+91-8682638356,Kolkata,2020-05-25 12:00:00,Basic,22.0,Aarav Sharma,2156
CUST_00584,Anjali,Gupta,user584@email.com,+91-9869513331,Delhi,2020-05-25 18:00:00,Basic,56.0,Anjali Gupta,2155
CUST_00585,Vikram,Joshi,user585@email.com,+91-7845915594,Mumbai,2020-05-26 00:00:00,Standard,23.0,Vikram Joshi,2155
CUST_00586,Anjali,Reddy,user586@email.com,+91-9964684395,Hyderabad,2020-05-26 06:00:00,Standard,62.0,Anjali Reddy,2155
CUST_00587,Pooja,Reddy,user587@email.com,+91-7207506005,Ahmedabad,2020-05-26 12:00:00,Standard,53.0,Pooja Reddy,2155
CUST_00588,Vikram,Patel,user588@email.com,+91-7759340007,Kolkata,2020-05-26 18:00:00,Basic,62.0,Vikram Patel,2154
CUST_00589,Anjali,Mehta,user589@email.com,+91-7164605490,Hyderabad,2020-05-27 00:00:00,Premium,21.0,Anjali Mehta,2154
CUST_00590,Vikram,Singh,user590@email.com,+91-8493388485,Delhi,2020-05-27 06:00:00,Basic,27.0,Vikram Singh,2154
CUST_00591,Vikram,Mehta,user591@email.com,+91-8124584118,Kolkata,2020-05-27 12:00:00,Basic,69.0,Vikram Mehta,2154
CUST_00592,Neha,Singh,user592@email.com,+91-7461506269,Mumbai,2020-05-27 18:00:00,Premium,18.0,Neha Singh,2153
CUST_00593,Rahul,Shah,user593@email.com,+91-9749004204,Kolkata,2020-05-28 00:00:00,Basic,38.0,Rahul Shah,2153
CUST_00594,Rahul,Reddy,user594@email.com,+91-8884515915,Hyderabad,2020-05-28 06:00:00,Basic,57.0,Rahul Reddy,2153
CUST_00595,Neha,Patel,user595@email.com,+91-7313666747,Hyderabad,2020-05-28 12:00:00,Premium,56.0,Neha Patel,2153
CUST_00596,Sanjay,Kumar,user596@email.com,+91-9696775585,Chennai,2020-05-28 18:00:00,Premium,54.0,Sanjay Kumar,2152
CUST_00597,Priya,Nair,user597@email.com,+91-7927660262,Ahmedabad,2020-05-29 00:00:00,Premium,20.0,Priya Nair,2152
CUST_00598,Sanjay,Joshi,user598@email.com,+91-7371111457,Bengaluru,2020-05-29 06:00:00,Standard,64.0,Sanjay Joshi,2152
CUST_00599,Aarav,Gupta,user599@email.com,+91-8590612316,Kolkata,2020-05-29 12:00:00,Standard,48.0,Aarav Gupta,2152
CUST_00600,Aarav,Joshi,user600@email.com,+91-9777959919,Hyderabad,2020-05-29 18:00:00,Standard,44.0,Aarav Joshi,2151
CUST_00601,Vikram,Gupta,user601@email.com,+91-7137630678,Pune,2020-05-30 00:00:00,Standard,34.0,Vikram Gupta,2151
CUST_00602,Anjali,Shah,user602@email.com,+91-7788196064,Mumbai,2020-05-30 06:00:00,Basic,40.0,Anjali Shah,2151
CUST_00603,Anjali,Mehta,user603@email.com,+91-9983169718,Pune,2020-05-30 12:00:00,Standard,30.0,Anjali Mehta,2151
CUST_00604,Rahul,Sharma,user604@email.com,+91-9967824681,Delhi,2020-05-30 18:00:00,Premium,64.0,Rahul Sharma,2150
CUST_00605,Arjun,Reddy,user605@email.com,+91-7781548601,Kolkata,2020-05-31 00:00:00,Standard,44.0,Arjun Reddy,2150
CUST_00606,Sanjay,Kumar,user606@email.com,+91-9312350787,Chennai,2020-05-31 06:00:00,Standard,68.0,Sanjay Kumar,2150
CUST_00607,Pooja,Gupta,user607@email.com,+91-8425821202,Mumbai,2020-05-31 12:00:00,Standard,37.0,Pooja Gupta,2150
CUST_00608,Meera,Nair,user608@email.com,+91-8947929360,Chennai,2020-05-31 18:00:00,Standard,63.0,Meera Nair,2149
CUST_00609,Anjali,Gupta,user609@email.com,+91-7368227495,Bengaluru,2020-06-01 00:00:00,Premium,44.0,Anjali Gupta,2149
CUST_00610,Meera,Sharma,user610@email.com,+91-9181646676,Hyderabad,2020-06-01 06:00:00,Basic,30.0,Meera Sharma,2149
CUST_00611,Vikram,Joshi,user611@email.com,+91-8525696363,Ahmedabad,2020-06-01 12:00:00,Standard,61.0,Vikram Joshi,2149
CUST_00612,Meera,Patel,user612@email.com,+91-9899749723,Mumbai,2020-06-01 18:00:00,Standard,41.0,Meera Patel,2148
CUST_00613,Pooja,Joshi,user613@email.com,+91-9705810686,Delhi,2020-06-02 00:00:00,Standard,58.0,Pooja Joshi,2148
CUST_00614,Neha,Shah,user614@email.com,+91-8562132241,Ahmedabad,2020-06-02 06:00:00,Basic,20.0,Neha Shah,2148
CUST_00615,Pooja,Patel,user615@email.com,+91-8274215521,Kolkata,2020-06-02 12:00:00,Basic,60.0,Pooja Patel,2148
CUST_00616,Meera,Joshi,user616@email.com,+91-8900216508,Bengaluru,2020-06-02 18:00:00,Standard,27.0,Meera Joshi,2147
CUST_00617,Pooja,Nair,user617@email.com,+91-7966372964,Bengaluru,2020-06-03 00:00:00,Basic,18.0,Pooja Nair,2147
CUST_00618,Priya,Joshi,user618@email.com,+91-7635921116,Chennai,2020-06-03 06:00:00,Standard,66.0,Priya Joshi,2147
CUST_00619,Vikram,Nair,user619@email.com,+91-7095763309,Bengaluru,2020-06-03 12:00:00,Standard,30.0,Vikram Nair,2147
CUST_00620,Sanjay,Nair,user620@email.com,+91-8390780909,Mumbai,2020-06-03 18:00:00,Basic,31.0,Sanjay Nair,2146
CUST_00621,Neha,Patel,user621@email.com,+91-9193970746,Chennai,2020-06-04 00:00:00,Standard,50.0,Neha Patel,2146
CUST_00622,Anjali,Mehta,user622@email.com,+91-9804155469,Ahmedabad,2020-06-04 06:00:00,Basic,19.0,Anjali Mehta,2146
CUST_00623,Aarav,Singh,user623@email.com,+91-8629175091,Bengaluru,2020-06-04 12:00:00,Premium,19.0,Aarav Singh,2146
CUST_00624,Sanjay,Reddy,user624@email.com,+91-7789677998,Kolkata,2020-06-04 18:00:00,Standard,56.0,Sanjay Reddy,2145
CUST_00625,Aarav,Gupta,user625@email.com,+91-7744277624,Ahmedabad,2020-06-05 00:00:00,Standard,58.0,Aarav Gupta,2145
CUST_00626,Vikram,Singh,user626@email.com,+91-8326160625,Delhi,2020-06-05 06:00:00,Standard,48.0,Vikram Singh,2145
CUST_00627,Neha,Sharma,user627@email.com,+91-9430806021,Kolkata,2020-06-05 12:00:00,Basic,21.0,Neha Sharma,2145
CUST_00628,Rahul,Mehta,user628@email.com,+91-8659999340,Pune,2020-06-05 18:00:00,Basic,51.0,Rahul Mehta,2144
CUST_00629,Anjali,Singh,user629@email.com,+91-7336634391,Mumbai,2020-06-06 00:00:00,Basic,36.0,Anjali Singh,2144
CUST_00630,Priya,Patel,user630@email.com,+91-7472555387,Delhi,2020-06-06 06:00:00,Standard,54.0,Priya Patel,2144
CUST_00631,Rahul,Sharma,user631@email.com,+91-7490688493,Delhi,2020-06-06 12:00:00,Standard,26.0,Rahul Sharma,2144
CUST_00632,Vikram,Kumar,user632@email.com,+91-9275379083,Chennai,2020-06-06 18:00:00,Basic,41.0,Vikram Kumar,2143
CUST_00633,Sanjay,Mehta,user633@email.com,+91-9111004247,Hyderabad,2020-06-07 00:00:00,Basic,30.0,Sanjay Mehta,2143
CUST_00634,Priya,Singh,user634@email.com,+91-8746870439,Chennai,2020-06-07 06:00:00,Standard,61.0,Priya Singh,2143
CUST_00635,Pooja,Sharma,user635@email.com,+91-8174580045,Mumbai,2020-06-07 12:00:00,Basic,47.0,Pooja Sharma,2143
CUST_00636,Meera,Kumar,user636@email.com,+91-8249619579,Mumbai,2020-06-07 18:00:00,Premium,36.0,Meera Kumar,2142
CUST_00637,Priya,Joshi,user637@email.com,+91-7664338033,Chennai,2020-06-08 00:00:00,Basic,58.0,Priya Joshi,2142
CUST_00638,Vikram,Sharma,user638@email.com,+91-9797596671,Hyderabad,2020-06-08 06:00:00,Standard,27.0,Vikram Sharma,2142
CUST_00639,Arjun,Patel,user639@email.com,+91-9323536117,Kolkata,2020-06-08 12:00:00,Standard,68.0,Arjun Patel,2142
CUST_00640,Meera,Joshi,user640@email.com,+91-9071077178,Chennai,2020-06-08 18:00:00,Basic,59.0,Meera Joshi,2141
CUST_00641,Aarav,Patel,user641@email.com,+91-9364864445,Mumbai,2020-06-09 00:00:00,Basic,61.0,Aarav Patel,2141
CUST_00642,Anjali,Singh,user642@email.com,+91-8580824355,Hyderabad,2020-06-09 06:00:00,Standard,31.0,Anjali Singh,2141
CUST_00643,Aarav,Reddy,user643@email.com,+91-7757932565,Mumbai,2020-06-09 12:00:00,Premium,57.0,Aarav Reddy,2141
CUST_00644,Priya,Singh,user644@email.com,+91-9154743569,Hyderabad,2020-06-09 18:00:00,Standard,65.0,Priya Singh,2140
CUST_00645,Aarav,Joshi,user645@email.com,+91-9255713115,Hyderabad,2020-06-10 00:00:00,Standard,66.0,Aarav Joshi,2140
CUST_00646,Vikram,Nair,user646@email.com,+91-8501361145,Ahmedabad,2020-06-10 06:00:00,Basic,37.0,Vikram Nair,2140
CUST_00647,Pooja,Singh,user647@email.com,+91-9212124904,Chennai,2020-06-10 12:00:00,Basic,21.0,Pooja Singh,2140
CUST_00648,Sanjay,Joshi,user648@email.com,+91-8409227337,Chennai,2020-06-10 18:00:00,Standard,55.0,Sanjay Joshi,2139
CUST_00649,Anjali,Sharma,user649@email.com,+91-8617994599,Chennai,2020-06-11 00:00:00,Basic,61.0,Anjali Sharma,2139
CUST_00650,Aarav,Shah,user650@email.com,+91-7491655145,Hyderabad,2020-06-11 06:00:00,Standard,67.0,Aarav Shah,2139
CUST_00651,Aarav,Singh,user651@email.com,+91-8391135583,Hyderabad,2020-06-11 12:00:00,Basic,56.0,Aarav Singh,2139
CUST_00652,Priya,Sharma,user652@email.com,+91-7302473582,Mumbai,2020-06-11 18:00:00,Standard,22.0,Priya Sharma,2138
CUST_00653,Sanjay,Patel,user653@email.com,+91-7638075915,Delhi,2020-06-12 00:00:00,Standard,59.0,Sanjay Patel,2138
CUST_00654,Rahul,Mehta,user654@email.com,+91-7948499739,Chennai,2020-06-12 06:00:00,Basic,49.0,Rahul Mehta,2138
CUST_00655,Aarav,Reddy,user655@email.com,+91-9706314452,Ahmedabad,2020-06-12 12:00:00,Premium,23.0,Aarav Reddy,2138
CUST_00656,Vikram,Patel,user656@email.com,+91-9583305794,Pune,2020-06-12 18:00:00,Basic,31.0,Vikram Patel,2137
CUST_00657,Arjun,Patel,user657@email.com,+91-7295893944,Mumbai,2020-06-13 00:00:00,Basic,23.0,Arjun Patel,2137
CUST_00658,Anjali,Joshi,user658@email.com,+91-7863651279,Mumbai,2020-06-13 06:00:00,Standard,31.0,Anjali Joshi,2137
CUST_00659,Aarav,Nair,user659@email.com,+91-7087326311,Bengaluru,2020-06-13 12:00:00,Standard,29.0,Aarav Nair,2137
CUST_00660,Vikram,Gupta,user660@email.com,+91-7579919140,Chennai,2020-06-13 18:00:00,Basic,44.0,Vikram Gupta,2136
CUST_00661,Vikram,Shah,user661@email.com,+91-7245865888,Kolkata,2020-06-14 00:00:00,Basic,43.0,Vikram Shah,2136
CUST_00662,Anjali,Nair,user662@email.com,+91-9759624880,Mumbai,2020-06-14 06:00:00,Standard,29.0,Anjali Nair,2136
CUST_00663,Rahul,Joshi,user663@email.com,+91-8749647802,Bengaluru,2020-06-14 12:00:00,Standard,25.0,Rahul Joshi,2136
CUST_00664,Vikram,Reddy,user664@email.com,+91-7891671583,Pune,2020-06-14 18:00:00,Basic,27.0,Vikram Reddy,2135
CUST_00665,Arjun,Shah,user665@email.com,+91-9422823300,Ahmedabad,2020-06-15 00:00:00,Standard,33.0,Arjun Shah,2135
CUST_00666,Vikram,Shah,user666@email.com,+91-9869929280,Pune,2020-06-15 06:00:00,Premium,69.0,Vikram Shah,2135
CUST_00667,Vikram,Joshi,user667@email.com,+91-7734051873,Kolkata,2020-06-15 12:00:00,Standard,43.0,Vikram Joshi,2135
CUST_00668,Vikram,Kumar,user668@email.com,+91-7081048866,Chennai,2020-06-15 18:00:00,Basic,25.0,Vikram Kumar,2134
CUST_00669,Pooja,Patel,user669@email.com,+91-7124147005,Hyderabad,2020-06-16 00:00:00,Basic,58.0,Pooja Patel,2134
CUST_00670,Pooja,Mehta,user670@email.com,+91-8422917924,Bengaluru,2020-06-16 06:00:00,Standard,62.0,Pooja Mehta,2134
CUST_00671,Rahul,Kumar,user671@email.com,+91-9520812988,Hyderabad,2020-06-16 12:00:00,Basic,46.0,Rahul Kumar,2134
CUST_00672,Aarav,Joshi,user672@email.com,+91-7703640375,Pune,2020-06-16 18:00:00,Basic,37.0,Aarav Joshi,2133
CUST_00673,Vikram,Kumar,user673@email.com,+91-8153062027,Pune,2020-06-17 00:00:00,Standard,34.0,Vikram Kumar,2133
CUST_00674,Sanjay,Mehta,user674@email.com,+91-8108466139,Delhi,2020-06-17 06:00:00,Basic,36.0,Sanjay Mehta,2133
CUST_00675,Aarav,Joshi,user675@email.com,+91-8333988657,Delhi,2020-06-17 12:00:00,Premium,34.0,Aarav Joshi,2133
CUST_00676,Rahul,Joshi,user676@email.com,+91-7909421684,Ahmedabad,2020-06-17 18:00:00,Basic,56.0,Rahul Joshi,2132
CUST_00677,Neha,Shah,user677@email.com,+91-8587432449,Kolkata,2020-06-18 00:00:00,Standard,18.0,Neha Shah,2132
CUST_00678,Aarav,Kumar,user678@email.com,+91-7830156882,Delhi,2020-06-18 06:00:00,Standard,69.0,Aarav Kumar,2132
CUST_00679,Aarav,Sharma,user679@email.com,+91-8434874498,Delhi,2020-06-18 12:00:00,Basic,46.0,Aarav Sharma,2132
CUST_00680,Meera,Singh,user680@email.com,+91-7890284469,Kolkata,2020-06-18 18:00:00,Basic,31.0,Meera Singh,2131
CUST_00681,Priya,Joshi,user681@email.com,+91-8318480585,Mumbai,2020-06-19 00:00:00,Premium,34.0,Priya Joshi,2131
CUST_00682,Meera,Kumar,user682@email.com,+91-8411752311,Delhi,2020-06-19 06:00:00,Basic,30.0,Meera Kumar,2131
CUST_00683,Arjun,Gupta,user683@email.com,+91-7413902139,Mumbai,2020-06-19 12:00:00,Standard,46.0,Arjun Gupta,2131
CUST_00684,Pooja,Reddy,user684@email.com,+91-7993170196,Mumbai,2020-06-19 18:00:00,Standard,51.0,Pooja Reddy,2130
CUST_00685,Pooja,Gupta,user685@email.com,+91-8668926924,Chennai,2020-06-20 00:00:00,Basic,44.0,Pooja Gupta,2130
CUST_00686,Priya,Kumar,user686@email.com,+91-8734160588,Mumbai,2020-06-20 06:00:00,Standard,63.0,Priya Kumar,2130
CUST_00687,Anjali,Patel,user687@email.com,+91-7312727207,Mumbai,2020-06-20 12:00:00,Basic,50.0,Anjali Patel,2130
CUST_00688,Anjali,Patel,user688@email.com,+91-8094605313,Delhi,2020-06-20 18:00:00,Premium,46.0,Anjali Patel,2129
CUST_00689,Rahul,Kumar,user689@email.com,+91-9022313863,Mumbai,2020-06-21 00:00:00,Basic,54.0,Rahul Kumar,2129
CUST_00690,Priya,Shah,user690@email.com,+91-9697189357,Hyderabad,2020-06-21 06:00:00,Basic,56.0,Priya Shah,2129
CUST_00691,Aarav,Shah,user691@email.com,+91-7620364578,Kolkata,2020-06-21 12:00:00,Standard,36.0,Aarav Shah,2129
CUST_00692,Anjali,Joshi,user692@email.com,+91-9547358513,Delhi,2020-06-21 18:00:00,Standard,63.0,Anjali Joshi,2128
CUST_00693,Vikram,Mehta,user693@email.com,+91-9794637994,Kolkata,2020-06-22 00:00:00,Basic,41.0,Vikram Mehta,2128
CUST_00694,Sanjay,Singh,user694@email.com,+91-7406887210,Bengaluru,2020-06-22 06:00:00,Basic,31.0,Sanjay Singh,2128
CUST_00695,Aarav,Joshi,user695@email.com,+91-9986115111,Delhi,2020-06-22 12:00:00,Standard,64.0,Aarav Joshi,2128
CUST_00696,Arjun,Gupta,user696@email.com,+91-7438199991,Mumbai,2020-06-22 18:00:00,Standard,54.0,Arjun Gupta,2127
CUST_00697,Vikram,Singh,user697@email.com,+91-8270180935,Hyderabad,2020-06-23 00:00:00,Premium,22.0,Vikram Singh,2127
CUST_00698,Vikram,Gupta,user698@email.com,+91-9585163448,Kolkata,2020-06-23 06:00:00,Standard,44.0,Vikram Gupta,2127
CUST_00699,Priya,Shah,user699@email.com,+91-8954473873,Delhi,2020-06-23 12:00:00,Standard,41.0,Priya Shah,2127
CUST_00700,Rahul,Kumar,user700@email.com,+91-7917452926,Hyderabad,2020-06-23 18:00:00,Premium,51.0,Rahul Kumar,2126
CUST_00701,Arjun,Mehta,user701@email.com,+91-9607384664,Kolkata,2020-06-24 00:00:00,Basic,67.0,Arjun Mehta,2126
CUST_00702,Anjali,Gupta,user702@email.com,+91-9733982867,Bengaluru,2020-06-24 06:00:00,Basic,48.0,Anjali Gupta,2126
CUST_00703,Priya,Shah,user703@email.com,+91-8887766914,Pune,2020-06-24 12:00:00,Basic,47.0,Priya Shah,2126
CUST_00704,Anjali,Mehta,user704@email.com,+91-8396012652,Ahmedabad,2020-06-24 18:00:00,Basic,26.0,Anjali Mehta,2125
CUST_00705,Priya,Joshi,user705@email.com,+91-8393785861,Ahmedabad,2020-06-25 00:00:00,Basic,44.0,Priya Joshi,2125
CUST_00706,Priya,Kumar,user706@email.com,+91-9050615429,Bengaluru,2020-06-25 06:00:00,Standard,45.0,Priya Kumar,2125
CUST_00707,Priya,Reddy,user707@email.com,+91-9843912490,Pune,2020-06-25 12:00:00,Basic,59.0,Priya Reddy,2125
CUST_00708,Rahul,Patel,user708@email.com,+91-9728219499,Chennai,2020-06-25 18:00:00,Standard,43.0,Rahul Patel,2124
CUST_00709,Priya,Nair,user709@email.com,+91-7583738991,Pune,2020-06-26 00:00:00,Basic,35.0,Priya Nair,2124
CUST_00710,Neha,Mehta,user710@email.com,+91-7453560099,Chennai,2020-06-26 06:00:00,Premium,53.0,Neha Mehta,2124
CUST_00711,Sanjay,Reddy,user711@email.com,+91-7764400616,Delhi,2020-06-26 12:00:00,Basic,25.0,Sanjay Reddy,2124
CUST_00712,Anjali,Reddy,user712@email.com,+91-8468040231,Chennai,2020-06-26 18:00:00,Basic,35.0,Anjali Reddy,2123
CUST_00713,Aarav,Mehta,user713@email.com,+91-7566828591,Ahmedabad,2020-06-27 00:00:00,Basic,37.0,Aarav Mehta,2123
CUST_00714,Meera,Reddy,user714@email.com,+91-8432292869,Ahmedabad,2020-06-27 06:00:00,Standard,49.0,Meera Reddy,2123
CUST_00715,Arjun,Gupta,user715@email.com,+91-7652674774,Hyderabad,2020-06-27 12:00:00,Basic,46.0,Arjun Gupta,2123
CUST_00716,Pooja,Reddy,user716@email.com,+91-7405363379,Chennai,2020-06-27 18:00:00,Standard,66.0,Pooja Reddy,2122
CUST_00717,Rahul,Shah,user717@email.com,+91-7052860878,Hyderabad,2020-06-28 00:00:00,Premium,65.0,Rahul Shah,2122
CUST_00718,Aarav,Singh,user718@email.com,+91-8023078520,Ahmedabad,2020-06-28 06:00:00,Basic,35.0,Aarav Singh,2122
CUST_00719,Vikram,Gupta,user719@email.com,+91-9741385351,Kolkata,2020-06-28 12:00:00,Standard,24.0,Vikram Gupta,2122
CUST_00720,Neha,Reddy,user720@email.com,+91-9161251533,Kolkata,2020-06-28 18:00:00,Basic,18.0,Neha Reddy,2121
CUST_00721,Pooja,Joshi,user721@email.com,+91-8745075274,Pune,2020-06-29 00:00:00,Basic,45.0,Pooja Joshi,2121
CUST_00722,Meera,Patel,user722@email.com,+91-7710588952,Pune,2020-06-29 06:00:00,Premium,50.0,Meera Patel,2121
CUST_00723,Aarav,Kumar,user723@email.com,+91-8995412497,Pune,2020-06-29 12:00:00,Standard,67.0,Aarav Kumar,2121
CUST_00724,Pooja,Reddy,user724@email.com,+91-9938892212,Chennai,2020-06-29 18:00:00,Basic,21.0,Pooja Reddy,2120
CUST_00725,Aarav,Sharma,user725@email.com,+91-9550443261,Pune,2020-06-30 00:00:00,Premium,37.0,Aarav Sharma,2120
CUST_00726,Neha,Patel,user726@email.com,+91-8934833291,Chennai,2020-06-30 06:00:00,Standard,44.0,Neha Patel,2120
CUST_00727,Meera,Joshi,user727@email.com,+91-9954645884,Chennai,2020-06-30 12:00:00,Basic,69.0,Meera Joshi,2120
CUST_00728,Vikram,Shah,user728@email.com,+91-9231283382,Mumbai,2020-06-30 18:00:00,Standard,53.0,Vikram Shah,2119
CUST_00729,Priya,Reddy,user729@email.com,+91-9995458943,Mumbai,2020-07-01 00:00:00,Standard,48.0,Priya Reddy,2119
CUST_00730,Anjali,Shah,user730@email.com,+91-9839721805,Chennai,2020-07-01 06:00:00,Basic,55.0,Anjali Shah,2119
CUST_00731,Vikram,Reddy,user731@email.com,+91-7994902598,Kolkata,2020-07-01 12:00:00,Standard,45.0,Vikram Reddy,2119
CUST_00732,Priya,Nair,user732@email.com,+91-9840643136,Hyderabad,2020-07-01 18:00:00,Standard,20.0,Priya Nair,2118
CUST_00733,Rahul,Singh,user733@email.com,+91-7834223404,Ahmedabad,2020-07-02 00:00:00,Basic,23.0,Rahul Singh,2118
CUST_00734,Sanjay,Shah,user734@email.com,+91-9469311989,Ahmedabad,2020-07-02 06:00:00,Basic,62.0,Sanjay Shah,2118
CUST_00735,Arjun,Singh,user735@email.com,+91-8847804232,Delhi,2020-07-02 12:00:00,Basic,40.0,Arjun Singh,2118
CUST_00736,Arjun,Patel,user736@email.com,+91-7878244640,Bengaluru,2020-07-02 18:00:00,Basic,24.0,Arjun Patel,2117
CUST_00737,Anjali,Nair,user737@email.com,+91-8324186334,Mumbai,2020-07-03 00:00:00,Basic,53.0,Anjali Nair,2117
CUST_00738,Meera,Kumar,user738@email.com,+91-7774608395,Chennai,2020-07-03 06:00:00,Standard,18.0,Meera Kumar,2117
CUST_00739,Neha,Gupta,user739@email.com,+91-7932789535,Bengaluru,2020-07-03 12:00:00,Premium,23.0,Neha Gupta,2117
CUST_00740,Meera,Singh,user740@email.com,+91-7604726550,Mumbai,2020-07-03 18:00:00,Standard,41.0,Meera Singh,2116
CUST_00741,Neha,Nair,user741@email.com,+91-9827064304,Delhi,2020-07-04 00:00:00,Premium,54.0,Neha Nair,2116
CUST_00742,Meera,Singh,user742@email.com,+91-9564858474,Ahmedabad,2020-07-04 06:00:00,Basic,62.0,Meera Singh,2116
CUST_00743,Sanjay,Mehta,user743@email.com,+91-7263890948,Hyderabad,2020-07-04 12:00:00,Basic,68.0,Sanjay Mehta,2116
CUST_00744,Rahul,Joshi,user744@email.com,+91-7230170184,Chennai,2020-07-04 18:00:00,Premium,53.0,Rahul Joshi,2115
CUST_00745,Rahul,Kumar,user745@email.com,+91-8842842267,Delhi,2020-07-05 00:00:00,Basic,41.0,Rahul Kumar,2115
CUST_00746,Priya,Joshi,user746@email.com,+91-9380371245,Ahmedabad,2020-07-05 06:00:00,Standard,55.0,Priya Joshi,2115
CUST_00747,Pooja,Reddy,user747@email.com,+91-8028440803,Kolkata,2020-07-05 12:00:00,Standard,62.0,Pooja Reddy,2115
CUST_00748,Rahul,Singh,user748@email.com,+91-8106378196,Mumbai,2020-07-05 18:00:00,Basic,46.0,Rahul Singh,2114
CUST_00749,Rahul,Reddy,user749@email.com,+91-7485733559,Chennai,2020-07-06 00:00:00,Standard,54.0,Rahul Reddy,2114
CUST_00750,Vikram,Sharma,user750@email.com,+91-9228605804,Bengaluru,2020-07-06 06:00:00,Standard,62.0,Vikram Sharma,2114
CUST_00751,Vikram,Singh,user751@email.com,+91-8180261954,Kolkata,2020-07-06 12:00:00,Premium,49.0,Vikram Singh,2114
CUST_00752,Priya,Nair,user752@email.com,+91-7447552183,Ahmedabad,2020-07-06 18:00:00,Standard,42.0,Priya Nair,2113
CUST_00753,Pooja,Kumar,user753@email.com,+91-7023524231,Kolkata,2020-07-07 00:00:00,Basic,27.0,Pooja Kumar,2113
CUST_00754,Anjali,Reddy,user754@email.com,+91-7896233304,Pune,2020-07-07 06:00:00,Basic,52.0,Anjali Reddy,2113
CUST_00755,Vikram,Singh,user755@email.com,+91-8601784883,Hyderabad,2020-07-07 12:00:00,Standard,42.0,Vikram Singh,2113
CUST_00756,Anjali,Sharma,user756@email.com,+91-9413196101,Ahmedabad,2020-07-07 18:00:00,Standard,44.0,Anjali Sharma,2112
CUST_00757,Aarav,Joshi,user757@email.com,+91-7506189792,Kolkata,2020-07-08 00:00:00,Basic,62.0,Aarav Joshi,2112
CUST_00758,Vikram,Nair,user758@email.com,+91-8392995070,Mumbai,2020-07-08 06:00:00,Basic,49.0,Vikram Nair,2112
CUST_00759,Sanjay,Mehta,user759@email.com,+91-8107260128,Hyderabad,2020-07-08 12:00:00,Standard,29.0,Sanjay Mehta,2112
CUST_00760,Pooja,Singh,user760@email.com,+91-8201868671,Chennai,2020-07-08 18:00:00,Standard,21.0,Pooja Singh,2111
CUST_00761,Priya,Mehta,user761@email.com,+91-7416652977,Pune,2020-07-09 00:00:00,Basic,59.0,Priya Mehta,2111
CUST_00762,Aarav,Patel,user762@email.com,+91-7992440413,Ahmedabad,2020-07-09 06:00:00,Basic,43.0,Aarav Patel,2111
CUST_00763,Pooja,Kumar,user763@email.com,+91-7981543715,Delhi,2020-07-09 12:00:00,Premium,20.0,Pooja Kumar,2111
CUST_00764,Sanjay,Singh,user764@email.com,+91-7107546753,Hyderabad,2020-07-09 18:00:00,Basic,34.0,Sanjay Singh,2110
CUST_00765,Pooja,Shah,user765@email.com,+91-9166805369,Bengaluru,2020-07-10 00:00:00,Premium,26.0,Pooja Shah,2110
CUST_00766,Sanjay,Sharma,user766@email.com,+91-7753494902,Mumbai,2020-07-10 06:00:00,Standard,46.0,Sanjay Sharma,2110
CUST_00767,Sanjay,Reddy,user767@email.com,+91-9089210454,Ahmedabad,2020-07-10 12:00:00,Standard,18.0,Sanjay Reddy,2110
CUST_00768,Anjali,Shah,user768@email.com,+91-7992559505,Bengaluru,2020-07-10 18:00:00,Basic,35.0,Anjali Shah,2109
CUST_00769,Meera,Patel,user769@email.com,+91-7624412927,Hyderabad,2020-07-11 00:00:00,Standard,58.0,Meera Patel,2109
CUST_00770,Aarav,Kumar,user770@email.com,+91-7519582962,Ahmedabad,2020-07-11 06:00:00,Standard,44.0,Aarav Kumar,2109
CUST_00771,Pooja,Joshi,user771@email.com,+91-7178297466,Pune,2020-07-11 12:00:00,Standard,37.0,Pooja Joshi,2109
CUST_00772,Neha,Nair,user772@email.com,+91-8625852176,Delhi,2020-07-11 18:00:00,Basic,58.0,Neha Nair,2108
CUST_00773,Aarav,Mehta,user773@email.com,+91-9748139385,Delhi,2020-07-12 00:00:00,Premium,51.0,Aarav Mehta,2108
CUST_00774,Meera,Patel,user774@email.com,+91-7390702466,Bengaluru,2020-07-12 06:00:00,Standard,68.0,Meera Patel,2108
CUST_00775,Aarav,Reddy,user775@email.com,+91-7928493964,Chennai,2020-07-12 12:00:00,Premium,45.0,Aarav Reddy,2108
CUST_00776,Rahul,Nair,user776@email.com,+91-9650215532,Chennai,2020-07-12 18:00:00,Basic,65.0,Rahul Nair,2107
CUST_00777,Neha,Joshi,user777@email.com,+91-7124552414,Pune,2020-07-13 00:00:00,Standard,52.0,Neha Joshi,2107
CUST_00778,Meera,Reddy,user778@email.com,+91-9291830882,Delhi,2020-07-13 06:00:00,Standard,33.0,Meera Reddy,2107
CUST_00779,Anjali,Sharma,user779@email.com,+91-9656938631,Bengaluru,2020-07-13 12:00:00,Standard,38.0,Anjali Sharma,2107
CUST_00780,Pooja,Mehta,user780@email.com,+91-7916125159,Bengaluru,2020-07-13 18:00:00,Basic,30.0,Pooja Mehta,2106
CUST_00781,Arjun,Shah,user781@email.com,+91-7145776047,Ahmedabad,2020-07-14 00:00:00,Standard,52.0,Arjun Shah,2106
CUST_00782,Meera,Singh,user782@email.com,+91-7004212500,Ahmedabad,2020-07-14 06:00:00,Basic,59.0,Meera Singh,2106
CUST_00783,Priya,Patel,user783@email.com,+91-8570961651,Bengaluru,2020-07-14 12:00:00,Basic,49.0,Priya Patel,2106
CUST_00784,Pooja,Singh,user784@email.com,+91-7171733117,Ahmedabad,2020-07-14 18:00:00,Basic,67.0,Pooja Singh,2105
CUST_00785,Meera,Nair,user785@email.com,+91-9346358933,Hyderabad,2020-07-15 00:00:00,Standard,55.0,Meera Nair,2105
CUST_00786,Rahul,Singh,user786@email.com,+91-8290548008,Ahmedabad,2020-07-15 06:00:00,Standard,23.0,Rahul Singh,2105
CUST_00787,Arjun,Shah,user787@email.com,+91-8993431815,Pune,2020-07-15 12:00:00,Premium,67.0,Arjun Shah,2105
CUST_00788,Rahul,Gupta,user788@email.com,+91-7792689469,Chennai,2020-07-15 18:00:00,Standard,55.0,Rahul Gupta,2104
CUST_00789,Arjun,Nair,user789@email.com,+91-9242540109,Chennai,2020-07-16 00:00:00,Basic,55.0,Arjun Nair,2104
CUST_00790,Priya,Mehta,user790@email.com,+91-9428202752,Hyderabad,2020-07-16 06:00:00,Standard,30.0,Priya Mehta,2104
CUST_00791,Pooja,Reddy,user791@email.com,+91-9943025761,Mumbai,2020-07-16 12:00:00,Standard,63.0,Pooja Reddy,2104
CUST_00792,Anjali,Mehta,user792@email.com,+91-9823484804,Hyderabad,2020-07-16 18:00:00,Standard,44.0,Anjali Mehta,2103
CUST_00793,Rahul,Singh,user793@email.com,+91-9398402533,Pune,2020-07-17 00:00:00,Basic,56.0,Rahul Singh,2103
CUST_00794,Rahul,Kumar,user794@email.com,+91-9310315044,Bengaluru,2020-07-17 06:00:00,Standard,30.0,Rahul Kumar,2103
CUST_00795,Sanjay,Nair,user795@email.com,+91-7140492072,Hyderabad,2020-07-17 12:00:00,Basic,64.0,Sanjay Nair,2103
CUST_00796,Arjun,Reddy,user796@email.com,+91-9166939100,Bengaluru,2020-07-17 18:00:00,Basic,29.0,Arjun Reddy,2102
CUST_00797,Vikram,Joshi,user797@email.com,+91-8953726594,Pune,2020-07-18 00:00:00,Basic,44.0,Vikram Joshi,2102
CUST_00798,Pooja,Sharma,user798@email.com,+91-8280570133,Kolkata,2020-07-18 06:00:00,Standard,50.0,Pooja Sharma,2102
CUST_00799,Arjun,Mehta,user799@email.com,+91-8266737669,Pune,2020-07-18 12:00:00,Basic,45.0,Arjun Mehta,2102
CUST_00800,Sanjay,Mehta,user800@email.com,+91-9638363666,Delhi,2020-07-18 18:00:00,Standard,20.0,Sanjay Mehta,2101
CUST_00801,Aarav,Nair,user801@email.com,+91-8287083381,Bengaluru,2020-07-19 00:00:00,Premium,35.0,Aarav Nair,2101
CUST_00802,Arjun,Kumar,user802@email.com,+91-7500240769,Chennai,2020-07-19 06:00:00,Premium,43.0,Arjun Kumar,2101
CUST_00803,Anjali,Singh,user803@email.com,+91-8512519373,Hyderabad,2020-07-19 12:00:00,Standard,57.0,Anjali Singh,2101
CUST_00804,Pooja,Singh,user804@email.com,+91-8185956877,Kolkata,2020-07-19 18:00:00,Premium,19.0,Pooja Singh,2100
CUST_00805,Sanjay,Nair,user805@email.com,+91-7185275498,Pune,2020-07-20 00:00:00,Premium,21.0,Sanjay Nair,2100
CUST_00806,Aarav,Mehta,user806@email.com,+91-9934460117,Bengaluru,2020-07-20 06:00:00,Standard,67.0,Aarav Mehta,2100
CUST_00807,Neha,Reddy,user807@email.com,+91-8696379241,Kolkata,2020-07-20 12:00:00,Standard,45.0,Neha Reddy,2100
CUST_00808,Sanjay,Sharma,user808@email.com,+91-8346855778,Mumbai,2020-07-20 18:00:00,Basic,45.0,Sanjay Sharma,2099
CUST_00809,Neha,Nair,user809@email.com,+91-9232775479,Delhi,2020-07-21 00:00:00,Basic,42.0,Neha Nair,2099
CUST_00810,Pooja,Reddy,user810@email.com,+91-7855572822,Mumbai,2020-07-21 06:00:00,Basic,43.0,Pooja Reddy,2099
CUST_00811,Rahul,Reddy,user811@email.com,+91-8105004662,Pune,2020-07-21 12:00:00,Standard,62.0,Rahul Reddy,2099
CUST_00812,Sanjay,Joshi,user812@email.com,+91-8100132781,Mumbai,2020-07-21 18:00:00,Standard,64.0,Sanjay Joshi,2098
CUST_00813,Priya,Shah,user813@email.com,+91-7736380706,Mumbai,2020-07-22 00:00:00,Standard,19.0,Priya Shah,2098
CUST_00814,Neha,Gupta,user814@email.com,+91-9207737849,Delhi,2020-07-22 06:00:00,Premium,59.0,Neha Gupta,2098
CUST_00815,Anjali,Sharma,user815@email.com,+91-7081239388,Delhi,2020-07-22 12:00:00,Basic,51.0,Anjali Sharma,2098
CUST_00816,Priya,Patel,user816@email.com,+91-7943734561,Ahmedabad,2020-07-22 18:00:00,Premium,47.0,Priya Patel,2097
CUST_00817,Meera,Kumar,user817@email.com,+91-9413670259,Delhi,2020-07-23 00:00:00,Basic,38.0,Meera Kumar,2097
CUST_00818,Meera,Gupta,user818@email.com,+91-9620895656,Kolkata,2020-07-23 06:00:00,Standard,61.0,Meera Gupta,2097
CUST_00819,Aarav,Joshi,user819@email.com,+91-7854690487,Ahmedabad,2020-07-23 12:00:00,Standard,54.0,Aarav Joshi,2097
CUST_00820,Rahul,Sharma,user820@email.com,+91-8570011928,Delhi,2020-07-23 18:00:00,Basic,61.0,Rahul Sharma,2096
CUST_00821,Pooja,Singh,user821@email.com,+91-9668684315,Mumbai,2020-07-24 00:00:00,Standard,40.0,Pooja Singh,2096
CUST_00822,Sanjay,Gupta,user822@email.com,+91-8042070010,Chennai,2020-07-24 06:00:00,Standard,50.0,Sanjay Gupta,2096
CUST_00823,Vikram,Singh,user823@email.com,+91-7694855683,Chennai,2020-07-24 12:00:00,Standard,19.0,Vikram Singh,2096
CUST_00824,Anjali,Kumar,user824@email.com,+91-9342784393,Ahmedabad,2020-07-24 18:00:00,Basic,44.0,Anjali Kumar,2095
CUST_00825,Neha,Singh,user825@email.com,+91-8320087514,Delhi,2020-07-25 00:00:00,Premium,65.0,Neha Singh,2095
CUST_00826,Pooja,Kumar,user826@email.com,+91-7037493014,Kolkata,2020-07-25 06:00:00,Premium,39.0,Pooja Kumar,2095
CUST_00827,Priya,Sharma,user827@email.com,+91-9553381678,Hyderabad,2020-07-25 12:00:00,Standard,51.0,Priya Sharma,2095
CUST_00828,Meera,Mehta,user828@email.com,+91-9545323950,Bengaluru,2020-07-25 18:00:00,Premium,33.0,Meera Mehta,2094
CUST_00829,Anjali,Kumar,user829@email.com,+91-8876999979,Pune,2020-07-26 00:00:00,Basic,37.0,Anjali Kumar,2094
CUST_00830,Vikram,Reddy,user830@email.com,+91-9606071178,Kolkata,2020-07-26 06:00:00,Standard,43.0,Vikram Reddy,2094
CUST_00831,Sanjay,Patel,user831@email.com,+91-7860540596,Hyderabad,2020-07-26 12:00:00,Standard,33.0,Sanjay Patel,2094
CUST_00832,Aarav,Patel,user832@email.com,+91-9681111074,Pune,2020-07-26 18:00:00,Premium,23.0,Aarav Patel,2093
CUST_00833,Vikram,Nair,user833@email.com,+91-8380566625,Hyderabad,2020-07-27 00:00:00,Standard,62.0,Vikram Nair,2093
CUST_00834,Anjali,Patel,user834@email.com,+91-9327792452,Hyderabad,2020-07-27 06:00:00,Premium,61.0,Anjali Patel,2093
CUST_00835,Vikram,Nair,user835@email.com,+91-7974808484,Ahmedabad,2020-07-27 12:00:00,Premium,40.0,Vikram Nair,2093
CUST_00836,Anjali,Patel,user836@email.com,+91-7251341364,Chennai,2020-07-27 18:00:00,Premium,59.0,Anjali Patel,2092
CUST_00837,Anjali,Kumar,user837@email.com,+91-9145073312,Bengaluru,2020-07-28 00:00:00,Standard,54.0,Anjali Kumar,2092
CUST_00838,Arjun,Reddy,user838@email.com,+91-8239878171,Hyderabad,2020-07-28 06:00:00,Premium,25.0,Arjun Reddy,2092
CUST_00839,Neha,Mehta,user839@email.com,+91-7803167830,Delhi,2020-07-28 12:00:00,Basic,23.0,Neha Mehta,2092
CUST_00840,Meera,Singh,user840@email.com,+91-9145202976,Pune,2020-07-28 18:00:00,Premium,54.0,Meera Singh,2091
CUST_00841,Arjun,Joshi,user841@email.com,+91-7253107482,Kolkata,2020-07-29 00:00:00,Premium,69.0,Arjun Joshi,2091
CUST_00842,Sanjay,Patel,user842@email.com,+91-7014719564,Chennai,2020-07-29 06:00:00,Standard,39.0,Sanjay Patel,2091
CUST_00843,Arjun,Mehta,user843@email.com,+91-8000679854,Pune,2020-07-29 12:00:00,Standard,23.0,Arjun Mehta,2091
CUST_00844,Rahul,Mehta,user844@email.com,+91-7765259697,Ahmedabad,2020-07-29 18:00:00,Standard,49.0,Rahul Mehta,2090
CUST_00845,Rahul,Kumar,user845@email.com,+91-7969791746,Delhi,2020-07-30 00:00:00,Basic,34.0,Rahul Kumar,2090
CUST_00846,Meera,Sharma,user846@email.com,+91-8092944062,Delhi,2020-07-30 06:00:00,Basic,55.0,Meera Sharma,2090
CUST_00847,Vikram,Sharma,user847@email.com,+91-8238924245,Hyderabad,2020-07-30 12:00:00,Basic,34.0,Vikram Sharma,2090
CUST_00848,Neha,Patel,user848@email.com,+91-8749253774,Delhi,2020-07-30 18:00:00,Standard,54.0,Neha Patel,2089
CUST_00849,Meera,Joshi,user849@email.com,+91-9561922622,Bengaluru,2020-07-31 00:00:00,Standard,40.0,Meera Joshi,2089
CUST_00850,Anjali,Patel,user850@email.com,+91-7451515182,Ahmedabad,2020-07-31 06:00:00,Basic,66.0,Anjali Patel,2089
CUST_00851,Priya,Patel,user851@email.com,+91-9732426285,Delhi,2020-07-31 12:00:00,Basic,66.0,Priya Patel,2089
CUST_00852,Neha,Nair,user852@email.com,+91-9774239200,Hyderabad,2020-07-31 18:00:00,Standard,30.0,Neha Nair,2088
CUST_00853,Neha,Reddy,user853@email.com,+91-7115727459,Pune,2020-08-01 00:00:00,Standard,49.0,Neha Reddy,2088
CUST_00854,Anjali,Reddy,user854@email.com,+91-9498711642,Ahmedabad,2020-08-01 06:00:00,Premium,39.0,Anjali Reddy,2088
CUST_00855,Anjali,Joshi,user855@email.com,+91-9902231993,Delhi,2020-08-01 12:00:00,Basic,24.0,Anjali Joshi,2088
CUST_00856,Aarav,Nair,user856@email.com,+91-7483152308,Chennai,2020-08-01 18:00:00,Standard,39.0,Aarav Nair,2087
CUST_00857,Meera,Mehta,user857@email.com,+91-9919449657,Ahmedabad,2020-08-02 00:00:00,Standard,38.0,Meera Mehta,2087
CUST_00858,Anjali,Nair,user858@email.com,+91-8496199678,Ahmedabad,2020-08-02 06:00:00,Premium,23.0,Anjali Nair,2087
CUST_00859,Rahul,Patel,user859@email.com,+91-7146599157,Kolkata,2020-08-02 12:00:00,Basic,31.0,Rahul Patel,2087
CUST_00860,Sanjay,Sharma,user860@email.com,+91-9831504769,Chennai,2020-08-02 18:00:00,Premium,33.0,Sanjay Sharma,2086
CUST_00861,Priya,Gupta,user861@email.com,+91-9517569049,Chennai,2020-08-03 00:00:00,Basic,20.0,Priya Gupta,2086
CUST_00862,Meera,Joshi,user862@email.com,+91-7687812115,Pune,2020-08-03 06:00:00,Premium,26.0,Meera Joshi,2086
CUST_00863,Pooja,Mehta,user863@email.com,+91-7749408588,Mumbai,2020-08-03 12:00:00,Basic,64.0,Pooja Mehta,2086
CUST_00864,Rahul,Kumar,user864@email.com,+91-7258339495,Kolkata,2020-08-03 18:00:00,Basic,38.0,Rahul Kumar,2085
CUST_00865,Vikram,Gupta,user865@email.com,+91-7957780902,Chennai,2020-08-04 00:00:00,Premium,67.0,Vikram Gupta,2085
CUST_00866,Anjali,Gupta,user866@email.com,+91-8984914085,Chennai,2020-08-04 06:00:00,Standard,47.0,Anjali Gupta,2085
CUST_00867,Pooja,Nair,user867@email.com,+91-9299293780,Mumbai,2020-08-04 12:00:00,Standard,47.0,Pooja Nair,2085
CUST_00868,Anjali,Singh,user868@email.com,+91-7949669257,Pune,2020-08-04 18:00:00,Premium,59.0,Anjali Singh,2084
CUST_00869,Neha,Gupta,user869@email.com,+91-8889785763,Kolkata,2020-08-05 00:00:00,Basic,59.0,Neha Gupta,2084
CUST_00870,Rahul,Patel,user870@email.com,+91-9352692621,Chennai,2020-08-05 06:00:00,Standard,49.0,Rahul Patel,2084
CUST_00871,Neha,Shah,user871@email.com,+91-7749153081,Hyderabad,2020-08-05 12:00:00,Standard,40.0,Neha Shah,2084
CUST_00872,Aarav,Sharma,user872@email.com,+91-8529597948,Pune,2020-08-05 18:00:00,Premium,20.0,Aarav Sharma,2083
CUST_00873,Neha,Sharma,user873@email.com,+91-8014656096,Kolkata,2020-08-06 00:00:00,Standard,18.0,Neha Sharma,2083
CUST_00874,Aarav,Shah,user874@email.com,+91-8671983857,Chennai,2020-08-06 06:00:00,Basic,20.0,Aarav Shah,2083
CUST_00875,Aarav,Reddy,user875@email.com,+91-8243781559,Chennai,2020-08-06 12:00:00,Standard,54.0,Aarav Reddy,2083
CUST_00876,Pooja,Patel,user876@email.com,+91-7614767762,Mumbai,2020-08-06 18:00:00,Standard,24.0,Pooja Patel,2082
CUST_00877,Anjali,Kumar,user877@email.com,+91-9506864286,Kolkata,2020-08-07 00:00:00,Basic,20.0,Anjali Kumar,2082
CUST_00878,Vikram,Gupta,user878@email.com,+91-7630393845,Hyderabad,2020-08-07 06:00:00,Premium,53.0,Vikram Gupta,2082
CUST_00879,Neha,Reddy,user879@email.com,+91-7801785306,Pune,2020-08-07 12:00:00,Premium,66.0,Neha Reddy,2082
CUST_00880,Rahul,Patel,user880@email.com,+91-9861159052,Delhi,2020-08-07 18:00:00,Basic,20.0,Rahul Patel,2081
CUST_00881,Aarav,Nair,user881@email.com,+91-7368191079,Bengaluru,2020-08-08 00:00:00,Standard,21.0,Aarav Nair,2081
CUST_00882,Anjali,Sharma,user882@email.com,+91-8991108630,Hyderabad,2020-08-08 06:00:00,Premium,48.0,Anjali Sharma,2081
CUST_00883,Priya,Reddy,user883@email.com,+91-9514897717,Delhi,2020-08-08 12:00:00,Standard,19.0,Priya Reddy,2081
CUST_00884,Meera,Joshi,user884@email.com,+91-9498903665,Hyderabad,2020-08-08 18:00:00,Standard,31.0,Meera Joshi,2080
CUST_00885,Pooja,Gupta,user885@email.com,+91-8906383245,Kolkata,2020-08-09 00:00:00,Basic,54.0,Pooja Gupta,2080
CUST_00886,Vikram,Gupta,user886@email.com,+91-9692646215,Delhi,2020-08-09 06:00:00,Premium,48.0,Vikram Gupta,2080
CUST_00887,Arjun,Kumar,user887@email.com,+91-9414421932,Kolkata,2020-08-09 12:00:00,Premium,44.0,Arjun Kumar,2080
CUST_00888,Pooja,Singh,user888@email.com,+91-7986246371,Delhi,2020-08-09 18:00:00,Basic,19.0,Pooja Singh,2079
CUST_00889,Priya,Joshi,user889@email.com,+91-9981597318,Hyderabad,2020-08-10 00:00:00,Basic,48.0,Priya Joshi,2079
CUST_00890,Meera,Gupta,user890@email.com,+91-9218904215,Mumbai,2020-08-10 06:00:00,Standard,64.0,Meera Gupta,2079
CUST_00891,Priya,Mehta,user891@email.com,+91-7065732080,Hyderabad,2020-08-10 12:00:00,Basic,60.0,Priya Mehta,2079
CUST_00892,Neha,Joshi,user892@email.com,+91-9762783724,Kolkata,2020-08-10 18:00:00,Standard,39.0,Neha Joshi,2078
CUST_00893,Aarav,Gupta,user893@email.com,+91-9688444394,Hyderabad,2020-08-11 00:00:00,Basic,27.0,Aarav Gupta,2078
CUST_00894,Vikram,Shah,user894@email.com,+91-7463225433,Ahmedabad,2020-08-11 06:00:00,Standard,69.0,Vikram Shah,2078
CUST_00895,Sanjay,Joshi,user895@email.com,+91-7821509658,Ahmedabad,2020-08-11 12:00:00,Standard,47.0,Sanjay Joshi,2078
CUST_00896,Aarav,Patel,user896@email.com,+91-9086240207,Delhi,2020-08-11 18:00:00,Basic,50.0,Aarav Patel,2077
CUST_00897,Sanjay,Joshi,user897@email.com,+91-8280806681,Ahmedabad,2020-08-12 00:00:00,Standard,36.0,Sanjay Joshi,2077
CUST_00898,Meera,Kumar,user898@email.com,+91-8696063937,Bengaluru,2020-08-12 06:00:00,Standard,63.0,Meera Kumar,2077
CUST_00899,Anjali,Nair,user899@email.com,+91-7729944606,Delhi,2020-08-12 12:00:00,Standard,42.0,Anjali Nair,2077
CUST_00900,Arjun,Nair,user900@email.com,+91-8466282647,Ahmedabad,2020-08-12 18:00:00,Basic,63.0,Arjun Nair,2076
CUST_00901,Rahul,Nair,user901@email.com,+91-7609925695,Chennai,2020-08-13 00:00:00,Basic,18.0,Rahul Nair,2076
CUST_00902,Aarav,Patel,user902@email.com,+91-9516577386,Hyderabad,2020-08-13 06:00:00,Standard,49.0,Aarav Patel,2076
CUST_00903,Vikram,Reddy,user903@email.com,+91-9176042669,Pune,2020-08-13 12:00:00,Basic,42.0,Vikram Reddy,2076
CUST_00904,Priya,Nair,user904@email.com,+91-8043890935,Hyderabad,2020-08-13 18:00:00,Standard,58.0,Priya Nair,2075
CUST_00905,Vikram,Sharma,user905@email.com,+91-9927038765,Ahmedabad,2020-08-14 00:00:00,Basic,34.0,Vikram Sharma,2075
CUST_00906,Meera,Patel,user906@email.com,+91-8143543473,Mumbai,2020-08-14 06:00:00,Standard,31.0,Meera Patel,2075
CUST_00907,Sanjay,Reddy,user907@email.com,+91-7678167645,Kolkata,2020-08-14 12:00:00,Basic,62.0,Sanjay Reddy,2075
CUST_00908,Priya,Sharma,user908@email.com,+91-8612706880,Pune,2020-08-14 18:00:00,Standard,30.0,Priya Sharma,2074
CUST_00909,Rahul,Sharma,user909@email.com,+91-9699908974,Delhi,2020-08-15 00:00:00,Standard,55.0,Rahul Sharma,2074
CUST_00910,Rahul,Sharma,user910@email.com,+91-8539066063,Mumbai,2020-08-15 06:00:00,Premium,56.0,Rahul Sharma,2074
CUST_00911,Aarav,Mehta,user911@email.com,+91-7135318579,Hyderabad,2020-08-15 12:00:00,Standard,19.0,Aarav Mehta,2074
CUST_00912,Meera,Kumar,user912@email.com,+91-7675178786,Ahmedabad,2020-08-15 18:00:00,Basic,49.0,Meera Kumar,2073
CUST_00913,Anjali,Kumar,user913@email.com,+91-7784123535,Delhi,2020-08-16 00:00:00,Basic,49.0,Anjali Kumar,2073
CUST_00914,Meera,Patel,user914@email.com,+91-8776936853,Delhi,2020-08-16 06:00:00,Basic,57.0,Meera Patel,2073
CUST_00915,Sanjay,Sharma,user915@email.com,+91-8992178314,Chennai,2020-08-16 12:00:00,Standard,23.0,Sanjay Sharma,2073
CUST_00916,Vikram,Shah,user916@email.com,+91-9199770421,Chennai,2020-08-16 18:00:00,Standard,42.0,Vikram Shah,2072
CUST_00917,Rahul,Joshi,user917@email.com,+91-9004558046,Ahmedabad,2020-08-17 00:00:00,Premium,20.0,Rahul Joshi,2072
CUST_00918,Vikram,Reddy,user918@email.com,+91-7668162371,Ahmedabad,2020-08-17 06:00:00,Basic,35.0,Vikram Reddy,2072
CUST_00919,Vikram,Kumar,user919@email.com,+91-9652454745,Bengaluru,2020-08-17 12:00:00,Standard,67.0,Vikram Kumar,2072
CUST_00920,Vikram,Nair,user920@email.com,+91-7010162966,Chennai,2020-08-17 18:00:00,Standard,55.0,Vikram Nair,2071
CUST_00921,Rahul,Patel,user921@email.com,+91-8504432576,Kolkata,2020-08-18 00:00:00,Premium,60.0,Rahul Patel,2071
CUST_00922,Pooja,Reddy,user922@email.com,+91-7621474660,Pune,2020-08-18 06:00:00,Premium,20.0,Pooja Reddy,2071
CUST_00923,Neha,Patel,user923@email.com,+91-9599200135,Delhi,2020-08-18 12:00:00,Basic,65.0,Neha Patel,2071
CUST_00924,Sanjay,Shah,user924@email.com,+91-9593736777,Chennai,2020-08-18 18:00:00,Basic,22.0,Sanjay Shah,2070
CUST_00925,Pooja,Mehta,user925@email.com,+91-8124153049,Ahmedabad,2020-08-19 00:00:00,Basic,41.0,Pooja Mehta,2070
CUST_00926,Sanjay,Mehta,user926@email.com,+91-8484045488,Bengaluru,2020-08-19 06:00:00,Standard,51.0,Sanjay Mehta,2070
CUST_00927,Priya,Sharma,user927@email.com,+91-8081304500,Ahmedabad,2020-08-19 12:00:00,Basic,64.0,Priya Sharma,2070
CUST_00928,Meera,Mehta,user928@email.com,+91-8833414516,Ahmedabad,2020-08-19 18:00:00,Basic,65.0,Meera Mehta,2069
CUST_00929,Meera,Patel,user929@email.com,+91-9701090237,Ahmedabad,2020-08-20 00:00:00,Standard,56.0,Meera Patel,2069
CUST_00930,Arjun,Nair,user930@email.com,+91-9192204457,Hyderabad,2020-08-20 06:00:00,Standard,65.0,Arjun Nair,2069
CUST_00931,Meera,Sharma,user931@email.com,+91-7017245075,Pune,2020-08-20 12:00:00,Premium,41.0,Meera Sharma,2069
CUST_00932,Rahul,Gupta,user932@email.com,+91-8611613758,Chennai,2020-08-20 18:00:00,Standard,53.0,Rahul Gupta,2068
CUST_00933,Anjali,Reddy,user933@email.com,+91-7957746030,Delhi,2020-08-21 00:00:00,Basic,45.0,Anjali Reddy,2068
CUST_00934,Aarav,Shah,user934@email.com,+91-7752868153,Hyderabad,2020-08-21 06:00:00,Standard,65.0,Aarav Shah,2068
CUST_00935,Arjun,Sharma,user935@email.com,+91-7956286042,Ahmedabad,2020-08-21 12:00:00,Basic,66.0,Arjun Sharma,2068
CUST_00936,Aarav,Patel,user936@email.com,+91-9962826684,Kolkata,2020-08-21 18:00:00,Standard,51.0,Aarav Patel,2067
CUST_00937,Sanjay,Reddy,user937@email.com,+91-9426113202,Delhi,2020-08-22 00:00:00,Premium,33.0,Sanjay Reddy,2067
CUST_00938,Aarav,Nair,user938@email.com,+91-7504903832,Hyderabad,2020-08-22 06:00:00,Standard,53.0,Aarav Nair,2067
CUST_00939,Aarav,Singh,user939@email.com,+91-7706769091,Kolkata,2020-08-22 12:00:00,Standard,24.0,Aarav Singh,2067
CUST_00940,Arjun,Shah,user940@email.com,+91-9758384667,Kolkata,2020-08-22 18:00:00,Standard,35.0,Arjun Shah,2066
CUST_00941,Priya,Patel,user941@email.com,+91-9199474511,Pune,2020-08-23 00:00:00,Premium,23.0,Priya Patel,2066
CUST_00942,Vikram,Shah,user942@email.com,+91-9669945047,Delhi,2020-08-23 06:00:00,Standard,67.0,Vikram Shah,2066
CUST_00943,Meera,Kumar,user943@email.com,+91-8811001973,Chennai,2020-08-23 12:00:00,Premium,45.0,Meera Kumar,2066
CUST_00944,Meera,Singh,user944@email.com,+91-8628893324,Chennai,2020-08-23 18:00:00,Premium,56.0,Meera Singh,2065
CUST_00945,Rahul,Reddy,user945@email.com,+91-8883244204,Bengaluru,2020-08-24 00:00:00,Standard,51.0,Rahul Reddy,2065
CUST_00946,Arjun,Mehta,user946@email.com,+91-9711020523,Hyderabad,2020-08-24 06:00:00,Standard,68.0,Arjun Mehta,2065
CUST_00947,Rahul,Patel,user947@email.com,+91-7759779551,Bengaluru,2020-08-24 12:00:00,Basic,58.0,Rahul Patel,2065
CUST_00948,Anjali,Shah,user948@email.com,+91-9104320091,Mumbai,2020-08-24 18:00:00,Standard,46.0,Anjali Shah,2064
CUST_00949,Anjali,Reddy,user949@email.com,+91-9485984900,Chennai,2020-08-25 00:00:00,Basic,21.0,Anjali Reddy,2064
CUST_00950,Rahul,Mehta,user950@email.com,+91-8551085321,Hyderabad,2020-08-25 06:00:00,Standard,31.0,Rahul Mehta,2064
CUST_00951,Arjun,Nair,user951@email.com,+91-7448271396,Pune,2020-08-25 12:00:00,Basic,22.0,Arjun Nair,2064
CUST_00952,Rahul,Nair,user952@email.com,+91-7465926446,Bengaluru,2020-08-25 18:00:00,Standard,42.0,Rahul Nair,2063
CUST_00953,Meera,Shah,user953@email.com,+91-9212692491,Pune,2020-08-26 00:00:00,Basic,56.0,Meera Shah,2063
CUST_00954,Pooja,Sharma,user954@email.com,+91-8061384865,Pune,2020-08-26 06:00:00,Standard,25.0,Pooja Sharma,2063
CUST_00955,Neha,Kumar,user955@email.com,+91-8818804936,Ahmedabad,2020-08-26 12:00:00,Basic,32.0,Neha Kumar,2063
CUST_00956,Aarav,Sharma,user956@email.com,+91-9943512255,Ahmedabad,2020-08-26 18:00:00,Standard,36.0,Aarav Sharma,2062
CUST_00957,Neha,Kumar,user957@email.com,+91-8108867450,Pune,2020-08-27 00:00:00,Premium,28.0,Neha Kumar,2062
CUST_00958,Arjun,Patel,user958@email.com,+91-9664357393,Bengaluru,2020-08-27 06:00:00,Basic,37.0,Arjun Patel,2062
CUST_00959,Neha,Gupta,user959@email.com,+91-9012829248,Ahmedabad,2020-08-27 12:00:00,Premium,53.0,Neha Gupta,2062
CUST_00960,Anjali,Shah,user960@email.com,+91-7656669674,Mumbai,2020-08-27 18:00:00,Standard,35.0,Anjali Shah,2061
CUST_00961,Sanjay,Joshi,user961@email.com,+91-7368720109,Kolkata,2020-08-28 00:00:00,Premium,31.0,Sanjay Joshi,2061
CUST_00962,Aarav,Shah,user962@email.com,+91-9351656127,Kolkata,2020-08-28 06:00:00,Basic,55.0,Aarav Shah,2061
CUST_00963,Vikram,Singh,user963@email.com,+91-9394792352,Ahmedabad,2020-08-28 12:00:00,Standard,42.0,Vikram Singh,2061
CUST_00964,Arjun,Mehta,user964@email.com,+91-7899226044,Bengaluru,2020-08-28 18:00:00,Standard,33.0,Arjun Mehta,2060
CUST_00965,Aarav,Singh,user965@email.com,+91-7825936895,Kolkata,2020-08-29 00:00:00,Basic,35.0,Aarav Singh,2060
CUST_00966,Neha,Nair,user966@email.com,+91-8307854697,Delhi,2020-08-29 06:00:00,Standard,18.0,Neha Nair,2060
CUST_00967,Anjali,Kumar,user967@email.com,+91-8034519805,Kolkata,2020-08-29 12:00:00,Standard,57.0,Anjali Kumar,2060
CUST_00968,Priya,Mehta,user968@email.com,+91-8675615176,Chennai,2020-08-29 18:00:00,Basic,18.0,Priya Mehta,2059
CUST_00969,Pooja,Nair,user969@email.com,+91-7696260174,Bengaluru,2020-08-30 00:00:00,Basic,18.0,Pooja Nair,2059
CUST_00970,Vikram,Mehta,user970@email.com,+91-8746947119,Ahmedabad,2020-08-30 06:00:00,Basic,68.0,Vikram Mehta,2059
CUST_00971,Pooja,Sharma,user971@email.com,+91-9242309993,Ahmedabad,2020-08-30 12:00:00,Standard,38.0,Pooja Sharma,2059
CUST_00972,Aarav,Nair,user972@email.com,+91-9962753474,Kolkata,2020-08-30 18:00:00,Standard,42.0,Aarav Nair,2058
CUST_00973,Anjali,Sharma,user973@email.com,+91-8435612392,Bengaluru,2020-08-31 00:00:00,Standard,44.0,Anjali Sharma,2058
CUST_00974,Anjali,Sharma,user974@email.com,+91-7431157840,Mumbai,2020-08-31 06:00:00,Standard,27.0,Anjali Sharma,2058
CUST_00975,Neha,Mehta,user975@email.com,+91-9788677165,Delhi,2020-08-31 12:00:00,Standard,67.0,Neha Mehta,2058
CUST_00976,Meera,Reddy,user976@email.com,+91-8631793326,Ahmedabad,2020-08-31 18:00:00,Basic,29.0,Meera Reddy,2057
CUST_00977,Neha,Singh,user977@email.com,+91-9123495339,Bengaluru,2020-09-01 00:00:00,Basic,45.0,Neha Singh,2057
CUST_00978,Meera,Nair,user978@email.com,+91-7247144768,Ahmedabad,2020-09-01 06:00:00,Standard,66.0,Meera Nair,2057
CUST_00979,Meera,Joshi,user979@email.com,+91-8696471901,Ahmedabad,2020-09-01 12:00:00,Premium,49.0,Meera Joshi,2057
CUST_00980,Vikram,Reddy,user980@email.com,+91-9503234644,Chennai,2020-09-01 18:00:00,Basic,50.0,Vikram Reddy,2056
CUST_00981,Neha,Singh,user981@email.com,+91-8822394241,Kolkata,2020-09-02 00:00:00,Premium,25.0,Neha Singh,2056
CUST_00982,Priya,Nair,user982@email.com,+91-7895136211,Chennai,2020-09-02 06:00:00,Basic,59.0,Priya Nair,2056
CUST_00983,Rahul,Kumar,user983@email.com,+91-8850868650,Kolkata,2020-09-02 12:00:00,Premium,43.0,Rahul Kumar,2056
CUST_00984,Rahul,Singh,user984@email.com,+91-8453929070,Ahmedabad,2020-09-02 18:00:00,Standard,59.0,Rahul Singh,2055
CUST_00985,Neha,Joshi,user985@email.com,+91-7490341472,Bengaluru,2020-09-03 00:00:00,Standard,67.0,Neha Joshi,2055
CUST_00986,Neha,Shah,user986@email.com,+91-8830461335,Pune,2020-09-03 06:00:00,Premium,58.0,Neha Shah,2055
CUST_00987,Pooja,Patel,user987@email.com,+91-7879442852,Kolkata,2020-09-03 12:00:00,Standard,19.0,Pooja Patel,2055
CUST_00988,Vikram,Sharma,user988@email.com,+91-9715113034,Pune,2020-09-03 18:00:00,Standard,52.0,Vikram Sharma,2054
CUST_00989,Neha,Patel,user989@email.com,+91-9149032802,Delhi,2020-09-04 00:00:00,Basic,51.0,Neha Patel,2054
CUST_00990,Pooja,Reddy,user990@email.com,+91-8818363212,Chennai,2020-09-04 06:00:00,Basic,23.0,Pooja Reddy,2054
CUST_00991,Meera,Shah,user991@email.com,+91-9261645260,Pune,2020-09-04 12:00:00,Standard,48.0,Meera Shah,2054
CUST_00992,Anjali,Sharma,user992@email.com,+91-9872236732,Chennai,2020-09-04 18:00:00,Premium,40.0,Anjali Sharma,2053
CUST_00993,Anjali,Nair,user993@email.com,+91-9294808419,Kolkata,2020-09-05 00:00:00,Basic,29.0,Anjali Nair,2053
CUST_00994,Meera,Reddy,user994@email.com,+91-8084813188,Kolkata,2020-09-05 06:00:00,Standard,68.0,Meera Reddy,2053
CUST_00995,Arjun,Joshi,user995@email.com,+91-9439810275,Delhi,2020-09-05 12:00:00,Basic,45.0,Arjun Joshi,2053
CUST_00996,Pooja,Mehta,user996@email.com,+91-7749022199,Kolkata,2020-09-05 18:00:00,Premium,32.0,Pooja Mehta,2052
CUST_00997,Pooja,Nair,user997@email.com,+91-7781513564,Ahmedabad,2020-09-06 00:00:00,Premium,36.0,Pooja Nair,2052
CUST_00998,Meera,Singh,user998@email.com,+91-8363906299,Delhi,2020-09-06 06:00:00,Basic,29.0,Meera Singh,2052
CUST_00999,Priya,Mehta,user999@email.com,+91-8617235046,Pune,2020-09-06 12:00:00,Standard,67.0,Priya Mehta,2052
CUST_01000,Sanjay,Reddy,user1000@email.com,+91-8372289516,Kolkata,2020-09-06 18:00:00,Basic,65.0,Sanjay Reddy,2051
CUST_01001,Aarav,Singh,user1001@email.com,+91-8384110608,Bengaluru,2020-09-07 00:00:00,Premium,19.0,Aarav Singh,2051
CUST_01002,Meera,Joshi,user1002@email.com,+91-8953091801,Hyderabad,2020-09-07 06:00:00,Standard,28.0,Meera Joshi,2051
CUST_01003,Neha,Patel,user1003@email.com,+91-7651971543,Mumbai,2020-09-07 12:00:00,Standard,61.0,Neha Patel,2051
CUST_01004,Neha,Singh,user1004@email.com,+91-7280361257,Ahmedabad,2020-09-07 18:00:00,Standard,54.0,Neha Singh,2050
CUST_01005,Vikram,Patel,user1005@email.com,+91-8213802655,Hyderabad,2020-09-08 00:00:00,Basic,55.0,Vikram Patel,2050
CUST_01006,Meera,Sharma,user1006@email.com,+91-9450443322,Hyderabad,2020-09-08 06:00:00,Premium,42.0,Meera Sharma,2050
CUST_01007,Vikram,Kumar,user1007@email.com,+91-7275419626,Chennai,2020-09-08 12:00:00,Basic,60.0,Vikram Kumar,2050
CUST_01008,Meera,Gupta,user1008@email.com,+91-7504700530,Ahmedabad,2020-09-08 18:00:00,Basic,38.0,Meera Gupta,2049
CUST_01009,Pooja,Nair,user1009@email.com,+91-7982619676,Ahmedabad,2020-09-09 00:00:00,Standard,59.0,Pooja Nair,2049
CUST_01010,Aarav,Gupta,user1010@email.com,+91-9684213902,Delhi,2020-09-09 06:00:00,Basic,53.0,Aarav Gupta,2049
CUST_01011,Pooja,Sharma,user1011@email.com,+91-7103264560,Chennai,2020-09-09 12:00:00,Basic,26.0,Pooja Sharma,2049
CUST_01012,Sanjay,Singh,user1012@email.com,+91-8896017758,Pune,2020-09-09 18:00:00,Standard,29.0,Sanjay Singh,2048
CUST_01013,Anjali,Sharma,user1013@email.com,+91-7821646741,Mumbai,2020-09-10 00:00:00,Standard,27.0,Anjali Sharma,2048
CUST_01014,Rahul,Gupta,user1014@email.com,+91-7813021402,Pune,2020-09-10 06:00:00,Standard,63.0,Rahul Gupta,2048
CUST_01015,Meera,Gupta,user1015@email.com,+91-9773915051,Bengaluru,2020-09-10 12:00:00,Premium,22.0,Meera Gupta,2048
CUST_01016,Sanjay,Nair,user1016@email.com,+91-8721214997,Mumbai,2020-09-10 18:00:00,Standard,50.0,Sanjay Nair,2047
CUST_01017,Anjali,Mehta,user1017@email.com,+91-9339693814,Chennai,2020-09-11 00:00:00,Standard,22.0,Anjali Mehta,2047
CUST_01018,Arjun,Shah,user1018@email.com,+91-8798311036,Kolkata,2020-09-11 06:00:00,Standard,33.0,Arjun Shah,2047
CUST_01019,Aarav,Sharma,user1019@email.com,+91-7887369335,Kolkata,2020-09-11 12:00:00,Basic,54.0,Aarav Sharma,2047
CUST_01020,Vikram,Kumar,user1020@email.com,+91-8926743052,Chennai,2020-09-11 18:00:00,Standard,54.0,Vikram Kumar,2046
CUST_01021,Vikram,Shah,user1021@email.com,+91-7187685742,Pune,2020-09-12 00:00:00,Basic,46.0,Vikram Shah,2046
CUST_01022,Pooja,Sharma,user1022@email.com,+91-7625409442,Chennai,2020-09-12 06:00:00,Standard,35.0,Pooja Sharma,2046
CUST_01023,Neha,Joshi,user1023@email.com,+91-8414564330,Chennai,2020-09-12 12:00:00,Standard,46.0,Neha Joshi,2046
CUST_01024,Anjali,Reddy,user1024@email.com,+91-8854419385,Hyderabad,2020-09-12 18:00:00,Basic,23.0,Anjali Reddy,2045
CUST_01025,Arjun,Reddy,user1025@email.com,+91-7766048621,Bengaluru,2020-09-13 00:00:00,Standard,44.0,Arjun Reddy,2045
CUST_01026,Sanjay,Gupta,user1026@email.com,+91-8247651287,Ahmedabad,2020-09-13 06:00:00,Standard,35.0,Sanjay Gupta,2045
CUST_01027,Aarav,Reddy,user1027@email.com,+91-8996913478,Kolkata,2020-09-13 12:00:00,Premium,49.0,Aarav Reddy,2045
CUST_01028,Anjali,Patel,user1028@email.com,+91-8256885934,Hyderabad,2020-09-13 18:00:00,Standard,59.0,Anjali Patel,2044
CUST_01029,Arjun,Kumar,user1029@email.com,+91-7361529552,Chennai,2020-09-14 00:00:00,Standard,64.0,Arjun Kumar,2044
CUST_01030,Rahul,Reddy,user1030@email.com,+91-7897211932,Delhi,2020-09-14 06:00:00,Standard,48.0,Rahul Reddy,2044
CUST_01031,Meera,Singh,user1031@email.com,+91-7165867021,Hyderabad,2020-09-14 12:00:00,Standard,28.0,Meera Singh,2044
CUST_01032,Vikram,Patel,user1032@email.com,+91-8794782763,Chennai,2020-09-14 18:00:00,Basic,43.0,Vikram Patel,2043
CUST_01033,Sanjay,Shah,user1033@email.com,+91-9324595422,Kolkata,2020-09-15 00:00:00,Basic,45.0,Sanjay Shah,2043
CUST_01034,Vikram,Patel,user1034@email.com,+91-7749188407,Ahmedabad,2020-09-15 06:00:00,Standard,44.0,Vikram Patel,2043
CUST_01035,Sanjay,Sharma,user1035@email.com,+91-7221968432,Chennai,2020-09-15 12:00:00,Standard,36.0,Sanjay Sharma,2043
CUST_01036,Pooja,Gupta,user1036@email.com,+91-8450145847,Bengaluru,2020-09-15 18:00:00,Basic,62.0,Pooja Gupta,2042
CUST_01037,Neha,Nair,user1037@email.com,+91-7298139345,Pune,2020-09-16 00:00:00,Basic,44.0,Neha Nair,2042
CUST_01038,Sanjay,Nair,user1038@email.com,+91-7411011169,Mumbai,2020-09-16 06:00:00,Premium,37.0,Sanjay Nair,2042
CUST_01039,Vikram,Joshi,user1039@email.com,+91-9907460784,Hyderabad,2020-09-16 12:00:00,Standard,20.0,Vikram Joshi,2042
CUST_01040,Pooja,Kumar,user1040@email.com,+91-7891303530,Hyderabad,2020-09-16 18:00:00,Standard,33.0,Pooja Kumar,2041
CUST_01041,Sanjay,Sharma,user1041@email.com,+91-7531874285,Hyderabad,2020-09-17 00:00:00,Premium,56.0,Sanjay Sharma,2041
CUST_01042,Rahul,Nair,user1042@email.com,+91-8184123019,Chennai,2020-09-17 06:00:00,Standard,61.0,Rahul Nair,2041
CUST_01043,Neha,Gupta,user1043@email.com,+91-7415745923,Ahmedabad,2020-09-17 12:00:00,Basic,46.0,Neha Gupta,2041
CUST_01044,Sanjay,Shah,user1044@email.com,+91-8306479295,Bengaluru,2020-09-17 18:00:00,Standard,32.0,Sanjay Shah,2040
CUST_01045,Pooja,Nair,user1045@email.com,+91-7705698745,Ahmedabad,2020-09-18 00:00:00,Basic,47.0,Pooja Nair,2040
CUST_01046,Anjali,Singh,user1046@email.com,+91-8060757086,Chennai,2020-09-18 06:00:00,Basic,57.0,Anjali Singh,2040
CUST_01047,Priya,Patel,user1047@email.com,+91-7265262947,Chennai,2020-09-18 12:00:00,Standard,66.0,Priya Patel,2040
CUST_01048,Arjun,Nair,user1048@email.com,+91-9176434286,Pune,2020-09-18 18:00:00,Premium,18.0,Arjun Nair,2039
CUST_01049,Priya,Sharma,user1049@email.com,+91-8623689639,Delhi,2020-09-19 00:00:00,Basic,46.0,Priya Sharma,2039
CUST_01050,Priya,Reddy,user1050@email.com,+91-8126019967,Bengaluru,2020-09-19 06:00:00,Basic,44.0,Priya Reddy,2039
CUST_01051,Aarav,Reddy,user1051@email.com,+91-9747738034,Hyderabad,2020-09-19 12:00:00,Basic,47.0,Aarav Reddy,2039
CUST_01052,Rahul,Shah,user1052@email.com,+91-7817180109,Mumbai,2020-09-19 18:00:00,Premium,57.0,Rahul Shah,2038
CUST_01053,Anjali,Reddy,user1053@email.com,+91-8340197485,Hyderabad,2020-09-20 00:00:00,Standard,63.0,Anjali Reddy,2038
CUST_01054,Meera,Shah,user1054@email.com,+91-9454133574,Ahmedabad,2020-09-20 06:00:00,Premium,49.0,Meera Shah,2038
CUST_01055,Sanjay,Sharma,user1055@email.com,+91-9309037824,Chennai,2020-09-20 12:00:00,Standard,27.0,Sanjay Sharma,2038
CUST_01056,Arjun,Kumar,user1056@email.com,+91-8122720236,Bengaluru,2020-09-20 18:00:00,Basic,44.0,Arjun Kumar,2037
CUST_01057,Neha,Reddy,user1057@email.com,+91-7735140912,Kolkata,2020-09-21 00:00:00,Premium,68.0,Neha Reddy,2037
CUST_01058,Anjali,Joshi,user1058@email.com,+91-9509729040,Bengaluru,2020-09-21 06:00:00,Basic,25.0,Anjali Joshi,2037
CUST_01059,Vikram,Gupta,user1059@email.com,+91-7386679958,Bengaluru,2020-09-21 12:00:00,Standard,68.0,Vikram Gupta,2037
CUST_01060,Meera,Patel,user1060@email.com,+91-9181874127,Delhi,2020-09-21 18:00:00,Basic,53.0,Meera Patel,2036
CUST_01061,Aarav,Reddy,user1061@email.com,+91-8601800599,Hyderabad,2020-09-22 00:00:00,Standard,59.0,Aarav Reddy,2036
CUST_01062,Aarav,Shah,user1062@email.com,+91-8317830352,Delhi,2020-09-22 06:00:00,Premium,52.0,Aarav Shah,2036
CUST_01063,Anjali,Sharma,user1063@email.com,+91-9477955255,Kolkata,2020-09-22 12:00:00,Basic,53.0,Anjali Sharma,2036
CUST_01064,Pooja,Reddy,user1064@email.com,+91-9573764752,Kolkata,2020-09-22 18:00:00,Premium,65.0,Pooja Reddy,2035
CUST_01065,Priya,Nair,user1065@email.com,+91-8283228892,Pune,2020-09-23 00:00:00,Standard,53.0,Priya Nair,2035
CUST_01066,Vikram,Reddy,user1066@email.com,+91-9635560866,Ahmedabad,2020-09-23 06:00:00,Basic,42.0,Vikram Reddy,2035
CUST_01067,Aarav,Shah,user1067@email.com,+91-7701290719,Mumbai,2020-09-23 12:00:00,Basic,37.0,Aarav Shah,2035
CUST_01068,Arjun,Singh,user1068@email.com,+91-7962862458,Pune,2020-09-23 18:00:00,Standard,69.0,Arjun Singh,2034
CUST_01069,Aarav,Singh,user1069@email.com,+91-8398587203,Chennai,2020-09-24 00:00:00,Standard,62.0,Aarav Singh,2034
CUST_01070,Neha,Reddy,user1070@email.com,+91-7618824207,Delhi,2020-09-24 06:00:00,Basic,44.0,Neha Reddy,2034
CUST_01071,Sanjay,Patel,user1071@email.com,+91-9594115010,Delhi,2020-09-24 12:00:00,Basic,34.0,Sanjay Patel,2034
CUST_01072,Aarav,Sharma,user1072@email.com,+91-7400863059,Pune,2020-09-24 18:00:00,Premium,40.0,Aarav Sharma,2033
CUST_01073,Neha,Joshi,user1073@email.com,+91-7446206222,Chennai,2020-09-25 00:00:00,Basic,42.0,Neha Joshi,2033
CUST_01074,Anjali,Joshi,user1074@email.com,+91-9934239204,Bengaluru,2020-09-25 06:00:00,Standard,65.0,Anjali Joshi,2033
CUST_01075,Anjali,Reddy,user1075@email.com,+91-7713225203,Chennai,2020-09-25 12:00:00,Standard,66.0,Anjali Reddy,2033
CUST_01076,Meera,Reddy,user1076@email.com,+91-7020576384,Hyderabad,2020-09-25 18:00:00,Standard,48.0,Meera Reddy,2032
CUST_01077,Aarav,Singh,user1077@email.com,+91-8185815316,Pune,2020-09-26 00:00:00,Standard,23.0,Aarav Singh,2032
CUST_01078,Arjun,Shah,user1078@email.com,+91-9497610656,Ahmedabad,2020-09-26 06:00:00,Basic,52.0,Arjun Shah,2032
CUST_01079,Aarav,Patel,user1079@email.com,+91-7112302243,Chennai,2020-09-26 12:00:00,Standard,69.0,Aarav Patel,2032
CUST_01080,Arjun,Reddy,user1080@email.com,+91-8670637868,Bengaluru,2020-09-26 18:00:00,Standard,21.0,Arjun Reddy,2031
CUST_01081,Rahul,Joshi,user1081@email.com,+91-7569068448,Chennai,2020-09-27 00:00:00,Premium,57.0,Rahul Joshi,2031
CUST_01082,Meera,Sharma,user1082@email.com,+91-8320144896,Delhi,2020-09-27 06:00:00,Basic,37.0,Meera Sharma,2031
CUST_01083,Rahul,Kumar,user1083@email.com,+91-9235225314,Mumbai,2020-09-27 12:00:00,Basic,58.0,Rahul Kumar,2031
CUST_01084,Aarav,Nair,user1084@email.com,+91-8649499811,Delhi,2020-09-27 18:00:00,Basic,18.0,Aarav Nair,2030
CUST_01085,Meera,Reddy,user1085@email.com,+91-8668183798,Ahmedabad,2020-09-28 00:00:00,Basic,62.0,Meera Reddy,2030
CUST_01086,Rahul,Shah,user1086@email.com,+91-8680185741,Kolkata,2020-09-28 06:00:00,Standard,43.0,Rahul Shah,2030
CUST_01087,Priya,Reddy,user1087@email.com,+91-7337001364,Mumbai,2020-09-28 12:00:00,Basic,51.0,Priya Reddy,2030
CUST_01088,Aarav,Shah,user1088@email.com,+91-7617904412,Kolkata,2020-09-28 18:00:00,Basic,27.0,Aarav Shah,2029
CUST_01089,Rahul,Patel,user1089@email.com,+91-8974263624,Chennai,2020-09-29 00:00:00,Premium,40.0,Rahul Patel,2029
CUST_01090,Priya,Kumar,user1090@email.com,+91-7424098283,Hyderabad,2020-09-29 06:00:00,Basic,68.0,Priya Kumar,2029
CUST_01091,Priya,Gupta,user1091@email.com,+91-7649980348,Ahmedabad,2020-09-29 12:00:00,Standard,66.0,Priya Gupta,2029
CUST_01092,Anjali,Sharma,user1092@email.com,+91-9074774421,Chennai,2020-09-29 18:00:00,Standard,41.0,Anjali Sharma,2028
CUST_01093,Aarav,Sharma,user1093@email.com,+91-9816733155,Bengaluru,2020-09-30 00:00:00,Basic,30.0,Aarav Sharma,2028
CUST_01094,Priya,Shah,user1094@email.com,+91-9670822095,Chennai,2020-09-30 06:00:00,Standard,46.0,Priya Shah,2028
CUST_01095,Anjali,Singh,user1095@email.com,+91-7931225282,Mumbai,2020-09-30 12:00:00,Basic,63.0,Anjali Singh,2028
CUST_01096,Rahul,Shah,user1096@email.com,+91-7737334548,Delhi,2020-09-30 18:00:00,Standard,44.0,Rahul Shah,2027
CUST_01097,Neha,Singh,user1097@email.com,+91-9423056393,Hyderabad,2020-10-01 00:00:00,Premium,48.0,Neha Singh,2027
CUST_01098,Aarav,Mehta,user1098@email.com,+91-9810256079,Kolkata,2020-10-01 06:00:00,Standard,60.0,Aarav Mehta,2027
CUST_01099,Meera,Joshi,user1099@email.com,+91-9686937473,Chennai,2020-10-01 12:00:00,Premium,27.0,Meera Joshi,2027
CUST_01100,Arjun,Sharma,user1100@email.com,+91-8708624149,Chennai,2020-10-01 18:00:00,Basic,48.0,Arjun Sharma,2026
CUST_01101,Arjun,Patel,user1101@email.com,+91-7883339725,Delhi,2020-10-02 00:00:00,Standard,56.0,Arjun Patel,2026
CUST_01102,Rahul,Shah,user1102@email.com,+91-9955700826,Hyderabad,2020-10-02 06:00:00,Standard,27.0,Rahul Shah,2026
CUST_01103,Pooja,Patel,user1103@email.com,+91-8866529223,Pune,2020-10-02 12:00:00,Premium,41.0,Pooja Patel,2026
CUST_01104,Pooja,Kumar,user1104@email.com,+91-7476736313,Kolkata,2020-10-02 18:00:00,Standard,50.0,Pooja Kumar,2025
CUST_01105,Rahul,Patel,user1105@email.com,+91-7657888951,Chennai,2020-10-03 00:00:00,Basic,31.0,Rahul Patel,2025
CUST_01106,Priya,Reddy,user1106@email.com,+91-9231716001,Chennai,2020-10-03 06:00:00,Premium,52.0,Priya Reddy,2025
CUST_01107,Aarav,Joshi,user1107@email.com,+91-9480849859,Pune,2020-10-03 12:00:00,Basic,62.0,Aarav Joshi,2025
CUST_01108,Arjun,Reddy,user1108@email.com,+91-7623854680,Kolkata,2020-10-03 18:00:00,Basic,51.0,Arjun Reddy,2024
CUST_01109,Arjun,Nair,user1109@email.com,+91-9983857989,Mumbai,2020-10-04 00:00:00,Basic,34.0,Arjun Nair,2024
CUST_01110,Priya,Shah,user1110@email.com,+91-9636282479,Mumbai,2020-10-04 06:00:00,Basic,38.0,Priya Shah,2024
CUST_01111,Arjun,Sharma,user1111@email.com,+91-8753194126,Ahmedabad,2020-10-04 12:00:00,Premium,49.0,Arjun Sharma,2024
CUST_01112,Meera,Shah,user1112@email.com,+91-9408748186,Ahmedabad,2020-10-04 18:00:00,Standard,20.0,Meera Shah,2023
CUST_01113,Aarav,Joshi,user1113@email.com,+91-9995327336,Bengaluru,2020-10-05 00:00:00,Basic,32.0,Aarav Joshi,2023
CUST_01114,Sanjay,Gupta,user1114@email.com,+91-8760071619,Delhi,2020-10-05 06:00:00,Basic,25.0,Sanjay Gupta,2023
CUST_01115,Arjun,Gupta,user1115@email.com,+91-7952677062,Hyderabad,2020-10-05 12:00:00,Basic,49.0,Arjun Gupta,2023
CUST_01116,Rahul,Nair,user1116@email.com,+91-9006061752,Chennai,2020-10-05 18:00:00,Basic,55.0,Rahul Nair,2022
CUST_01117,Meera,Joshi,user1117@email.com,+91-8758697298,Kolkata,2020-10-06 00:00:00,Standard,43.0,Meera Joshi,2022
CUST_01118,Arjun,Mehta,user1118@email.com,+91-8505435970,Chennai,2020-10-06 06:00:00,Premium,47.0,Arjun Mehta,2022
CUST_01119,Meera,Mehta,user1119@email.com,+91-8920752873,Ahmedabad,2020-10-06 12:00:00,Basic,26.0,Meera Mehta,2022
CUST_01120,Anjali,Mehta,user1120@email.com,+91-7376530370,Bengaluru,2020-10-06 18:00:00,Basic,49.0,Anjali Mehta,2021
CUST_01121,Sanjay,Sharma,user1121@email.com,+91-8257644638,Kolkata,2020-10-07 00:00:00,Standard,28.0,Sanjay Sharma,2021
CUST_01122,Vikram,Sharma,user1122@email.com,+91-8497458039,Kolkata,2020-10-07 06:00:00,Basic,39.0,Vikram Sharma,2021
CUST_01123,Rahul,Mehta,user1123@email.com,+91-9610001354,Chennai,2020-10-07 12:00:00,Standard,51.0,Rahul Mehta,2021
CUST_01124,Rahul,Gupta,user1124@email.com,+91-8233853593,Delhi,2020-10-07 18:00:00,Standard,58.0,Rahul Gupta,2020
CUST_01125,Aarav,Joshi,user1125@email.com,+91-8893921019,Bengaluru,2020-10-08 00:00:00,Basic,35.0,Aarav Joshi,2020
CUST_01126,Meera,Patel,user1126@email.com,+91-7571041828,Delhi,2020-10-08 06:00:00,Basic,36.0,Meera Patel,2020
CUST_01127,Priya,Joshi,user1127@email.com,+91-8752193491,Bengaluru,2020-10-08 12:00:00,Standard,35.0,Priya Joshi,2020
CUST_01128,Rahul,Mehta,user1128@email.com,+91-8347189532,Chennai,2020-10-08 18:00:00,Premium,54.0,Rahul Mehta,2019
CUST_01129,Meera,Joshi,user1129@email.com,+91-9954201650,Bengaluru,2020-10-09 00:00:00,Standard,35.0,Meera Joshi,2019
CUST_01130,Meera,Kumar,user1130@email.com,+91-7653564844,Mumbai,2020-10-09 06:00:00,Basic,29.0,Meera Kumar,2019
CUST_01131,Neha,Sharma,user1131@email.com,+91-7157403133,Kolkata,2020-10-09 12:00:00,Standard,21.0,Neha Sharma,2019
CUST_01132,Neha,Sharma,user1132@email.com,+91-8253931998,Hyderabad,2020-10-09 18:00:00,Basic,64.0,Neha Sharma,2018
CUST_01133,Vikram,Gupta,user1133@email.com,+91-9641537828,Chennai,2020-10-10 00:00:00,Basic,60.0,Vikram Gupta,2018
CUST_01134,Anjali,Patel,user1134@email.com,+91-8949521657,Pune,2020-10-10 06:00:00,Basic,44.0,Anjali Patel,2018
CUST_01135,Vikram,Mehta,user1135@email.com,+91-7020814286,Hyderabad,2020-10-10 12:00:00,Standard,68.0,Vikram Mehta,2018
CUST_01136,Arjun,Shah,user1136@email.com,+91-8249187629,Chennai,2020-10-10 18:00:00,Basic,22.0,Arjun Shah,2017
CUST_01137,Priya,Gupta,user1137@email.com,+91-9473779958,Hyderabad,2020-10-11 00:00:00,Standard,23.0,Priya Gupta,2017
CUST_01138,Arjun,Gupta,user1138@email.com,+91-9431522564,Mumbai,2020-10-11 06:00:00,Premium,30.0,Arjun Gupta,2017
CUST_01139,Pooja,Patel,user1139@email.com,+91-8717010599,Hyderabad,2020-10-11 12:00:00,Premium,40.0,Pooja Patel,2017
CUST_01140,Arjun,Reddy,user1140@email.com,+91-8989225236,Bengaluru,2020-10-11 18:00:00,Standard,59.0,Arjun Reddy,2016
CUST_01141,Aarav,Mehta,user1141@email.com,+91-9308754720,Ahmedabad,2020-10-12 00:00:00,Basic,42.0,Aarav Mehta,2016
CUST_01142,Arjun,Shah,user1142@email.com,+91-7973972406,Hyderabad,2020-10-12 06:00:00,Standard,63.0,Arjun Shah,2016
CUST_01143,Vikram,Sharma,user1143@email.com,+91-8185159878,Chennai,2020-10-12 12:00:00,Standard,21.0,Vikram Sharma,2016
CUST_01144,Rahul,Patel,user1144@email.com,+91-8779160896,Pune,2020-10-12 18:00:00,Standard,69.0,Rahul Patel,2015
CUST_01145,Rahul,Shah,user1145@email.com,+91-7601193154,Pune,2020-10-13 00:00:00,Premium,49.0,Rahul Shah,2015
CUST_01146,Neha,Kumar,user1146@email.com,+91-9674660476,Ahmedabad,2020-10-13 06:00:00,Basic,61.0,Neha Kumar,2015
CUST_01147,Priya,Gupta,user1147@email.com,+91-7776558662,Delhi,2020-10-13 12:00:00,Standard,32.0,Priya Gupta,2015
CUST_01148,Priya,Patel,user1148@email.com,+91-9672119742,Ahmedabad,2020-10-13 18:00:00,Premium,43.0,Priya Patel,2014
CUST_01149,Aarav,Sharma,user1149@email.com,+91-8397027566,Kolkata,2020-10-14 00:00:00,Basic,59.0,Aarav Sharma,2014
CUST_01150,Vikram,Joshi,user1150@email.com,+91-9210930472,Hyderabad,2020-10-14 06:00:00,Premium,28.0,Vikram Joshi,2014
CUST_01151,Neha,Sharma,user1151@email.com,+91-8085996025,Pune,2020-10-14 12:00:00,Standard,26.0,Neha Sharma,2014
CUST_01152,Pooja,Kumar,user1152@email.com,+91-7963910247,Ahmedabad,2020-10-14 18:00:00,Standard,28.0,Pooja Kumar,2013
CUST_01153,Priya,Patel,user1153@email.com,+91-7256709884,Hyderabad,2020-10-15 00:00:00,Premium,19.0,Priya Patel,2013
CUST_01154,Rahul,Kumar,user1154@email.com,+91-9710031022,Kolkata,2020-10-15 06:00:00,Premium,62.0,Rahul Kumar,2013
CUST_01155,Arjun,Mehta,user1155@email.com,+91-7145498017,Pune,2020-10-15 12:00:00,Premium,44.0,Arjun Mehta,2013
CUST_01156,Arjun,Mehta,user1156@email.com,+91-9715915630,Kolkata,2020-10-15 18:00:00,Premium,43.0,Arjun Mehta,2012
CUST_01157,Neha,Joshi,user1157@email.com,+91-9401255642,Hyderabad,2020-10-16 00:00:00,Basic,25.0,Neha Joshi,2012
CUST_01158,Vikram,Gupta,user1158@email.com,+91-9081289861,Chennai,2020-10-16 06:00:00,Standard,38.0,Vikram Gupta,2012
CUST_01159,Vikram,Reddy,user1159@email.com,+91-9314659919,Hyderabad,2020-10-16 12:00:00,Standard,38.0,Vikram Reddy,2012
CUST_01160,Anjali,Singh,user1160@email.com,+91-7572132079,Ahmedabad,2020-10-16 18:00:00,Standard,25.0,Anjali Singh,2011
CUST_01161,Sanjay,Shah,user1161@email.com,+91-9633369718,Kolkata,2020-10-17 00:00:00,Basic,18.0,Sanjay Shah,2011
CUST_01162,Priya,Kumar,user1162@email.com,+91-9729082830,Chennai,2020-10-17 06:00:00,Basic,55.0,Priya Kumar,2011
CUST_01163,Vikram,Shah,user1163@email.com,+91-9516439052,Chennai,2020-10-17 12:00:00,Basic,30.0,Vikram Shah,2011
CUST_01164,Rahul,Joshi,user1164@email.com,+91-9596632407,Delhi,2020-10-17 18:00:00,Basic,26.0,Rahul Joshi,2010
CUST_01165,Neha,Shah,user1165@email.com,+91-8934968726,Pune,2020-10-18 00:00:00,Standard,45.0,Neha Shah,2010
CUST_01166,Pooja,Shah,user1166@email.com,+91-8531205051,Bengaluru,2020-10-18 06:00:00,Standard,23.0,Pooja Shah,2010
CUST_01167,Anjali,Sharma,user1167@email.com,+91-9553333164,Chennai,2020-10-18 12:00:00,Basic,64.0,Anjali Sharma,2010
CUST_01168,Meera,Patel,user1168@email.com,+91-7003785609,Kolkata,2020-10-18 18:00:00,Basic,40.0,Meera Patel,2009
CUST_01169,Aarav,Gupta,user1169@email.com,+91-9291615967,Pune,2020-10-19 00:00:00,Standard,65.0,Aarav Gupta,2009
CUST_01170,Pooja,Singh,user1170@email.com,+91-9778406578,Mumbai,2020-10-19 06:00:00,Standard,53.0,Pooja Singh,2009
CUST_01171,Meera,Patel,user1171@email.com,+91-9597580746,Hyderabad,2020-10-19 12:00:00,Standard,34.0,Meera Patel,2009
CUST_01172,Arjun,Sharma,user1172@email.com,+91-7475567799,Ahmedabad,2020-10-19 18:00:00,Basic,26.0,Arjun Sharma,2008
CUST_01173,Aarav,Shah,user1173@email.com,+91-7352666971,Kolkata,2020-10-20 00:00:00,Standard,29.0,Aarav Shah,2008
CUST_01174,Priya,Singh,user1174@email.com,+91-9036470521,Mumbai,2020-10-20 06:00:00,Basic,39.0,Priya Singh,2008
CUST_01175,Rahul,Sharma,user1175@email.com,+91-7570908341,Kolkata,2020-10-20 12:00:00,Standard,68.0,Rahul Sharma,2008
CUST_01176,Aarav,Sharma,user1176@email.com,+91-8696085323,Hyderabad,2020-10-20 18:00:00,Premium,69.0,Aarav Sharma,2007
CUST_01177,Sanjay,Sharma,user1177@email.com,+91-9516393427,Delhi,2020-10-21 00:00:00,Standard,29.0,Sanjay Sharma,2007
CUST_01178,Meera,Mehta,user1178@email.com,+91-9998515988,Kolkata,2020-10-21 06:00:00,Standard,23.0,Meera Mehta,2007
CUST_01179,Priya,Singh,user1179@email.com,+91-9950582073,Chennai,2020-10-21 12:00:00,Premium,61.0,Priya Singh,2007
CUST_01180,Sanjay,Sharma,user1180@email.com,+91-7142141809,Bengaluru,2020-10-21 18:00:00,Basic,26.0,Sanjay Sharma,2006
CUST_01181,Arjun,Reddy,user1181@email.com,+91-8939101728,Chennai,2020-10-22 00:00:00,Standard,69.0,Arjun Reddy,2006
CUST_01182,Sanjay,Shah,user1182@email.com,+91-8981651951,Hyderabad,2020-10-22 06:00:00,Standard,54.0,Sanjay Shah,2006
CUST_01183,Anjali,Singh,user1183@email.com,+91-8496027607,Kolkata,2020-10-22 12:00:00,Premium,44.0,Anjali Singh,2006
CUST_01184,Anjali,Mehta,user1184@email.com,+91-8328467913,Bengaluru,2020-10-22 18:00:00,Premium,20.0,Anjali Mehta,2005
CUST_01185,Neha,Kumar,user1185@email.com,+91-9691204669,Chennai,2020-10-23 00:00:00,Basic,51.0,Neha Kumar,2005
CUST_01186,Pooja,Kumar,user1186@email.com,+91-7481137519,Bengaluru,2020-10-23 06:00:00,Basic,25.0,Pooja Kumar,2005
CUST_01187,Pooja,Gupta,user1187@email.com,+91-8795884394,Ahmedabad,2020-10-23 12:00:00,Standard,27.0,Pooja Gupta,2005
CUST_01188,Priya,Nair,user1188@email.com,+91-7462283652,Hyderabad,2020-10-23 18:00:00,Standard,64.0,Priya Nair,2004
CUST_01189,Arjun,Reddy,user1189@email.com,+91-7971882266,Delhi,2020-10-24 00:00:00,Standard,58.0,Arjun Reddy,2004
CUST_01190,Vikram,Kumar,user1190@email.com,+91-9391553098,Delhi,2020-10-24 06:00:00,Standard,59.0,Vikram Kumar,2004
CUST_01191,Anjali,Mehta,user1191@email.com,+91-9272250612,Kolkata,2020-10-24 12:00:00,Basic,60.0,Anjali Mehta,2004
CUST_01192,Priya,Nair,user1192@email.com,+91-9165527159,Chennai,2020-10-24 18:00:00,Standard,26.0,Priya Nair,2003
CUST_01193,Vikram,Sharma,user1193@email.com,+91-9778695134,Mumbai,2020-10-25 00:00:00,Basic,31.0,Vikram Sharma,2003
CUST_01194,Pooja,Sharma,user1194@email.com,+91-8360465050,Hyderabad,2020-10-25 06:00:00,Basic,54.0,Pooja Sharma,2003
CUST_01195,Neha,Joshi,user1195@email.com,+91-7382510474,Chennai,2020-10-25 12:00:00,Basic,44.0,Neha Joshi,2003
CUST_01196,Sanjay,Shah,user1196@email.com,+91-8757215702,Chennai,2020-10-25 18:00:00,Standard,58.0,Sanjay Shah,2002
CUST_01197,Anjali,Nair,user1197@email.com,+91-9700164262,Delhi,2020-10-26 00:00:00,Standard,49.0,Anjali Nair,2002
CUST_01198,Priya,Shah,user1198@email.com,+91-7476178241,Kolkata,2020-10-26 06:00:00,Basic,21.0,Priya Shah,2002
CUST_01199,Aarav,Mehta,user1199@email.com,+91-7599824198,Bengaluru,2020-10-26 12:00:00,Basic,19.0,Aarav Mehta,2002
CUST_01200,Vikram,Reddy,user1200@email.com,+91-7132159714,Hyderabad,2020-10-26 18:00:00,Premium,68.0,Vikram Reddy,2001
CUST_01201,Sanjay,Nair,user1201@email.com,+91-7990591401,Ahmedabad,2020-10-27 00:00:00,Standard,50.0,Sanjay Nair,2001
CUST_01202,Anjali,Kumar,user1202@email.com,+91-7205031720,Bengaluru,2020-10-27 06:00:00,Premium,38.0,Anjali Kumar,2001
CUST_01203,Pooja,Reddy,user1203@email.com,+91-9304758990,Pune,2020-10-27 12:00:00,Standard,18.0,Pooja Reddy,2001
CUST_01204,Arjun,Joshi,user1204@email.com,+91-9863293566,Pune,2020-10-27 18:00:00,Basic,61.0,Arjun Joshi,2000
CUST_01205,Vikram,Shah,user1205@email.com,+91-7306707288,Hyderabad,2020-10-28 00:00:00,Premium,28.0,Vikram Shah,2000
CUST_01206,Pooja,Shah,user1206@email.com,+91-7372774101,Kolkata,2020-10-28 06:00:00,Standard,18.0,Pooja Shah,2000
CUST_01207,Anjali,Reddy,user1207@email.com,+91-9207595644,Mumbai,2020-10-28 12:00:00,Standard,63.0,Anjali Reddy,2000
CUST_01208,Vikram,Sharma,user1208@email.com,+91-7407412838,Pune,2020-10-28 18:00:00,Basic,28.0,Vikram Sharma,1999
CUST_01209,Sanjay,Shah,user1209@email.com,+91-9626634262,Delhi,2020-10-29 00:00:00,Standard,24.0,Sanjay Shah,1999
CUST_01210,Anjali,Joshi,user1210@email.com,+91-9065995198,Mumbai,2020-10-29 06:00:00,Standard,19.0,Anjali Joshi,1999
CUST_01211,Meera,Kumar,user1211@email.com,+91-7437323029,Chennai,2020-10-29 12:00:00,Premium,32.0,Meera Kumar,1999
CUST_01212,Priya,Singh,user1212@email.com,+91-8111142682,Pune,2020-10-29 18:00:00,Standard,25.0,Priya Singh,1998
CUST_01213,Sanjay,Kumar,user1213@email.com,+91-9057227071,Delhi,2020-10-30 00:00:00,Standard,69.0,Sanjay Kumar,1998
CUST_01214,Vikram,Kumar,user1214@email.com,+91-7973276583,Chennai,2020-10-30 06:00:00,Standard,64.0,Vikram Kumar,1998
CUST_01215,Arjun,Shah,user1215@email.com,+91-9858781059,Mumbai,2020-10-30 12:00:00,Basic,43.0,Arjun Shah,1998
CUST_01216,Pooja,Patel,user1216@email.com,+91-7688898757,Hyderabad,2020-10-30 18:00:00,Standard,57.0,Pooja Patel,1997
CUST_01217,Aarav,Sharma,user1217@email.com,+91-8069643866,Chennai,2020-10-31 00:00:00,Premium,59.0,Aarav Sharma,1997
CUST_01218,Pooja,Shah,user1218@email.com,+91-9225810811,Bengaluru,2020-10-31 06:00:00,Basic,68.0,Pooja Shah,1997
CUST_01219,Vikram,Sharma,user1219@email.com,+91-7152356254,Hyderabad,2020-10-31 12:00:00,Standard,52.0,Vikram Sharma,1997
CUST_01220,Pooja,Mehta,user1220@email.com,+91-9762869447,Hyderabad,2020-10-31 18:00:00,Basic,69.0,Pooja Mehta,1996
CUST_01221,Priya,Patel,user1221@email.com,+91-9100608490,Mumbai,2020-11-01 00:00:00,Standard,63.0,Priya Patel,1996
CUST_01222,Anjali,Shah,user1222@email.com,+91-9649241911,Mumbai,2020-11-01 06:00:00,Standard,58.0,Anjali Shah,1996
CUST_01223,Aarav,Gupta,user1223@email.com,+91-9731354177,Delhi,2020-11-01 12:00:00,Basic,58.0,Aarav Gupta,1996
CUST_01224,Rahul,Kumar,user1224@email.com,+91-8053216529,Delhi,2020-11-01 18:00:00,Basic,38.0,Rahul Kumar,1995
CUST_01225,Vikram,Mehta,user1225@email.com,+91-7792007979,Bengaluru,2020-11-02 00:00:00,Standard,55.0,Vikram Mehta,1995
CUST_01226,Neha,Patel,user1226@email.com,+91-7434309965,Hyderabad,2020-11-02 06:00:00,Standard,25.0,Neha Patel,1995
CUST_01227,Rahul,Shah,user1227@email.com,+91-7413290671,Ahmedabad,2020-11-02 12:00:00,Standard,60.0,Rahul Shah,1995
CUST_01228,Pooja,Joshi,user1228@email.com,+91-9732080531,Kolkata,2020-11-02 18:00:00,Basic,49.0,Pooja Joshi,1994
CUST_01229,Vikram,Reddy,user1229@email.com,+91-8524143091,Bengaluru,2020-11-03 00:00:00,Basic,25.0,Vikram Reddy,1994
CUST_01230,Meera,Reddy,user1230@email.com,+91-9895684532,Bengaluru,2020-11-03 06:00:00,Premium,61.0,Meera Reddy,1994
CUST_01231,Neha,Sharma,user1231@email.com,+91-8876748121,Kolkata,2020-11-03 12:00:00,Premium,27.0,Neha Sharma,1994
CUST_01232,Aarav,Patel,user1232@email.com,+91-7830796571,Kolkata,2020-11-03 18:00:00,Standard,40.0,Aarav Patel,1993
CUST_01233,Arjun,Kumar,user1233@email.com,+91-7175483104,Kolkata,2020-11-04 00:00:00,Premium,21.0,Arjun Kumar,1993
CUST_01234,Meera,Kumar,user1234@email.com,+91-9121351731,Mumbai,2020-11-04 06:00:00,Standard,65.0,Meera Kumar,1993
CUST_01235,Rahul,Singh,user1235@email.com,+91-7170973062,Bengaluru,2020-11-04 12:00:00,Premium,69.0,Rahul Singh,1993
CUST_01236,Anjali,Reddy,user1236@email.com,+91-8352081044,Bengaluru,2020-11-04 18:00:00,Basic,55.0,Anjali Reddy,1992
CUST_01237,Priya,Mehta,user1237@email.com,+91-9766239908,Chennai,2020-11-05 00:00:00,Basic,47.0,Priya Mehta,1992
CUST_01238,Arjun,Patel,user1238@email.com,+91-7672393692,Kolkata,2020-11-05 06:00:00,Standard,58.0,Arjun Patel,1992
CUST_01239,Meera,Kumar,user1239@email.com,+91-7975254930,Kolkata,2020-11-05 12:00:00,Standard,40.0,Meera Kumar,1992
CUST_01240,Anjali,Singh,user1240@email.com,+91-8731217072,Delhi,2020-11-05 18:00:00,Standard,22.0,Anjali Singh,1991
CUST_01241,Anjali,Patel,user1241@email.com,+91-8939720267,Delhi,2020-11-06 00:00:00,Basic,38.0,Anjali Patel,1991
CUST_01242,Vikram,Nair,user1242@email.com,+91-9953931756,Hyderabad,2020-11-06 06:00:00,Premium,23.0,Vikram Nair,1991
CUST_01243,Meera,Kumar,user1243@email.com,+91-9403174048,Delhi,2020-11-06 12:00:00,Basic,66.0,Meera Kumar,1991
CUST_01244,Aarav,Nair,user1244@email.com,+91-7391677403,Pune,2020-11-06 18:00:00,Standard,34.0,Aarav Nair,1990
CUST_01245,Pooja,Patel,user1245@email.com,+91-8047114249,Hyderabad,2020-11-07 00:00:00,Standard,42.0,Pooja Patel,1990
CUST_01246,Neha,Kumar,user1246@email.com,+91-8854733895,Ahmedabad,2020-11-07 06:00:00,Standard,41.0,Neha Kumar,1990
CUST_01247,Neha,Nair,user1247@email.com,+91-8853307520,Kolkata,2020-11-07 12:00:00,Premium,39.0,Neha Nair,1990
CUST_01248,Rahul,Gupta,user1248@email.com,+91-8813881093,Chennai,2020-11-07 18:00:00,Basic,30.0,Rahul Gupta,1989
CUST_01249,Rahul,Singh,user1249@email.com,+91-8974274403,Delhi,2020-11-08 00:00:00,Standard,34.0,Rahul Singh,1989
CUST_01250,Neha,Mehta,user1250@email.com,+91-9480286808,Chennai,2020-11-08 06:00:00,Standard,31.0,Neha Mehta,1989
CUST_01251,Aarav,Reddy,user1251@email.com,+91-7266160258,Delhi,2020-11-08 12:00:00,Premium,51.0,Aarav Reddy,1989
CUST_01252,Priya,Singh,user1252@email.com,+91-7710554915,Delhi,2020-11-08 18:00:00,Basic,43.0,Priya Singh,1988
CUST_01253,Sanjay,Nair,user1253@email.com,+91-9364133364,Chennai,2020-11-09 00:00:00,Standard,36.0,Sanjay Nair,1988
CUST_01254,Pooja,Kumar,user1254@email.com,+91-9328040691,Bengaluru,2020-11-09 06:00:00,Standard,43.0,Pooja Kumar,1988
CUST_01255,Priya,Gupta,user1255@email.com,+91-7377478608,Bengaluru,2020-11-09 12:00:00,Standard,20.0,Priya Gupta,1988
CUST_01256,Vikram,Gupta,user1256@email.com,+91-7327324231,Bengaluru,2020-11-09 18:00:00,Standard,19.0,Vikram Gupta,1987
CUST_01257,Sanjay,Reddy,user1257@email.com,+91-7717031801,Pune,2020-11-10 00:00:00,Premium,45.0,Sanjay Reddy,1987
CUST_01258,Sanjay,Gupta,user1258@email.com,+91-9475036421,Bengaluru,2020-11-10 06:00:00,Basic,19.0,Sanjay Gupta,1987
CUST_01259,Meera,Singh,user1259@email.com,+91-9619796076,Delhi,2020-11-10 12:00:00,Premium,39.0,Meera Singh,1987
CUST_01260,Aarav,Shah,user1260@email.com,+91-7229214339,Kolkata,2020-11-10 18:00:00,Premium,24.0,Aarav Shah,1986
CUST_01261,Aarav,Gupta,user1261@email.com,+91-7324821978,Mumbai,2020-11-11 00:00:00,Basic,21.0,Aarav Gupta,1986
CUST_01262,Sanjay,Reddy,user1262@email.com,+91-7700574805,Chennai,2020-11-11 06:00:00,Standard,66.0,Sanjay Reddy,1986
CUST_01263,Meera,Gupta,user1263@email.com,+91-9982171477,Kolkata,2020-11-11 12:00:00,Standard,55.0,Meera Gupta,1986
CUST_01264,Pooja,Gupta,user1264@email.com,+91-7645947363,Mumbai,2020-11-11 18:00:00,Standard,56.0,Pooja Gupta,1985
CUST_01265,Sanjay,Joshi,user1265@email.com,+91-8030280235,Kolkata,2020-11-12 00:00:00,Standard,37.0,Sanjay Joshi,1985
CUST_01266,Arjun,Singh,user1266@email.com,+91-9519660435,Pune,2020-11-12 06:00:00,Basic,23.0,Arjun Singh,1985
CUST_01267,Rahul,Nair,user1267@email.com,+91-8006710305,Mumbai,2020-11-12 12:00:00,Basic,26.0,Rahul Nair,1985
CUST_01268,Rahul,Sharma,user1268@email.com,+91-8381812439,Ahmedabad,2020-11-12 18:00:00,Basic,69.0,Rahul Sharma,1984
CUST_01269,Priya,Shah,user1269@email.com,+91-7739766686,Hyderabad,2020-11-13 00:00:00,Basic,48.0,Priya Shah,1984
CUST_01270,Vikram,Gupta,user1270@email.com,+91-8244063881,Bengaluru,2020-11-13 06:00:00,Standard,43.0,Vikram Gupta,1984
CUST_01271,Rahul,Mehta,user1271@email.com,+91-8731830593,Ahmedabad,2020-11-13 12:00:00,Standard,53.0,Rahul Mehta,1984
CUST_01272,Anjali,Gupta,user1272@email.com,+91-7366615120,Pune,2020-11-13 18:00:00,Standard,43.0,Anjali Gupta,1983
CUST_01273,Priya,Joshi,user1273@email.com,+91-7069347143,Kolkata,2020-11-14 00:00:00,Standard,45.0,Priya Joshi,1983
CUST_01274,Rahul,Nair,user1274@email.com,+91-8782915393,Delhi,2020-11-14 06:00:00,Standard,22.0,Rahul Nair,1983
CUST_01275,Vikram,Mehta,user1275@email.com,+91-8140480359,Bengaluru,2020-11-14 12:00:00,Basic,68.0,Vikram Mehta,1983
CUST_01276,Aarav,Shah,user1276@email.com,+91-9032649008,Ahmedabad,2020-11-14 18:00:00,Premium,27.0,Aarav Shah,1982
CUST_01277,Aarav,Mehta,user1277@email.com,+91-7693777107,Bengaluru,2020-11-15 00:00:00,Premium,35.0,Aarav Mehta,1982
CUST_01278,Pooja,Singh,user1278@email.com,+91-7342708847,Mumbai,2020-11-15 06:00:00,Premium,32.0,Pooja Singh,1982
CUST_01279,Sanjay,Reddy,user1279@email.com,+91-9749532857,Hyderabad,2020-11-15 12:00:00,Standard,50.0,Sanjay Reddy,1982
CUST_01280,Arjun,Reddy,user1280@email.com,+91-9894843901,Bengaluru,2020-11-15 18:00:00,Premium,22.0,Arjun Reddy,1981
CUST_01281,Aarav,Shah,user1281@email.com,+91-7610717580,Kolkata,2020-11-16 00:00:00,Standard,54.0,Aarav Shah,1981
CUST_01282,Meera,Nair,user1282@email.com,+91-7695507599,Kolkata,2020-11-16 06:00:00,Basic,57.0,Meera Nair,1981
CUST_01283,Rahul,Reddy,user1283@email.com,+91-9378552344,Chennai,2020-11-16 12:00:00,Basic,39.0,Rahul Reddy,1981
CUST_01284,Meera,Patel,user1284@email.com,+91-7380797983,Chennai,2020-11-16 18:00:00,Standard,39.0,Meera Patel,1980
CUST_01285,Vikram,Joshi,user1285@email.com,+91-7989308714,Bengaluru,2020-11-17 00:00:00,Standard,39.0,Vikram Joshi,1980
CUST_01286,Aarav,Shah,user1286@email.com,+91-7713351318,Mumbai,2020-11-17 06:00:00,Standard,69.0,Aarav Shah,1980
CUST_01287,Arjun,Shah,user1287@email.com,+91-9962055851,Mumbai,2020-11-17 12:00:00,Basic,32.0,Arjun Shah,1980
CUST_01288,Vikram,Sharma,user1288@email.com,+91-9904297841,Delhi,2020-11-17 18:00:00,Basic,34.0,Vikram Sharma,1979
CUST_01289,Anjali,Sharma,user1289@email.com,+91-8511445550,Pune,2020-11-18 00:00:00,Basic,68.0,Anjali Sharma,1979
CUST_01290,Anjali,Singh,user1290@email.com,+91-9763345766,Pune,2020-11-18 06:00:00,Standard,62.0,Anjali Singh,1979
CUST_01291,Meera,Singh,user1291@email.com,+91-8331509426,Ahmedabad,2020-11-18 12:00:00,Basic,45.0,Meera Singh,1979
CUST_01292,Sanjay,Sharma,user1292@email.com,+91-7004757666,Pune,2020-11-18 18:00:00,Premium,39.0,Sanjay Sharma,1978
CUST_01293,Priya,Reddy,user1293@email.com,+91-8442735533,Hyderabad,2020-11-19 00:00:00,Standard,38.0,Priya Reddy,1978
CUST_01294,Sanjay,Kumar,user1294@email.com,+91-7830600789,Mumbai,2020-11-19 06:00:00,Standard,59.0,Sanjay Kumar,1978
CUST_01295,Pooja,Shah,user1295@email.com,+91-8988395522,Delhi,2020-11-19 12:00:00,Standard,34.0,Pooja Shah,1978
CUST_01296,Sanjay,Patel,user1296@email.com,+91-8080088549,Chennai,2020-11-19 18:00:00,Basic,22.0,Sanjay Patel,1977
CUST_01297,Pooja,Shah,user1297@email.com,+91-8356536405,Kolkata,2020-11-20 00:00:00,Standard,35.0,Pooja Shah,1977
CUST_01298,Pooja,Gupta,user1298@email.com,+91-8856203834,Pune,2020-11-20 06:00:00,Premium,34.0,Pooja Gupta,1977
CUST_01299,Arjun,Nair,user1299@email.com,+91-8091582521,Chennai,2020-11-20 12:00:00,Premium,21.0,Arjun Nair,1977
CUST_01300,Aarav,Joshi,user1300@email.com,+91-8959614467,Chennai,2020-11-20 18:00:00,Premium,24.0,Aarav Joshi,1976
CUST_01301,Arjun,Kumar,user1301@email.com,+91-9298654328,Bengaluru,2020-11-21 00:00:00,Premium,42.0,Arjun Kumar,1976
CUST_01302,Pooja,Patel,user1302@email.com,+91-9349530105,Hyderabad,2020-11-21 06:00:00,Premium,54.0,Pooja Patel,1976
CUST_01303,Vikram,Gupta,user1303@email.com,+91-8814767262,Delhi,2020-11-21 12:00:00,Standard,57.0,Vikram Gupta,1976
CUST_01304,Anjali,Singh,user1304@email.com,+91-7333283124,Hyderabad,2020-11-21 18:00:00,Standard,57.0,Anjali Singh,1975
CUST_01305,Pooja,Patel,user1305@email.com,+91-8703937762,Bengaluru,2020-11-22 00:00:00,Standard,60.0,Pooja Patel,1975
CUST_01306,Arjun,Sharma,user1306@email.com,+91-7114062772,Delhi,2020-11-22 06:00:00,Standard,26.0,Arjun Sharma,1975
CUST_01307,Vikram,Shah,user1307@email.com,+91-7846567246,Delhi,2020-11-22 12:00:00,Premium,36.0,Vikram Shah,1975
CUST_01308,Arjun,Patel,user1308@email.com,+91-7436993371,Mumbai,2020-11-22 18:00:00,Standard,68.0,Arjun Patel,1974
CUST_01309,Sanjay,Nair,user1309@email.com,+91-8657496886,Hyderabad,2020-11-23 00:00:00,Basic,26.0,Sanjay Nair,1974
CUST_01310,Rahul,Mehta,user1310@email.com,+91-7699951379,Hyderabad,2020-11-23 06:00:00,Basic,40.0,Rahul Mehta,1974
CUST_01311,Meera,Singh,user1311@email.com,+91-8660437255,Mumbai,2020-11-23 12:00:00,Standard,48.0,Meera Singh,1974
CUST_01312,Priya,Joshi,user1312@email.com,+91-7074290718,Ahmedabad,2020-11-23 18:00:00,Standard,49.0,Priya Joshi,1973
CUST_01313,Arjun,Joshi,user1313@email.com,+91-9369918597,Chennai,2020-11-24 00:00:00,Basic,69.0,Arjun Joshi,1973
CUST_01314,Priya,Patel,user1314@email.com,+91-8107274612,Bengaluru,2020-11-24 06:00:00,Basic,48.0,Priya Patel,1973
CUST_01315,Neha,Mehta,user1315@email.com,+91-8330509257,Hyderabad,2020-11-24 12:00:00,Basic,34.0,Neha Mehta,1973
CUST_01316,Arjun,Shah,user1316@email.com,+91-8646001301,Mumbai,2020-11-24 18:00:00,Basic,65.0,Arjun Shah,1972
CUST_01317,Rahul,Gupta,user1317@email.com,+91-9478442073,Kolkata,2020-11-25 00:00:00,Basic,56.0,Rahul Gupta,1972
CUST_01318,Priya,Kumar,user1318@email.com,+91-8401894602,Ahmedabad,2020-11-25 06:00:00,Standard,39.0,Priya Kumar,1972
CUST_01319,Pooja,Shah,user1319@email.com,+91-7113132354,Delhi,2020-11-25 12:00:00,Standard,52.0,Pooja Shah,1972
CUST_01320,Arjun,Gupta,user1320@email.com,+91-7363164329,Pune,2020-11-25 18:00:00,Basic,47.0,Arjun Gupta,1971
CUST_01321,Aarav,Kumar,user1321@email.com,+91-7431857335,Kolkata,2020-11-26 00:00:00,Basic,44.0,Aarav Kumar,1971
CUST_01322,Meera,Mehta,user1322@email.com,+91-7555714850,Mumbai,2020-11-26 06:00:00,Premium,68.0,Meera Mehta,1971
CUST_01323,Rahul,Kumar,user1323@email.com,+91-8527927533,Pune,2020-11-26 12:00:00,Standard,57.0,Rahul Kumar,1971
CUST_01324,Priya,Shah,user1324@email.com,+91-9132371136,Chennai,2020-11-26 18:00:00,Premium,54.0,Priya Shah,1970
CUST_01325,Rahul,Nair,user1325@email.com,+91-8591776367,Bengaluru,2020-11-27 00:00:00,Standard,43.0,Rahul Nair,1970
CUST_01326,Vikram,Patel,user1326@email.com,+91-8512325955,Pune,2020-11-27 06:00:00,Basic,23.0,Vikram Patel,1970
CUST_01327,Meera,Gupta,user1327@email.com,+91-8289486425,Ahmedabad,2020-11-27 12:00:00,Standard,51.0,Meera Gupta,1970
CUST_01328,Pooja,Nair,user1328@email.com,+91-9830306587,Chennai,2020-11-27 18:00:00,Standard,49.0,Pooja Nair,1969
CUST_01329,Arjun,Gupta,user1329@email.com,+91-7504335605,Pune,2020-11-28 00:00:00,Premium,42.0,Arjun Gupta,1969
CUST_01330,Arjun,Patel,user1330@email.com,+91-8765708001,Delhi,2020-11-28 06:00:00,Standard,68.0,Arjun Patel,1969
CUST_01331,Arjun,Reddy,user1331@email.com,+91-7590213663,Delhi,2020-11-28 12:00:00,Premium,30.0,Arjun Reddy,1969
CUST_01332,Meera,Kumar,user1332@email.com,+91-9512191203,Ahmedabad,2020-11-28 18:00:00,Standard,55.0,Meera Kumar,1968
CUST_01333,Aarav,Mehta,user1333@email.com,+91-7147587820,Delhi,2020-11-29 00:00:00,Standard,55.0,Aarav Mehta,1968
CUST_01334,Neha,Reddy,user1334@email.com,+91-8900555200,Delhi,2020-11-29 06:00:00,Standard,19.0,Neha Reddy,1968
CUST_01335,Anjali,Reddy,user1335@email.com,+91-9795222637,Mumbai,2020-11-29 12:00:00,Standard,22.0,Anjali Reddy,1968
CUST_01336,Sanjay,Joshi,user1336@email.com,+91-7340477306,Delhi,2020-11-29 18:00:00,Premium,28.0,Sanjay Joshi,1967
CUST_01337,Priya,Sharma,user1337@email.com,+91-9322926790,Kolkata,2020-11-30 00:00:00,Basic,28.0,Priya Sharma,1967
CUST_01338,Aarav,Shah,user1338@email.com,+91-7094847016,Delhi,2020-11-30 06:00:00,Premium,41.0,Aarav Shah,1967
CUST_01339,Pooja,Nair,user1339@email.com,+91-8563055386,Kolkata,2020-11-30 12:00:00,Premium,31.0,Pooja Nair,1967
CUST_01340,Priya,Nair,user1340@email.com,+91-9445032085,Mumbai,2020-11-30 18:00:00,Premium,62.0,Priya Nair,1966
CUST_01341,Arjun,Nair,user1341@email.com,+91-8423528431,Delhi,2020-12-01 00:00:00,Standard,47.0,Arjun Nair,1966
CUST_01342,Rahul,Nair,user1342@email.com,+91-7089666809,Ahmedabad,2020-12-01 06:00:00,Basic,57.0,Rahul Nair,1966
CUST_01343,Pooja,Shah,user1343@email.com,+91-7174842565,Chennai,2020-12-01 12:00:00,Premium,64.0,Pooja Shah,1966
CUST_01344,Priya,Reddy,user1344@email.com,+91-9606065398,Ahmedabad,2020-12-01 18:00:00,Premium,61.0,Priya Reddy,1965
CUST_01345,Arjun,Shah,user1345@email.com,+91-8631442178,Chennai,2020-12-02 00:00:00,Standard,52.0,Arjun Shah,1965
CUST_01346,Priya,Nair,user1346@email.com,+91-9268652520,Hyderabad,2020-12-02 06:00:00,Standard,38.0,Priya Nair,1965
CUST_01347,Rahul,Sharma,user1347@email.com,+91-9355274052,Chennai,2020-12-02 12:00:00,Standard,22.0,Rahul Sharma,1965
CUST_01348,Arjun,Singh,user1348@email.com,+91-7193718395,Bengaluru,2020-12-02 18:00:00,Standard,55.0,Arjun Singh,1964
CUST_01349,Neha,Patel,user1349@email.com,+91-9119258870,Bengaluru,2020-12-03 00:00:00,Basic,19.0,Neha Patel,1964
CUST_01350,Aarav,Nair,user1350@email.com,+91-8452603535,Bengaluru,2020-12-03 06:00:00,Standard,57.0,Aarav Nair,1964
CUST_01351,Vikram,Mehta,user1351@email.com,+91-9137819462,Mumbai,2020-12-03 12:00:00,Basic,54.0,Vikram Mehta,1964
CUST_01352,Sanjay,Singh,user1352@email.com,+91-7951510331,Ahmedabad,2020-12-03 18:00:00,Basic,66.0,Sanjay Singh,1963
CUST_01353,Meera,Shah,user1353@email.com,+91-7516558732,Chennai,2020-12-04 00:00:00,Standard,51.0,Meera Shah,1963
CUST_01354,Sanjay,Mehta,user1354@email.com,+91-8737216158,Ahmedabad,2020-12-04 06:00:00,Basic,28.0,Sanjay Mehta,1963
CUST_01355,Pooja,Mehta,user1355@email.com,+91-9428941270,Kolkata,2020-12-04 12:00:00,Basic,53.0,Pooja Mehta,1963
CUST_01356,Sanjay,Gupta,user1356@email.com,+91-7279586118,Bengaluru,2020-12-04 18:00:00,Standard,28.0,Sanjay Gupta,1962
CUST_01357,Arjun,Mehta,user1357@email.com,+91-8058351148,Hyderabad,2020-12-05 00:00:00,Standard,26.0,Arjun Mehta,1962
CUST_01358,Neha,Nair,user1358@email.com,+91-8954956506,Mumbai,2020-12-05 06:00:00,Basic,23.0,Neha Nair,1962
CUST_01359,Vikram,Gupta,user1359@email.com,+91-9439489045,Hyderabad,2020-12-05 12:00:00,Premium,51.0,Vikram Gupta,1962
CUST_01360,Aarav,Joshi,user1360@email.com,+91-8915486038,Chennai,2020-12-05 18:00:00,Premium,64.0,Aarav Joshi,1961
CUST_01361,Aarav,Reddy,user1361@email.com,+91-7333992996,Delhi,2020-12-06 00:00:00,Standard,54.0,Aarav Reddy,1961
CUST_01362,Rahul,Mehta,user1362@email.com,+91-8641520148,Hyderabad,2020-12-06 06:00:00,Basic,49.0,Rahul Mehta,1961
CUST_01363,Meera,Sharma,user1363@email.com,+91-8046339722,Delhi,2020-12-06 12:00:00,Basic,29.0,Meera Sharma,1961
CUST_01364,Priya,Patel,user1364@email.com,+91-8843504715,Mumbai,2020-12-06 18:00:00,Basic,62.0,Priya Patel,1960
CUST_01365,Neha,Mehta,user1365@email.com,+91-9445666587,Hyderabad,2020-12-07 00:00:00,Standard,49.0,Neha Mehta,1960
CUST_01366,Priya,Joshi,user1366@email.com,+91-8746398928,Hyderabad,2020-12-07 06:00:00,Premium,34.0,Priya Joshi,1960
CUST_01367,Vikram,Kumar,user1367@email.com,+91-9869769635,Pune,2020-12-07 12:00:00,Standard,21.0,Vikram Kumar,1960
CUST_01368,Sanjay,Shah,user1368@email.com,+91-9160481938,Mumbai,2020-12-07 18:00:00,Basic,59.0,Sanjay Shah,1959
CUST_01369,Aarav,Shah,user1369@email.com,+91-7197576214,Mumbai,2020-12-08 00:00:00,Premium,50.0,Aarav Shah,1959
CUST_01370,Vikram,Joshi,user1370@email.com,+91-7352027436,Bengaluru,2020-12-08 06:00:00,Premium,60.0,Vikram Joshi,1959
CUST_01371,Sanjay,Kumar,user1371@email.com,+91-9742938476,Chennai,2020-12-08 12:00:00,Premium,65.0,Sanjay Kumar,1959
CUST_01372,Aarav,Shah,user1372@email.com,+91-7808657384,Hyderabad,2020-12-08 18:00:00,Standard,60.0,Aarav Shah,1958
CUST_01373,Sanjay,Shah,user1373@email.com,+91-7117546362,Ahmedabad,2020-12-09 00:00:00,Basic,26.0,Sanjay Shah,1958
CUST_01374,Meera,Shah,user1374@email.com,+91-7974759053,Hyderabad,2020-12-09 06:00:00,Basic,51.0,Meera Shah,1958
CUST_01375,Neha,Joshi,user1375@email.com,+91-7441317785,Kolkata,2020-12-09 12:00:00,Standard,56.0,Neha Joshi,1958
CUST_01376,Pooja,Reddy,user1376@email.com,+91-9493332947,Mumbai,2020-12-09 18:00:00,Premium,68.0,Pooja Reddy,1957
CUST_01377,Vikram,Patel,user1377@email.com,+91-9265581239,Ahmedabad,2020-12-10 00:00:00,Basic,47.0,Vikram Patel,1957
CUST_01378,Vikram,Joshi,user1378@email.com,+91-9620987008,Mumbai,2020-12-10 06:00:00,Basic,67.0,Vikram Joshi,1957
CUST_01379,Anjali,Kumar,user1379@email.com,+91-9364900918,Chennai,2020-12-10 12:00:00,Standard,37.0,Anjali Kumar,1957
CUST_01380,Arjun,Mehta,user1380@email.com,+91-9168933172,Mumbai,2020-12-10 18:00:00,Standard,56.0,Arjun Mehta,1956
CUST_01381,Meera,Reddy,user1381@email.com,+91-7536804575,Delhi,2020-12-11 00:00:00,Standard,40.0,Meera Reddy,1956
CUST_01382,Meera,Reddy,user1382@email.com,+91-9446137378,Delhi,2020-12-11 06:00:00,Basic,58.0,Meera Reddy,1956
CUST_01383,Priya,Mehta,user1383@email.com,+91-9150223140,Pune,2020-12-11 12:00:00,Basic,61.0,Priya Mehta,1956
CUST_01384,Sanjay,Sharma,user1384@email.com,+91-8695817100,Delhi,2020-12-11 18:00:00,Basic,52.0,Sanjay Sharma,1955
CUST_01385,Arjun,Gupta,user1385@email.com,+91-8936846319,Delhi,2020-12-12 00:00:00,Standard,40.0,Arjun Gupta,1955
CUST_01386,Neha,Patel,user1386@email.com,+91-7643854437,Chennai,2020-12-12 06:00:00,Premium,65.0,Neha Patel,1955
CUST_01387,Neha,Patel,user1387@email.com,+91-9759822311,Hyderabad,2020-12-12 12:00:00,Standard,56.0,Neha Patel,1955
CUST_01388,Meera,Sharma,user1388@email.com,+91-9533643286,Delhi,2020-12-12 18:00:00,Standard,40.0,Meera Sharma,1954
CUST_01389,Neha,Gupta,user1389@email.com,+91-8235020115,Ahmedabad,2020-12-13 00:00:00,Basic,54.0,Neha Gupta,1954
CUST_01390,Anjali,Patel,user1390@email.com,+91-7761378547,Pune,2020-12-13 06:00:00,Basic,40.0,Anjali Patel,1954
CUST_01391,Vikram,Kumar,user1391@email.com,+91-9654590883,Mumbai,2020-12-13 12:00:00,Basic,56.0,Vikram Kumar,1954
CUST_01392,Rahul,Singh,user1392@email.com,+91-7304413030,Delhi,2020-12-13 18:00:00,Premium,45.0,Rahul Singh,1953
CUST_01393,Pooja,Singh,user1393@email.com,+91-7781482448,Pune,2020-12-14 00:00:00,Basic,36.0,Pooja Singh,1953
CUST_01394,Priya,Patel,user1394@email.com,+91-7537180845,Chennai,2020-12-14 06:00:00,Basic,66.0,Priya Patel,1953
CUST_01395,Sanjay,Nair,user1395@email.com,+91-8140741879,Kolkata,2020-12-14 12:00:00,Basic,65.0,Sanjay Nair,1953
CUST_01396,Pooja,Patel,user1396@email.com,+91-7416626707,Kolkata,2020-12-14 18:00:00,Premium,47.0,Pooja Patel,1952
CUST_01397,Sanjay,Mehta,user1397@email.com,+91-8249322401,Kolkata,2020-12-15 00:00:00,Premium,38.0,Sanjay Mehta,1952
CUST_01398,Aarav,Mehta,user1398@email.com,+91-9226326296,Mumbai,2020-12-15 06:00:00,Premium,41.0,Aarav Mehta,1952
CUST_01399,Pooja,Gupta,user1399@email.com,+91-8225886422,Pune,2020-12-15 12:00:00,Basic,38.0,Pooja Gupta,1952
CUST_01400,Rahul,Shah,user1400@email.com,+91-7421491292,Delhi,2020-12-15 18:00:00,Basic,43.0,Rahul Shah,1951
CUST_01401,Meera,Reddy,user1401@email.com,+91-8695986159,Hyderabad,2020-12-16 00:00:00,Standard,68.0,Meera Reddy,1951
CUST_01402,Anjali,Kumar,user1402@email.com,+91-9852048237,Mumbai,2020-12-16 06:00:00,Standard,67.0,Anjali Kumar,1951
CUST_01403,Vikram,Sharma,user1403@email.com,+91-9618891582,Mumbai,2020-12-16 12:00:00,Standard,68.0,Vikram Sharma,1951
CUST_01404,Vikram,Patel,user1404@email.com,+91-8134723437,Kolkata,2020-12-16 18:00:00,Basic,53.0,Vikram Patel,1950
CUST_01405,Anjali,Shah,user1405@email.com,+91-8457931778,Hyderabad,2020-12-17 00:00:00,Basic,43.0,Anjali Shah,1950
CUST_01406,Arjun,Shah,user1406@email.com,+91-8187163766,Kolkata,2020-12-17 06:00:00,Basic,50.0,Arjun Shah,1950
CUST_01407,Aarav,Kumar,user1407@email.com,+91-7793529382,Mumbai,2020-12-17 12:00:00,Basic,53.0,Aarav Kumar,1950
CUST_01408,Sanjay,Sharma,user1408@email.com,+91-7133262897,Delhi,2020-12-17 18:00:00,Standard,21.0,Sanjay Sharma,1949
CUST_01409,Rahul,Mehta,user1409@email.com,+91-7812690704,Kolkata,2020-12-18 00:00:00,Basic,26.0,Rahul Mehta,1949
CUST_01410,Neha,Joshi,user1410@email.com,+91-7746112544,Kolkata,2020-12-18 06:00:00,Basic,25.0,Neha Joshi,1949
CUST_01411,Pooja,Kumar,user1411@email.com,+91-8613483045,Ahmedabad,2020-12-18 12:00:00,Standard,19.0,Pooja Kumar,1949
CUST_01412,Aarav,Shah,user1412@email.com,+91-7918315485,Kolkata,2020-12-18 18:00:00,Standard,46.0,Aarav Shah,1948
CUST_01413,Pooja,Singh,user1413@email.com,+91-9064302715,Mumbai,2020-12-19 00:00:00,Premium,40.0,Pooja Singh,1948
CUST_01414,Rahul,Patel,user1414@email.com,+91-9431326990,Delhi,2020-12-19 06:00:00,Premium,23.0,Rahul Patel,1948
CUST_01415,Priya,Gupta,user1415@email.com,+91-9322116481,Hyderabad,2020-12-19 12:00:00,Basic,60.0,Priya Gupta,1948
CUST_01416,Priya,Singh,user1416@email.com,+91-9640260584,Bengaluru,2020-12-19 18:00:00,Premium,53.0,Priya Singh,1947
CUST_01417,Aarav,Shah,user1417@email.com,+91-8706295395,Hyderabad,2020-12-20 00:00:00,Standard,63.0,Aarav Shah,1947
CUST_01418,Meera,Reddy,user1418@email.com,+91-9384324968,Delhi,2020-12-20 06:00:00,Standard,38.0,Meera Reddy,1947
CUST_01419,Rahul,Nair,user1419@email.com,+91-7008536210,Chennai,2020-12-20 12:00:00,Standard,39.0,Rahul Nair,1947
CUST_01420,Rahul,Sharma,user1420@email.com,+91-9789185449,Kolkata,2020-12-20 18:00:00,Standard,26.0,Rahul Sharma,1946
CUST_01421,Anjali,Mehta,user1421@email.com,+91-7065524417,Hyderabad,2020-12-21 00:00:00,Basic,51.0,Anjali Mehta,1946
CUST_01422,Meera,Patel,user1422@email.com,+91-9735552170,Chennai,2020-12-21 06:00:00,Premium,43.0,Meera Patel,1946
CUST_01423,Sanjay,Gupta,user1423@email.com,+91-8782942497,Chennai,2020-12-21 12:00:00,Premium,18.0,Sanjay Gupta,1946
CUST_01424,Sanjay,Joshi,user1424@email.com,+91-8155017952,Delhi,2020-12-21 18:00:00,Standard,53.0,Sanjay Joshi,1945
CUST_01425,Neha,Mehta,user1425@email.com,+91-7218899456,Delhi,2020-12-22 00:00:00,Standard,61.0,Neha Mehta,1945
CUST_01426,Vikram,Patel,user1426@email.com,+91-7063650572,Ahmedabad,2020-12-22 06:00:00,Standard,22.0,Vikram Patel,1945
CUST_01427,Priya,Joshi,user1427@email.com,+91-7305970275,Kolkata,2020-12-22 12:00:00,Premium,58.0,Priya Joshi,1945
CUST_01428,Sanjay,Gupta,user1428@email.com,+91-9578002649,Bengaluru,2020-12-22 18:00:00,Basic,39.0,Sanjay Gupta,1944
CUST_01429,Meera,Shah,user1429@email.com,+91-7634745842,Pune,2020-12-23 00:00:00,Basic,21.0,Meera Shah,1944
CUST_01430,Rahul,Nair,user1430@email.com,+91-9020332650,Mumbai,2020-12-23 06:00:00,Premium,65.0,Rahul Nair,1944
CUST_01431,Sanjay,Singh,user1431@email.com,+91-8542199791,Hyderabad,2020-12-23 12:00:00,Premium,19.0,Sanjay Singh,1944
CUST_01432,Rahul,Singh,user1432@email.com,+91-9784929507,Delhi,2020-12-23 18:00:00,Standard,33.0,Rahul Singh,1943
CUST_01433,Sanjay,Shah,user1433@email.com,+91-8086840924,Hyderabad,2020-12-24 00:00:00,Basic,33.0,Sanjay Shah,1943
CUST_01434,Priya,Mehta,user1434@email.com,+91-8960201745,Pune,2020-12-24 06:00:00,Standard,44.0,Priya Mehta,1943
CUST_01435,Pooja,Shah,user1435@email.com,+91-9997192111,Pune,2020-12-24 12:00:00,Basic,39.0,Pooja Shah,1943
CUST_01436,Sanjay,Shah,user1436@email.com,+91-7110827155,Kolkata,2020-12-24 18:00:00,Basic,60.0,Sanjay Shah,1942
CUST_01437,Meera,Patel,user1437@email.com,+91-7697492115,Chennai,2020-12-25 00:00:00,Basic,18.0,Meera Patel,1942
CUST_01438,Sanjay,Patel,user1438@email.com,+91-8446739616,Kolkata,2020-12-25 06:00:00,Standard,32.0,Sanjay Patel,1942
CUST_01439,Vikram,Gupta,user1439@email.com,+91-7254105190,Mumbai,2020-12-25 12:00:00,Standard,41.0,Vikram Gupta,1942
CUST_01440,Priya,Nair,user1440@email.com,+91-8045815068,Bengaluru,2020-12-25 18:00:00,Premium,21.0,Priya Nair,1941
CUST_01441,Meera,Patel,user1441@email.com,+91-8179553526,Hyderabad,2020-12-26 00:00:00,Basic,35.0,Meera Patel,1941
CUST_01442,Anjali,Gupta,user1442@email.com,+91-7127586947,Mumbai,2020-12-26 06:00:00,Basic,34.0,Anjali Gupta,1941
CUST_01443,Meera,Reddy,user1443@email.com,+91-7757742626,Ahmedabad,2020-12-26 12:00:00,Standard,24.0,Meera Reddy,1941
CUST_01444,Vikram,Shah,user1444@email.com,+91-7099322698,Bengaluru,2020-12-26 18:00:00,Basic,67.0,Vikram Shah,1940
CUST_01445,Pooja,Shah,user1445@email.com,+91-8697478160,Hyderabad,2020-12-27 00:00:00,Basic,62.0,Pooja Shah,1940
CUST_01446,Priya,Mehta,user1446@email.com,+91-7410614177,Mumbai,2020-12-27 06:00:00,Standard,69.0,Priya Mehta,1940
CUST_01447,Anjali,Reddy,user1447@email.com,+91-8576247386,Delhi,2020-12-27 12:00:00,Basic,69.0,Anjali Reddy,1940
CUST_01448,Vikram,Mehta,user1448@email.com,+91-9872285023,Hyderabad,2020-12-27 18:00:00,Standard,27.0,Vikram Mehta,1939
CUST_01449,Vikram,Joshi,user1449@email.com,+91-8879721302,Mumbai,2020-12-28 00:00:00,Standard,18.0,Vikram Joshi,1939
CUST_01450,Aarav,Gupta,user1450@email.com,+91-7497102306,Pune,2020-12-28 06:00:00,Basic,19.0,Aarav Gupta,1939
CUST_01451,Priya,Gupta,user1451@email.com,+91-8930491378,Bengaluru,2020-12-28 12:00:00,Basic,66.0,Priya Gupta,1939
CUST_01452,Meera,Shah,user1452@email.com,+91-8543612190,Mumbai,2020-12-28 18:00:00,Standard,39.0,Meera Shah,1938
CUST_01453,Rahul,Kumar,user1453@email.com,+91-8469774400,Delhi,2020-12-29 00:00:00,Premium,49.0,Rahul Kumar,1938
CUST_01454,Pooja,Joshi,user1454@email.com,+91-9179524091,Kolkata,2020-12-29 06:00:00,Standard,46.0,Pooja Joshi,1938
CUST_01455,Rahul,Gupta,user1455@email.com,+91-9857852751,Hyderabad,2020-12-29 12:00:00,Standard,52.0,Rahul Gupta,1938
CUST_01456,Meera,Patel,user1456@email.com,+91-8176811299,Ahmedabad,2020-12-29 18:00:00,Basic,34.0,Meera Patel,1937
CUST_01457,Meera,Shah,user1457@email.com,+91-8276037153,Hyderabad,2020-12-30 00:00:00,Premium,29.0,Meera Shah,1937
CUST_01458,Priya,Mehta,user1458@email.com,+91-7051396294,Hyderabad,2020-12-30 06:00:00,Premium,41.0,Priya Mehta,1937
CUST_01459,Meera,Reddy,user1459@email.com,+91-8049573400,Delhi,2020-12-30 12:00:00,Standard,47.0,Meera Reddy,1937
CUST_01460,Aarav,Mehta,user1460@email.com,+91-8657925735,Bengaluru,2020-12-30 18:00:00,Standard,61.0,Aarav Mehta,1936
CUST_01461,Anjali,Singh,user1461@email.com,+91-7820089952,Hyderabad,2020-12-31 00:00:00,Basic,47.0,Anjali Singh,1936
CUST_01462,Meera,Kumar,user1462@email.com,+91-7349560447,Bengaluru,2020-12-31 06:00:00,Standard,37.0,Meera Kumar,1936
CUST_01463,Rahul,Gupta,user1463@email.com,+91-7131814793,Mumbai,2020-12-31 12:00:00,Premium,59.0,Rahul Gupta,1936
CUST_01464,Meera,Nair,user1464@email.com,+91-8102565582,Pune,2020-12-31 18:00:00,Premium,24.0,Meera Nair,1935
CUST_01465,Aarav,Sharma,user1465@email.com,+91-7782939719,Ahmedabad,2021-01-01 00:00:00,Standard,59.0,Aarav Sharma,1935
CUST_01466,Sanjay,Kumar,user1466@email.com,+91-8336324682,Pune,2021-01-01 06:00:00,Premium,67.0,Sanjay Kumar,1935
CUST_01467,Sanjay,Shah,user1467@email.com,+91-7320721645,Bengaluru,2021-01-01 12:00:00,Basic,55.0,Sanjay Shah,1935
CUST_01468,Vikram,Gupta,user1468@email.com,+91-7712390494,Bengaluru,2021-01-01 18:00:00,Standard,24.0,Vikram Gupta,1934
CUST_01469,Pooja,Reddy,user1469@email.com,+91-9111952282,Pune,2021-01-02 00:00:00,Premium,66.0,Pooja Reddy,1934
CUST_01470,Neha,Gupta,user1470@email.com,+91-8918970040,Hyderabad,2021-01-02 06:00:00,Standard,47.0,Neha Gupta,1934
CUST_01471,Anjali,Sharma,user1471@email.com,+91-9819281307,Chennai,2021-01-02 12:00:00,Premium,29.0,Anjali Sharma,1934
CUST_01472,Arjun,Reddy,user1472@email.com,+91-9020052844,Chennai,2021-01-02 18:00:00,Premium,66.0,Arjun Reddy,1933
CUST_01473,Vikram,Mehta,user1473@email.com,+91-9912230039,Delhi,2021-01-03 00:00:00,Standard,48.0,Vikram Mehta,1933
CUST_01474,Pooja,Reddy,user1474@email.com,+91-7471145133,Ahmedabad,2021-01-03 06:00:00,Basic,35.0,Pooja Reddy,1933
CUST_01475,Sanjay,Kumar,user1475@email.com,+91-8141138134,Kolkata,2021-01-03 12:00:00,Basic,63.0,Sanjay Kumar,1933
CUST_01476,Rahul,Mehta,user1476@email.com,+91-8202513188,Pune,2021-01-03 18:00:00,Basic,60.0,Rahul Mehta,1932
CUST_01477,Arjun,Gupta,user1477@email.com,+91-7403343426,Pune,2021-01-04 00:00:00,Standard,19.0,Arjun Gupta,1932
CUST_01478,Pooja,Shah,user1478@email.com,+91-9501391312,Delhi,2021-01-04 06:00:00,Standard,44.0,Pooja Shah,1932
CUST_01479,Pooja,Joshi,user1479@email.com,+91-9381783964,Ahmedabad,2021-01-04 12:00:00,Standard,50.0,Pooja Joshi,1932
CUST_01480,Vikram,Shah,user1480@email.com,+91-7932012705,Chennai,2021-01-04 18:00:00,Basic,28.0,Vikram Shah,1931
CUST_01481,Arjun,Gupta,user1481@email.com,+91-8089622201,Mumbai,2021-01-05 00:00:00,Standard,51.0,Arjun Gupta,1931
CUST_01482,Priya,Sharma,user1482@email.com,+91-9103506545,Hyderabad,2021-01-05 06:00:00,Premium,33.0,Priya Sharma,1931
CUST_01483,Neha,Joshi,user1483@email.com,+91-7488517088,Hyderabad,2021-01-05 12:00:00,Premium,52.0,Neha Joshi,1931
CUST_01484,Priya,Gupta,user1484@email.com,+91-8280976434,Mumbai,2021-01-05 18:00:00,Basic,69.0,Priya Gupta,1930
CUST_01485,Arjun,Nair,user1485@email.com,+91-8518898951,Mumbai,2021-01-06 00:00:00,Basic,50.0,Arjun Nair,1930
CUST_01486,Priya,Kumar,user1486@email.com,+91-8427419540,Ahmedabad,2021-01-06 06:00:00,Basic,38.0,Priya Kumar,1930
CUST_01487,Aarav,Nair,user1487@email.com,+91-8115096745,Chennai,2021-01-06 12:00:00,Basic,37.0,Aarav Nair,1930
CUST_01488,Sanjay,Mehta,user1488@email.com,+91-8508408796,Delhi,2021-01-06 18:00:00,Standard,25.0,Sanjay Mehta,1929
CUST_01489,Aarav,Singh,user1489@email.com,+91-7820460530,Mumbai,2021-01-07 00:00:00,Standard,68.0,Aarav Singh,1929
CUST_01490,Meera,Gupta,user1490@email.com,+91-9608677629,Delhi,2021-01-07 06:00:00,Basic,43.0,Meera Gupta,1929
CUST_01491,Priya,Patel,user1491@email.com,+91-9290616718,Ahmedabad,2021-01-07 12:00:00,Standard,50.0,Priya Patel,1929
CUST_01492,Meera,Patel,user1492@email.com,+91-7676783391,Kolkata,2021-01-07 18:00:00,Basic,43.0,Meera Patel,1928
CUST_01493,Rahul,Reddy,user1493@email.com,+91-7174350744,Bengaluru,2021-01-08 00:00:00,Standard,54.0,Rahul Reddy,1928
CUST_01494,Anjali,Shah,user1494@email.com,+91-9663019671,Hyderabad,2021-01-08 06:00:00,Premium,47.0,Anjali Shah,1928
CUST_01495,Rahul,Shah,user1495@email.com,+91-9209830164,Chennai,2021-01-08 12:00:00,Standard,48.0,Rahul Shah,1928
CUST_01496,Arjun,Shah,user1496@email.com,+91-9533705199,Hyderabad,2021-01-08 18:00:00,Standard,50.0,Arjun Shah,1927
CUST_01497,Pooja,Nair,user1497@email.com,+91-7596216300,Chennai,2021-01-09 00:00:00,Basic,28.0,Pooja Nair,1927
CUST_01498,Sanjay,Kumar,user1498@email.com,+91-7250624888,Ahmedabad,2021-01-09 06:00:00,Premium,44.0,Sanjay Kumar,1927
CUST_01499,Priya,Gupta,user1499@email.com,+91-9086083618,Bengaluru,2021-01-09 12:00:00,Standard,58.0,Priya Gupta,1927
CUST_01500,Vikram,Sharma,user1500@email.com,+91-7211978830,Hyderabad,2021-01-09 18:00:00,Basic,22.0,Vikram Sharma,1926
CUST_01501,Anjali,Reddy,user1501@email.com,+91-9717987593,Bengaluru,2021-01-10 00:00:00,Premium,19.0,Anjali Reddy,1926
CUST_01502,Neha,Mehta,user1502@email.com,+91-8907646056,Ahmedabad,2021-01-10 06:00:00,Standard,30.0,Neha Mehta,1926
CUST_01503,Neha,Joshi,user1503@email.com,+91-7900018255,Chennai,2021-01-10 12:00:00,Standard,35.0,Neha Joshi,1926
CUST_01504,Neha,Mehta,user1504@email.com,+91-8983117519,Mumbai,2021-01-10 18:00:00,Basic,43.0,Neha Mehta,1925
CUST_01505,Priya,Gupta,user1505@email.com,+91-9339946595,Kolkata,2021-01-11 00:00:00,Premium,42.0,Priya Gupta,1925
CUST_01506,Neha,Singh,user1506@email.com,+91-9108824910,Hyderabad,2021-01-11 06:00:00,Basic,61.0,Neha Singh,1925
CUST_01507,Aarav,Shah,user1507@email.com,+91-7448678929,Bengaluru,2021-01-11 12:00:00,Standard,31.0,Aarav Shah,1925
CUST_01508,Anjali,Joshi,user1508@email.com,+91-7378065270,Pune,2021-01-11 18:00:00,Basic,22.0,Anjali Joshi,1924
CUST_01509,Aarav,Nair,user1509@email.com,+91-7586426632,Hyderabad,2021-01-12 00:00:00,Standard,59.0,Aarav Nair,1924
CUST_01510,Pooja,Gupta,user1510@email.com,+91-9546687926,Hyderabad,2021-01-12 06:00:00,Standard,69.0,Pooja Gupta,1924
CUST_01511,Anjali,Singh,user1511@email.com,+91-7176467462,Hyderabad,2021-01-12 12:00:00,Premium,19.0,Anjali Singh,1924
CUST_01512,Aarav,Nair,user1512@email.com,+91-8797913763,Delhi,2021-01-12 18:00:00,Premium,21.0,Aarav Nair,1923
CUST_01513,Anjali,Singh,user1513@email.com,+91-7146131214,Bengaluru,2021-01-13 00:00:00,Standard,29.0,Anjali Singh,1923
CUST_01514,Pooja,Shah,user1514@email.com,+91-8416096978,Bengaluru,2021-01-13 06:00:00,Premium,28.0,Pooja Shah,1923
CUST_01515,Meera,Nair,user1515@email.com,+91-9907158285,Hyderabad,2021-01-13 12:00:00,Standard,21.0,Meera Nair,1923
CUST_01516,Priya,Kumar,user1516@email.com,+91-8572203723,Ahmedabad,2021-01-13 18:00:00,Standard,60.0,Priya Kumar,1922
CUST_01517,Priya,Patel,user1517@email.com,+91-9335195914,Ahmedabad,2021-01-14 00:00:00,Standard,26.0,Priya Patel,1922
CUST_01518,Neha,Mehta,user1518@email.com,+91-8760957505,Mumbai,2021-01-14 06:00:00,Premium,27.0,Neha Mehta,1922
CUST_01519,Rahul,Kumar,user1519@email.com,+91-8886754085,Hyderabad,2021-01-14 12:00:00,Basic,44.0,Rahul Kumar,1922
CUST_01520,Neha,Joshi,user1520@email.com,+91-8192459602,Delhi,2021-01-14 18:00:00,Basic,23.0,Neha Joshi,1921
CUST_01521,Arjun,Reddy,user1521@email.com,+91-8223777705,Chennai,2021-01-15 00:00:00,Premium,32.0,Arjun Reddy,1921
CUST_01522,Aarav,Patel,user1522@email.com,+91-8374158402,Delhi,2021-01-15 06:00:00,Premium,59.0,Aarav Patel,1921
CUST_01523,Anjali,Kumar,user1523@email.com,+91-9724725488,Ahmedabad,2021-01-15 12:00:00,Standard,48.0,Anjali Kumar,1921
CUST_01524,Rahul,Gupta,user1524@email.com,+91-7609652359,Mumbai,2021-01-15 18:00:00,Premium,39.0,Rahul Gupta,1920
CUST_01525,Pooja,Singh,user1525@email.com,+91-8395005337,Ahmedabad,2021-01-16 00:00:00,Standard,44.0,Pooja Singh,1920
CUST_01526,Arjun,Joshi,user1526@email.com,+91-7862455972,Ahmedabad,2021-01-16 06:00:00,Premium,23.0,Arjun Joshi,1920
CUST_01527,Pooja,Gupta,user1527@email.com,+91-9828097423,Ahmedabad,2021-01-16 12:00:00,Basic,50.0,Pooja Gupta,1920
CUST_01528,Priya,Patel,user1528@email.com,+91-7771056587,Hyderabad,2021-01-16 18:00:00,Standard,46.0,Priya Patel,1919
CUST_01529,Priya,Singh,user1529@email.com,+91-7626323966,Ahmedabad,2021-01-17 00:00:00,Basic,38.0,Priya Singh,1919
CUST_01530,Neha,Joshi,user1530@email.com,+91-8305105269,Bengaluru,2021-01-17 06:00:00,Standard,69.0,Neha Joshi,1919
CUST_01531,Aarav,Reddy,user1531@email.com,+91-8009758198,Kolkata,2021-01-17 12:00:00,Basic,47.0,Aarav Reddy,1919
CUST_01532,Rahul,Patel,user1532@email.com,+91-9268803389,Pune,2021-01-17 18:00:00,Premium,38.0,Rahul Patel,1918
CUST_01533,Sanjay,Joshi,user1533@email.com,+91-7639146481,Hyderabad,2021-01-18 00:00:00,Standard,53.0,Sanjay Joshi,1918
CUST_01534,Arjun,Kumar,user1534@email.com,+91-7038567761,Mumbai,2021-01-18 06:00:00,Basic,39.0,Arjun Kumar,1918
CUST_01535,Arjun,Joshi,user1535@email.com,+91-9303291087,Bengaluru,2021-01-18 12:00:00,Standard,63.0,Arjun Joshi,1918
CUST_01536,Neha,Patel,user1536@email.com,+91-9550545137,Delhi,2021-01-18 18:00:00,Basic,37.0,Neha Patel,1917
CUST_01537,Priya,Shah,user1537@email.com,+91-8785930333,Ahmedabad,2021-01-19 00:00:00,Standard,39.0,Priya Shah,1917
CUST_01538,Neha,Kumar,user1538@email.com,+91-7911325667,Chennai,2021-01-19 06:00:00,Basic,69.0,Neha Kumar,1917
CUST_01539,Anjali,Gupta,user1539@email.com,+91-8068091964,Chennai,2021-01-19 12:00:00,Standard,57.0,Anjali Gupta,1917
CUST_01540,Rahul,Patel,user1540@email.com,+91-7378917009,Kolkata,2021-01-19 18:00:00,Standard,28.0,Rahul Patel,1916
CUST_01541,Aarav,Shah,user1541@email.com,+91-9107940024,Hyderabad,2021-01-20 00:00:00,Standard,64.0,Aarav Shah,1916
CUST_01542,Meera,Sharma,user1542@email.com,+91-8326412327,Delhi,2021-01-20 06:00:00,Standard,48.0,Meera Sharma,1916
CUST_01543,Vikram,Reddy,user1543@email.com,+91-8044101608,Kolkata,2021-01-20 12:00:00,Basic,68.0,Vikram Reddy,1916
CUST_01544,Vikram,Shah,user1544@email.com,+91-7027661581,Pune,2021-01-20 18:00:00,Basic,57.0,Vikram Shah,1915
CUST_01545,Neha,Sharma,user1545@email.com,+91-7999822249,Pune,2021-01-21 00:00:00,Standard,30.0,Neha Sharma,1915
CUST_01546,Anjali,Mehta,user1546@email.com,+91-8682229024,Kolkata,2021-01-21 06:00:00,Basic,35.0,Anjali Mehta,1915
CUST_01547,Rahul,Singh,user1547@email.com,+91-9328583034,Mumbai,2021-01-21 12:00:00,Premium,39.0,Rahul Singh,1915
CUST_01548,Sanjay,Shah,user1548@email.com,+91-9836424401,Chennai,2021-01-21 18:00:00,Basic,34.0,Sanjay Shah,1914
CUST_01549,Vikram,Nair,user1549@email.com,+91-9934177712,Delhi,2021-01-22 00:00:00,Premium,55.0,Vikram Nair,1914
CUST_01550,Rahul,Reddy,user1550@email.com,+91-8791085509,Hyderabad,2021-01-22 06:00:00,Premium,42.0,Rahul Reddy,1914
CUST_01551,Aarav,Shah,user1551@email.com,+91-9565606815,Ahmedabad,2021-01-22 12:00:00,Standard,49.0,Aarav Shah,1914
CUST_01552,Pooja,Sharma,user1552@email.com,+91-7035572743,Bengaluru,2021-01-22 18:00:00,Standard,32.0,Pooja Sharma,1913
CUST_01553,Anjali,Nair,user1553@email.com,+91-8825402365,Hyderabad,2021-01-23 00:00:00,Basic,30.0,Anjali Nair,1913
CUST_01554,Priya,Reddy,user1554@email.com,+91-8345278184,Hyderabad,2021-01-23 06:00:00,Standard,43.0,Priya Reddy,1913
CUST_01555,Rahul,Nair,user1555@email.com,+91-7083429561,Delhi,2021-01-23 12:00:00,Standard,67.0,Rahul Nair,1913
CUST_01556,Aarav,Kumar,user1556@email.com,+91-9884876489,Chennai,2021-01-23 18:00:00,Premium,28.0,Aarav Kumar,1912
CUST_01557,Sanjay,Sharma,user1557@email.com,+91-9705798765,Delhi,2021-01-24 00:00:00,Basic,30.0,Sanjay Sharma,1912
CUST_01558,Meera,Joshi,user1558@email.com,+91-8140298216,Bengaluru,2021-01-24 06:00:00,Standard,50.0,Meera Joshi,1912
CUST_01559,Priya,Kumar,user1559@email.com,+91-7077995769,Kolkata,2021-01-24 12:00:00,Standard,67.0,Priya Kumar,1912
CUST_01560,Meera,Reddy,user1560@email.com,+91-7654093544,Delhi,2021-01-24 18:00:00,Standard,54.0,Meera Reddy,1911
CUST_01561,Sanjay,Reddy,user1561@email.com,+91-7780703362,Mumbai,2021-01-25 00:00:00,Standard,55.0,Sanjay Reddy,1911
CUST_01562,Aarav,Patel,user1562@email.com,+91-7635854159,Hyderabad,2021-01-25 06:00:00,Standard,18.0,Aarav Patel,1911
CUST_01563,Vikram,Sharma,user1563@email.com,+91-8721159357,Chennai,2021-01-25 12:00:00,Basic,56.0,Vikram Sharma,1911
CUST_01564,Meera,Mehta,user1564@email.com,+91-7001665559,Ahmedabad,2021-01-25 18:00:00,Standard,44.0,Meera Mehta,1910
CUST_01565,Priya,Mehta,user1565@email.com,+91-7081554510,Pune,2021-01-26 00:00:00,Basic,53.0,Priya Mehta,1910
CUST_01566,Neha,Reddy,user1566@email.com,+91-9285061487,Bengaluru,2021-01-26 06:00:00,Standard,49.0,Neha Reddy,1910
CUST_01567,Arjun,Mehta,user1567@email.com,+91-9632606841,Pune,2021-01-26 12:00:00,Standard,58.0,Arjun Mehta,1910
CUST_01568,Rahul,Singh,user1568@email.com,+91-8420758609,Hyderabad,2021-01-26 18:00:00,Basic,32.0,Rahul Singh,1909
CUST_01569,Vikram,Patel,user1569@email.com,+91-9392069061,Delhi,2021-01-27 00:00:00,Standard,48.0,Vikram Patel,1909
CUST_01570,Meera,Reddy,user1570@email.com,+91-9871597707,Pune,2021-01-27 06:00:00,Standard,23.0,Meera Reddy,1909
CUST_01571,Pooja,Mehta,user1571@email.com,+91-9356770462,Mumbai,2021-01-27 12:00:00,Basic,42.0,Pooja Mehta,1909
CUST_01572,Rahul,Sharma,user1572@email.com,+91-7274480028,Delhi,2021-01-27 18:00:00,Standard,66.0,Rahul Sharma,1908
CUST_01573,Neha,Shah,user1573@email.com,+91-9546099264,Hyderabad,2021-01-28 00:00:00,Basic,69.0,Neha Shah,1908
CUST_01574,Sanjay,Joshi,user1574@email.com,+91-7802856902,Pune,2021-01-28 06:00:00,Standard,35.0,Sanjay Joshi,1908
CUST_01575,Arjun,Kumar,user1575@email.com,+91-8638261276,Ahmedabad,2021-01-28 12:00:00,Basic,39.0,Arjun Kumar,1908
CUST_01576,Aarav,Kumar,user1576@email.com,+91-8677396296,Kolkata,2021-01-28 18:00:00,Premium,48.0,Aarav Kumar,1907
CUST_01577,Neha,Singh,user1577@email.com,+91-7422202638,Bengaluru,2021-01-29 00:00:00,Standard,53.0,Neha Singh,1907
CUST_01578,Neha,Nair,user1578@email.com,+91-9815388247,Pune,2021-01-29 06:00:00,Standard,26.0,Neha Nair,1907
CUST_01579,Sanjay,Sharma,user1579@email.com,+91-9408334128,Ahmedabad,2021-01-29 12:00:00,Basic,63.0,Sanjay Sharma,1907
CUST_01580,Anjali,Nair,user1580@email.com,+91-8377920164,Kolkata,2021-01-29 18:00:00,Premium,20.0,Anjali Nair,1906
CUST_01581,Sanjay,Patel,user1581@email.com,+91-9455922081,Kolkata,2021-01-30 00:00:00,Standard,50.0,Sanjay Patel,1906
CUST_01582,Anjali,Joshi,user1582@email.com,+91-8642572683,Pune,2021-01-30 06:00:00,Standard,44.0,Anjali Joshi,1906
CUST_01583,Anjali,Patel,user1583@email.com,+91-9638845266,Chennai,2021-01-30 12:00:00,Basic,60.0,Anjali Patel,1906
CUST_01584,Vikram,Reddy,user1584@email.com,+91-9123900292,Pune,2021-01-30 18:00:00,Basic,18.0,Vikram Reddy,1905
CUST_01585,Vikram,Sharma,user1585@email.com,+91-7123909187,Hyderabad,2021-01-31 00:00:00,Basic,61.0,Vikram Sharma,1905
CUST_01586,Priya,Reddy,user1586@email.com,+91-9947940505,Kolkata,2021-01-31 06:00:00,Standard,26.0,Priya Reddy,1905
CUST_01587,Meera,Gupta,user1587@email.com,+91-7481874389,Bengaluru,2021-01-31 12:00:00,Basic,22.0,Meera Gupta,1905
CUST_01588,Meera,Mehta,user1588@email.com,+91-9766942162,Hyderabad,2021-01-31 18:00:00,Standard,32.0,Meera Mehta,1904
CUST_01589,Aarav,Kumar,user1589@email.com,+91-9170706376,Mumbai,2021-02-01 00:00:00,Premium,67.0,Aarav Kumar,1904
CUST_01590,Meera,Shah,user1590@email.com,+91-8781625355,Delhi,2021-02-01 06:00:00,Standard,26.0,Meera Shah,1904
CUST_01591,Vikram,Reddy,user1591@email.com,+91-9539437503,Pune,2021-02-01 12:00:00,Standard,62.0,Vikram Reddy,1904
CUST_01592,Priya,Nair,user1592@email.com,+91-9292965559,Chennai,2021-02-01 18:00:00,Basic,45.0,Priya Nair,1903
CUST_01593,Priya,Gupta,user1593@email.com,+91-9902008777,Bengaluru,2021-02-02 00:00:00,Standard,30.0,Priya Gupta,1903
CUST_01594,Anjali,Kumar,user1594@email.com,+91-7513293390,Chennai,2021-02-02 06:00:00,Basic,41.0,Anjali Kumar,1903
CUST_01595,Sanjay,Reddy,user1595@email.com,+91-9983138829,Chennai,2021-02-02 12:00:00,Basic,62.0,Sanjay Reddy,1903
CUST_01596,Aarav,Gupta,user1596@email.com,+91-9780559291,Chennai,2021-02-02 18:00:00,Standard,27.0,Aarav Gupta,1902
CUST_01597,Anjali,Gupta,user1597@email.com,+91-7260636340,Pune,2021-02-03 00:00:00,Standard,59.0,Anjali Gupta,1902
CUST_01598,Sanjay,Sharma,user1598@email.com,+91-9025893194,Bengaluru,2021-02-03 06:00:00,Standard,39.0,Sanjay Sharma,1902
CUST_01599,Meera,Patel,user1599@email.com,+91-7015567340,Bengaluru,2021-02-03 12:00:00,Basic,56.0,Meera Patel,1902
CUST_01600,Anjali,Gupta,user1600@email.com,+91-8005435038,Kolkata,2021-02-03 18:00:00,Standard,39.0,Anjali Gupta,1901
CUST_01601,Rahul,Singh,user1601@email.com,+91-9836592030,Chennai,2021-02-04 00:00:00,Standard,54.0,Rahul Singh,1901
CUST_01602,Meera,Patel,user1602@email.com,+91-9722860597,Kolkata,2021-02-04 06:00:00,Standard,69.0,Meera Patel,1901
CUST_01603,Sanjay,Kumar,user1603@email.com,+91-7296165564,Kolkata,2021-02-04 12:00:00,Premium,56.0,Sanjay Kumar,1901
CUST_01604,Aarav,Kumar,user1604@email.com,+91-9227200924,Delhi,2021-02-04 18:00:00,Standard,37.0,Aarav Kumar,1900
CUST_01605,Sanjay,Kumar,user1605@email.com,+91-8602125027,Pune,2021-02-05 00:00:00,Standard,27.0,Sanjay Kumar,1900
CUST_01606,Anjali,Kumar,user1606@email.com,+91-9494377305,Pune,2021-02-05 06:00:00,Basic,27.0,Anjali Kumar,1900
CUST_01607,Anjali,Singh,user1607@email.com,+91-9212019021,Hyderabad,2021-02-05 12:00:00,Premium,43.0,Anjali Singh,1900
CUST_01608,Neha,Reddy,user1608@email.com,+91-9469462690,Ahmedabad,2021-02-05 18:00:00,Standard,42.0,Neha Reddy,1899
CUST_01609,Aarav,Joshi,user1609@email.com,+91-8458567695,Kolkata,2021-02-06 00:00:00,Premium,44.0,Aarav Joshi,1899
CUST_01610,Pooja,Gupta,user1610@email.com,+91-8758757255,Pune,2021-02-06 06:00:00,Basic,45.0,Pooja Gupta,1899
CUST_01611,Meera,Kumar,user1611@email.com,+91-9977191680,Chennai,2021-02-06 12:00:00,Standard,30.0,Meera Kumar,1899
CUST_01612,Priya,Patel,user1612@email.com,+91-8755193340,Ahmedabad,2021-02-06 18:00:00,Basic,32.0,Priya Patel,1898
CUST_01613,Aarav,Patel,user1613@email.com,+91-8888737355,Mumbai,2021-02-07 00:00:00,Premium,23.0,Aarav Patel,1898
CUST_01614,Priya,Gupta,user1614@email.com,+91-7445379844,Chennai,2021-02-07 06:00:00,Standard,69.0,Priya Gupta,1898
CUST_01615,Aarav,Reddy,user1615@email.com,+91-7180851362,Bengaluru,2021-02-07 12:00:00,Premium,29.0,Aarav Reddy,1898
CUST_01616,Aarav,Shah,user1616@email.com,+91-7991851388,Pune,2021-02-07 18:00:00,Standard,36.0,Aarav Shah,1897
CUST_01617,Sanjay,Shah,user1617@email.com,+91-7228537558,Ahmedabad,2021-02-08 00:00:00,Basic,49.0,Sanjay Shah,1897
CUST_01618,Aarav,Joshi,user1618@email.com,+91-7510311939,Pune,2021-02-08 06:00:00,Standard,28.0,Aarav Joshi,1897
CUST_01619,Neha,Reddy,user1619@email.com,+91-8852346443,Hyderabad,2021-02-08 12:00:00,Basic,55.0,Neha Reddy,1897
CUST_01620,Pooja,Gupta,user1620@email.com,+91-9775944226,Kolkata,2021-02-08 18:00:00,Standard,50.0,Pooja Gupta,1896
CUST_01621,Anjali,Shah,user1621@email.com,+91-8273484985,Mumbai,2021-02-09 00:00:00,Standard,19.0,Anjali Shah,1896
CUST_01622,Arjun,Shah,user1622@email.com,+91-8548401731,Pune,2021-02-09 06:00:00,Standard,32.0,Arjun Shah,1896
CUST_01623,Priya,Shah,user1623@email.com,+91-9939887053,Hyderabad,2021-02-09 12:00:00,Premium,53.0,Priya Shah,1896
CUST_01624,Anjali,Nair,user1624@email.com,+91-9560069252,Hyderabad,2021-02-09 18:00:00,Basic,22.0,Anjali Nair,1895
CUST_01625,Arjun,Singh,user1625@email.com,+91-8369851872,Mumbai,2021-02-10 00:00:00,Basic,32.0,Arjun Singh,1895
CUST_01626,Pooja,Gupta,user1626@email.com,+91-9805068268,Chennai,2021-02-10 06:00:00,Premium,60.0,Pooja Gupta,1895
CUST_01627,Pooja,Mehta,user1627@email.com,+91-7558931974,Chennai,2021-02-10 12:00:00,Premium,27.0,Pooja Mehta,1895
CUST_01628,Priya,Sharma,user1628@email.com,+91-8276659003,Chennai,2021-02-10 18:00:00,Basic,34.0,Priya Sharma,1894
CUST_01629,Priya,Sharma,user1629@email.com,+91-9798668711,Delhi,2021-02-11 00:00:00,Basic,51.0,Priya Sharma,1894
CUST_01630,Pooja,Reddy,user1630@email.com,+91-9873714029,Kolkata,2021-02-11 06:00:00,Basic,69.0,Pooja Reddy,1894
CUST_01631,Arjun,Gupta,user1631@email.com,+91-7868704875,Ahmedabad,2021-02-11 12:00:00,Standard,41.0,Arjun Gupta,1894
CUST_01632,Aarav,Gupta,user1632@email.com,+91-9251592452,Kolkata,2021-02-11 18:00:00,Standard,27.0,Aarav Gupta,1893
CUST_01633,Meera,Sharma,user1633@email.com,+91-7764573549,Chennai,2021-02-12 00:00:00,Standard,69.0,Meera Sharma,1893
CUST_01634,Rahul,Joshi,user1634@email.com,+91-7394464912,Mumbai,2021-02-12 06:00:00,Basic,47.0,Rahul Joshi,1893
CUST_01635,Anjali,Sharma,user1635@email.com,+91-8494940333,Delhi,2021-02-12 12:00:00,Standard,20.0,Anjali Sharma,1893
CUST_01636,Sanjay,Gupta,user1636@email.com,+91-9616566416,Kolkata,2021-02-12 18:00:00,Basic,68.0,Sanjay Gupta,1892
CUST_01637,Anjali,Shah,user1637@email.com,+91-9665536452,Chennai,2021-02-13 00:00:00,Basic,54.0,Anjali Shah,1892
CUST_01638,Sanjay,Joshi,user1638@email.com,+91-8904983323,Delhi,2021-02-13 06:00:00,Standard,20.0,Sanjay Joshi,1892
CUST_01639,Arjun,Kumar,user1639@email.com,+91-9727659265,Ahmedabad,2021-02-13 12:00:00,Standard,57.0,Arjun Kumar,1892
CUST_01640,Sanjay,Mehta,user1640@email.com,+91-8523556961,Mumbai,2021-02-13 18:00:00,Premium,22.0,Sanjay Mehta,1891
CUST_01641,Priya,Nair,user1641@email.com,+91-7384671737,Chennai,2021-02-14 00:00:00,Premium,45.0,Priya Nair,1891
CUST_01642,Meera,Singh,user1642@email.com,+91-8723583174,Ahmedabad,2021-02-14 06:00:00,Basic,61.0,Meera Singh,1891
CUST_01643,Meera,Kumar,user1643@email.com,+91-9362908546,Bengaluru,2021-02-14 12:00:00,Standard,31.0,Meera Kumar,1891
CUST_01644,Priya,Patel,user1644@email.com,+91-8777264530,Ahmedabad,2021-02-14 18:00:00,Basic,56.0,Priya Patel,1890
CUST_01645,Neha,Sharma,user1645@email.com,+91-9621285183,Pune,2021-02-15 00:00:00,Standard,28.0,Neha Sharma,1890
CUST_01646,Arjun,Mehta,user1646@email.com,+91-8035632672,Mumbai,2021-02-15 06:00:00,Premium,25.0,Arjun Mehta,1890
CUST_01647,Neha,Sharma,user1647@email.com,+91-7980181775,Ahmedabad,2021-02-15 12:00:00,Standard,54.0,Neha Sharma,1890
CUST_01648,Neha,Sharma,user1648@email.com,+91-9952165118,Ahmedabad,2021-02-15 18:00:00,Basic,25.0,Neha Sharma,1889
CUST_01649,Anjali,Kumar,user1649@email.com,+91-8448968171,Hyderabad,2021-02-16 00:00:00,Basic,29.0,Anjali Kumar,1889
CUST_01650,Pooja,Shah,user1650@email.com,+91-9701030921,Hyderabad,2021-02-16 06:00:00,Basic,32.0,Pooja Shah,1889
CUST_01651,Anjali,Shah,user1651@email.com,+91-8502436925,Ahmedabad,2021-02-16 12:00:00,Standard,36.0,Anjali Shah,1889
CUST_01652,Pooja,Nair,user1652@email.com,+91-9832356104,Ahmedabad,2021-02-16 18:00:00,Standard,65.0,Pooja Nair,1888
CUST_01653,Rahul,Joshi,user1653@email.com,+91-9244282585,Mumbai,2021-02-17 00:00:00,Standard,63.0,Rahul Joshi,1888
CUST_01654,Sanjay,Sharma,user1654@email.com,+91-7877699316,Hyderabad,2021-02-17 06:00:00,Standard,45.0,Sanjay Sharma,1888
CUST_01655,Pooja,Reddy,user1655@email.com,+91-9033162159,Kolkata,2021-02-17 12:00:00,Standard,24.0,Pooja Reddy,1888
CUST_01656,Priya,Shah,user1656@email.com,+91-8206024601,Mumbai,2021-02-17 18:00:00,Basic,57.0,Priya Shah,1887
CUST_01657,Anjali,Gupta,user1657@email.com,+91-7865469334,Bengaluru,2021-02-18 00:00:00,Standard,24.0,Anjali Gupta,1887
CUST_01658,Arjun,Mehta,user1658@email.com,+91-9075275389,Mumbai,2021-02-18 06:00:00,Standard,47.0,Arjun Mehta,1887
CUST_01659,Sanjay,Reddy,user1659@email.com,+91-8539751041,Chennai,2021-02-18 12:00:00,Basic,35.0,Sanjay Reddy,1887
CUST_01660,Rahul,Kumar,user1660@email.com,+91-8961117987,Chennai,2021-02-18 18:00:00,Standard,41.0,Rahul Kumar,1886
CUST_01661,Pooja,Kumar,user1661@email.com,+91-8826445359,Delhi,2021-02-19 00:00:00,Basic,23.0,Pooja Kumar,1886
CUST_01662,Rahul,Nair,user1662@email.com,+91-7059991094,Hyderabad,2021-02-19 06:00:00,Standard,68.0,Rahul Nair,1886
CUST_01663,Arjun,Nair,user1663@email.com,+91-9568412874,Ahmedabad,2021-02-19 12:00:00,Standard,21.0,Arjun Nair,1886
CUST_01664,Neha,Joshi,user1664@email.com,+91-8919846558,Pune,2021-02-19 18:00:00,Premium,20.0,Neha Joshi,1885
CUST_01665,Meera,Gupta,user1665@email.com,+91-9603485137,Hyderabad,2021-02-20 00:00:00,Premium,66.0,Meera Gupta,1885
CUST_01666,Arjun,Mehta,user1666@email.com,+91-8830677255,Kolkata,2021-02-20 06:00:00,Standard,68.0,Arjun Mehta,1885
CUST_01667,Vikram,Gupta,user1667@email.com,+91-9065055401,Mumbai,2021-02-20 12:00:00,Basic,64.0,Vikram Gupta,1885
CUST_01668,Arjun,Patel,user1668@email.com,+91-8366962169,Pune,2021-02-20 18:00:00,Basic,23.0,Arjun Patel,1884
CUST_01669,Rahul,Nair,user1669@email.com,+91-7932432091,Pune,2021-02-21 00:00:00,Premium,43.0,Rahul Nair,1884
CUST_01670,Priya,Joshi,user1670@email.com,+91-8643502791,Ahmedabad,2021-02-21 06:00:00,Basic,61.0,Priya Joshi,1884
CUST_01671,Anjali,Singh,user1671@email.com,+91-9877148239,Ahmedabad,2021-02-21 12:00:00,Basic,68.0,Anjali Singh,1884
CUST_01672,Priya,Sharma,user1672@email.com,+91-9135981036,Hyderabad,2021-02-21 18:00:00,Standard,55.0,Priya Sharma,1883
CUST_01673,Rahul,Sharma,user1673@email.com,+91-9647594681,Pune,2021-02-22 00:00:00,Basic,28.0,Rahul Sharma,1883
CUST_01674,Anjali,Singh,user1674@email.com,+91-7297483547,Pune,2021-02-22 06:00:00,Premium,69.0,Anjali Singh,1883
CUST_01675,Vikram,Shah,user1675@email.com,+91-9825873340,Chennai,2021-02-22 12:00:00,Standard,46.0,Vikram Shah,1883
CUST_01676,Meera,Gupta,user1676@email.com,+91-9868125888,Bengaluru,2021-02-22 18:00:00,Basic,37.0,Meera Gupta,1882
CUST_01677,Sanjay,Singh,user1677@email.com,+91-9076404469,Ahmedabad,2021-02-23 00:00:00,Premium,27.0,Sanjay Singh,1882
CUST_01678,Rahul,Joshi,user1678@email.com,+91-8928576466,Mumbai,2021-02-23 06:00:00,Premium,43.0,Rahul Joshi,1882
CUST_01679,Pooja,Mehta,user1679@email.com,+91-9891859125,Hyderabad,2021-02-23 12:00:00,Premium,65.0,Pooja Mehta,1882
CUST_01680,Rahul,Singh,user1680@email.com,+91-7755304784,Ahmedabad,2021-02-23 18:00:00,Standard,44.0,Rahul Singh,1881
CUST_01681,Rahul,Joshi,user1681@email.com,+91-8261845920,Chennai,2021-02-24 00:00:00,Standard,67.0,Rahul Joshi,1881
CUST_01682,Anjali,Nair,user1682@email.com,+91-7859094569,Kolkata,2021-02-24 06:00:00,Standard,31.0,Anjali Nair,1881
CUST_01683,Aarav,Reddy,user1683@email.com,+91-7426842180,Ahmedabad,2021-02-24 12:00:00,Premium,53.0,Aarav Reddy,1881
CUST_01684,Arjun,Kumar,user1684@email.com,+91-8404362021,Kolkata,2021-02-24 18:00:00,Basic,29.0,Arjun Kumar,1880
CUST_01685,Aarav,Kumar,user1685@email.com,+91-9831386687,Delhi,2021-02-25 00:00:00,Standard,69.0,Aarav Kumar,1880
CUST_01686,Vikram,Patel,user1686@email.com,+91-9202357071,Pune,2021-02-25 06:00:00,Standard,40.0,Vikram Patel,1880
CUST_01687,Pooja,Gupta,user1687@email.com,+91-9259201061,Pune,2021-02-25 12:00:00,Premium,38.0,Pooja Gupta,1880
CUST_01688,Meera,Mehta,user1688@email.com,+91-7687134801,Hyderabad,2021-02-25 18:00:00,Premium,25.0,Meera Mehta,1879
CUST_01689,Neha,Reddy,user1689@email.com,+91-9752773375,Bengaluru,2021-02-26 00:00:00,Standard,56.0,Neha Reddy,1879
CUST_01690,Vikram,Reddy,user1690@email.com,+91-9036515736,Bengaluru,2021-02-26 06:00:00,Premium,26.0,Vikram Reddy,1879
CUST_01691,Neha,Nair,user1691@email.com,+91-9933227964,Hyderabad,2021-02-26 12:00:00,Standard,41.0,Neha Nair,1879
CUST_01692,Neha,Singh,user1692@email.com,+91-8134001345,Hyderabad,2021-02-26 18:00:00,Basic,48.0,Neha Singh,1878
CUST_01693,Meera,Gupta,user1693@email.com,+91-7310058403,Chennai,2021-02-27 00:00:00,Standard,42.0,Meera Gupta,1878
CUST_01694,Priya,Sharma,user1694@email.com,+91-9988085757,Kolkata,2021-02-27 06:00:00,Standard,34.0,Priya Sharma,1878
CUST_01695,Aarav,Reddy,user1695@email.com,+91-7701760418,Hyderabad,2021-02-27 12:00:00,Standard,59.0,Aarav Reddy,1878
CUST_01696,Rahul,Joshi,user1696@email.com,+91-8163901414,Kolkata,2021-02-27 18:00:00,Basic,46.0,Rahul Joshi,1877
CUST_01697,Sanjay,Sharma,user1697@email.com,+91-8685355737,Ahmedabad,2021-02-28 00:00:00,Basic,20.0,Sanjay Sharma,1877
CUST_01698,Neha,Patel,user1698@email.com,+91-8662176319,Ahmedabad,2021-02-28 06:00:00,Basic,38.0,Neha Patel,1877
CUST_01699,Pooja,Singh,user1699@email.com,+91-9022983951,Delhi,2021-02-28 12:00:00,Standard,25.0,Pooja Singh,1877
CUST_01700,Vikram,Singh,user1700@email.com,+91-8267981010,Kolkata,2021-02-28 18:00:00,Standard,31.0,Vikram Singh,1876
CUST_01701,Priya,Mehta,user1701@email.com,+91-9182929383,Chennai,2021-03-01 00:00:00,Standard,56.0,Priya Mehta,1876
CUST_01702,Neha,Reddy,user1702@email.com,+91-7282265862,Ahmedabad,2021-03-01 06:00:00,Basic,33.0,Neha Reddy,1876
CUST_01703,Priya,Nair,user1703@email.com,+91-7873723334,Pune,2021-03-01 12:00:00,Premium,35.0,Priya Nair,1876
CUST_01704,Priya,Shah,user1704@email.com,+91-8156015421,Pune,2021-03-01 18:00:00,Standard,48.0,Priya Shah,1875
CUST_01705,Neha,Shah,user1705@email.com,+91-7528313005,Ahmedabad,2021-03-02 00:00:00,Basic,28.0,Neha Shah,1875
CUST_01706,Anjali,Kumar,user1706@email.com,+91-8745100258,Ahmedabad,2021-03-02 06:00:00,Basic,55.0,Anjali Kumar,1875
CUST_01707,Arjun,Joshi,user1707@email.com,+91-9968919105,Ahmedabad,2021-03-02 12:00:00,Premium,37.0,Arjun Joshi,1875
CUST_01708,Pooja,Sharma,user1708@email.com,+91-7136402420,Kolkata,2021-03-02 18:00:00,Basic,44.0,Pooja Sharma,1874
CUST_01709,Rahul,Patel,user1709@email.com,+91-7650139366,Pune,2021-03-03 00:00:00,Standard,63.0,Rahul Patel,1874
CUST_01710,Rahul,Kumar,user1710@email.com,+91-7965463803,Pune,2021-03-03 06:00:00,Premium,44.0,Rahul Kumar,1874
CUST_01711,Pooja,Singh,user1711@email.com,+91-7487201658,Mumbai,2021-03-03 12:00:00,Standard,62.0,Pooja Singh,1874
CUST_01712,Anjali,Sharma,user1712@email.com,+91-7150186082,Ahmedabad,2021-03-03 18:00:00,Basic,21.0,Anjali Sharma,1873
CUST_01713,Rahul,Gupta,user1713@email.com,+91-9343400716,Delhi,2021-03-04 00:00:00,Standard,37.0,Rahul Gupta,1873
CUST_01714,Priya,Reddy,user1714@email.com,+91-9580180706,Ahmedabad,2021-03-04 06:00:00,Standard,48.0,Priya Reddy,1873
CUST_01715,Meera,Patel,user1715@email.com,+91-9866647577,Chennai,2021-03-04 12:00:00,Premium,37.0,Meera Patel,1873
CUST_01716,Vikram,Gupta,user1716@email.com,+91-8027858866,Chennai,2021-03-04 18:00:00,Basic,28.0,Vikram Gupta,1872
CUST_01717,Aarav,Nair,user1717@email.com,+91-8227453876,Pune,2021-03-05 00:00:00,Basic,67.0,Aarav Nair,1872
CUST_01718,Rahul,Reddy,user1718@email.com,+91-9402886503,Ahmedabad,2021-03-05 06:00:00,Basic,18.0,Rahul Reddy,1872
CUST_01719,Pooja,Sharma,user1719@email.com,+91-8710652932,Bengaluru,2021-03-05 12:00:00,Standard,61.0,Pooja Sharma,1872
CUST_01720,Meera,Reddy,user1720@email.com,+91-8822708788,Chennai,2021-03-05 18:00:00,Standard,35.0,Meera Reddy,1871
CUST_01721,Neha,Kumar,user1721@email.com,+91-8653330729,Ahmedabad,2021-03-06 00:00:00,Standard,56.0,Neha Kumar,1871
CUST_01722,Arjun,Mehta,user1722@email.com,+91-8301691083,Delhi,2021-03-06 06:00:00,Standard,61.0,Arjun Mehta,1871
CUST_01723,Pooja,Kumar,user1723@email.com,+91-7917814261,Hyderabad,2021-03-06 12:00:00,Basic,50.0,Pooja Kumar,1871
CUST_01724,Priya,Nair,user1724@email.com,+91-7845377345,Ahmedabad,2021-03-06 18:00:00,Standard,53.0,Priya Nair,1870
CUST_01725,Arjun,Joshi,user1725@email.com,+91-8304569860,Delhi,2021-03-07 00:00:00,Standard,35.0,Arjun Joshi,1870
CUST_01726,Vikram,Gupta,user1726@email.com,+91-9458364990,Pune,2021-03-07 06:00:00,Standard,64.0,Vikram Gupta,1870
CUST_01727,Vikram,Kumar,user1727@email.com,+91-7699796154,Pune,2021-03-07 12:00:00,Basic,48.0,Vikram Kumar,1870
CUST_01728,Anjali,Mehta,user1728@email.com,+91-8412642750,Mumbai,2021-03-07 18:00:00,Premium,52.0,Anjali Mehta,1869
CUST_01729,Sanjay,Joshi,user1729@email.com,+91-8368808778,Kolkata,2021-03-08 00:00:00,Standard,56.0,Sanjay Joshi,1869
CUST_01730,Anjali,Kumar,user1730@email.com,+91-9875097871,Chennai,2021-03-08 06:00:00,Basic,55.0,Anjali Kumar,1869
CUST_01731,Meera,Singh,user1731@email.com,+91-8254495230,Kolkata,2021-03-08 12:00:00,Standard,32.0,Meera Singh,1869
CUST_01732,Arjun,Mehta,user1732@email.com,+91-8320352099,Ahmedabad,2021-03-08 18:00:00,Basic,64.0,Arjun Mehta,1868
CUST_01733,Sanjay,Gupta,user1733@email.com,+91-8750691853,Kolkata,2021-03-09 00:00:00,Premium,23.0,Sanjay Gupta,1868
CUST_01734,Neha,Patel,user1734@email.com,+91-9117921350,Chennai,2021-03-09 06:00:00,Basic,25.0,Neha Patel,1868
CUST_01735,Priya,Shah,user1735@email.com,+91-8777214425,Chennai,2021-03-09 12:00:00,Premium,57.0,Priya Shah,1868
CUST_01736,Arjun,Joshi,user1736@email.com,+91-8928976358,Ahmedabad,2021-03-09 18:00:00,Premium,39.0,Arjun Joshi,1867
CUST_01737,Anjali,Singh,user1737@email.com,+91-9120131537,Pune,2021-03-10 00:00:00,Basic,18.0,Anjali Singh,1867
CUST_01738,Aarav,Patel,user1738@email.com,+91-7880691830,Chennai,2021-03-10 06:00:00,Standard,30.0,Aarav Patel,1867
CUST_01739,Sanjay,Sharma,user1739@email.com,+91-8916803635,Bengaluru,2021-03-10 12:00:00,Standard,41.0,Sanjay Sharma,1867
CUST_01740,Sanjay,Mehta,user1740@email.com,+91-9189313927,Bengaluru,2021-03-10 18:00:00,Standard,38.0,Sanjay Mehta,1866
CUST_01741,Priya,Singh,user1741@email.com,+91-8265646667,Hyderabad,2021-03-11 00:00:00,Basic,62.0,Priya Singh,1866
CUST_01742,Rahul,Reddy,user1742@email.com,+91-8627500335,Chennai,2021-03-11 06:00:00,Standard,60.0,Rahul Reddy,1866
CUST_01743,Vikram,Sharma,user1743@email.com,+91-8040239660,Mumbai,2021-03-11 12:00:00,Standard,21.0,Vikram Sharma,1866
CUST_01744,Vikram,Sharma,user1744@email.com,+91-8026186896,Hyderabad,2021-03-11 18:00:00,Standard,24.0,Vikram Sharma,1865
CUST_01745,Aarav,Joshi,user1745@email.com,+91-8857621226,Pune,2021-03-12 00:00:00,Basic,29.0,Aarav Joshi,1865
CUST_01746,Meera,Mehta,user1746@email.com,+91-9765790645,Chennai,2021-03-12 06:00:00,Standard,30.0,Meera Mehta,1865
CUST_01747,Meera,Singh,user1747@email.com,+91-9934048861,Bengaluru,2021-03-12 12:00:00,Standard,61.0,Meera Singh,1865
CUST_01748,Neha,Nair,user1748@email.com,+91-7802417714,Mumbai,2021-03-12 18:00:00,Basic,33.0,Neha Nair,1864
CUST_01749,Arjun,Singh,user1749@email.com,+91-9777916090,Ahmedabad,2021-03-13 00:00:00,Premium,23.0,Arjun Singh,1864
CUST_01750,Pooja,Kumar,user1750@email.com,+91-8480785664,Hyderabad,2021-03-13 06:00:00,Standard,31.0,Pooja Kumar,1864
CUST_01751,Rahul,Sharma,user1751@email.com,+91-9931317922,Mumbai,2021-03-13 12:00:00,Premium,68.0,Rahul Sharma,1864
CUST_01752,Anjali,Gupta,user1752@email.com,+91-8953007110,Chennai,2021-03-13 18:00:00,Premium,65.0,Anjali Gupta,1863
CUST_01753,Pooja,Sharma,user1753@email.com,+91-8570139226,Delhi,2021-03-14 00:00:00,Premium,48.0,Pooja Sharma,1863
CUST_01754,Pooja,Sharma,user1754@email.com,+91-9453589201,Mumbai,2021-03-14 06:00:00,Standard,53.0,Pooja Sharma,1863
CUST_01755,Sanjay,Shah,user1755@email.com,+91-8544626744,Mumbai,2021-03-14 12:00:00,Basic,54.0,Sanjay Shah,1863
CUST_01756,Aarav,Reddy,user1756@email.com,+91-7017045335,Pune,2021-03-14 18:00:00,Standard,58.0,Aarav Reddy,1862
CUST_01757,Vikram,Nair,user1757@email.com,+91-8987138733,Bengaluru,2021-03-15 00:00:00,Standard,52.0,Vikram Nair,1862
CUST_01758,Neha,Patel,user1758@email.com,+91-9763259978,Ahmedabad,2021-03-15 06:00:00,Premium,27.0,Neha Patel,1862
CUST_01759,Meera,Patel,user1759@email.com,+91-9144396473,Chennai,2021-03-15 12:00:00,Standard,34.0,Meera Patel,1862
CUST_01760,Aarav,Reddy,user1760@email.com,+91-9072399114,Mumbai,2021-03-15 18:00:00,Standard,68.0,Aarav Reddy,1861
CUST_01761,Sanjay,Sharma,user1761@email.com,+91-9607410432,Chennai,2021-03-16 00:00:00,Basic,59.0,Sanjay Sharma,1861
CUST_01762,Anjali,Patel,user1762@email.com,+91-8177363074,Bengaluru,2021-03-16 06:00:00,Standard,47.0,Anjali Patel,1861
CUST_01763,Neha,Mehta,user1763@email.com,+91-8415787620,Pune,2021-03-16 12:00:00,Premium,61.0,Neha Mehta,1861
CUST_01764,Sanjay,Nair,user1764@email.com,+91-9145253807,Chennai,2021-03-16 18:00:00,Standard,24.0,Sanjay Nair,1860
CUST_01765,Vikram,Patel,user1765@email.com,+91-8977201637,Kolkata,2021-03-17 00:00:00,Standard,35.0,Vikram Patel,1860
CUST_01766,Vikram,Reddy,user1766@email.com,+91-7981744771,Bengaluru,2021-03-17 06:00:00,Standard,36.0,Vikram Reddy,1860
CUST_01767,Vikram,Kumar,user1767@email.com,+91-7874445247,Bengaluru,2021-03-17 12:00:00,Basic,32.0,Vikram Kumar,1860
CUST_01768,Aarav,Patel,user1768@email.com,+91-9582091534,Ahmedabad,2021-03-17 18:00:00,Basic,56.0,Aarav Patel,1859
CUST_01769,Aarav,Nair,user1769@email.com,+91-7738823618,Hyderabad,2021-03-18 00:00:00,Standard,61.0,Aarav Nair,1859
CUST_01770,Meera,Joshi,user1770@email.com,+91-8231980910,Pune,2021-03-18 06:00:00,Standard,39.0,Meera Joshi,1859
CUST_01771,Meera,Joshi,user1771@email.com,+91-9295495626,Pune,2021-03-18 12:00:00,Premium,56.0,Meera Joshi,1859
CUST_01772,Anjali,Mehta,user1772@email.com,+91-8508761595,Ahmedabad,2021-03-18 18:00:00,Premium,59.0,Anjali Mehta,1858
CUST_01773,Neha,Singh,user1773@email.com,+91-8933144682,Kolkata,2021-03-19 00:00:00,Basic,47.0,Neha Singh,1858
CUST_01774,Priya,Singh,user1774@email.com,+91-9178974390,Chennai,2021-03-19 06:00:00,Basic,37.0,Priya Singh,1858
CUST_01775,Priya,Patel,user1775@email.com,+91-7395682809,Delhi,2021-03-19 12:00:00,Premium,49.0,Priya Patel,1858
CUST_01776,Sanjay,Gupta,user1776@email.com,+91-8007458110,Kolkata,2021-03-19 18:00:00,Premium,59.0,Sanjay Gupta,1857
CUST_01777,Vikram,Kumar,user1777@email.com,+91-7635721597,Hyderabad,2021-03-20 00:00:00,Premium,42.0,Vikram Kumar,1857
CUST_01778,Neha,Reddy,user1778@email.com,+91-9378010267,Pune,2021-03-20 06:00:00,Premium,40.0,Neha Reddy,1857
CUST_01779,Pooja,Kumar,user1779@email.com,+91-8391794267,Bengaluru,2021-03-20 12:00:00,Standard,22.0,Pooja Kumar,1857
CUST_01780,Aarav,Joshi,user1780@email.com,+91-9168367560,Pune,2021-03-20 18:00:00,Standard,67.0,Aarav Joshi,1856
CUST_01781,Arjun,Patel,user1781@email.com,+91-9755968226,Kolkata,2021-03-21 00:00:00,Basic,58.0,Arjun Patel,1856
CUST_01782,Rahul,Nair,user1782@email.com,+91-9307635713,Delhi,2021-03-21 06:00:00,Basic,47.0,Rahul Nair,1856
CUST_01783,Anjali,Reddy,user1783@email.com,+91-7081660093,Mumbai,2021-03-21 12:00:00,Basic,65.0,Anjali Reddy,1856
CUST_01784,Vikram,Kumar,user1784@email.com,+91-7268468214,Mumbai,2021-03-21 18:00:00,Standard,56.0,Vikram Kumar,1855
CUST_01785,Vikram,Nair,user1785@email.com,+91-7866275659,Ahmedabad,2021-03-22 00:00:00,Basic,44.0,Vikram Nair,1855
CUST_01786,Vikram,Reddy,user1786@email.com,+91-7829081017,Pune,2021-03-22 06:00:00,Standard,59.0,Vikram Reddy,1855
CUST_01787,Aarav,Kumar,user1787@email.com,+91-9458922285,Pune,2021-03-22 12:00:00,Standard,54.0,Aarav Kumar,1855
CUST_01788,Aarav,Mehta,user1788@email.com,+91-8315473511,Hyderabad,2021-03-22 18:00:00,Standard,24.0,Aarav Mehta,1854
CUST_01789,Rahul,Joshi,user1789@email.com,+91-8184558274,Pune,2021-03-23 00:00:00,Standard,22.0,Rahul Joshi,1854
CUST_01790,Pooja,Sharma,user1790@email.com,+91-8325545764,Delhi,2021-03-23 06:00:00,Basic,32.0,Pooja Sharma,1854
CUST_01791,Neha,Reddy,user1791@email.com,+91-8119018030,Pune,2021-03-23 12:00:00,Standard,68.0,Neha Reddy,1854
CUST_01792,Vikram,Joshi,user1792@email.com,+91-9003119212,Chennai,2021-03-23 18:00:00,Standard,59.0,Vikram Joshi,1853
CUST_01793,Priya,Shah,user1793@email.com,+91-8537335194,Kolkata,2021-03-24 00:00:00,Basic,25.0,Priya Shah,1853
CUST_01794,Meera,Gupta,user1794@email.com,+91-8313613529,Ahmedabad,2021-03-24 06:00:00,Premium,26.0,Meera Gupta,1853
CUST_01795,Priya,Patel,user1795@email.com,+91-9819164600,Delhi,2021-03-24 12:00:00,Basic,28.0,Priya Patel,1853
CUST_01796,Sanjay,Shah,user1796@email.com,+91-7269874387,Hyderabad,2021-03-24 18:00:00,Standard,39.0,Sanjay Shah,1852
CUST_01797,Priya,Nair,user1797@email.com,+91-8939758461,Chennai,2021-03-25 00:00:00,Premium,51.0,Priya Nair,1852
CUST_01798,Sanjay,Reddy,user1798@email.com,+91-7368896569,Chennai,2021-03-25 06:00:00,Standard,52.0,Sanjay Reddy,1852
CUST_01799,Arjun,Patel,user1799@email.com,+91-9085181599,Kolkata,2021-03-25 12:00:00,Basic,30.0,Arjun Patel,1852
CUST_01800,Meera,Patel,user1800@email.com,+91-9003185826,Mumbai,2021-03-25 18:00:00,Premium,28.0,Meera Patel,1851
CUST_01801,Priya,Shah,user1801@email.com,+91-8346356942,Delhi,2021-03-26 00:00:00,Basic,49.0,Priya Shah,1851
CUST_01802,Arjun,Shah,user1802@email.com,+91-9233082745,Kolkata,2021-03-26 06:00:00,Premium,59.0,Arjun Shah,1851
CUST_01803,Anjali,Sharma,user1803@email.com,+91-8260073462,Chennai,2021-03-26 12:00:00,Basic,32.0,Anjali Sharma,1851
CUST_01804,Neha,Kumar,user1804@email.com,+91-8966201367,Hyderabad,2021-03-26 18:00:00,Basic,55.0,Neha Kumar,1850
CUST_01805,Arjun,Reddy,user1805@email.com,+91-8384293737,Kolkata,2021-03-27 00:00:00,Standard,18.0,Arjun Reddy,1850
CUST_01806,Neha,Joshi,user1806@email.com,+91-8239363872,Mumbai,2021-03-27 06:00:00,Standard,63.0,Neha Joshi,1850
CUST_01807,Priya,Singh,user1807@email.com,+91-7290296575,Chennai,2021-03-27 12:00:00,Basic,67.0,Priya Singh,1850
CUST_01808,Pooja,Reddy,user1808@email.com,+91-8856794800,Kolkata,2021-03-27 18:00:00,Basic,41.0,Pooja Reddy,1849
CUST_01809,Arjun,Reddy,user1809@email.com,+91-7600711503,Delhi,2021-03-28 00:00:00,Basic,60.0,Arjun Reddy,1849
CUST_01810,Meera,Reddy,user1810@email.com,+91-9552944992,Mumbai,2021-03-28 06:00:00,Standard,57.0,Meera Reddy,1849
CUST_01811,Priya,Patel,user1811@email.com,+91-7760146185,Delhi,2021-03-28 12:00:00,Standard,39.0,Priya Patel,1849
CUST_01812,Vikram,Nair,user1812@email.com,+91-9723868698,Delhi,2021-03-28 18:00:00,Standard,20.0,Vikram Nair,1848
CUST_01813,Aarav,Patel,user1813@email.com,+91-7428117138,Delhi,2021-03-29 00:00:00,Standard,31.0,Aarav Patel,1848
CUST_01814,Arjun,Nair,user1814@email.com,+91-7959735966,Kolkata,2021-03-29 06:00:00,Standard,19.0,Arjun Nair,1848
CUST_01815,Meera,Shah,user1815@email.com,+91-9587821364,Mumbai,2021-03-29 12:00:00,Standard,49.0,Meera Shah,1848
CUST_01816,Anjali,Singh,user1816@email.com,+91-8515657077,Kolkata,2021-03-29 18:00:00,Basic,65.0,Anjali Singh,1847
CUST_01817,Vikram,Patel,user1817@email.com,+91-7708870717,Kolkata,2021-03-30 00:00:00,Basic,55.0,Vikram Patel,1847
CUST_01818,Anjali,Nair,user1818@email.com,+91-9706047147,Kolkata,2021-03-30 06:00:00,Standard,50.0,Anjali Nair,1847
CUST_01819,Priya,Patel,user1819@email.com,+91-7230478920,Chennai,2021-03-30 12:00:00,Premium,63.0,Priya Patel,1847
CUST_01820,Aarav,Gupta,user1820@email.com,+91-9016276761,Pune,2021-03-30 18:00:00,Premium,59.0,Aarav Gupta,1846
CUST_01821,Arjun,Patel,user1821@email.com,+91-8632548053,Bengaluru,2021-03-31 00:00:00,Standard,23.0,Arjun Patel,1846
CUST_01822,Arjun,Singh,user1822@email.com,+91-7434233227,Chennai,2021-03-31 06:00:00,Standard,58.0,Arjun Singh,1846
CUST_01823,Pooja,Singh,user1823@email.com,+91-9450353980,Mumbai,2021-03-31 12:00:00,Standard,56.0,Pooja Singh,1846
CUST_01824,Pooja,Nair,user1824@email.com,+91-9345384139,Bengaluru,2021-03-31 18:00:00,Standard,42.0,Pooja Nair,1845
CUST_01825,Priya,Nair,user1825@email.com,+91-9792420943,Bengaluru,2021-04-01 00:00:00,Standard,51.0,Priya Nair,1845
CUST_01826,Priya,Shah,user1826@email.com,+91-8226239149,Bengaluru,2021-04-01 06:00:00,Basic,28.0,Priya Shah,1845
CUST_01827,Aarav,Singh,user1827@email.com,+91-9230606226,Pune,2021-04-01 12:00:00,Standard,63.0,Aarav Singh,1845
CUST_01828,Pooja,Singh,user1828@email.com,+91-8872276502,Kolkata,2021-04-01 18:00:00,Standard,54.0,Pooja Singh,1844
CUST_01829,Meera,Sharma,user1829@email.com,+91-7912265708,Ahmedabad,2021-04-02 00:00:00,Premium,58.0,Meera Sharma,1844
CUST_01830,Meera,Reddy,user1830@email.com,+91-7465671842,Hyderabad,2021-04-02 06:00:00,Standard,24.0,Meera Reddy,1844
CUST_01831,Aarav,Mehta,user1831@email.com,+91-7266050319,Mumbai,2021-04-02 12:00:00,Basic,63.0,Aarav Mehta,1844
CUST_01832,Meera,Patel,user1832@email.com,+91-8786884068,Ahmedabad,2021-04-02 18:00:00,Standard,65.0,Meera Patel,1843
CUST_01833,Sanjay,Kumar,user1833@email.com,+91-7261785924,Pune,2021-04-03 00:00:00,Standard,39.0,Sanjay Kumar,1843
CUST_01834,Neha,Shah,user1834@email.com,+91-9730240537,Pune,2021-04-03 06:00:00,Basic,65.0,Neha Shah,1843
CUST_01835,Aarav,Reddy,user1835@email.com,+91-8379911978,Hyderabad,2021-04-03 12:00:00,Basic,56.0,Aarav Reddy,1843
CUST_01836,Aarav,Mehta,user1836@email.com,+91-8398100761,Bengaluru,2021-04-03 18:00:00,Standard,27.0,Aarav Mehta,1842
CUST_01837,Rahul,Sharma,user1837@email.com,+91-9396967496,Kolkata,2021-04-04 00:00:00,Standard,38.0,Rahul Sharma,1842
CUST_01838,Vikram,Kumar,user1838@email.com,+91-8207589852,Hyderabad,2021-04-04 06:00:00,Standard,23.0,Vikram Kumar,1842
CUST_01839,Vikram,Nair,user1839@email.com,+91-7282720307,Ahmedabad,2021-04-04 12:00:00,Premium,66.0,Vikram Nair,1842
CUST_01840,Sanjay,Singh,user1840@email.com,+91-7632100746,Ahmedabad,2021-04-04 18:00:00,Basic,18.0,Sanjay Singh,1841
CUST_01841,Pooja,Gupta,user1841@email.com,+91-9498188960,Hyderabad,2021-04-05 00:00:00,Basic,51.0,Pooja Gupta,1841
CUST_01842,Priya,Shah,user1842@email.com,+91-9700363715,Pune,2021-04-05 06:00:00,Basic,31.0,Priya Shah,1841
CUST_01843,Priya,Joshi,user1843@email.com,+91-8242959289,Mumbai,2021-04-05 12:00:00,Standard,53.0,Priya Joshi,1841
CUST_01844,Anjali,Singh,user1844@email.com,+91-8709018317,Delhi,2021-04-05 18:00:00,Standard,44.0,Anjali Singh,1840
CUST_01845,Sanjay,Gupta,user1845@email.com,+91-7197824476,Kolkata,2021-04-06 00:00:00,Basic,26.0,Sanjay Gupta,1840
CUST_01846,Aarav,Mehta,user1846@email.com,+91-9344252931,Ahmedabad,2021-04-06 06:00:00,Standard,23.0,Aarav Mehta,1840
CUST_01847,Sanjay,Nair,user1847@email.com,+91-7987814920,Ahmedabad,2021-04-06 12:00:00,Standard,48.0,Sanjay Nair,1840
CUST_01848,Sanjay,Kumar,user1848@email.com,+91-7048421104,Hyderabad,2021-04-06 18:00:00,Premium,34.0,Sanjay Kumar,1839
CUST_01849,Sanjay,Mehta,user1849@email.com,+91-7639637091,Kolkata,2021-04-07 00:00:00,Premium,44.0,Sanjay Mehta,1839
CUST_01850,Vikram,Singh,user1850@email.com,+91-8208061043,Hyderabad,2021-04-07 06:00:00,Standard,60.0,Vikram Singh,1839
CUST_01851,Sanjay,Singh,user1851@email.com,+91-7588868314,Bengaluru,2021-04-07 12:00:00,Standard,53.0,Sanjay Singh,1839
CUST_01852,Neha,Kumar,user1852@email.com,+91-9912121791,Kolkata,2021-04-07 18:00:00,Standard,38.0,Neha Kumar,1838
CUST_01853,Priya,Joshi,user1853@email.com,+91-7268724396,Bengaluru,2021-04-08 00:00:00,Premium,44.0,Priya Joshi,1838
CUST_01854,Anjali,Gupta,user1854@email.com,+91-9568360139,Ahmedabad,2021-04-08 06:00:00,Standard,58.0,Anjali Gupta,1838
CUST_01855,Neha,Mehta,user1855@email.com,+91-8001890537,Pune,2021-04-08 12:00:00,Standard,45.0,Neha Mehta,1838
CUST_01856,Anjali,Nair,user1856@email.com,+91-9136502240,Bengaluru,2021-04-08 18:00:00,Basic,33.0,Anjali Nair,1837
CUST_01857,Rahul,Singh,user1857@email.com,+91-9167853973,Kolkata,2021-04-09 00:00:00,Basic,52.0,Rahul Singh,1837
CUST_01858,Anjali,Mehta,user1858@email.com,+91-9832527549,Chennai,2021-04-09 06:00:00,Premium,53.0,Anjali Mehta,1837
CUST_01859,Priya,Joshi,user1859@email.com,+91-8938337553,Kolkata,2021-04-09 12:00:00,Basic,52.0,Priya Joshi,1837
CUST_01860,Priya,Mehta,user1860@email.com,+91-8058690615,Hyderabad,2021-04-09 18:00:00,Premium,62.0,Priya Mehta,1836
CUST_01861,Sanjay,Kumar,user1861@email.com,+91-8069686726,Bengaluru,2021-04-10 00:00:00,Basic,36.0,Sanjay Kumar,1836
CUST_01862,Arjun,Nair,user1862@email.com,+91-9707029765,Mumbai,2021-04-10 06:00:00,Standard,38.0,Arjun Nair,1836
CUST_01863,Rahul,Sharma,user1863@email.com,+91-9590756477,Chennai,2021-04-10 12:00:00,Basic,50.0,Rahul Sharma,1836
CUST_01864,Aarav,Kumar,user1864@email.com,+91-8585198923,Pune,2021-04-10 18:00:00,Standard,40.0,Aarav Kumar,1835
CUST_01865,Meera,Mehta,user1865@email.com,+91-7139898691,Delhi,2021-04-11 00:00:00,Standard,23.0,Meera Mehta,1835
CUST_01866,Anjali,Sharma,user1866@email.com,+91-7783779258,Hyderabad,2021-04-11 06:00:00,Premium,49.0,Anjali Sharma,1835
CUST_01867,Arjun,Singh,user1867@email.com,+91-9913685727,Hyderabad,2021-04-11 12:00:00,Premium,39.0,Arjun Singh,1835
CUST_01868,Sanjay,Sharma,user1868@email.com,+91-9566122918,Mumbai,2021-04-11 18:00:00,Standard,20.0,Sanjay Sharma,1834
CUST_01869,Vikram,Joshi,user1869@email.com,+91-8259998078,Delhi,2021-04-12 00:00:00,Basic,52.0,Vikram Joshi,1834
CUST_01870,Aarav,Patel,user1870@email.com,+91-8521625164,Ahmedabad,2021-04-12 06:00:00,Premium,33.0,Aarav Patel,1834
CUST_01871,Pooja,Joshi,user1871@email.com,+91-7011565546,Delhi,2021-04-12 12:00:00,Basic,59.0,Pooja Joshi,1834
CUST_01872,Arjun,Kumar,user1872@email.com,+91-9246457213,Pune,2021-04-12 18:00:00,Standard,42.0,Arjun Kumar,1833
CUST_01873,Vikram,Patel,user1873@email.com,+91-8267737881,Pune,2021-04-13 00:00:00,Standard,34.0,Vikram Patel,1833
CUST_01874,Rahul,Kumar,user1874@email.com,+91-9059886368,Chennai,2021-04-13 06:00:00,Basic,56.0,Rahul Kumar,1833
CUST_01875,Sanjay,Shah,user1875@email.com,+91-7736579703,Ahmedabad,2021-04-13 12:00:00,Standard,30.0,Sanjay Shah,1833
CUST_01876,Aarav,Nair,user1876@email.com,+91-8436849158,Hyderabad,2021-04-13 18:00:00,Basic,45.0,Aarav Nair,1832
CUST_01877,Aarav,Reddy,user1877@email.com,+91-7770092230,Bengaluru,2021-04-14 00:00:00,Premium,28.0,Aarav Reddy,1832
CUST_01878,Aarav,Singh,user1878@email.com,+91-8965310667,Pune,2021-04-14 06:00:00,Basic,27.0,Aarav Singh,1832
CUST_01879,Rahul,Singh,user1879@email.com,+91-8371571571,Mumbai,2021-04-14 12:00:00,Premium,56.0,Rahul Singh,1832
CUST_01880,Anjali,Shah,user1880@email.com,+91-9387490670,Mumbai,2021-04-14 18:00:00,Premium,41.0,Anjali Shah,1831
CUST_01881,Pooja,Mehta,user1881@email.com,+91-7082745227,Mumbai,2021-04-15 00:00:00,Basic,55.0,Pooja Mehta,1831
CUST_01882,Rahul,Gupta,user1882@email.com,+91-9914068786,Kolkata,2021-04-15 06:00:00,Basic,41.0,Rahul Gupta,1831
CUST_01883,Meera,Kumar,user1883@email.com,+91-8746079483,Ahmedabad,2021-04-15 12:00:00,Standard,50.0,Meera Kumar,1831
CUST_01884,Pooja,Reddy,user1884@email.com,+91-8414279853,Ahmedabad,2021-04-15 18:00:00,Standard,34.0,Pooja Reddy,1830
CUST_01885,Priya,Reddy,user1885@email.com,+91-7573564243,Pune,2021-04-16 00:00:00,Standard,61.0,Priya Reddy,1830
CUST_01886,Sanjay,Joshi,user1886@email.com,+91-7840488625,Pune,2021-04-16 06:00:00,Standard,53.0,Sanjay Joshi,1830
CUST_01887,Rahul,Joshi,user1887@email.com,+91-9234033203,Mumbai,2021-04-16 12:00:00,Basic,52.0,Rahul Joshi,1830
CUST_01888,Vikram,Gupta,user1888@email.com,+91-9709232800,Ahmedabad,2021-04-16 18:00:00,Basic,23.0,Vikram Gupta,1829
CUST_01889,Pooja,Mehta,user1889@email.com,+91-9399686904,Ahmedabad,2021-04-17 00:00:00,Premium,33.0,Pooja Mehta,1829
CUST_01890,Meera,Shah,user1890@email.com,+91-9576535023,Pune,2021-04-17 06:00:00,Standard,62.0,Meera Shah,1829
CUST_01891,Priya,Sharma,user1891@email.com,+91-7218011730,Kolkata,2021-04-17 12:00:00,Basic,45.0,Priya Sharma,1829
CUST_01892,Anjali,Joshi,user1892@email.com,+91-9201530984,Bengaluru,2021-04-17 18:00:00,Standard,58.0,Anjali Joshi,1828
CUST_01893,Vikram,Mehta,user1893@email.com,+91-9770983894,Bengaluru,2021-04-18 00:00:00,Basic,49.0,Vikram Mehta,1828
CUST_01894,Pooja,Nair,user1894@email.com,+91-7132761423,Chennai,2021-04-18 06:00:00,Premium,43.0,Pooja Nair,1828
CUST_01895,Sanjay,Singh,user1895@email.com,+91-9817374031,Ahmedabad,2021-04-18 12:00:00,Basic,28.0,Sanjay Singh,1828
CUST_01896,Vikram,Singh,user1896@email.com,+91-7317505909,Hyderabad,2021-04-18 18:00:00,Premium,69.0,Vikram Singh,1827
CUST_01897,Priya,Mehta,user1897@email.com,+91-8078064276,Bengaluru,2021-04-19 00:00:00,Basic,42.0,Priya Mehta,1827
CUST_01898,Vikram,Gupta,user1898@email.com,+91-9987835272,Chennai,2021-04-19 06:00:00,Standard,48.0,Vikram Gupta,1827
CUST_01899,Neha,Shah,user1899@email.com,+91-9377465641,Delhi,2021-04-19 12:00:00,Standard,38.0,Neha Shah,1827
CUST_01900,Arjun,Reddy,user1900@email.com,+91-9455757360,Hyderabad,2021-04-19 18:00:00,Basic,62.0,Arjun Reddy,1826
CUST_01901,Anjali,Gupta,user1901@email.com,+91-8576243966,Ahmedabad,2021-04-20 00:00:00,Premium,68.0,Anjali Gupta,1826
CUST_01902,Priya,Mehta,user1902@email.com,+91-8913910374,Bengaluru,2021-04-20 06:00:00,Standard,20.0,Priya Mehta,1826
CUST_01903,Vikram,Shah,user1903@email.com,+91-7666599815,Kolkata,2021-04-20 12:00:00,Standard,29.0,Vikram Shah,1826
CUST_01904,Arjun,Shah,user1904@email.com,+91-7409541135,Delhi,2021-04-20 18:00:00,Standard,68.0,Arjun Shah,1825
CUST_01905,Arjun,Kumar,user1905@email.com,+91-9078697631,Chennai,2021-04-21 00:00:00,Basic,57.0,Arjun Kumar,1825
CUST_01906,Vikram,Patel,user1906@email.com,+91-8731692544,Bengaluru,2021-04-21 06:00:00,Basic,63.0,Vikram Patel,1825
CUST_01907,Sanjay,Singh,user1907@email.com,+91-9527706176,Ahmedabad,2021-04-21 12:00:00,Premium,58.0,Sanjay Singh,1825
CUST_01908,Neha,Mehta,user1908@email.com,+91-7783021406,Bengaluru,2021-04-21 18:00:00,Basic,42.0,Neha Mehta,1824
CUST_01909,Rahul,Reddy,user1909@email.com,+91-9756353743,Pune,2021-04-22 00:00:00,Standard,34.0,Rahul Reddy,1824
CUST_01910,Neha,Patel,user1910@email.com,+91-7277274320,Delhi,2021-04-22 06:00:00,Basic,55.0,Neha Patel,1824
CUST_01911,Vikram,Nair,user1911@email.com,+91-7398284700,Bengaluru,2021-04-22 12:00:00,Standard,53.0,Vikram Nair,1824
CUST_01912,Anjali,Joshi,user1912@email.com,+91-7460182381,Mumbai,2021-04-22 18:00:00,Standard,53.0,Anjali Joshi,1823
CUST_01913,Rahul,Kumar,user1913@email.com,+91-9887546541,Kolkata,2021-04-23 00:00:00,Standard,36.0,Rahul Kumar,1823
CUST_01914,Priya,Joshi,user1914@email.com,+91-7007075676,Pune,2021-04-23 06:00:00,Standard,61.0,Priya Joshi,1823
CUST_01915,Neha,Patel,user1915@email.com,+91-7483313596,Pune,2021-04-23 12:00:00,Standard,19.0,Neha Patel,1823
CUST_01916,Vikram,Patel,user1916@email.com,+91-8521533746,Bengaluru,2021-04-23 18:00:00,Standard,34.0,Vikram Patel,1822
CUST_01917,Neha,Joshi,user1917@email.com,+91-8658492896,Kolkata,2021-04-24 00:00:00,Basic,47.0,Neha Joshi,1822
CUST_01918,Rahul,Reddy,user1918@email.com,+91-9624003084,Pune,2021-04-24 06:00:00,Standard,64.0,Rahul Reddy,1822
CUST_01919,Meera,Reddy,user1919@email.com,+91-8119053075,Hyderabad,2021-04-24 12:00:00,Standard,27.0,Meera Reddy,1822
CUST_01920,Pooja,Sharma,user1920@email.com,+91-7590561680,Delhi,2021-04-24 18:00:00,Standard,52.0,Pooja Sharma,1821
CUST_01921,Neha,Nair,user1921@email.com,+91-7603939428,Hyderabad,2021-04-25 00:00:00,Basic,69.0,Neha Nair,1821
CUST_01922,Priya,Reddy,user1922@email.com,+91-7761040787,Chennai,2021-04-25 06:00:00,Basic,53.0,Priya Reddy,1821
CUST_01923,Priya,Nair,user1923@email.com,+91-9677975826,Hyderabad,2021-04-25 12:00:00,Basic,50.0,Priya Nair,1821
CUST_01924,Aarav,Nair,user1924@email.com,+91-8257508427,Kolkata,2021-04-25 18:00:00,Basic,18.0,Aarav Nair,1820
CUST_01925,Neha,Patel,user1925@email.com,+91-8720420165,Mumbai,2021-04-26 00:00:00,Basic,35.0,Neha Patel,1820
CUST_01926,Pooja,Nair,user1926@email.com,+91-9980649935,Pune,2021-04-26 06:00:00,Standard,21.0,Pooja Nair,1820
CUST_01927,Sanjay,Kumar,user1927@email.com,+91-7107976436,Kolkata,2021-04-26 12:00:00,Basic,64.0,Sanjay Kumar,1820
CUST_01928,Arjun,Joshi,user1928@email.com,+91-8908287674,Pune,2021-04-26 18:00:00,Premium,44.0,Arjun Joshi,1819
CUST_01929,Pooja,Sharma,user1929@email.com,+91-7574314405,Ahmedabad,2021-04-27 00:00:00,Standard,42.0,Pooja Sharma,1819
CUST_01930,Arjun,Mehta,user1930@email.com,+91-8039246371,Mumbai,2021-04-27 06:00:00,Standard,45.0,Arjun Mehta,1819
CUST_01931,Arjun,Gupta,user1931@email.com,+91-8040518895,Pune,2021-04-27 12:00:00,Basic,44.0,Arjun Gupta,1819
CUST_01932,Meera,Sharma,user1932@email.com,+91-8200483607,Hyderabad,2021-04-27 18:00:00,Standard,39.0,Meera Sharma,1818
CUST_01933,Aarav,Kumar,user1933@email.com,+91-8937995044,Ahmedabad,2021-04-28 00:00:00,Standard,59.0,Aarav Kumar,1818
CUST_01934,Pooja,Sharma,user1934@email.com,+91-9994346113,Ahmedabad,2021-04-28 06:00:00,Standard,42.0,Pooja Sharma,1818
CUST_01935,Pooja,Nair,user1935@email.com,+91-8148372418,Chennai,2021-04-28 12:00:00,Standard,34.0,Pooja Nair,1818
CUST_01936,Meera,Patel,user1936@email.com,+91-8402382124,Ahmedabad,2021-04-28 18:00:00,Premium,61.0,Meera Patel,1817
CUST_01937,Neha,Gupta,user1937@email.com,+91-8690671238,Ahmedabad,2021-04-29 00:00:00,Premium,69.0,Neha Gupta,1817
CUST_01938,Neha,Reddy,user1938@email.com,+91-7806064797,Bengaluru,2021-04-29 06:00:00,Standard,29.0,Neha Reddy,1817
CUST_01939,Neha,Patel,user1939@email.com,+91-7319668932,Mumbai,2021-04-29 12:00:00,Standard,33.0,Neha Patel,1817
CUST_01940,Anjali,Nair,user1940@email.com,+91-8867011343,Hyderabad,2021-04-29 18:00:00,Standard,54.0,Anjali Nair,1816
CUST_01941,Arjun,Nair,user1941@email.com,+91-8087241571,Kolkata,2021-04-30 00:00:00,Basic,33.0,Arjun Nair,1816
CUST_01942,Anjali,Gupta,user1942@email.com,+91-8620790866,Hyderabad,2021-04-30 06:00:00,Basic,34.0,Anjali Gupta,1816
CUST_01943,Aarav,Gupta,user1943@email.com,+91-8593301069,Hyderabad,2021-04-30 12:00:00,Standard,48.0,Aarav Gupta,1816
CUST_01944,Meera,Singh,user1944@email.com,+91-7163742566,Bengaluru,2021-04-30 18:00:00,Standard,32.0,Meera Singh,1815
CUST_01945,Pooja,Shah,user1945@email.com,+91-8013901094,Delhi,2021-05-01 00:00:00,Premium,30.0,Pooja Shah,1815
CUST_01946,Arjun,Shah,user1946@email.com,+91-8025977307,Pune,2021-05-01 06:00:00,Premium,57.0,Arjun Shah,1815
CUST_01947,Anjali,Patel,user1947@email.com,+91-8647129570,Pune,2021-05-01 12:00:00,Premium,44.0,Anjali Patel,1815
CUST_01948,Anjali,Reddy,user1948@email.com,+91-7984141241,Kolkata,2021-05-01 18:00:00,Standard,38.0,Anjali Reddy,1814
CUST_01949,Vikram,Sharma,user1949@email.com,+91-9777952194,Ahmedabad,2021-05-02 00:00:00,Basic,19.0,Vikram Sharma,1814
CUST_01950,Anjali,Nair,user1950@email.com,+91-9037415014,Chennai,2021-05-02 06:00:00,Standard,25.0,Anjali Nair,1814
CUST_01951,Sanjay,Nair,user1951@email.com,+91-9003159028,Kolkata,2021-05-02 12:00:00,Standard,59.0,Sanjay Nair,1814
CUST_01952,Pooja,Singh,user1952@email.com,+91-8226665227,Delhi,2021-05-02 18:00:00,Standard,24.0,Pooja Singh,1813
CUST_01953,Sanjay,Patel,user1953@email.com,+91-9128353731,Pune,2021-05-03 00:00:00,Premium,27.0,Sanjay Patel,1813
CUST_01954,Pooja,Patel,user1954@email.com,+91-9823919259,Chennai,2021-05-03 06:00:00,Standard,21.0,Pooja Patel,1813
CUST_01955,Meera,Joshi,user1955@email.com,+91-8908412057,Kolkata,2021-05-03 12:00:00,Basic,60.0,Meera Joshi,1813
CUST_01956,Pooja,Gupta,user1956@email.com,+91-8806409482,Chennai,2021-05-03 18:00:00,Basic,58.0,Pooja Gupta,1812
CUST_01957,Sanjay,Reddy,user1957@email.com,+91-8025172351,Hyderabad,2021-05-04 00:00:00,Standard,53.0,Sanjay Reddy,1812
CUST_01958,Pooja,Gupta,user1958@email.com,+91-8225711093,Mumbai,2021-05-04 06:00:00,Standard,52.0,Pooja Gupta,1812
CUST_01959,Meera,Reddy,user1959@email.com,+91-8949428761,Hyderabad,2021-05-04 12:00:00,Standard,60.0,Meera Reddy,1812
CUST_01960,Meera,Kumar,user1960@email.com,+91-7672234377,Bengaluru,2021-05-04 18:00:00,Basic,20.0,Meera Kumar,1811
CUST_01961,Aarav,Mehta,user1961@email.com,+91-9878074483,Ahmedabad,2021-05-05 00:00:00,Standard,35.0,Aarav Mehta,1811
CUST_01962,Pooja,Shah,user1962@email.com,+91-7173278981,Pune,2021-05-05 06:00:00,Premium,68.0,Pooja Shah,1811
CUST_01963,Vikram,Shah,user1963@email.com,+91-8960023943,Chennai,2021-05-05 12:00:00,Basic,63.0,Vikram Shah,1811
CUST_01964,Neha,Reddy,user1964@email.com,+91-8904754470,Kolkata,2021-05-05 18:00:00,Standard,60.0,Neha Reddy,1810
CUST_01965,Priya,Shah,user1965@email.com,+91-9823837328,Ahmedabad,2021-05-06 00:00:00,Standard,41.0,Priya Shah,1810
CUST_01966,Meera,Gupta,user1966@email.com,+91-9002772646,Mumbai,2021-05-06 06:00:00,Standard,49.0,Meera Gupta,1810
CUST_01967,Rahul,Nair,user1967@email.com,+91-7620014512,Kolkata,2021-05-06 12:00:00,Standard,51.0,Rahul Nair,1810
CUST_01968,Neha,Gupta,user1968@email.com,+91-9231073060,Pune,2021-05-06 18:00:00,Standard,19.0,Neha Gupta,1809
CUST_01969,Arjun,Reddy,user1969@email.com,+91-7766216530,Chennai,2021-05-07 00:00:00,Premium,19.0,Arjun Reddy,1809
CUST_01970,Pooja,Patel,user1970@email.com,+91-9097416920,Chennai,2021-05-07 06:00:00,Standard,27.0,Pooja Patel,1809
CUST_01971,Sanjay,Gupta,user1971@email.com,+91-8535153886,Hyderabad,2021-05-07 12:00:00,Basic,40.0,Sanjay Gupta,1809
CUST_01972,Priya,Shah,user1972@email.com,+91-8736764610,Mumbai,2021-05-07 18:00:00,Basic,32.0,Priya Shah,1808
CUST_01973,Rahul,Singh,user1973@email.com,+91-7605107437,Mumbai,2021-05-08 00:00:00,Basic,29.0,Rahul Singh,1808
CUST_01974,Neha,Joshi,user1974@email.com,+91-9223695246,Pune,2021-05-08 06:00:00,Standard,60.0,Neha Joshi,1808
CUST_01975,Pooja,Nair,user1975@email.com,+91-7152113487,Chennai,2021-05-08 12:00:00,Premium,34.0,Pooja Nair,1808
CUST_01976,Aarav,Shah,user1976@email.com,+91-9463361077,Ahmedabad,2021-05-08 18:00:00,Premium,35.0,Aarav Shah,1807
CUST_01977,Arjun,Singh,user1977@email.com,+91-8563020444,Mumbai,2021-05-09 00:00:00,Standard,31.0,Arjun Singh,1807
CUST_01978,Priya,Reddy,user1978@email.com,+91-9650590653,Mumbai,2021-05-09 06:00:00,Standard,34.0,Priya Reddy,1807
CUST_01979,Vikram,Kumar,user1979@email.com,+91-9596351749,Kolkata,2021-05-09 12:00:00,Basic,32.0,Vikram Kumar,1807
CUST_01980,Aarav,Singh,user1980@email.com,+91-8958362567,Pune,2021-05-09 18:00:00,Standard,29.0,Aarav Singh,1806
CUST_01981,Rahul,Mehta,user1981@email.com,+91-7184584702,Hyderabad,2021-05-10 00:00:00,Basic,33.0,Rahul Mehta,1806
CUST_01982,Priya,Kumar,user1982@email.com,+91-9008018217,Kolkata,2021-05-10 06:00:00,Basic,49.0,Priya Kumar,1806
CUST_01983,Aarav,Sharma,user1983@email.com,+91-8365716559,Kolkata,2021-05-10 12:00:00,Premium,40.0,Aarav Sharma,1806
CUST_01984,Arjun,Nair,user1984@email.com,+91-8888632082,Delhi,2021-05-10 18:00:00,Basic,55.0,Arjun Nair,1805
CUST_01985,Vikram,Shah,user1985@email.com,+91-7931818717,Bengaluru,2021-05-11 00:00:00,Standard,51.0,Vikram Shah,1805
CUST_01986,Aarav,Sharma,user1986@email.com,+91-9269414351,Delhi,2021-05-11 06:00:00,Premium,51.0,Aarav Sharma,1805
CUST_01987,Anjali,Gupta,user1987@email.com,+91-7743663234,Mumbai,2021-05-11 12:00:00,Standard,33.0,Anjali Gupta,1805
CUST_01988,Vikram,Reddy,user1988@email.com,+91-9219592374,Chennai,2021-05-11 18:00:00,Standard,51.0,Vikram Reddy,1804
CUST_01989,Rahul,Nair,user1989@email.com,+91-7149363230,Bengaluru,2021-05-12 00:00:00,Standard,57.0,Rahul Nair,1804
CUST_01990,Arjun,Patel,user1990@email.com,+91-8950246678,Bengaluru,2021-05-12 06:00:00,Standard,24.0,Arjun Patel,1804
CUST_01991,Pooja,Kumar,user1991@email.com,+91-9092177700,Chennai,2021-05-12 12:00:00,Premium,50.0,Pooja Kumar,1804
CUST_01992,Sanjay,Patel,user1992@email.com,+91-7214740368,Bengaluru,2021-05-12 18:00:00,Basic,21.0,Sanjay Patel,1803
CUST_01993,Sanjay,Sharma,user1993@email.com,+91-8241889271,Chennai,2021-05-13 00:00:00,Standard,60.0,Sanjay Sharma,1803
CUST_01994,Sanjay,Singh,user1994@email.com,+91-7002180394,Bengaluru,2021-05-13 06:00:00,Basic,69.0,Sanjay Singh,1803
CUST_01995,Priya,Singh,user1995@email.com,+91-8120080298,Kolkata,2021-05-13 12:00:00,Standard,24.0,Priya Singh,1803
CUST_01996,Rahul,Reddy,user1996@email.com,+91-8412174407,Ahmedabad,2021-05-13 18:00:00,Standard,35.0,Rahul Reddy,1802
CUST_01997,Arjun,Sharma,user1997@email.com,+91-7444181000,Pune,2021-05-14 00:00:00,Standard,21.0,Arjun Sharma,1802
CUST_01998,Vikram,Joshi,user1998@email.com,+91-9527973515,Pune,2021-05-14 06:00:00,Premium,66.0,Vikram Joshi,1802
CUST_01999,Priya,Nair,user1999@email.com,+91-8872409884,Delhi,2021-05-14 12:00:00,Standard,28.0,Priya Nair,1802
CUST_02000,Rahul,Kumar,user2000@email.com,+91-7946230627,Kolkata,2021-05-14 18:00:00,Basic,60.0,Rahul Kumar,1801
CUST_02001,Pooja,Singh,user2001@email.com,+91-9092374487,Bengaluru,2021-05-15 00:00:00,Basic,37.0,Pooja Singh,1801
CUST_02002,Anjali,Singh,user2002@email.com,+91-7688874775,Hyderabad,2021-05-15 06:00:00,Basic,28.0,Anjali Singh,1801
CUST_02003,Arjun,Patel,user2003@email.com,+91-8106216633,Chennai,2021-05-15 12:00:00,Standard,32.0,Arjun Patel,1801
CUST_02004,Sanjay,Patel,user2004@email.com,+91-8768281164,Kolkata,2021-05-15 18:00:00,Standard,63.0,Sanjay Patel,1800
CUST_02005,Aarav,Shah,user2005@email.com,+91-9991237445,Bengaluru,2021-05-16 00:00:00,Basic,34.0,Aarav Shah,1800
CUST_02006,Arjun,Gupta,user2006@email.com,+91-9208005518,Pune,2021-05-16 06:00:00,Standard,51.0,Arjun Gupta,1800
CUST_02007,Meera,Joshi,user2007@email.com,+91-7218133252,Pune,2021-05-16 12:00:00,Standard,67.0,Meera Joshi,1800
CUST_02008,Rahul,Patel,user2008@email.com,+91-8665320346,Chennai,2021-05-16 18:00:00,Standard,65.0,Rahul Patel,1799
CUST_02009,Neha,Patel,user2009@email.com,+91-8323921436,Hyderabad,2021-05-17 00:00:00,Standard,29.0,Neha Patel,1799
CUST_02010,Pooja,Nair,user2010@email.com,+91-7777494273,Bengaluru,2021-05-17 06:00:00,Premium,59.0,Pooja Nair,1799
CUST_02011,Anjali,Shah,user2011@email.com,+91-7627274701,Bengaluru,2021-05-17 12:00:00,Basic,45.0,Anjali Shah,1799
CUST_02012,Pooja,Patel,user2012@email.com,+91-7265393040,Hyderabad,2021-05-17 18:00:00,Basic,65.0,Pooja Patel,1798
CUST_02013,Arjun,Kumar,user2013@email.com,+91-8396054201,Hyderabad,2021-05-18 00:00:00,Standard,52.0,Arjun Kumar,1798
CUST_02014,Neha,Nair,user2014@email.com,+91-9483703523,Hyderabad,2021-05-18 06:00:00,Premium,25.0,Neha Nair,1798
CUST_02015,Meera,Gupta,user2015@email.com,+91-9802971691,Pune,2021-05-18 12:00:00,Basic,44.0,Meera Gupta,1798
CUST_02016,Vikram,Sharma,user2016@email.com,+91-8066023966,Chennai,2021-05-18 18:00:00,Standard,39.0,Vikram Sharma,1797
CUST_02017,Aarav,Nair,user2017@email.com,+91-7885895139,Kolkata,2021-05-19 00:00:00,Standard,41.0,Aarav Nair,1797
CUST_02018,Neha,Sharma,user2018@email.com,+91-9020061632,Ahmedabad,2021-05-19 06:00:00,Premium,19.0,Neha Sharma,1797
CUST_02019,Rahul,Singh,user2019@email.com,+91-8010773642,Hyderabad,2021-05-19 12:00:00,Standard,48.0,Rahul Singh,1797
CUST_02020,Sanjay,Shah,user2020@email.com,+91-7261476631,Chennai,2021-05-19 18:00:00,Basic,39.0,Sanjay Shah,1796
CUST_02021,Meera,Gupta,user2021@email.com,+91-9357273738,Delhi,2021-05-20 00:00:00,Basic,18.0,Meera Gupta,1796
CUST_02022,Aarav,Shah,user2022@email.com,+91-7405630056,Bengaluru,2021-05-20 06:00:00,Standard,31.0,Aarav Shah,1796
CUST_02023,Anjali,Gupta,user2023@email.com,+91-8622403562,Bengaluru,2021-05-20 12:00:00,Standard,42.0,Anjali Gupta,1796
CUST_02024,Sanjay,Shah,user2024@email.com,+91-7532176519,Ahmedabad,2021-05-20 18:00:00,Premium,53.0,Sanjay Shah,1795
CUST_02025,Arjun,Nair,user2025@email.com,+91-7058170026,Ahmedabad,2021-05-21 00:00:00,Premium,53.0,Arjun Nair,1795
CUST_02026,Neha,Shah,user2026@email.com,+91-7678163973,Mumbai,2021-05-21 06:00:00,Standard,58.0,Neha Shah,1795
CUST_02027,Aarav,Mehta,user2027@email.com,+91-8915930050,Delhi,2021-05-21 12:00:00,Basic,20.0,Aarav Mehta,1795
CUST_02028,Priya,Gupta,user2028@email.com,+91-8949270223,Kolkata,2021-05-21 18:00:00,Standard,22.0,Priya Gupta,1794
CUST_02029,Vikram,Sharma,user2029@email.com,+91-9256853393,Ahmedabad,2021-05-22 00:00:00,Basic,18.0,Vikram Sharma,1794
CUST_02030,Vikram,Gupta,user2030@email.com,+91-8347996320,Hyderabad,2021-05-22 06:00:00,Basic,36.0,Vikram Gupta,1794
CUST_02031,Meera,Singh,user2031@email.com,+91-7157531478,Hyderabad,2021-05-22 12:00:00,Basic,50.0,Meera Singh,1794
CUST_02032,Anjali,Kumar,user2032@email.com,+91-9408657292,Kolkata,2021-05-22 18:00:00,Premium,59.0,Anjali Kumar,1793
CUST_02033,Meera,Mehta,user2033@email.com,+91-7809710557,Pune,2021-05-23 00:00:00,Premium,47.0,Meera Mehta,1793
CUST_02034,Priya,Reddy,user2034@email.com,+91-7626715928,Delhi,2021-05-23 06:00:00,Basic,29.0,Priya Reddy,1793
CUST_02035,Rahul,Gupta,user2035@email.com,+91-9763848152,Hyderabad,2021-05-23 12:00:00,Standard,27.0,Rahul Gupta,1793
CUST_02036,Anjali,Patel,user2036@email.com,+91-7667664178,Ahmedabad,2021-05-23 18:00:00,Standard,51.0,Anjali Patel,1792
CUST_02037,Pooja,Nair,user2037@email.com,+91-9449036782,Mumbai,2021-05-24 00:00:00,Basic,33.0,Pooja Nair,1792
CUST_02038,Rahul,Nair,user2038@email.com,+91-8104051945,Chennai,2021-05-24 06:00:00,Standard,57.0,Rahul Nair,1792
CUST_02039,Anjali,Shah,user2039@email.com,+91-8679038116,Bengaluru,2021-05-24 12:00:00,Standard,63.0,Anjali Shah,1792
CUST_02040,Anjali,Shah,user2040@email.com,+91-8725195803,Delhi,2021-05-24 18:00:00,Basic,46.0,Anjali Shah,1791
CUST_02041,Priya,Nair,user2041@email.com,+91-7658276980,Bengaluru,2021-05-25 00:00:00,Standard,32.0,Priya Nair,1791
CUST_02042,Arjun,Joshi,user2042@email.com,+91-8683805123,Chennai,2021-05-25 06:00:00,Standard,65.0,Arjun Joshi,1791
CUST_02043,Priya,Mehta,user2043@email.com,+91-8980686246,Delhi,2021-05-25 12:00:00,Premium,28.0,Priya Mehta,1791
CUST_02044,Anjali,Mehta,user2044@email.com,+91-9939873131,Ahmedabad,2021-05-25 18:00:00,Standard,61.0,Anjali Mehta,1790
CUST_02045,Aarav,Sharma,user2045@email.com,+91-9492268387,Chennai,2021-05-26 00:00:00,Basic,51.0,Aarav Sharma,1790
CUST_02046,Rahul,Gupta,user2046@email.com,+91-8350135399,Hyderabad,2021-05-26 06:00:00,Standard,53.0,Rahul Gupta,1790
CUST_02047,Priya,Reddy,user2047@email.com,+91-8235230235,Kolkata,2021-05-26 12:00:00,Standard,47.0,Priya Reddy,1790
CUST_02048,Arjun,Nair,user2048@email.com,+91-9323518601,Hyderabad,2021-05-26 18:00:00,Standard,52.0,Arjun Nair,1789
CUST_02049,Neha,Gupta,user2049@email.com,+91-9926705207,Ahmedabad,2021-05-27 00:00:00,Standard,26.0,Neha Gupta,1789
CUST_02050,Meera,Mehta,user2050@email.com,+91-8624040813,Kolkata,2021-05-27 06:00:00,Basic,35.0,Meera Mehta,1789
CUST_02051,Anjali,Singh,user2051@email.com,+91-9687261139,Hyderabad,2021-05-27 12:00:00,Premium,36.0,Anjali Singh,1789
CUST_02052,Pooja,Nair,user2052@email.com,+91-9382581048,Chennai,2021-05-27 18:00:00,Basic,56.0,Pooja Nair,1788
CUST_02053,Neha,Gupta,user2053@email.com,+91-9240330323,Chennai,2021-05-28 00:00:00,Basic,21.0,Neha Gupta,1788
CUST_02054,Vikram,Mehta,user2054@email.com,+91-9855053327,Chennai,2021-05-28 06:00:00,Standard,23.0,Vikram Mehta,1788
CUST_02055,Sanjay,Kumar,user2055@email.com,+91-8408341747,Bengaluru,2021-05-28 12:00:00,Premium,68.0,Sanjay Kumar,1788
CUST_02056,Arjun,Mehta,user2056@email.com,+91-9144659481,Ahmedabad,2021-05-28 18:00:00,Standard,50.0,Arjun Mehta,1787
CUST_02057,Pooja,Shah,user2057@email.com,+91-8131524487,Chennai,2021-05-29 00:00:00,Premium,49.0,Pooja Shah,1787
CUST_02058,Sanjay,Patel,user2058@email.com,+91-7354582575,Hyderabad,2021-05-29 06:00:00,Premium,33.0,Sanjay Patel,1787
CUST_02059,Arjun,Joshi,user2059@email.com,+91-8151385308,Mumbai,2021-05-29 12:00:00,Basic,28.0,Arjun Joshi,1787
CUST_02060,Aarav,Joshi,user2060@email.com,+91-9629105605,Ahmedabad,2021-05-29 18:00:00,Premium,39.0,Aarav Joshi,1786
CUST_02061,Meera,Shah,user2061@email.com,+91-7638307599,Chennai,2021-05-30 00:00:00,Premium,53.0,Meera Shah,1786
CUST_02062,Neha,Shah,user2062@email.com,+91-9517363669,Mumbai,2021-05-30 06:00:00,Basic,67.0,Neha Shah,1786
CUST_02063,Rahul,Nair,user2063@email.com,+91-9653489647,Kolkata,2021-05-30 12:00:00,Premium,40.0,Rahul Nair,1786
CUST_02064,Arjun,Kumar,user2064@email.com,+91-7189635952,Hyderabad,2021-05-30 18:00:00,Standard,43.0,Arjun Kumar,1785
CUST_02065,Rahul,Kumar,user2065@email.com,+91-8370525610,Chennai,2021-05-31 00:00:00,Premium,48.0,Rahul Kumar,1785
CUST_02066,Meera,Nair,user2066@email.com,+91-7492746102,Bengaluru,2021-05-31 06:00:00,Standard,46.0,Meera Nair,1785
CUST_02067,Anjali,Gupta,user2067@email.com,+91-9435210082,Bengaluru,2021-05-31 12:00:00,Basic,22.0,Anjali Gupta,1785
CUST_02068,Vikram,Nair,user2068@email.com,+91-9482151912,Kolkata,2021-05-31 18:00:00,Basic,55.0,Vikram Nair,1784
CUST_02069,Neha,Reddy,user2069@email.com,+91-9225555869,Mumbai,2021-06-01 00:00:00,Standard,42.0,Neha Reddy,1784
CUST_02070,Meera,Reddy,user2070@email.com,+91-9014472455,Pune,2021-06-01 06:00:00,Premium,51.0,Meera Reddy,1784
CUST_02071,Meera,Joshi,user2071@email.com,+91-8065170010,Bengaluru,2021-06-01 12:00:00,Premium,29.0,Meera Joshi,1784
CUST_02072,Aarav,Mehta,user2072@email.com,+91-8356357873,Ahmedabad,2021-06-01 18:00:00,Standard,39.0,Aarav Mehta,1783
CUST_02073,Sanjay,Nair,user2073@email.com,+91-7811470159,Bengaluru,2021-06-02 00:00:00,Basic,26.0,Sanjay Nair,1783
CUST_02074,Vikram,Nair,user2074@email.com,+91-9752167967,Bengaluru,2021-06-02 06:00:00,Standard,37.0,Vikram Nair,1783
CUST_02075,Neha,Gupta,user2075@email.com,+91-7744117358,Hyderabad,2021-06-02 12:00:00,Standard,46.0,Neha Gupta,1783
CUST_02076,Anjali,Sharma,user2076@email.com,+91-7223075994,Bengaluru,2021-06-02 18:00:00,Premium,61.0,Anjali Sharma,1782
CUST_02077,Anjali,Joshi,user2077@email.com,+91-7331391129,Delhi,2021-06-03 00:00:00,Basic,46.0,Anjali Joshi,1782
CUST_02078,Priya,Joshi,user2078@email.com,+91-7541502481,Chennai,2021-06-03 06:00:00,Basic,62.0,Priya Joshi,1782
CUST_02079,Meera,Joshi,user2079@email.com,+91-9979367598,Kolkata,2021-06-03 12:00:00,Basic,44.0,Meera Joshi,1782
CUST_02080,Arjun,Mehta,user2080@email.com,+91-9613765726,Bengaluru,2021-06-03 18:00:00,Basic,34.0,Arjun Mehta,1781
CUST_02081,Aarav,Shah,user2081@email.com,+91-7045598944,Pune,2021-06-04 00:00:00,Standard,22.0,Aarav Shah,1781
CUST_02082,Vikram,Singh,user2082@email.com,+91-9464822616,Ahmedabad,2021-06-04 06:00:00,Premium,69.0,Vikram Singh,1781
CUST_02083,Anjali,Sharma,user2083@email.com,+91-7901533674,Pune,2021-06-04 12:00:00,Standard,62.0,Anjali Sharma,1781
CUST_02084,Neha,Mehta,user2084@email.com,+91-9177868493,Bengaluru,2021-06-04 18:00:00,Basic,30.0,Neha Mehta,1780
CUST_02085,Priya,Reddy,user2085@email.com,+91-9670153976,Bengaluru,2021-06-05 00:00:00,Basic,59.0,Priya Reddy,1780
CUST_02086,Neha,Gupta,user2086@email.com,+91-7335713239,Delhi,2021-06-05 06:00:00,Standard,32.0,Neha Gupta,1780
CUST_02087,Aarav,Shah,user2087@email.com,+91-9322500793,Bengaluru,2021-06-05 12:00:00,Basic,32.0,Aarav Shah,1780
CUST_02088,Arjun,Reddy,user2088@email.com,+91-9282964481,Bengaluru,2021-06-05 18:00:00,Basic,35.0,Arjun Reddy,1779
CUST_02089,Priya,Shah,user2089@email.com,+91-9034417995,Chennai,2021-06-06 00:00:00,Basic,67.0,Priya Shah,1779
CUST_02090,Priya,Kumar,user2090@email.com,+91-9289679877,Pune,2021-06-06 06:00:00,Standard,19.0,Priya Kumar,1779
CUST_02091,Sanjay,Joshi,user2091@email.com,+91-9314169642,Delhi,2021-06-06 12:00:00,Basic,40.0,Sanjay Joshi,1779
CUST_02092,Vikram,Shah,user2092@email.com,+91-7377712524,Pune,2021-06-06 18:00:00,Standard,60.0,Vikram Shah,1778
CUST_02093,Priya,Patel,user2093@email.com,+91-9787812530,Delhi,2021-06-07 00:00:00,Basic,30.0,Priya Patel,1778
CUST_02094,Sanjay,Joshi,user2094@email.com,+91-9803608060,Pune,2021-06-07 06:00:00,Basic,60.0,Sanjay Joshi,1778
CUST_02095,Sanjay,Joshi,user2095@email.com,+91-8551391495,Bengaluru,2021-06-07 12:00:00,Standard,21.0,Sanjay Joshi,1778
CUST_02096,Aarav,Gupta,user2096@email.com,+91-7798350903,Pune,2021-06-07 18:00:00,Basic,64.0,Aarav Gupta,1777
CUST_02097,Rahul,Sharma,user2097@email.com,+91-8935005273,Pune,2021-06-08 00:00:00,Basic,42.0,Rahul Sharma,1777
CUST_02098,Neha,Reddy,user2098@email.com,+91-8672820950,Delhi,2021-06-08 06:00:00,Premium,28.0,Neha Reddy,1777
CUST_02099,Arjun,Shah,user2099@email.com,+91-9759002769,Kolkata,2021-06-08 12:00:00,Standard,67.0,Arjun Shah,1777
CUST_02100,Pooja,Shah,user2100@email.com,+91-7740919862,Mumbai,2021-06-08 18:00:00,Premium,65.0,Pooja Shah,1776
CUST_02101,Neha,Kumar,user2101@email.com,+91-7196944575,Delhi,2021-06-09 00:00:00,Standard,59.0,Neha Kumar,1776
CUST_02102,Priya,Joshi,user2102@email.com,+91-8083392343,Delhi,2021-06-09 06:00:00,Basic,29.0,Priya Joshi,1776
CUST_02103,Arjun,Nair,user2103@email.com,+91-9957848443,Delhi,2021-06-09 12:00:00,Premium,30.0,Arjun Nair,1776
CUST_02104,Anjali,Singh,user2104@email.com,+91-9536565051,Hyderabad,2021-06-09 18:00:00,Premium,26.0,Anjali Singh,1775
CUST_02105,Rahul,Nair,user2105@email.com,+91-7258984264,Kolkata,2021-06-10 00:00:00,Standard,44.0,Rahul Nair,1775
CUST_02106,Anjali,Shah,user2106@email.com,+91-8466367561,Hyderabad,2021-06-10 06:00:00,Standard,62.0,Anjali Shah,1775
CUST_02107,Anjali,Nair,user2107@email.com,+91-7752294902,Hyderabad,2021-06-10 12:00:00,Premium,55.0,Anjali Nair,1775
CUST_02108,Vikram,Gupta,user2108@email.com,+91-7158809113,Delhi,2021-06-10 18:00:00,Standard,23.0,Vikram Gupta,1774
CUST_02109,Neha,Patel,user2109@email.com,+91-9726858199,Mumbai,2021-06-11 00:00:00,Standard,60.0,Neha Patel,1774
CUST_02110,Pooja,Shah,user2110@email.com,+91-7123260248,Delhi,2021-06-11 06:00:00,Premium,68.0,Pooja Shah,1774
CUST_02111,Aarav,Shah,user2111@email.com,+91-7935883245,Bengaluru,2021-06-11 12:00:00,Basic,60.0,Aarav Shah,1774
CUST_02112,Pooja,Patel,user2112@email.com,+91-9646022070,Mumbai,2021-06-11 18:00:00,Basic,27.0,Pooja Patel,1773
CUST_02113,Anjali,Reddy,user2113@email.com,+91-9711899996,Hyderabad,2021-06-12 00:00:00,Basic,40.0,Anjali Reddy,1773
CUST_02114,Priya,Patel,user2114@email.com,+91-8385760129,Ahmedabad,2021-06-12 06:00:00,Basic,32.0,Priya Patel,1773
CUST_02115,Rahul,Nair,user2115@email.com,+91-7878967307,Pune,2021-06-12 12:00:00,Standard,62.0,Rahul Nair,1773
CUST_02116,Meera,Gupta,user2116@email.com,+91-8737603623,Pune,2021-06-12 18:00:00,Standard,40.0,Meera Gupta,1772
CUST_02117,Pooja,Kumar,user2117@email.com,+91-8937878861,Kolkata,2021-06-13 00:00:00,Standard,57.0,Pooja Kumar,1772
CUST_02118,Anjali,Reddy,user2118@email.com,+91-7789814881,Ahmedabad,2021-06-13 06:00:00,Basic,54.0,Anjali Reddy,1772
CUST_02119,Rahul,Mehta,user2119@email.com,+91-9393177765,Chennai,2021-06-13 12:00:00,Basic,51.0,Rahul Mehta,1772
CUST_02120,Arjun,Kumar,user2120@email.com,+91-9591675704,Kolkata,2021-06-13 18:00:00,Basic,33.0,Arjun Kumar,1771
CUST_02121,Neha,Sharma,user2121@email.com,+91-8825741622,Mumbai,2021-06-14 00:00:00,Basic,62.0,Neha Sharma,1771
CUST_02122,Sanjay,Sharma,user2122@email.com,+91-8857608308,Hyderabad,2021-06-14 06:00:00,Basic,68.0,Sanjay Sharma,1771
CUST_02123,Vikram,Sharma,user2123@email.com,+91-7589256182,Mumbai,2021-06-14 12:00:00,Standard,58.0,Vikram Sharma,1771
CUST_02124,Rahul,Sharma,user2124@email.com,+91-9406585019,Mumbai,2021-06-14 18:00:00,Standard,64.0,Rahul Sharma,1770
CUST_02125,Priya,Gupta,user2125@email.com,+91-7567118961,Pune,2021-06-15 00:00:00,Premium,49.0,Priya Gupta,1770
CUST_02126,Priya,Kumar,user2126@email.com,+91-7332107097,Delhi,2021-06-15 06:00:00,Premium,55.0,Priya Kumar,1770
CUST_02127,Rahul,Joshi,user2127@email.com,+91-9128588198,Bengaluru,2021-06-15 12:00:00,Basic,57.0,Rahul Joshi,1770
CUST_02128,Priya,Singh,user2128@email.com,+91-8198225386,Chennai,2021-06-15 18:00:00,Standard,63.0,Priya Singh,1769
CUST_02129,Neha,Reddy,user2129@email.com,+91-8073187204,Hyderabad,2021-06-16 00:00:00,Standard,22.0,Neha Reddy,1769
CUST_02130,Priya,Mehta,user2130@email.com,+91-7344600077,Mumbai,2021-06-16 06:00:00,Standard,34.0,Priya Mehta,1769
CUST_02131,Pooja,Nair,user2131@email.com,+91-9378512552,Chennai,2021-06-16 12:00:00,Standard,39.0,Pooja Nair,1769
CUST_02132,Sanjay,Shah,user2132@email.com,+91-8124259220,Mumbai,2021-06-16 18:00:00,Standard,56.0,Sanjay Shah,1768
CUST_02133,Priya,Sharma,user2133@email.com,+91-7821076831,Ahmedabad,2021-06-17 00:00:00,Standard,58.0,Priya Sharma,1768
CUST_02134,Sanjay,Mehta,user2134@email.com,+91-8551757930,Pune,2021-06-17 06:00:00,Standard,65.0,Sanjay Mehta,1768
CUST_02135,Anjali,Shah,user2135@email.com,+91-9668730144,Bengaluru,2021-06-17 12:00:00,Basic,35.0,Anjali Shah,1768
CUST_02136,Aarav,Singh,user2136@email.com,+91-7508501352,Pune,2021-06-17 18:00:00,Standard,45.0,Aarav Singh,1767
CUST_02137,Neha,Mehta,user2137@email.com,+91-8126053651,Chennai,2021-06-18 00:00:00,Basic,30.0,Neha Mehta,1767
CUST_02138,Aarav,Kumar,user2138@email.com,+91-8778812921,Hyderabad,2021-06-18 06:00:00,Basic,67.0,Aarav Kumar,1767
CUST_02139,Anjali,Mehta,user2139@email.com,+91-7483694791,Mumbai,2021-06-18 12:00:00,Basic,59.0,Anjali Mehta,1767
CUST_02140,Neha,Sharma,user2140@email.com,+91-9866524037,Bengaluru,2021-06-18 18:00:00,Basic,18.0,Neha Sharma,1766
CUST_02141,Rahul,Singh,user2141@email.com,+91-9630852080,Ahmedabad,2021-06-19 00:00:00,Standard,44.0,Rahul Singh,1766
CUST_02142,Rahul,Nair,user2142@email.com,+91-8330018492,Pune,2021-06-19 06:00:00,Premium,67.0,Rahul Nair,1766
CUST_02143,Sanjay,Joshi,user2143@email.com,+91-7872596122,Ahmedabad,2021-06-19 12:00:00,Standard,36.0,Sanjay Joshi,1766
CUST_02144,Anjali,Patel,user2144@email.com,+91-7978826400,Chennai,2021-06-19 18:00:00,Standard,51.0,Anjali Patel,1765
CUST_02145,Sanjay,Sharma,user2145@email.com,+91-7724813802,Pune,2021-06-20 00:00:00,Basic,21.0,Sanjay Sharma,1765
CUST_02146,Vikram,Shah,user2146@email.com,+91-9426175136,Mumbai,2021-06-20 06:00:00,Basic,60.0,Vikram Shah,1765
CUST_02147,Priya,Singh,user2147@email.com,+91-7429450383,Mumbai,2021-06-20 12:00:00,Premium,20.0,Priya Singh,1765
CUST_02148,Meera,Kumar,user2148@email.com,+91-9403352417,Ahmedabad,2021-06-20 18:00:00,Premium,58.0,Meera Kumar,1764
CUST_02149,Vikram,Gupta,user2149@email.com,+91-9980223485,Hyderabad,2021-06-21 00:00:00,Premium,27.0,Vikram Gupta,1764
CUST_02150,Priya,Singh,user2150@email.com,+91-7325080467,Bengaluru,2021-06-21 06:00:00,Basic,45.0,Priya Singh,1764
CUST_02151,Neha,Shah,user2151@email.com,+91-9347460646,Delhi,2021-06-21 12:00:00,Basic,51.0,Neha Shah,1764
CUST_02152,Sanjay,Patel,user2152@email.com,+91-8022750267,Pune,2021-06-21 18:00:00,Basic,56.0,Sanjay Patel,1763
CUST_02153,Neha,Patel,user2153@email.com,+91-7039536678,Mumbai,2021-06-22 00:00:00,Basic,64.0,Neha Patel,1763
CUST_02154,Neha,Reddy,user2154@email.com,+91-9811936852,Chennai,2021-06-22 06:00:00,Standard,36.0,Neha Reddy,1763
CUST_02155,Priya,Joshi,user2155@email.com,+91-8863331739,Pune,2021-06-22 12:00:00,Standard,59.0,Priya Joshi,1763
CUST_02156,Anjali,Shah,user2156@email.com,+91-8317956777,Hyderabad,2021-06-22 18:00:00,Standard,69.0,Anjali Shah,1762
CUST_02157,Priya,Patel,user2157@email.com,+91-8889646960,Hyderabad,2021-06-23 00:00:00,Standard,63.0,Priya Patel,1762
CUST_02158,Arjun,Reddy,user2158@email.com,+91-8622087672,Mumbai,2021-06-23 06:00:00,Basic,53.0,Arjun Reddy,1762
CUST_02159,Rahul,Reddy,user2159@email.com,+91-8828716672,Mumbai,2021-06-23 12:00:00,Standard,60.0,Rahul Reddy,1762
CUST_02160,Rahul,Reddy,user2160@email.com,+91-7887996664,Ahmedabad,2021-06-23 18:00:00,Basic,20.0,Rahul Reddy,1761
CUST_02161,Vikram,Singh,user2161@email.com,+91-7508433011,Mumbai,2021-06-24 00:00:00,Standard,40.0,Vikram Singh,1761
CUST_02162,Rahul,Reddy,user2162@email.com,+91-7569674361,Ahmedabad,2021-06-24 06:00:00,Premium,34.0,Rahul Reddy,1761
CUST_02163,Priya,Sharma,user2163@email.com,+91-8649656618,Kolkata,2021-06-24 12:00:00,Premium,24.0,Priya Sharma,1761
CUST_02164,Pooja,Shah,user2164@email.com,+91-8672385758,Delhi,2021-06-24 18:00:00,Standard,43.0,Pooja Shah,1760
CUST_02165,Sanjay,Sharma,user2165@email.com,+91-9529371185,Mumbai,2021-06-25 00:00:00,Basic,60.0,Sanjay Sharma,1760
CUST_02166,Priya,Gupta,user2166@email.com,+91-7334812853,Pune,2021-06-25 06:00:00,Standard,35.0,Priya Gupta,1760
CUST_02167,Priya,Patel,user2167@email.com,+91-7925316558,Pune,2021-06-25 12:00:00,Basic,63.0,Priya Patel,1760
CUST_02168,Meera,Joshi,user2168@email.com,+91-7423027574,Ahmedabad,2021-06-25 18:00:00,Basic,63.0,Meera Joshi,1759
CUST_02169,Sanjay,Reddy,user2169@email.com,+91-7282574581,Kolkata,2021-06-26 00:00:00,Standard,23.0,Sanjay Reddy,1759
CUST_02170,Arjun,Kumar,user2170@email.com,+91-9418504751,Kolkata,2021-06-26 06:00:00,Basic,48.0,Arjun Kumar,1759
CUST_02171,Rahul,Kumar,user2171@email.com,+91-9189204807,Bengaluru,2021-06-26 12:00:00,Standard,46.0,Rahul Kumar,1759
CUST_02172,Sanjay,Patel,user2172@email.com,+91-9444141168,Chennai,2021-06-26 18:00:00,Basic,26.0,Sanjay Patel,1758
CUST_02173,Rahul,Gupta,user2173@email.com,+91-7053317446,Mumbai,2021-06-27 00:00:00,Basic,52.0,Rahul Gupta,1758
CUST_02174,Vikram,Kumar,user2174@email.com,+91-8435135199,Ahmedabad,2021-06-27 06:00:00,Standard,34.0,Vikram Kumar,1758
CUST_02175,Sanjay,Sharma,user2175@email.com,+91-7740512338,Pune,2021-06-27 12:00:00,Standard,29.0,Sanjay Sharma,1758
CUST_02176,Rahul,Mehta,user2176@email.com,+91-7806816684,Kolkata,2021-06-27 18:00:00,Standard,53.0,Rahul Mehta,1757
CUST_02177,Arjun,Singh,user2177@email.com,+91-9010756439,Pune,2021-06-28 00:00:00,Premium,69.0,Arjun Singh,1757
CUST_02178,Aarav,Nair,user2178@email.com,+91-9857148570,Pune,2021-06-28 06:00:00,Standard,65.0,Aarav Nair,1757
CUST_02179,Neha,Kumar,user2179@email.com,+91-8955193730,Kolkata,2021-06-28 12:00:00,Basic,41.0,Neha Kumar,1757
CUST_02180,Neha,Joshi,user2180@email.com,+91-7157251847,Delhi,2021-06-28 18:00:00,Basic,27.0,Neha Joshi,1756
CUST_02181,Arjun,Reddy,user2181@email.com,+91-7750486348,Kolkata,2021-06-29 00:00:00,Standard,47.0,Arjun Reddy,1756
CUST_02182,Meera,Joshi,user2182@email.com,+91-8466098240,Kolkata,2021-06-29 06:00:00,Premium,46.0,Meera Joshi,1756
CUST_02183,Aarav,Shah,user2183@email.com,+91-7100100337,Chennai,2021-06-29 12:00:00,Standard,56.0,Aarav Shah,1756
CUST_02184,Vikram,Singh,user2184@email.com,+91-7949540140,Ahmedabad,2021-06-29 18:00:00,Standard,27.0,Vikram Singh,1755
CUST_02185,Arjun,Sharma,user2185@email.com,+91-7794894784,Ahmedabad,2021-06-30 00:00:00,Standard,56.0,Arjun Sharma,1755
CUST_02186,Neha,Gupta,user2186@email.com,+91-9885477992,Kolkata,2021-06-30 06:00:00,Standard,45.0,Neha Gupta,1755
CUST_02187,Neha,Singh,user2187@email.com,+91-9625078485,Hyderabad,2021-06-30 12:00:00,Basic,35.0,Neha Singh,1755
CUST_02188,Neha,Nair,user2188@email.com,+91-9541784463,Ahmedabad,2021-06-30 18:00:00,Premium,58.0,Neha Nair,1754
CUST_02189,Anjali,Mehta,user2189@email.com,+91-8431641213,Ahmedabad,2021-07-01 00:00:00,Standard,67.0,Anjali Mehta,1754
CUST_02190,Arjun,Kumar,user2190@email.com,+91-8357526630,Ahmedabad,2021-07-01 06:00:00,Basic,34.0,Arjun Kumar,1754
CUST_02191,Priya,Gupta,user2191@email.com,+91-9438704491,Kolkata,2021-07-01 12:00:00,Standard,28.0,Priya Gupta,1754
CUST_02192,Vikram,Gupta,user2192@email.com,+91-8045622412,Pune,2021-07-01 18:00:00,Basic,18.0,Vikram Gupta,1753
CUST_02193,Neha,Kumar,user2193@email.com,+91-9948444064,Mumbai,2021-07-02 00:00:00,Basic,34.0,Neha Kumar,1753
CUST_02194,Rahul,Kumar,user2194@email.com,+91-9969243355,Pune,2021-07-02 06:00:00,Basic,53.0,Rahul Kumar,1753
CUST_02195,Arjun,Kumar,user2195@email.com,+91-9734979719,Chennai,2021-07-02 12:00:00,Standard,53.0,Arjun Kumar,1753
CUST_02196,Anjali,Kumar,user2196@email.com,+91-9196278925,Hyderabad,2021-07-02 18:00:00,Standard,63.0,Anjali Kumar,1752
CUST_02197,Arjun,Kumar,user2197@email.com,+91-7631885943,Kolkata,2021-07-03 00:00:00,Basic,26.0,Arjun Kumar,1752
CUST_02198,Vikram,Gupta,user2198@email.com,+91-8009124296,Delhi,2021-07-03 06:00:00,Basic,62.0,Vikram Gupta,1752
CUST_02199,Anjali,Patel,user2199@email.com,+91-7751802422,Bengaluru,2021-07-03 12:00:00,Standard,45.0,Anjali Patel,1752
CUST_02200,Vikram,Patel,user2200@email.com,+91-9942506547,Kolkata,2021-07-03 18:00:00,Premium,65.0,Vikram Patel,1751
CUST_02201,Arjun,Joshi,user2201@email.com,+91-9921665722,Mumbai,2021-07-04 00:00:00,Premium,50.0,Arjun Joshi,1751
CUST_02202,Priya,Patel,user2202@email.com,+91-8291875358,Bengaluru,2021-07-04 06:00:00,Premium,20.0,Priya Patel,1751
CUST_02203,Vikram,Nair,user2203@email.com,+91-9466720017,Delhi,2021-07-04 12:00:00,Standard,68.0,Vikram Nair,1751
CUST_02204,Anjali,Patel,user2204@email.com,+91-8440277327,Chennai,2021-07-04 18:00:00,Premium,25.0,Anjali Patel,1750
CUST_02205,Anjali,Gupta,user2205@email.com,+91-9109913860,Chennai,2021-07-05 00:00:00,Standard,67.0,Anjali Gupta,1750
CUST_02206,Vikram,Kumar,user2206@email.com,+91-7553775818,Delhi,2021-07-05 06:00:00,Basic,23.0,Vikram Kumar,1750
CUST_02207,Pooja,Reddy,user2207@email.com,+91-7979362415,Pune,2021-07-05 12:00:00,Standard,69.0,Pooja Reddy,1750
CUST_02208,Arjun,Reddy,user2208@email.com,+91-7851020001,Delhi,2021-07-05 18:00:00,Basic,23.0,Arjun Reddy,1749
CUST_02209,Pooja,Nair,user2209@email.com,+91-8400770299,Ahmedabad,2021-07-06 00:00:00,Basic,46.0,Pooja Nair,1749
CUST_02210,Meera,Shah,user2210@email.com,+91-8211842647,Ahmedabad,2021-07-06 06:00:00,Standard,54.0,Meera Shah,1749
CUST_02211,Arjun,Gupta,user2211@email.com,+91-9873507570,Kolkata,2021-07-06 12:00:00,Basic,29.0,Arjun Gupta,1749
CUST_02212,Vikram,Sharma,user2212@email.com,+91-7516835402,Mumbai,2021-07-06 18:00:00,Basic,26.0,Vikram Sharma,1748
CUST_02213,Aarav,Singh,user2213@email.com,+91-8612291775,Ahmedabad,2021-07-07 00:00:00,Standard,58.0,Aarav Singh,1748
CUST_02214,Vikram,Joshi,user2214@email.com,+91-7562370910,Hyderabad,2021-07-07 06:00:00,Standard,66.0,Vikram Joshi,1748
CUST_02215,Pooja,Sharma,user2215@email.com,+91-8761478010,Kolkata,2021-07-07 12:00:00,Standard,36.0,Pooja Sharma,1748
CUST_02216,Priya,Gupta,user2216@email.com,+91-8148148772,Kolkata,2021-07-07 18:00:00,Basic,34.0,Priya Gupta,1747
CUST_02217,Vikram,Patel,user2217@email.com,+91-9294333793,Kolkata,2021-07-08 00:00:00,Basic,65.0,Vikram Patel,1747
CUST_02218,Vikram,Kumar,user2218@email.com,+91-8390105249,Bengaluru,2021-07-08 06:00:00,Premium,61.0,Vikram Kumar,1747
CUST_02219,Priya,Sharma,user2219@email.com,+91-8935096361,Bengaluru,2021-07-08 12:00:00,Basic,49.0,Priya Sharma,1747
CUST_02220,Vikram,Singh,user2220@email.com,+91-8448742954,Chennai,2021-07-08 18:00:00,Standard,52.0,Vikram Singh,1746
CUST_02221,Neha,Shah,user2221@email.com,+91-7866450919,Kolkata,2021-07-09 00:00:00,Standard,31.0,Neha Shah,1746
CUST_02222,Aarav,Reddy,user2222@email.com,+91-9298567963,Pune,2021-07-09 06:00:00,Basic,66.0,Aarav Reddy,1746
CUST_02223,Rahul,Shah,user2223@email.com,+91-8968075597,Ahmedabad,2021-07-09 12:00:00,Standard,33.0,Rahul Shah,1746
CUST_02224,Aarav,Singh,user2224@email.com,+91-8241071237,Chennai,2021-07-09 18:00:00,Basic,38.0,Aarav Singh,1745
CUST_02225,Vikram,Kumar,user2225@email.com,+91-9838912915,Mumbai,2021-07-10 00:00:00,Basic,29.0,Vikram Kumar,1745
CUST_02226,Neha,Patel,user2226@email.com,+91-9829201508,Delhi,2021-07-10 06:00:00,Basic,41.0,Neha Patel,1745
CUST_02227,Arjun,Singh,user2227@email.com,+91-8382397446,Bengaluru,2021-07-10 12:00:00,Premium,51.0,Arjun Singh,1745
CUST_02228,Vikram,Joshi,user2228@email.com,+91-9773029626,Kolkata,2021-07-10 18:00:00,Basic,25.0,Vikram Joshi,1744
CUST_02229,Pooja,Singh,user2229@email.com,+91-7823663386,Mumbai,2021-07-11 00:00:00,Basic,61.0,Pooja Singh,1744
CUST_02230,Neha,Gupta,user2230@email.com,+91-8858503166,Chennai,2021-07-11 06:00:00,Premium,38.0,Neha Gupta,1744
CUST_02231,Priya,Patel,user2231@email.com,+91-8243429651,Chennai,2021-07-11 12:00:00,Standard,65.0,Priya Patel,1744
CUST_02232,Neha,Kumar,user2232@email.com,+91-8118770705,Bengaluru,2021-07-11 18:00:00,Standard,25.0,Neha Kumar,1743
CUST_02233,Priya,Reddy,user2233@email.com,+91-8430537124,Chennai,2021-07-12 00:00:00,Basic,45.0,Priya Reddy,1743
CUST_02234,Meera,Reddy,user2234@email.com,+91-8001294377,Pune,2021-07-12 06:00:00,Basic,33.0,Meera Reddy,1743
CUST_02235,Rahul,Singh,user2235@email.com,+91-8662168943,Chennai,2021-07-12 12:00:00,Premium,27.0,Rahul Singh,1743
CUST_02236,Sanjay,Gupta,user2236@email.com,+91-8132857627,Hyderabad,2021-07-12 18:00:00,Basic,69.0,Sanjay Gupta,1742
CUST_02237,Neha,Sharma,user2237@email.com,+91-8136027892,Ahmedabad,2021-07-13 00:00:00,Premium,32.0,Neha Sharma,1742
CUST_02238,Anjali,Shah,user2238@email.com,+91-8860451801,Delhi,2021-07-13 06:00:00,Basic,21.0,Anjali Shah,1742
CUST_02239,Pooja,Shah,user2239@email.com,+91-7701170455,Chennai,2021-07-13 12:00:00,Standard,43.0,Pooja Shah,1742
CUST_02240,Vikram,Shah,user2240@email.com,+91-8354501915,Ahmedabad,2021-07-13 18:00:00,Standard,32.0,Vikram Shah,1741
CUST_02241,Pooja,Sharma,user2241@email.com,+91-7977614621,Ahmedabad,2021-07-14 00:00:00,Premium,53.0,Pooja Sharma,1741
CUST_02242,Aarav,Gupta,user2242@email.com,+91-9216897193,Hyderabad,2021-07-14 06:00:00,Premium,49.0,Aarav Gupta,1741
CUST_02243,Sanjay,Shah,user2243@email.com,+91-8108375927,Mumbai,2021-07-14 12:00:00,Basic,60.0,Sanjay Shah,1741
CUST_02244,Aarav,Joshi,user2244@email.com,+91-8049031945,Chennai,2021-07-14 18:00:00,Standard,55.0,Aarav Joshi,1740
CUST_02245,Meera,Sharma,user2245@email.com,+91-8496299384,Pune,2021-07-15 00:00:00,Premium,21.0,Meera Sharma,1740
CUST_02246,Sanjay,Sharma,user2246@email.com,+91-7019952368,Mumbai,2021-07-15 06:00:00,Premium,58.0,Sanjay Sharma,1740
CUST_02247,Sanjay,Kumar,user2247@email.com,+91-9291420740,Ahmedabad,2021-07-15 12:00:00,Premium,26.0,Sanjay Kumar,1740
CUST_02248,Aarav,Kumar,user2248@email.com,+91-9192353016,Ahmedabad,2021-07-15 18:00:00,Basic,52.0,Aarav Kumar,1739
CUST_02249,Priya,Patel,user2249@email.com,+91-9293633697,Kolkata,2021-07-16 00:00:00,Basic,45.0,Priya Patel,1739
CUST_02250,Aarav,Joshi,user2250@email.com,+91-7228048456,Chennai,2021-07-16 06:00:00,Premium,54.0,Aarav Joshi,1739
CUST_02251,Pooja,Joshi,user2251@email.com,+91-8377891761,Bengaluru,2021-07-16 12:00:00,Standard,64.0,Pooja Joshi,1739
CUST_02252,Priya,Patel,user2252@email.com,+91-7778436603,Hyderabad,2021-07-16 18:00:00,Premium,26.0,Priya Patel,1738
CUST_02253,Pooja,Joshi,user2253@email.com,+91-9253372960,Hyderabad,2021-07-17 00:00:00,Basic,19.0,Pooja Joshi,1738
CUST_02254,Meera,Nair,user2254@email.com,+91-9568172403,Bengaluru,2021-07-17 06:00:00,Basic,20.0,Meera Nair,1738
CUST_02255,Vikram,Mehta,user2255@email.com,+91-7218107786,Delhi,2021-07-17 12:00:00,Basic,44.0,Vikram Mehta,1738
CUST_02256,Arjun,Shah,user2256@email.com,+91-8244326172,Ahmedabad,2021-07-17 18:00:00,Basic,61.0,Arjun Shah,1737
CUST_02257,Priya,Kumar,user2257@email.com,+91-9290819799,Kolkata,2021-07-18 00:00:00,Basic,65.0,Priya Kumar,1737
CUST_02258,Meera,Patel,user2258@email.com,+91-7518239057,Pune,2021-07-18 06:00:00,Basic,22.0,Meera Patel,1737
CUST_02259,Anjali,Patel,user2259@email.com,+91-9847723516,Hyderabad,2021-07-18 12:00:00,Standard,27.0,Anjali Patel,1737
CUST_02260,Meera,Joshi,user2260@email.com,+91-8859720354,Mumbai,2021-07-18 18:00:00,Standard,45.0,Meera Joshi,1736
CUST_02261,Aarav,Sharma,user2261@email.com,+91-7815161608,Ahmedabad,2021-07-19 00:00:00,Standard,32.0,Aarav Sharma,1736
CUST_02262,Aarav,Reddy,user2262@email.com,+91-7913352237,Pune,2021-07-19 06:00:00,Standard,31.0,Aarav Reddy,1736
CUST_02263,Arjun,Singh,user2263@email.com,+91-7563978138,Hyderabad,2021-07-19 12:00:00,Basic,63.0,Arjun Singh,1736
CUST_02264,Meera,Singh,user2264@email.com,+91-8390343115,Kolkata,2021-07-19 18:00:00,Premium,40.0,Meera Singh,1735
CUST_02265,Rahul,Patel,user2265@email.com,+91-8264488461,Delhi,2021-07-20 00:00:00,Standard,30.0,Rahul Patel,1735
CUST_02266,Vikram,Shah,user2266@email.com,+91-9000551045,Kolkata,2021-07-20 06:00:00,Standard,33.0,Vikram Shah,1735
CUST_02267,Aarav,Nair,user2267@email.com,+91-7548091412,Mumbai,2021-07-20 12:00:00,Standard,47.0,Aarav Nair,1735
CUST_02268,Arjun,Shah,user2268@email.com,+91-8023211485,Kolkata,2021-07-20 18:00:00,Standard,57.0,Arjun Shah,1734
CUST_02269,Vikram,Patel,user2269@email.com,+91-8628039672,Pune,2021-07-21 00:00:00,Basic,25.0,Vikram Patel,1734
CUST_02270,Meera,Shah,user2270@email.com,+91-7431404761,Ahmedabad,2021-07-21 06:00:00,Basic,34.0,Meera Shah,1734
CUST_02271,Meera,Kumar,user2271@email.com,+91-8609643101,Mumbai,2021-07-21 12:00:00,Basic,47.0,Meera Kumar,1734
CUST_02272,Sanjay,Shah,user2272@email.com,+91-9574740515,Ahmedabad,2021-07-21 18:00:00,Standard,34.0,Sanjay Shah,1733
CUST_02273,Arjun,Joshi,user2273@email.com,+91-7582467298,Bengaluru,2021-07-22 00:00:00,Standard,52.0,Arjun Joshi,1733
CUST_02274,Aarav,Joshi,user2274@email.com,+91-9991902753,Chennai,2021-07-22 06:00:00,Premium,18.0,Aarav Joshi,1733
CUST_02275,Rahul,Nair,user2275@email.com,+91-9331987320,Bengaluru,2021-07-22 12:00:00,Basic,66.0,Rahul Nair,1733
CUST_02276,Meera,Kumar,user2276@email.com,+91-9486788642,Pune,2021-07-22 18:00:00,Standard,41.0,Meera Kumar,1732
CUST_02277,Rahul,Reddy,user2277@email.com,+91-9633332761,Chennai,2021-07-23 00:00:00,Premium,65.0,Rahul Reddy,1732
CUST_02278,Meera,Sharma,user2278@email.com,+91-9145908178,Bengaluru,2021-07-23 06:00:00,Basic,66.0,Meera Sharma,1732
CUST_02279,Aarav,Kumar,user2279@email.com,+91-8019586232,Chennai,2021-07-23 12:00:00,Premium,42.0,Aarav Kumar,1732
CUST_02280,Vikram,Gupta,user2280@email.com,+91-8935396677,Hyderabad,2021-07-23 18:00:00,Standard,19.0,Vikram Gupta,1731
CUST_02281,Neha,Mehta,user2281@email.com,+91-9102270006,Kolkata,2021-07-24 00:00:00,Premium,42.0,Neha Mehta,1731
CUST_02282,Vikram,Patel,user2282@email.com,+91-9287573936,Mumbai,2021-07-24 06:00:00,Premium,31.0,Vikram Patel,1731
CUST_02283,Meera,Gupta,user2283@email.com,+91-9487602932,Chennai,2021-07-24 12:00:00,Premium,56.0,Meera Gupta,1731
CUST_02284,Pooja,Nair,user2284@email.com,+91-8808649434,Hyderabad,2021-07-24 18:00:00,Premium,68.0,Pooja Nair,1730
CUST_02285,Neha,Gupta,user2285@email.com,+91-8155480310,Kolkata,2021-07-25 00:00:00,Basic,50.0,Neha Gupta,1730
CUST_02286,Neha,Joshi,user2286@email.com,+91-9781654513,Kolkata,2021-07-25 06:00:00,Basic,34.0,Neha Joshi,1730
CUST_02287,Rahul,Shah,user2287@email.com,+91-8759263522,Delhi,2021-07-25 12:00:00,Standard,48.0,Rahul Shah,1730
CUST_02288,Arjun,Sharma,user2288@email.com,+91-7513029310,Ahmedabad,2021-07-25 18:00:00,Basic,27.0,Arjun Sharma,1729
CUST_02289,Rahul,Singh,user2289@email.com,+91-9394117207,Bengaluru,2021-07-26 00:00:00,Standard,23.0,Rahul Singh,1729
CUST_02290,Rahul,Patel,user2290@email.com,+91-9854431907,Delhi,2021-07-26 06:00:00,Standard,56.0,Rahul Patel,1729
CUST_02291,Pooja,Singh,user2291@email.com,+91-7268095936,Ahmedabad,2021-07-26 12:00:00,Premium,42.0,Pooja Singh,1729
CUST_02292,Vikram,Shah,user2292@email.com,+91-8863913956,Ahmedabad,2021-07-26 18:00:00,Basic,55.0,Vikram Shah,1728
CUST_02293,Vikram,Joshi,user2293@email.com,+91-9484413713,Pune,2021-07-27 00:00:00,Standard,54.0,Vikram Joshi,1728
CUST_02294,Anjali,Joshi,user2294@email.com,+91-8328710912,Hyderabad,2021-07-27 06:00:00,Basic,47.0,Anjali Joshi,1728
CUST_02295,Meera,Shah,user2295@email.com,+91-8956124637,Delhi,2021-07-27 12:00:00,Basic,51.0,Meera Shah,1728
CUST_02296,Pooja,Patel,user2296@email.com,+91-8493333810,Delhi,2021-07-27 18:00:00,Standard,35.0,Pooja Patel,1727
CUST_02297,Anjali,Singh,user2297@email.com,+91-9390287512,Ahmedabad,2021-07-28 00:00:00,Basic,41.0,Anjali Singh,1727
CUST_02298,Aarav,Kumar,user2298@email.com,+91-9828722002,Kolkata,2021-07-28 06:00:00,Basic,66.0,Aarav Kumar,1727
CUST_02299,Meera,Joshi,user2299@email.com,+91-8535204120,Hyderabad,2021-07-28 12:00:00,Standard,44.0,Meera Joshi,1727
CUST_02300,Meera,Singh,user2300@email.com,+91-7269407368,Kolkata,2021-07-28 18:00:00,Standard,44.0,Meera Singh,1726
CUST_02301,Sanjay,Reddy,user2301@email.com,+91-7458926309,Mumbai,2021-07-29 00:00:00,Basic,56.0,Sanjay Reddy,1726
CUST_02302,Sanjay,Singh,user2302@email.com,+91-9213211750,Chennai,2021-07-29 06:00:00,Basic,38.0,Sanjay Singh,1726
CUST_02303,Priya,Reddy,user2303@email.com,+91-8203310246,Pune,2021-07-29 12:00:00,Premium,36.0,Priya Reddy,1726
CUST_02304,Priya,Reddy,user2304@email.com,+91-9224489593,Pune,2021-07-29 18:00:00,Standard,56.0,Priya Reddy,1725
CUST_02305,Rahul,Joshi,user2305@email.com,+91-7964956667,Bengaluru,2021-07-30 00:00:00,Standard,40.0,Rahul Joshi,1725
CUST_02306,Aarav,Patel,user2306@email.com,+91-8187815987,Kolkata,2021-07-30 06:00:00,Standard,56.0,Aarav Patel,1725
CUST_02307,Neha,Nair,user2307@email.com,+91-8374522774,Chennai,2021-07-30 12:00:00,Premium,65.0,Neha Nair,1725
CUST_02308,Neha,Joshi,user2308@email.com,+91-7045446679,Ahmedabad,2021-07-30 18:00:00,Basic,61.0,Neha Joshi,1724
CUST_02309,Sanjay,Patel,user2309@email.com,+91-7041098280,Bengaluru,2021-07-31 00:00:00,Basic,64.0,Sanjay Patel,1724
CUST_02310,Sanjay,Patel,user2310@email.com,+91-8330299722,Pune,2021-07-31 06:00:00,Standard,32.0,Sanjay Patel,1724
CUST_02311,Sanjay,Gupta,user2311@email.com,+91-8811822195,Chennai,2021-07-31 12:00:00,Basic,60.0,Sanjay Gupta,1724
CUST_02312,Pooja,Shah,user2312@email.com,+91-7965969321,Delhi,2021-07-31 18:00:00,Basic,19.0,Pooja Shah,1723
CUST_02313,Arjun,Shah,user2313@email.com,+91-9265966162,Mumbai,2021-08-01 00:00:00,Premium,52.0,Arjun Shah,1723
CUST_02314,Priya,Shah,user2314@email.com,+91-7464606889,Ahmedabad,2021-08-01 06:00:00,Standard,68.0,Priya Shah,1723
CUST_02315,Pooja,Mehta,user2315@email.com,+91-8322857035,Delhi,2021-08-01 12:00:00,Standard,37.0,Pooja Mehta,1723
CUST_02316,Vikram,Joshi,user2316@email.com,+91-9165438069,Mumbai,2021-08-01 18:00:00,Basic,45.0,Vikram Joshi,1722
CUST_02317,Neha,Patel,user2317@email.com,+91-7519035149,Ahmedabad,2021-08-02 00:00:00,Premium,32.0,Neha Patel,1722
CUST_02318,Meera,Gupta,user2318@email.com,+91-9992848076,Kolkata,2021-08-02 06:00:00,Standard,33.0,Meera Gupta,1722
CUST_02319,Priya,Reddy,user2319@email.com,+91-9915686065,Hyderabad,2021-08-02 12:00:00,Standard,50.0,Priya Reddy,1722
CUST_02320,Anjali,Nair,user2320@email.com,+91-9248350206,Bengaluru,2021-08-02 18:00:00,Standard,64.0,Anjali Nair,1721
CUST_02321,Vikram,Nair,user2321@email.com,+91-9538685359,Bengaluru,2021-08-03 00:00:00,Standard,29.0,Vikram Nair,1721
CUST_02322,Priya,Reddy,user2322@email.com,+91-7215286265,Hyderabad,2021-08-03 06:00:00,Premium,56.0,Priya Reddy,1721
CUST_02323,Pooja,Singh,user2323@email.com,+91-9630584458,Chennai,2021-08-03 12:00:00,Basic,56.0,Pooja Singh,1721
CUST_02324,Aarav,Singh,user2324@email.com,+91-8499827517,Hyderabad,2021-08-03 18:00:00,Standard,60.0,Aarav Singh,1720
CUST_02325,Meera,Shah,user2325@email.com,+91-9756055357,Kolkata,2021-08-04 00:00:00,Standard,37.0,Meera Shah,1720
CUST_02326,Priya,Joshi,user2326@email.com,+91-9622240750,Pune,2021-08-04 06:00:00,Standard,46.0,Priya Joshi,1720
CUST_02327,Arjun,Mehta,user2327@email.com,+91-8789319444,Hyderabad,2021-08-04 12:00:00,Basic,60.0,Arjun Mehta,1720
CUST_02328,Sanjay,Gupta,user2328@email.com,+91-7180211150,Mumbai,2021-08-04 18:00:00,Standard,66.0,Sanjay Gupta,1719
CUST_02329,Sanjay,Nair,user2329@email.com,+91-7252615218,Pune,2021-08-05 00:00:00,Basic,20.0,Sanjay Nair,1719
CUST_02330,Meera,Shah,user2330@email.com,+91-7302957643,Hyderabad,2021-08-05 06:00:00,Standard,65.0,Meera Shah,1719
CUST_02331,Pooja,Sharma,user2331@email.com,+91-8996062154,Bengaluru,2021-08-05 12:00:00,Standard,22.0,Pooja Sharma,1719
CUST_02332,Sanjay,Shah,user2332@email.com,+91-7254104468,Delhi,2021-08-05 18:00:00,Premium,19.0,Sanjay Shah,1718
CUST_02333,Priya,Sharma,user2333@email.com,+91-8600727840,Mumbai,2021-08-06 00:00:00,Basic,40.0,Priya Sharma,1718
CUST_02334,Anjali,Kumar,user2334@email.com,+91-8520929051,Kolkata,2021-08-06 06:00:00,Premium,43.0,Anjali Kumar,1718
CUST_02335,Neha,Patel,user2335@email.com,+91-8501269808,Mumbai,2021-08-06 12:00:00,Basic,43.0,Neha Patel,1718
CUST_02336,Neha,Reddy,user2336@email.com,+91-7897492301,Ahmedabad,2021-08-06 18:00:00,Basic,24.0,Neha Reddy,1717
CUST_02337,Vikram,Patel,user2337@email.com,+91-8771466632,Chennai,2021-08-07 00:00:00,Standard,27.0,Vikram Patel,1717
CUST_02338,Rahul,Shah,user2338@email.com,+91-7107679874,Delhi,2021-08-07 06:00:00,Standard,22.0,Rahul Shah,1717
CUST_02339,Aarav,Patel,user2339@email.com,+91-8365407796,Mumbai,2021-08-07 12:00:00,Standard,64.0,Aarav Patel,1717
CUST_02340,Meera,Gupta,user2340@email.com,+91-9329326548,Ahmedabad,2021-08-07 18:00:00,Standard,29.0,Meera Gupta,1716
CUST_02341,Vikram,Kumar,user2341@email.com,+91-9298492802,Hyderabad,2021-08-08 00:00:00,Standard,49.0,Vikram Kumar,1716
CUST_02342,Rahul,Mehta,user2342@email.com,+91-9782218147,Mumbai,2021-08-08 06:00:00,Standard,59.0,Rahul Mehta,1716
CUST_02343,Pooja,Kumar,user2343@email.com,+91-9797356694,Mumbai,2021-08-08 12:00:00,Standard,48.0,Pooja Kumar,1716
CUST_02344,Arjun,Nair,user2344@email.com,+91-9324519847,Mumbai,2021-08-08 18:00:00,Premium,39.0,Arjun Nair,1715
CUST_02345,Arjun,Gupta,user2345@email.com,+91-8594532493,Chennai,2021-08-09 00:00:00,Premium,34.0,Arjun Gupta,1715
CUST_02346,Aarav,Patel,user2346@email.com,+91-8531964665,Mumbai,2021-08-09 06:00:00,Premium,37.0,Aarav Patel,1715
CUST_02347,Sanjay,Mehta,user2347@email.com,+91-7659344406,Mumbai,2021-08-09 12:00:00,Basic,37.0,Sanjay Mehta,1715
CUST_02348,Priya,Patel,user2348@email.com,+91-9783756114,Chennai,2021-08-09 18:00:00,Standard,60.0,Priya Patel,1714
CUST_02349,Vikram,Joshi,user2349@email.com,+91-9317575673,Ahmedabad,2021-08-10 00:00:00,Standard,25.0,Vikram Joshi,1714
CUST_02350,Vikram,Joshi,user2350@email.com,+91-9110074854,Pune,2021-08-10 06:00:00,Standard,64.0,Vikram Joshi,1714
CUST_02351,Meera,Singh,user2351@email.com,+91-9633909610,Delhi,2021-08-10 12:00:00,Premium,51.0,Meera Singh,1714
CUST_02352,Meera,Kumar,user2352@email.com,+91-7469226464,Ahmedabad,2021-08-10 18:00:00,Standard,66.0,Meera Kumar,1713
CUST_02353,Arjun,Mehta,user2353@email.com,+91-7343839621,Kolkata,2021-08-11 00:00:00,Premium,40.0,Arjun Mehta,1713
CUST_02354,Arjun,Joshi,user2354@email.com,+91-8938093187,Pune,2021-08-11 06:00:00,Basic,55.0,Arjun Joshi,1713
CUST_02355,Anjali,Singh,user2355@email.com,+91-7508350041,Bengaluru,2021-08-11 12:00:00,Basic,44.0,Anjali Singh,1713
CUST_02356,Anjali,Gupta,user2356@email.com,+91-7578648884,Chennai,2021-08-11 18:00:00,Premium,45.0,Anjali Gupta,1712
CUST_02357,Sanjay,Mehta,user2357@email.com,+91-9605444087,Chennai,2021-08-12 00:00:00,Basic,30.0,Sanjay Mehta,1712
CUST_02358,Anjali,Singh,user2358@email.com,+91-7305639027,Mumbai,2021-08-12 06:00:00,Premium,46.0,Anjali Singh,1712
CUST_02359,Priya,Reddy,user2359@email.com,+91-9985376990,Mumbai,2021-08-12 12:00:00,Standard,25.0,Priya Reddy,1712
CUST_02360,Priya,Mehta,user2360@email.com,+91-8713244983,Kolkata,2021-08-12 18:00:00,Premium,28.0,Priya Mehta,1711
CUST_02361,Vikram,Shah,user2361@email.com,+91-7479282333,Bengaluru,2021-08-13 00:00:00,Standard,64.0,Vikram Shah,1711
CUST_02362,Neha,Singh,user2362@email.com,+91-9738997633,Mumbai,2021-08-13 06:00:00,Premium,62.0,Neha Singh,1711
CUST_02363,Priya,Patel,user2363@email.com,+91-7941559973,Hyderabad,2021-08-13 12:00:00,Standard,35.0,Priya Patel,1711
CUST_02364,Rahul,Shah,user2364@email.com,+91-7775908179,Mumbai,2021-08-13 18:00:00,Standard,67.0,Rahul Shah,1710
CUST_02365,Arjun,Reddy,user2365@email.com,+91-7991116498,Mumbai,2021-08-14 00:00:00,Standard,42.0,Arjun Reddy,1710
CUST_02366,Meera,Joshi,user2366@email.com,+91-8663793719,Hyderabad,2021-08-14 06:00:00,Basic,66.0,Meera Joshi,1710
CUST_02367,Anjali,Sharma,user2367@email.com,+91-9238134407,Bengaluru,2021-08-14 12:00:00,Basic,39.0,Anjali Sharma,1710
CUST_02368,Vikram,Singh,user2368@email.com,+91-7718178936,Hyderabad,2021-08-14 18:00:00,Standard,62.0,Vikram Singh,1709
CUST_02369,Aarav,Gupta,user2369@email.com,+91-9458419958,Chennai,2021-08-15 00:00:00,Premium,52.0,Aarav Gupta,1709
CUST_02370,Meera,Singh,user2370@email.com,+91-9981391550,Hyderabad,2021-08-15 06:00:00,Standard,46.0,Meera Singh,1709
CUST_02371,Rahul,Sharma,user2371@email.com,+91-9006809086,Delhi,2021-08-15 12:00:00,Basic,38.0,Rahul Sharma,1709
CUST_02372,Anjali,Reddy,user2372@email.com,+91-7431865885,Chennai,2021-08-15 18:00:00,Standard,24.0,Anjali Reddy,1708
CUST_02373,Rahul,Reddy,user2373@email.com,+91-9105919809,Mumbai,2021-08-16 00:00:00,Standard,29.0,Rahul Reddy,1708
CUST_02374,Arjun,Shah,user2374@email.com,+91-8074709038,Kolkata,2021-08-16 06:00:00,Premium,53.0,Arjun Shah,1708
CUST_02375,Arjun,Mehta,user2375@email.com,+91-9385051412,Chennai,2021-08-16 12:00:00,Standard,41.0,Arjun Mehta,1708
CUST_02376,Sanjay,Gupta,user2376@email.com,+91-7450390197,Bengaluru,2021-08-16 18:00:00,Standard,49.0,Sanjay Gupta,1707
CUST_02377,Vikram,Shah,user2377@email.com,+91-9937171764,Bengaluru,2021-08-17 00:00:00,Basic,44.0,Vikram Shah,1707
CUST_02378,Meera,Gupta,user2378@email.com,+91-9269780402,Hyderabad,2021-08-17 06:00:00,Basic,49.0,Meera Gupta,1707
CUST_02379,Pooja,Gupta,user2379@email.com,+91-9608095721,Chennai,2021-08-17 12:00:00,Premium,49.0,Pooja Gupta,1707
CUST_02380,Pooja,Sharma,user2380@email.com,+91-7026390397,Mumbai,2021-08-17 18:00:00,Standard,49.0,Pooja Sharma,1706
CUST_02381,Meera,Shah,user2381@email.com,+91-8691570999,Bengaluru,2021-08-18 00:00:00,Standard,43.0,Meera Shah,1706
CUST_02382,Aarav,Gupta,user2382@email.com,+91-8329581155,Pune,2021-08-18 06:00:00,Standard,28.0,Aarav Gupta,1706
CUST_02383,Vikram,Nair,user2383@email.com,+91-9189285934,Mumbai,2021-08-18 12:00:00,Basic,63.0,Vikram Nair,1706
CUST_02384,Rahul,Sharma,user2384@email.com,+91-9731737790,Pune,2021-08-18 18:00:00,Standard,35.0,Rahul Sharma,1705
CUST_02385,Aarav,Reddy,user2385@email.com,+91-8721639147,Delhi,2021-08-19 00:00:00,Standard,56.0,Aarav Reddy,1705
CUST_02386,Neha,Sharma,user2386@email.com,+91-9687451949,Pune,2021-08-19 06:00:00,Standard,22.0,Neha Sharma,1705
CUST_02387,Meera,Patel,user2387@email.com,+91-8971749861,Ahmedabad,2021-08-19 12:00:00,Basic,33.0,Meera Patel,1705
CUST_02388,Rahul,Patel,user2388@email.com,+91-9133085872,Bengaluru,2021-08-19 18:00:00,Basic,28.0,Rahul Patel,1704
CUST_02389,Pooja,Gupta,user2389@email.com,+91-7975818435,Hyderabad,2021-08-20 00:00:00,Standard,52.0,Pooja Gupta,1704
CUST_02390,Priya,Shah,user2390@email.com,+91-8224364694,Delhi,2021-08-20 06:00:00,Standard,65.0,Priya Shah,1704
CUST_02391,Sanjay,Reddy,user2391@email.com,+91-8097216967,Chennai,2021-08-20 12:00:00,Standard,28.0,Sanjay Reddy,1704
CUST_02392,Pooja,Sharma,user2392@email.com,+91-8946619058,Mumbai,2021-08-20 18:00:00,Standard,59.0,Pooja Sharma,1703
CUST_02393,Vikram,Shah,user2393@email.com,+91-8102489075,Bengaluru,2021-08-21 00:00:00,Standard,40.0,Vikram Shah,1703
CUST_02394,Arjun,Sharma,user2394@email.com,+91-9413416561,Delhi,2021-08-21 06:00:00,Standard,51.0,Arjun Sharma,1703
CUST_02395,Priya,Sharma,user2395@email.com,+91-9780132477,Delhi,2021-08-21 12:00:00,Standard,65.0,Priya Sharma,1703
CUST_02396,Sanjay,Nair,user2396@email.com,+91-7653583617,Ahmedabad,2021-08-21 18:00:00,Basic,34.0,Sanjay Nair,1702
CUST_02397,Sanjay,Patel,user2397@email.com,+91-7276874788,Bengaluru,2021-08-22 00:00:00,Standard,27.0,Sanjay Patel,1702
CUST_02398,Neha,Sharma,user2398@email.com,+91-9885623115,Chennai,2021-08-22 06:00:00,Premium,35.0,Neha Sharma,1702
CUST_02399,Neha,Nair,user2399@email.com,+91-9791521057,Chennai,2021-08-22 12:00:00,Standard,61.0,Neha Nair,1702
CUST_02400,Anjali,Patel,user2400@email.com,+91-7040551719,Hyderabad,2021-08-22 18:00:00,Basic,25.0,Anjali Patel,1701
CUST_02401,Pooja,Nair,user2401@email.com,+91-9640005950,Kolkata,2021-08-23 00:00:00,Basic,43.0,Pooja Nair,1701
CUST_02402,Pooja,Shah,user2402@email.com,+91-7946070203,Pune,2021-08-23 06:00:00,Basic,20.0,Pooja Shah,1701
CUST_02403,Pooja,Mehta,user2403@email.com,+91-7489783551,Chennai,2021-08-23 12:00:00,Standard,69.0,Pooja Mehta,1701
CUST_02404,Anjali,Patel,user2404@email.com,+91-7535543205,Ahmedabad,2021-08-23 18:00:00,Premium,41.0,Anjali Patel,1700
CUST_02405,Aarav,Joshi,user2405@email.com,+91-8806267068,Hyderabad,2021-08-24 00:00:00,Standard,20.0,Aarav Joshi,1700
CUST_02406,Sanjay,Mehta,user2406@email.com,+91-7158182076,Pune,2021-08-24 06:00:00,Standard,55.0,Sanjay Mehta,1700
CUST_02407,Priya,Shah,user2407@email.com,+91-9526927998,Delhi,2021-08-24 12:00:00,Basic,19.0,Priya Shah,1700
CUST_02408,Vikram,Sharma,user2408@email.com,+91-8110060402,Bengaluru,2021-08-24 18:00:00,Basic,52.0,Vikram Sharma,1699
CUST_02409,Sanjay,Reddy,user2409@email.com,+91-8773833705,Chennai,2021-08-25 00:00:00,Standard,34.0,Sanjay Reddy,1699
CUST_02410,Neha,Shah,user2410@email.com,+91-7107203065,Hyderabad,2021-08-25 06:00:00,Standard,26.0,Neha Shah,1699
CUST_02411,Rahul,Nair,user2411@email.com,+91-8796955279,Delhi,2021-08-25 12:00:00,Basic,53.0,Rahul Nair,1699
CUST_02412,Arjun,Nair,user2412@email.com,+91-8712573237,Chennai,2021-08-25 18:00:00,Basic,39.0,Arjun Nair,1698
CUST_02413,Anjali,Nair,user2413@email.com,+91-9545044369,Mumbai,2021-08-26 00:00:00,Standard,48.0,Anjali Nair,1698
CUST_02414,Meera,Nair,user2414@email.com,+91-8420782042,Kolkata,2021-08-26 06:00:00,Standard,51.0,Meera Nair,1698
CUST_02415,Rahul,Shah,user2415@email.com,+91-8612326960,Delhi,2021-08-26 12:00:00,Premium,41.0,Rahul Shah,1698
CUST_02416,Vikram,Reddy,user2416@email.com,+91-9233829026,Ahmedabad,2021-08-26 18:00:00,Premium,26.0,Vikram Reddy,1697
CUST_02417,Pooja,Singh,user2417@email.com,+91-9501906239,Ahmedabad,2021-08-27 00:00:00,Standard,63.0,Pooja Singh,1697
CUST_02418,Neha,Nair,user2418@email.com,+91-7918854734,Chennai,2021-08-27 06:00:00,Standard,60.0,Neha Nair,1697
CUST_02419,Neha,Singh,user2419@email.com,+91-9898505950,Ahmedabad,2021-08-27 12:00:00,Standard,19.0,Neha Singh,1697
CUST_02420,Neha,Reddy,user2420@email.com,+91-9682176864,Delhi,2021-08-27 18:00:00,Basic,38.0,Neha Reddy,1696
CUST_02421,Pooja,Reddy,user2421@email.com,+91-9728142905,Bengaluru,2021-08-28 00:00:00,Basic,51.0,Pooja Reddy,1696
CUST_02422,Meera,Mehta,user2422@email.com,+91-9224081362,Bengaluru,2021-08-28 06:00:00,Standard,44.0,Meera Mehta,1696
CUST_02423,Anjali,Patel,user2423@email.com,+91-8596768871,Kolkata,2021-08-28 12:00:00,Premium,54.0,Anjali Patel,1696
CUST_02424,Rahul,Joshi,user2424@email.com,+91-8398473017,Bengaluru,2021-08-28 18:00:00,Standard,24.0,Rahul Joshi,1695
CUST_02425,Pooja,Gupta,user2425@email.com,+91-7136608303,Pune,2021-08-29 00:00:00,Standard,39.0,Pooja Gupta,1695
CUST_02426,Vikram,Joshi,user2426@email.com,+91-8114650232,Mumbai,2021-08-29 06:00:00,Premium,21.0,Vikram Joshi,1695
CUST_02427,Anjali,Shah,user2427@email.com,+91-8381470831,Bengaluru,2021-08-29 12:00:00,Standard,31.0,Anjali Shah,1695
CUST_02428,Vikram,Gupta,user2428@email.com,+91-8517222763,Ahmedabad,2021-08-29 18:00:00,Basic,51.0,Vikram Gupta,1694
CUST_02429,Anjali,Reddy,user2429@email.com,+91-9330468315,Mumbai,2021-08-30 00:00:00,Basic,40.0,Anjali Reddy,1694
CUST_02430,Meera,Joshi,user2430@email.com,+91-8459477037,Bengaluru,2021-08-30 06:00:00,Premium,61.0,Meera Joshi,1694
CUST_02431,Arjun,Kumar,user2431@email.com,+91-7683222479,Pune,2021-08-30 12:00:00,Basic,59.0,Arjun Kumar,1694
CUST_02432,Vikram,Patel,user2432@email.com,+91-7782153155,Ahmedabad,2021-08-30 18:00:00,Standard,42.0,Vikram Patel,1693
CUST_02433,Pooja,Joshi,user2433@email.com,+91-9643910806,Delhi,2021-08-31 00:00:00,Premium,18.0,Pooja Joshi,1693
CUST_02434,Anjali,Patel,user2434@email.com,+91-7417236997,Chennai,2021-08-31 06:00:00,Basic,68.0,Anjali Patel,1693
CUST_02435,Neha,Singh,user2435@email.com,+91-8128100300,Chennai,2021-08-31 12:00:00,Basic,65.0,Neha Singh,1693
CUST_02436,Sanjay,Shah,user2436@email.com,+91-8058492154,Bengaluru,2021-08-31 18:00:00,Standard,32.0,Sanjay Shah,1692
CUST_02437,Neha,Patel,user2437@email.com,+91-9000698139,Chennai,2021-09-01 00:00:00,Standard,49.0,Neha Patel,1692
CUST_02438,Aarav,Singh,user2438@email.com,+91-9397719380,Bengaluru,2021-09-01 06:00:00,Basic,31.0,Aarav Singh,1692
CUST_02439,Arjun,Nair,user2439@email.com,+91-9409679435,Bengaluru,2021-09-01 12:00:00,Basic,58.0,Arjun Nair,1692
CUST_02440,Arjun,Singh,user2440@email.com,+91-9751505363,Ahmedabad,2021-09-01 18:00:00,Basic,38.0,Arjun Singh,1691
CUST_02441,Neha,Shah,user2441@email.com,+91-8082456467,Kolkata,2021-09-02 00:00:00,Standard,64.0,Neha Shah,1691
CUST_02442,Rahul,Mehta,user2442@email.com,+91-8224525352,Hyderabad,2021-09-02 06:00:00,Standard,24.0,Rahul Mehta,1691
CUST_02443,Meera,Nair,user2443@email.com,+91-9120405447,Hyderabad,2021-09-02 12:00:00,Standard,53.0,Meera Nair,1691
CUST_02444,Vikram,Reddy,user2444@email.com,+91-9243817118,Kolkata,2021-09-02 18:00:00,Premium,38.0,Vikram Reddy,1690
CUST_02445,Pooja,Sharma,user2445@email.com,+91-7760231067,Hyderabad,2021-09-03 00:00:00,Basic,67.0,Pooja Sharma,1690
CUST_02446,Arjun,Singh,user2446@email.com,+91-7738244660,Mumbai,2021-09-03 06:00:00,Standard,57.0,Arjun Singh,1690
CUST_02447,Neha,Singh,user2447@email.com,+91-9490448209,Hyderabad,2021-09-03 12:00:00,Standard,29.0,Neha Singh,1690
CUST_02448,Neha,Patel,user2448@email.com,+91-9117184855,Bengaluru,2021-09-03 18:00:00,Basic,32.0,Neha Patel,1689
CUST_02449,Meera,Reddy,user2449@email.com,+91-8284143653,Pune,2021-09-04 00:00:00,Premium,32.0,Meera Reddy,1689
CUST_02450,Meera,Joshi,user2450@email.com,+91-9876118060,Pune,2021-09-04 06:00:00,Standard,34.0,Meera Joshi,1689
CUST_02451,Priya,Kumar,user2451@email.com,+91-9042582265,Delhi,2021-09-04 12:00:00,Basic,51.0,Priya Kumar,1689
CUST_02452,Priya,Gupta,user2452@email.com,+91-9519500255,Ahmedabad,2021-09-04 18:00:00,Standard,61.0,Priya Gupta,1688
CUST_02453,Rahul,Singh,user2453@email.com,+91-9630614763,Hyderabad,2021-09-05 00:00:00,Standard,52.0,Rahul Singh,1688
CUST_02454,Rahul,Joshi,user2454@email.com,+91-7790325764,Pune,2021-09-05 06:00:00,Basic,56.0,Rahul Joshi,1688
CUST_02455,Aarav,Kumar,user2455@email.com,+91-7407176927,Hyderabad,2021-09-05 12:00:00,Standard,55.0,Aarav Kumar,1688
CUST_02456,Rahul,Gupta,user2456@email.com,+91-9835420952,Ahmedabad,2021-09-05 18:00:00,Standard,31.0,Rahul Gupta,1687
CUST_02457,Anjali,Sharma,user2457@email.com,+91-9379618889,Delhi,2021-09-06 00:00:00,Standard,22.0,Anjali Sharma,1687
CUST_02458,Meera,Patel,user2458@email.com,+91-7009808251,Pune,2021-09-06 06:00:00,Standard,47.0,Meera Patel,1687
CUST_02459,Pooja,Joshi,user2459@email.com,+91-9858365851,Bengaluru,2021-09-06 12:00:00,Basic,21.0,Pooja Joshi,1687
CUST_02460,Anjali,Patel,user2460@email.com,+91-8909844300,Mumbai,2021-09-06 18:00:00,Basic,32.0,Anjali Patel,1686
CUST_02461,Vikram,Gupta,user2461@email.com,+91-9065153648,Kolkata,2021-09-07 00:00:00,Standard,56.0,Vikram Gupta,1686
CUST_02462,Neha,Mehta,user2462@email.com,+91-9167767271,Kolkata,2021-09-07 06:00:00,Basic,52.0,Neha Mehta,1686
CUST_02463,Rahul,Singh,user2463@email.com,+91-9809965010,Kolkata,2021-09-07 12:00:00,Standard,62.0,Rahul Singh,1686
CUST_02464,Neha,Nair,user2464@email.com,+91-9672035160,Hyderabad,2021-09-07 18:00:00,Standard,27.0,Neha Nair,1685
CUST_02465,Arjun,Kumar,user2465@email.com,+91-8029957415,Pune,2021-09-08 00:00:00,Basic,19.0,Arjun Kumar,1685
CUST_02466,Aarav,Reddy,user2466@email.com,+91-8071913002,Ahmedabad,2021-09-08 06:00:00,Basic,61.0,Aarav Reddy,1685
CUST_02467,Arjun,Shah,user2467@email.com,+91-7509462302,Ahmedabad,2021-09-08 12:00:00,Standard,41.0,Arjun Shah,1685
CUST_02468,Aarav,Singh,user2468@email.com,+91-9406238816,Pune,2021-09-08 18:00:00,Premium,45.0,Aarav Singh,1684
CUST_02469,Priya,Nair,user2469@email.com,+91-7975577482,Delhi,2021-09-09 00:00:00,Premium,39.0,Priya Nair,1684
CUST_02470,Neha,Shah,user2470@email.com,+91-7872353016,Bengaluru,2021-09-09 06:00:00,Standard,61.0,Neha Shah,1684
CUST_02471,Aarav,Joshi,user2471@email.com,+91-9299425476,Chennai,2021-09-09 12:00:00,Standard,49.0,Aarav Joshi,1684
CUST_02472,Sanjay,Shah,user2472@email.com,+91-9641907281,Pune,2021-09-09 18:00:00,Basic,48.0,Sanjay Shah,1683
CUST_02473,Anjali,Sharma,user2473@email.com,+91-9756372100,Mumbai,2021-09-10 00:00:00,Premium,36.0,Anjali Sharma,1683
CUST_02474,Aarav,Singh,user2474@email.com,+91-8928979022,Delhi,2021-09-10 06:00:00,Basic,68.0,Aarav Singh,1683
CUST_02475,Aarav,Patel,user2475@email.com,+91-8296740868,Pune,2021-09-10 12:00:00,Standard,38.0,Aarav Patel,1683
CUST_02476,Anjali,Mehta,user2476@email.com,+91-9705464483,Pune,2021-09-10 18:00:00,Standard,20.0,Anjali Mehta,1682
CUST_02477,Neha,Reddy,user2477@email.com,+91-8291232247,Delhi,2021-09-11 00:00:00,Standard,23.0,Neha Reddy,1682
CUST_02478,Neha,Patel,user2478@email.com,+91-8140857739,Delhi,2021-09-11 06:00:00,Standard,49.0,Neha Patel,1682
CUST_02479,Anjali,Nair,user2479@email.com,+91-7791664784,Hyderabad,2021-09-11 12:00:00,Basic,19.0,Anjali Nair,1682
CUST_02480,Arjun,Singh,user2480@email.com,+91-9673225136,Pune,2021-09-11 18:00:00,Premium,41.0,Arjun Singh,1681
CUST_02481,Sanjay,Mehta,user2481@email.com,+91-8246841089,Chennai,2021-09-12 00:00:00,Standard,62.0,Sanjay Mehta,1681
CUST_02482,Pooja,Shah,user2482@email.com,+91-7152866534,Mumbai,2021-09-12 06:00:00,Basic,44.0,Pooja Shah,1681
CUST_02483,Vikram,Singh,user2483@email.com,+91-7089671374,Bengaluru,2021-09-12 12:00:00,Basic,26.0,Vikram Singh,1681
CUST_02484,Sanjay,Shah,user2484@email.com,+91-8793100463,Bengaluru,2021-09-12 18:00:00,Standard,30.0,Sanjay Shah,1680
CUST_02485,Neha,Joshi,user2485@email.com,+91-9096329988,Chennai,2021-09-13 00:00:00,Standard,31.0,Neha Joshi,1680
CUST_02486,Pooja,Sharma,user2486@email.com,+91-7099889971,Ahmedabad,2021-09-13 06:00:00,Basic,68.0,Pooja Sharma,1680
CUST_02487,Priya,Gupta,user2487@email.com,+91-9021837890,Delhi,2021-09-13 12:00:00,Standard,28.0,Priya Gupta,1680
CUST_02488,Rahul,Singh,user2488@email.com,+91-9613672822,Delhi,2021-09-13 18:00:00,Basic,31.0,Rahul Singh,1679
CUST_02489,Aarav,Nair,user2489@email.com,+91-8968015378,Ahmedabad,2021-09-14 00:00:00,Standard,33.0,Aarav Nair,1679
CUST_02490,Anjali,Shah,user2490@email.com,+91-9073124803,Delhi,2021-09-14 06:00:00,Standard,27.0,Anjali Shah,1679
CUST_02491,Anjali,Patel,user2491@email.com,+91-9338134277,Ahmedabad,2021-09-14 12:00:00,Premium,37.0,Anjali Patel,1679
CUST_02492,Aarav,Joshi,user2492@email.com,+91-8575409841,Pune,2021-09-14 18:00:00,Premium,33.0,Aarav Joshi,1678
CUST_02493,Rahul,Nair,user2493@email.com,+91-9936314239,Ahmedabad,2021-09-15 00:00:00,Basic,51.0,Rahul Nair,1678
CUST_02494,Vikram,Reddy,user2494@email.com,+91-7125453768,Delhi,2021-09-15 06:00:00,Premium,33.0,Vikram Reddy,1678
CUST_02495,Rahul,Gupta,user2495@email.com,+91-9989315809,Delhi,2021-09-15 12:00:00,Premium,31.0,Rahul Gupta,1678
CUST_02496,Pooja,Joshi,user2496@email.com,+91-7865039829,Pune,2021-09-15 18:00:00,Standard,44.0,Pooja Joshi,1677
CUST_02497,Rahul,Sharma,user2497@email.com,+91-9634335415,Ahmedabad,2021-09-16 00:00:00,Standard,45.0,Rahul Sharma,1677
CUST_02498,Pooja,Gupta,user2498@email.com,+91-9492078894,Pune,2021-09-16 06:00:00,Basic,35.0,Pooja Gupta,1677
CUST_02499,Rahul,Shah,user2499@email.com,+91-7126121653,Chennai,2021-09-16 12:00:00,Basic,43.0,Rahul Shah,1677
CUST_02500,Vikram,Nair,user2500@email.com,+91-9438190212,Hyderabad,2021-09-16 18:00:00,Standard,55.0,Vikram Nair,1676
CUST_02501,Vikram,Reddy,user2501@email.com,+91-7385873825,Pune,2021-09-17 00:00:00,Standard,24.0,Vikram Reddy,1676
CUST_02502,Neha,Kumar,user2502@email.com,+91-8132506727,Mumbai,2021-09-17 06:00:00,Basic,62.0,Neha Kumar,1676
CUST_02503,Aarav,Sharma,user2503@email.com,+91-7080821799,Delhi,2021-09-17 12:00:00,Basic,51.0,Aarav Sharma,1676
CUST_02504,Vikram,Mehta,user2504@email.com,+91-8985892130,Hyderabad,2021-09-17 18:00:00,Standard,64.0,Vikram Mehta,1675
CUST_02505,Pooja,Shah,user2505@email.com,+91-7422690748,Bengaluru,2021-09-18 00:00:00,Standard,66.0,Pooja Shah,1675
CUST_02506,Vikram,Kumar,user2506@email.com,+91-7198992394,Chennai,2021-09-18 06:00:00,Basic,62.0,Vikram Kumar,1675
CUST_02507,Neha,Singh,user2507@email.com,+91-7529665968,Ahmedabad,2021-09-18 12:00:00,Premium,24.0,Neha Singh,1675
CUST_02508,Anjali,Reddy,user2508@email.com,+91-7777775500,Hyderabad,2021-09-18 18:00:00,Premium,50.0,Anjali Reddy,1674
CUST_02509,Pooja,Patel,user2509@email.com,+91-9098292726,Pune,2021-09-19 00:00:00,Premium,52.0,Pooja Patel,1674
CUST_02510,Neha,Mehta,user2510@email.com,+91-7364078620,Delhi,2021-09-19 06:00:00,Basic,69.0,Neha Mehta,1674
CUST_02511,Arjun,Nair,user2511@email.com,+91-9604256561,Delhi,2021-09-19 12:00:00,Premium,67.0,Arjun Nair,1674
CUST_02512,Arjun,Reddy,user2512@email.com,+91-8572474703,Delhi,2021-09-19 18:00:00,Standard,56.0,Arjun Reddy,1673
CUST_02513,Priya,Gupta,user2513@email.com,+91-7737573935,Hyderabad,2021-09-20 00:00:00,Premium,38.0,Priya Gupta,1673
CUST_02514,Rahul,Joshi,user2514@email.com,+91-8513368170,Delhi,2021-09-20 06:00:00,Basic,66.0,Rahul Joshi,1673
CUST_02515,Aarav,Gupta,user2515@email.com,+91-7173076097,Pune,2021-09-20 12:00:00,Standard,45.0,Aarav Gupta,1673
CUST_02516,Meera,Gupta,user2516@email.com,+91-8292851388,Ahmedabad,2021-09-20 18:00:00,Basic,49.0,Meera Gupta,1672
CUST_02517,Sanjay,Singh,user2517@email.com,+91-7444373536,Hyderabad,2021-09-21 00:00:00,Basic,61.0,Sanjay Singh,1672
CUST_02518,Neha,Sharma,user2518@email.com,+91-8773731437,Delhi,2021-09-21 06:00:00,Premium,33.0,Neha Sharma,1672
CUST_02519,Anjali,Patel,user2519@email.com,+91-9387293975,Bengaluru,2021-09-21 12:00:00,Standard,27.0,Anjali Patel,1672
CUST_02520,Sanjay,Mehta,user2520@email.com,+91-7699425771,Bengaluru,2021-09-21 18:00:00,Premium,40.0,Sanjay Mehta,1671
CUST_02521,Anjali,Sharma,user2521@email.com,+91-8583453098,Mumbai,2021-09-22 00:00:00,Basic,65.0,Anjali Sharma,1671
CUST_02522,Sanjay,Reddy,user2522@email.com,+91-8557010212,Delhi,2021-09-22 06:00:00,Standard,69.0,Sanjay Reddy,1671
CUST_02523,Neha,Gupta,user2523@email.com,+91-7536052084,Delhi,2021-09-22 12:00:00,Premium,67.0,Neha Gupta,1671
CUST_02524,Meera,Singh,user2524@email.com,+91-8290785713,Hyderabad,2021-09-22 18:00:00,Premium,32.0,Meera Singh,1670
CUST_02525,Sanjay,Reddy,user2525@email.com,+91-8862105883,Hyderabad,2021-09-23 00:00:00,Standard,60.0,Sanjay Reddy,1670
CUST_02526,Neha,Joshi,user2526@email.com,+91-8031527513,Kolkata,2021-09-23 06:00:00,Basic,67.0,Neha Joshi,1670
CUST_02527,Vikram,Patel,user2527@email.com,+91-7505179199,Ahmedabad,2021-09-23 12:00:00,Basic,23.0,Vikram Patel,1670
CUST_02528,Meera,Mehta,user2528@email.com,+91-8070579000,Delhi,2021-09-23 18:00:00,Basic,50.0,Meera Mehta,1669
CUST_02529,Pooja,Joshi,user2529@email.com,+91-8051119354,Mumbai,2021-09-24 00:00:00,Standard,56.0,Pooja Joshi,1669
CUST_02530,Anjali,Singh,user2530@email.com,+91-8418860051,Ahmedabad,2021-09-24 06:00:00,Premium,29.0,Anjali Singh,1669
CUST_02531,Arjun,Patel,user2531@email.com,+91-7738559746,Delhi,2021-09-24 12:00:00,Standard,69.0,Arjun Patel,1669
CUST_02532,Rahul,Reddy,user2532@email.com,+91-7515708345,Ahmedabad,2021-09-24 18:00:00,Premium,53.0,Rahul Reddy,1668
CUST_02533,Arjun,Gupta,user2533@email.com,+91-9985234477,Pune,2021-09-25 00:00:00,Basic,48.0,Arjun Gupta,1668
CUST_02534,Meera,Gupta,user2534@email.com,+91-8555714401,Hyderabad,2021-09-25 06:00:00,Standard,27.0,Meera Gupta,1668
CUST_02535,Pooja,Shah,user2535@email.com,+91-8288820212,Delhi,2021-09-25 12:00:00,Premium,44.0,Pooja Shah,1668
CUST_02536,Anjali,Gupta,user2536@email.com,+91-8951425860,Ahmedabad,2021-09-25 18:00:00,Basic,51.0,Anjali Gupta,1667
CUST_02537,Pooja,Kumar,user2537@email.com,+91-8361597191,Hyderabad,2021-09-26 00:00:00,Standard,58.0,Pooja Kumar,1667
CUST_02538,Sanjay,Gupta,user2538@email.com,+91-9300990740,Delhi,2021-09-26 06:00:00,Standard,27.0,Sanjay Gupta,1667
CUST_02539,Anjali,Kumar,user2539@email.com,+91-7854631313,Chennai,2021-09-26 12:00:00,Premium,69.0,Anjali Kumar,1667
CUST_02540,Sanjay,Nair,user2540@email.com,+91-7756498190,Hyderabad,2021-09-26 18:00:00,Premium,28.0,Sanjay Nair,1666
CUST_02541,Neha,Kumar,user2541@email.com,+91-7342301609,Ahmedabad,2021-09-27 00:00:00,Standard,31.0,Neha Kumar,1666
CUST_02542,Meera,Patel,user2542@email.com,+91-8530289349,Mumbai,2021-09-27 06:00:00,Basic,20.0,Meera Patel,1666
CUST_02543,Neha,Joshi,user2543@email.com,+91-9751038784,Chennai,2021-09-27 12:00:00,Basic,50.0,Neha Joshi,1666
CUST_02544,Priya,Patel,user2544@email.com,+91-9649121988,Pune,2021-09-27 18:00:00,Premium,24.0,Priya Patel,1665
CUST_02545,Pooja,Joshi,user2545@email.com,+91-7789103634,Delhi,2021-09-28 00:00:00,Standard,21.0,Pooja Joshi,1665
CUST_02546,Sanjay,Shah,user2546@email.com,+91-7292826418,Kolkata,2021-09-28 06:00:00,Basic,56.0,Sanjay Shah,1665
CUST_02547,Vikram,Nair,user2547@email.com,+91-8912642843,Pune,2021-09-28 12:00:00,Basic,65.0,Vikram Nair,1665
CUST_02548,Neha,Joshi,user2548@email.com,+91-7776847673,Hyderabad,2021-09-28 18:00:00,Standard,27.0,Neha Joshi,1664
CUST_02549,Priya,Joshi,user2549@email.com,+91-7124273120,Chennai,2021-09-29 00:00:00,Standard,32.0,Priya Joshi,1664
CUST_02550,Aarav,Singh,user2550@email.com,+91-7562603595,Pune,2021-09-29 06:00:00,Standard,33.0,Aarav Singh,1664
CUST_02551,Arjun,Sharma,user2551@email.com,+91-8089535688,Mumbai,2021-09-29 12:00:00,Standard,55.0,Arjun Sharma,1664
CUST_02552,Anjali,Sharma,user2552@email.com,+91-9008725092,Kolkata,2021-09-29 18:00:00,Basic,21.0,Anjali Sharma,1663
CUST_02553,Priya,Singh,user2553@email.com,+91-8185662452,Hyderabad,2021-09-30 00:00:00,Standard,21.0,Priya Singh,1663
CUST_02554,Meera,Gupta,user2554@email.com,+91-8814268236,Chennai,2021-09-30 06:00:00,Basic,53.0,Meera Gupta,1663
CUST_02555,Neha,Singh,user2555@email.com,+91-8750821820,Pune,2021-09-30 12:00:00,Standard,44.0,Neha Singh,1663
CUST_02556,Meera,Joshi,user2556@email.com,+91-9875852319,Chennai,2021-09-30 18:00:00,Premium,39.0,Meera Joshi,1662
CUST_02557,Arjun,Joshi,user2557@email.com,+91-9309200620,Chennai,2021-10-01 00:00:00,Premium,39.0,Arjun Joshi,1662
CUST_02558,Vikram,Singh,user2558@email.com,+91-9731287794,Pune,2021-10-01 06:00:00,Standard,34.0,Vikram Singh,1662
CUST_02559,Pooja,Singh,user2559@email.com,+91-8936194668,Bengaluru,2021-10-01 12:00:00,Premium,62.0,Pooja Singh,1662
CUST_02560,Pooja,Gupta,user2560@email.com,+91-7905427661,Delhi,2021-10-01 18:00:00,Standard,51.0,Pooja Gupta,1661
CUST_02561,Meera,Patel,user2561@email.com,+91-7166841420,Ahmedabad,2021-10-02 00:00:00,Standard,49.0,Meera Patel,1661
CUST_02562,Sanjay,Nair,user2562@email.com,+91-8057427327,Hyderabad,2021-10-02 06:00:00,Standard,69.0,Sanjay Nair,1661
CUST_02563,Vikram,Reddy,user2563@email.com,+91-7711656356,Hyderabad,2021-10-02 12:00:00,Standard,23.0,Vikram Reddy,1661
CUST_02564,Pooja,Joshi,user2564@email.com,+91-8211875888,Kolkata,2021-10-02 18:00:00,Premium,50.0,Pooja Joshi,1660
CUST_02565,Vikram,Nair,user2565@email.com,+91-9073693244,Kolkata,2021-10-03 00:00:00,Premium,25.0,Vikram Nair,1660
CUST_02566,Priya,Singh,user2566@email.com,+91-7691384942,Kolkata,2021-10-03 06:00:00,Basic,67.0,Priya Singh,1660
CUST_02567,Vikram,Gupta,user2567@email.com,+91-7218254544,Hyderabad,2021-10-03 12:00:00,Standard,44.0,Vikram Gupta,1660
CUST_02568,Rahul,Kumar,user2568@email.com,+91-8706817403,Chennai,2021-10-03 18:00:00,Standard,53.0,Rahul Kumar,1659
CUST_02569,Arjun,Gupta,user2569@email.com,+91-8434544527,Kolkata,2021-10-04 00:00:00,Basic,22.0,Arjun Gupta,1659
CUST_02570,Pooja,Mehta,user2570@email.com,+91-8284916457,Pune,2021-10-04 06:00:00,Basic,22.0,Pooja Mehta,1659
CUST_02571,Vikram,Mehta,user2571@email.com,+91-9407060814,Delhi,2021-10-04 12:00:00,Standard,64.0,Vikram Mehta,1659
CUST_02572,Meera,Nair,user2572@email.com,+91-7847258055,Mumbai,2021-10-04 18:00:00,Basic,27.0,Meera Nair,1658
CUST_02573,Aarav,Sharma,user2573@email.com,+91-9443876256,Hyderabad,2021-10-05 00:00:00,Standard,57.0,Aarav Sharma,1658
CUST_02574,Rahul,Mehta,user2574@email.com,+91-8065082283,Pune,2021-10-05 06:00:00,Basic,24.0,Rahul Mehta,1658
CUST_02575,Rahul,Mehta,user2575@email.com,+91-7481302215,Delhi,2021-10-05 12:00:00,Standard,29.0,Rahul Mehta,1658
CUST_02576,Sanjay,Patel,user2576@email.com,+91-8250426691,Delhi,2021-10-05 18:00:00,Basic,47.0,Sanjay Patel,1657
CUST_02577,Vikram,Kumar,user2577@email.com,+91-7737926734,Bengaluru,2021-10-06 00:00:00,Premium,42.0,Vikram Kumar,1657
CUST_02578,Sanjay,Patel,user2578@email.com,+91-9285373028,Ahmedabad,2021-10-06 06:00:00,Standard,45.0,Sanjay Patel,1657
CUST_02579,Sanjay,Kumar,user2579@email.com,+91-8561730327,Pune,2021-10-06 12:00:00,Standard,60.0,Sanjay Kumar,1657
CUST_02580,Aarav,Shah,user2580@email.com,+91-9016375732,Hyderabad,2021-10-06 18:00:00,Standard,30.0,Aarav Shah,1656
CUST_02581,Priya,Reddy,user2581@email.com,+91-7192431429,Kolkata,2021-10-07 00:00:00,Basic,64.0,Priya Reddy,1656
CUST_02582,Vikram,Joshi,user2582@email.com,+91-9355319963,Chennai,2021-10-07 06:00:00,Standard,66.0,Vikram Joshi,1656
CUST_02583,Neha,Mehta,user2583@email.com,+91-8412399471,Kolkata,2021-10-07 12:00:00,Standard,39.0,Neha Mehta,1656
CUST_02584,Pooja,Joshi,user2584@email.com,+91-8241811008,Delhi,2021-10-07 18:00:00,Standard,35.0,Pooja Joshi,1655
CUST_02585,Sanjay,Mehta,user2585@email.com,+91-7617504018,Delhi,2021-10-08 00:00:00,Premium,44.0,Sanjay Mehta,1655
CUST_02586,Arjun,Patel,user2586@email.com,+91-7649855005,Mumbai,2021-10-08 06:00:00,Standard,25.0,Arjun Patel,1655
CUST_02587,Anjali,Reddy,user2587@email.com,+91-7655999298,Kolkata,2021-10-08 12:00:00,Standard,23.0,Anjali Reddy,1655
CUST_02588,Arjun,Patel,user2588@email.com,+91-9803484700,Ahmedabad,2021-10-08 18:00:00,Premium,28.0,Arjun Patel,1654
CUST_02589,Aarav,Patel,user2589@email.com,+91-9677998186,Ahmedabad,2021-10-09 00:00:00,Basic,46.0,Aarav Patel,1654
CUST_02590,Aarav,Kumar,user2590@email.com,+91-8312219567,Bengaluru,2021-10-09 06:00:00,Standard,58.0,Aarav Kumar,1654
CUST_02591,Meera,Sharma,user2591@email.com,+91-9172614102,Ahmedabad,2021-10-09 12:00:00,Basic,22.0,Meera Sharma,1654
CUST_02592,Priya,Gupta,user2592@email.com,+91-8605025886,Delhi,2021-10-09 18:00:00,Standard,24.0,Priya Gupta,1653
CUST_02593,Pooja,Nair,user2593@email.com,+91-9933656564,Delhi,2021-10-10 00:00:00,Premium,39.0,Pooja Nair,1653
CUST_02594,Sanjay,Joshi,user2594@email.com,+91-7633170604,Ahmedabad,2021-10-10 06:00:00,Standard,64.0,Sanjay Joshi,1653
CUST_02595,Arjun,Shah,user2595@email.com,+91-8539568704,Chennai,2021-10-10 12:00:00,Standard,44.0,Arjun Shah,1653
CUST_02596,Anjali,Mehta,user2596@email.com,+91-7028469403,Chennai,2021-10-10 18:00:00,Basic,21.0,Anjali Mehta,1652
CUST_02597,Aarav,Patel,user2597@email.com,+91-7586442957,Ahmedabad,2021-10-11 00:00:00,Basic,49.0,Aarav Patel,1652
CUST_02598,Aarav,Sharma,user2598@email.com,+91-8861667958,Mumbai,2021-10-11 06:00:00,Standard,36.0,Aarav Sharma,1652
CUST_02599,Priya,Patel,user2599@email.com,+91-8219729281,Pune,2021-10-11 12:00:00,Basic,62.0,Priya Patel,1652
CUST_02600,Anjali,Reddy,user2600@email.com,+91-8806752639,Mumbai,2021-10-11 18:00:00,Basic,50.0,Anjali Reddy,1651
CUST_02601,Anjali,Kumar,user2601@email.com,+91-8696267172,Mumbai,2021-10-12 00:00:00,Standard,18.0,Anjali Kumar,1651
CUST_02602,Priya,Shah,user2602@email.com,+91-9037621593,Ahmedabad,2021-10-12 06:00:00,Basic,63.0,Priya Shah,1651
CUST_02603,Aarav,Gupta,user2603@email.com,+91-8172444975,Chennai,2021-10-12 12:00:00,Premium,58.0,Aarav Gupta,1651
CUST_02604,Pooja,Reddy,user2604@email.com,+91-7849686646,Kolkata,2021-10-12 18:00:00,Standard,61.0,Pooja Reddy,1650
CUST_02605,Vikram,Singh,user2605@email.com,+91-9473374769,Kolkata,2021-10-13 00:00:00,Standard,67.0,Vikram Singh,1650
CUST_02606,Vikram,Shah,user2606@email.com,+91-7573935863,Ahmedabad,2021-10-13 06:00:00,Basic,58.0,Vikram Shah,1650
CUST_02607,Priya,Patel,user2607@email.com,+91-8853686145,Kolkata,2021-10-13 12:00:00,Basic,25.0,Priya Patel,1650
CUST_02608,Anjali,Reddy,user2608@email.com,+91-9250679494,Pune,2021-10-13 18:00:00,Basic,49.0,Anjali Reddy,1649
CUST_02609,Sanjay,Gupta,user2609@email.com,+91-9663297939,Chennai,2021-10-14 00:00:00,Basic,47.0,Sanjay Gupta,1649
CUST_02610,Priya,Sharma,user2610@email.com,+91-7030928565,Ahmedabad,2021-10-14 06:00:00,Basic,63.0,Priya Sharma,1649
CUST_02611,Pooja,Sharma,user2611@email.com,+91-8869249353,Bengaluru,2021-10-14 12:00:00,Standard,45.0,Pooja Sharma,1649
CUST_02612,Priya,Joshi,user2612@email.com,+91-9540225619,Hyderabad,2021-10-14 18:00:00,Premium,58.0,Priya Joshi,1648
CUST_02613,Rahul,Gupta,user2613@email.com,+91-8956006287,Hyderabad,2021-10-15 00:00:00,Standard,69.0,Rahul Gupta,1648
CUST_02614,Arjun,Sharma,user2614@email.com,+91-9938787926,Ahmedabad,2021-10-15 06:00:00,Basic,49.0,Arjun Sharma,1648
CUST_02615,Anjali,Reddy,user2615@email.com,+91-8915559245,Ahmedabad,2021-10-15 12:00:00,Standard,42.0,Anjali Reddy,1648
CUST_02616,Meera,Joshi,user2616@email.com,+91-8055718146,Bengaluru,2021-10-15 18:00:00,Premium,51.0,Meera Joshi,1647
CUST_02617,Meera,Sharma,user2617@email.com,+91-7490602665,Kolkata,2021-10-16 00:00:00,Standard,50.0,Meera Sharma,1647
CUST_02618,Anjali,Shah,user2618@email.com,+91-7902438869,Hyderabad,2021-10-16 06:00:00,Standard,30.0,Anjali Shah,1647
CUST_02619,Pooja,Kumar,user2619@email.com,+91-8288630491,Pune,2021-10-16 12:00:00,Basic,42.0,Pooja Kumar,1647
CUST_02620,Rahul,Singh,user2620@email.com,+91-8317631633,Ahmedabad,2021-10-16 18:00:00,Standard,59.0,Rahul Singh,1646
CUST_02621,Rahul,Gupta,user2621@email.com,+91-8676527637,Chennai,2021-10-17 00:00:00,Premium,57.0,Rahul Gupta,1646
CUST_02622,Aarav,Reddy,user2622@email.com,+91-8082665706,Hyderabad,2021-10-17 06:00:00,Standard,56.0,Aarav Reddy,1646
CUST_02623,Arjun,Mehta,user2623@email.com,+91-9662167090,Pune,2021-10-17 12:00:00,Premium,61.0,Arjun Mehta,1646
CUST_02624,Vikram,Patel,user2624@email.com,+91-9237320983,Chennai,2021-10-17 18:00:00,Premium,66.0,Vikram Patel,1645
CUST_02625,Neha,Reddy,user2625@email.com,+91-8950630816,Ahmedabad,2021-10-18 00:00:00,Basic,61.0,Neha Reddy,1645
CUST_02626,Pooja,Sharma,user2626@email.com,+91-7782757315,Pune,2021-10-18 06:00:00,Standard,65.0,Pooja Sharma,1645
CUST_02627,Neha,Reddy,user2627@email.com,+91-9561995979,Bengaluru,2021-10-18 12:00:00,Premium,27.0,Neha Reddy,1645
CUST_02628,Neha,Mehta,user2628@email.com,+91-8727532188,Ahmedabad,2021-10-18 18:00:00,Premium,48.0,Neha Mehta,1644
CUST_02629,Anjali,Patel,user2629@email.com,+91-8469629481,Mumbai,2021-10-19 00:00:00,Standard,61.0,Anjali Patel,1644
CUST_02630,Meera,Joshi,user2630@email.com,+91-8328596796,Bengaluru,2021-10-19 06:00:00,Standard,28.0,Meera Joshi,1644
CUST_02631,Meera,Sharma,user2631@email.com,+91-9835225339,Hyderabad,2021-10-19 12:00:00,Standard,42.0,Meera Sharma,1644
CUST_02632,Vikram,Nair,user2632@email.com,+91-9081451296,Chennai,2021-10-19 18:00:00,Standard,63.0,Vikram Nair,1643
CUST_02633,Anjali,Sharma,user2633@email.com,+91-9097086079,Pune,2021-10-20 00:00:00,Standard,69.0,Anjali Sharma,1643
CUST_02634,Neha,Singh,user2634@email.com,+91-7271876891,Hyderabad,2021-10-20 06:00:00,Basic,62.0,Neha Singh,1643
CUST_02635,Sanjay,Nair,user2635@email.com,+91-7860337758,Hyderabad,2021-10-20 12:00:00,Basic,51.0,Sanjay Nair,1643
CUST_02636,Meera,Singh,user2636@email.com,+91-9167661354,Ahmedabad,2021-10-20 18:00:00,Basic,37.0,Meera Singh,1642
CUST_02637,Pooja,Mehta,user2637@email.com,+91-8623932121,Mumbai,2021-10-21 00:00:00,Standard,24.0,Pooja Mehta,1642
CUST_02638,Pooja,Gupta,user2638@email.com,+91-7342413028,Kolkata,2021-10-21 06:00:00,Basic,50.0,Pooja Gupta,1642
CUST_02639,Aarav,Patel,user2639@email.com,+91-7993213112,Hyderabad,2021-10-21 12:00:00,Standard,52.0,Aarav Patel,1642
CUST_02640,Priya,Kumar,user2640@email.com,+91-7696474368,Mumbai,2021-10-21 18:00:00,Premium,46.0,Priya Kumar,1641
CUST_02641,Sanjay,Joshi,user2641@email.com,+91-7702416051,Chennai,2021-10-22 00:00:00,Standard,69.0,Sanjay Joshi,1641
CUST_02642,Meera,Kumar,user2642@email.com,+91-7028425553,Chennai,2021-10-22 06:00:00,Standard,29.0,Meera Kumar,1641
CUST_02643,Rahul,Shah,user2643@email.com,+91-9667403093,Pune,2021-10-22 12:00:00,Premium,22.0,Rahul Shah,1641
CUST_02644,Meera,Shah,user2644@email.com,+91-9966970261,Kolkata,2021-10-22 18:00:00,Standard,29.0,Meera Shah,1640
CUST_02645,Aarav,Mehta,user2645@email.com,+91-8742650302,Mumbai,2021-10-23 00:00:00,Standard,46.0,Aarav Mehta,1640
CUST_02646,Pooja,Gupta,user2646@email.com,+91-7497978482,Bengaluru,2021-10-23 06:00:00,Standard,52.0,Pooja Gupta,1640
CUST_02647,Neha,Shah,user2647@email.com,+91-9558276465,Chennai,2021-10-23 12:00:00,Standard,37.0,Neha Shah,1640
CUST_02648,Rahul,Sharma,user2648@email.com,+91-9786775226,Ahmedabad,2021-10-23 18:00:00,Standard,54.0,Rahul Sharma,1639
CUST_02649,Anjali,Reddy,user2649@email.com,+91-7390540004,Kolkata,2021-10-24 00:00:00,Standard,18.0,Anjali Reddy,1639
CUST_02650,Arjun,Singh,user2650@email.com,+91-7198910135,Pune,2021-10-24 06:00:00,Standard,33.0,Arjun Singh,1639
CUST_02651,Neha,Shah,user2651@email.com,+91-9301158657,Bengaluru,2021-10-24 12:00:00,Basic,47.0,Neha Shah,1639
CUST_02652,Arjun,Mehta,user2652@email.com,+91-7740358979,Chennai,2021-10-24 18:00:00,Premium,26.0,Arjun Mehta,1638
CUST_02653,Sanjay,Singh,user2653@email.com,+91-7524216388,Chennai,2021-10-25 00:00:00,Premium,59.0,Sanjay Singh,1638
CUST_02654,Priya,Sharma,user2654@email.com,+91-7146591608,Pune,2021-10-25 06:00:00,Standard,27.0,Priya Sharma,1638
CUST_02655,Rahul,Gupta,user2655@email.com,+91-7141046998,Pune,2021-10-25 12:00:00,Premium,30.0,Rahul Gupta,1638
CUST_02656,Vikram,Patel,user2656@email.com,+91-8817571291,Delhi,2021-10-25 18:00:00,Premium,65.0,Vikram Patel,1637
CUST_02657,Rahul,Kumar,user2657@email.com,+91-8374612389,Ahmedabad,2021-10-26 00:00:00,Premium,37.0,Rahul Kumar,1637
CUST_02658,Meera,Sharma,user2658@email.com,+91-9642361930,Hyderabad,2021-10-26 06:00:00,Standard,46.0,Meera Sharma,1637
CUST_02659,Pooja,Joshi,user2659@email.com,+91-7299826855,Hyderabad,2021-10-26 12:00:00,Basic,21.0,Pooja Joshi,1637
CUST_02660,Meera,Nair,user2660@email.com,+91-9708008196,Bengaluru,2021-10-26 18:00:00,Standard,63.0,Meera Nair,1636
CUST_02661,Meera,Mehta,user2661@email.com,+91-7183367615,Hyderabad,2021-10-27 00:00:00,Basic,66.0,Meera Mehta,1636
CUST_02662,Sanjay,Kumar,user2662@email.com,+91-8372285100,Bengaluru,2021-10-27 06:00:00,Premium,45.0,Sanjay Kumar,1636
CUST_02663,Neha,Joshi,user2663@email.com,+91-9282515331,Kolkata,2021-10-27 12:00:00,Basic,54.0,Neha Joshi,1636
CUST_02664,Vikram,Patel,user2664@email.com,+91-7241898124,Chennai,2021-10-27 18:00:00,Standard,30.0,Vikram Patel,1635
CUST_02665,Vikram,Joshi,user2665@email.com,+91-8848437268,Delhi,2021-10-28 00:00:00,Basic,20.0,Vikram Joshi,1635
CUST_02666,Meera,Gupta,user2666@email.com,+91-9798753339,Delhi,2021-10-28 06:00:00,Standard,54.0,Meera Gupta,1635
CUST_02667,Arjun,Nair,user2667@email.com,+91-7209591153,Ahmedabad,2021-10-28 12:00:00,Basic,65.0,Arjun Nair,1635
CUST_02668,Sanjay,Singh,user2668@email.com,+91-8399266590,Ahmedabad,2021-10-28 18:00:00,Premium,36.0,Sanjay Singh,1634
CUST_02669,Meera,Kumar,user2669@email.com,+91-7400041504,Chennai,2021-10-29 00:00:00,Basic,45.0,Meera Kumar,1634
CUST_02670,Priya,Nair,user2670@email.com,+91-9255628302,Pune,2021-10-29 06:00:00,Premium,36.0,Priya Nair,1634
CUST_02671,Pooja,Reddy,user2671@email.com,+91-8250964664,Ahmedabad,2021-10-29 12:00:00,Standard,34.0,Pooja Reddy,1634
CUST_02672,Neha,Sharma,user2672@email.com,+91-7129289011,Ahmedabad,2021-10-29 18:00:00,Standard,35.0,Neha Sharma,1633
CUST_02673,Anjali,Reddy,user2673@email.com,+91-9181053109,Mumbai,2021-10-30 00:00:00,Standard,35.0,Anjali Reddy,1633
CUST_02674,Priya,Sharma,user2674@email.com,+91-8051935480,Mumbai,2021-10-30 06:00:00,Premium,40.0,Priya Sharma,1633
CUST_02675,Arjun,Gupta,user2675@email.com,+91-8460163505,Hyderabad,2021-10-30 12:00:00,Premium,57.0,Arjun Gupta,1633
CUST_02676,Rahul,Nair,user2676@email.com,+91-9169515826,Pune,2021-10-30 18:00:00,Basic,67.0,Rahul Nair,1632
CUST_02677,Rahul,Patel,user2677@email.com,+91-7423692690,Bengaluru,2021-10-31 00:00:00,Basic,26.0,Rahul Patel,1632
CUST_02678,Priya,Shah,user2678@email.com,+91-7287852513,Kolkata,2021-10-31 06:00:00,Basic,46.0,Priya Shah,1632
CUST_02679,Meera,Joshi,user2679@email.com,+91-7100795920,Delhi,2021-10-31 12:00:00,Basic,68.0,Meera Joshi,1632
CUST_02680,Anjali,Shah,user2680@email.com,+91-8938621721,Hyderabad,2021-10-31 18:00:00,Basic,59.0,Anjali Shah,1631
CUST_02681,Aarav,Nair,user2681@email.com,+91-9280891180,Ahmedabad,2021-11-01 00:00:00,Standard,46.0,Aarav Nair,1631
CUST_02682,Aarav,Reddy,user2682@email.com,+91-9144188577,Chennai,2021-11-01 06:00:00,Premium,19.0,Aarav Reddy,1631
CUST_02683,Arjun,Shah,user2683@email.com,+91-7473166459,Pune,2021-11-01 12:00:00,Premium,34.0,Arjun Shah,1631
CUST_02684,Meera,Mehta,user2684@email.com,+91-8018724710,Ahmedabad,2021-11-01 18:00:00,Standard,62.0,Meera Mehta,1630
CUST_02685,Vikram,Shah,user2685@email.com,+91-7855408598,Delhi,2021-11-02 00:00:00,Standard,48.0,Vikram Shah,1630
CUST_02686,Vikram,Sharma,user2686@email.com,+91-7356021807,Bengaluru,2021-11-02 06:00:00,Premium,45.0,Vikram Sharma,1630
CUST_02687,Neha,Mehta,user2687@email.com,+91-8160650480,Bengaluru,2021-11-02 12:00:00,Premium,60.0,Neha Mehta,1630
CUST_02688,Anjali,Kumar,user2688@email.com,+91-9763490636,Mumbai,2021-11-02 18:00:00,Premium,65.0,Anjali Kumar,1629
CUST_02689,Anjali,Shah,user2689@email.com,+91-7745512732,Hyderabad,2021-11-03 00:00:00,Basic,69.0,Anjali Shah,1629
CUST_02690,Rahul,Mehta,user2690@email.com,+91-8835430270,Ahmedabad,2021-11-03 06:00:00,Premium,56.0,Rahul Mehta,1629
CUST_02691,Sanjay,Nair,user2691@email.com,+91-8807347966,Chennai,2021-11-03 12:00:00,Standard,47.0,Sanjay Nair,1629
CUST_02692,Arjun,Joshi,user2692@email.com,+91-7447498726,Delhi,2021-11-03 18:00:00,Standard,52.0,Arjun Joshi,1628
CUST_02693,Aarav,Kumar,user2693@email.com,+91-7122166082,Ahmedabad,2021-11-04 00:00:00,Standard,65.0,Aarav Kumar,1628
CUST_02694,Arjun,Patel,user2694@email.com,+91-9160975218,Kolkata,2021-11-04 06:00:00,Premium,68.0,Arjun Patel,1628
CUST_02695,Vikram,Patel,user2695@email.com,+91-9398776193,Bengaluru,2021-11-04 12:00:00,Standard,37.0,Vikram Patel,1628
CUST_02696,Vikram,Gupta,user2696@email.com,+91-8377189502,Ahmedabad,2021-11-04 18:00:00,Premium,33.0,Vikram Gupta,1627
CUST_02697,Priya,Shah,user2697@email.com,+91-9098498589,Delhi,2021-11-05 00:00:00,Standard,51.0,Priya Shah,1627
CUST_02698,Neha,Joshi,user2698@email.com,+91-9586164828,Chennai,2021-11-05 06:00:00,Premium,31.0,Neha Joshi,1627
CUST_02699,Anjali,Singh,user2699@email.com,+91-9399048941,Delhi,2021-11-05 12:00:00,Standard,43.0,Anjali Singh,1627
CUST_02700,Pooja,Mehta,user2700@email.com,+91-9515302200,Hyderabad,2021-11-05 18:00:00,Basic,37.0,Pooja Mehta,1626
CUST_02701,Arjun,Kumar,user2701@email.com,+91-9844294818,Mumbai,2021-11-06 00:00:00,Standard,59.0,Arjun Kumar,1626
CUST_02702,Vikram,Nair,user2702@email.com,+91-9458574203,Delhi,2021-11-06 06:00:00,Standard,68.0,Vikram Nair,1626
CUST_02703,Sanjay,Shah,user2703@email.com,+91-7753972798,Pune,2021-11-06 12:00:00,Standard,41.0,Sanjay Shah,1626
CUST_02704,Rahul,Nair,user2704@email.com,+91-7807643178,Ahmedabad,2021-11-06 18:00:00,Basic,60.0,Rahul Nair,1625
CUST_02705,Aarav,Singh,user2705@email.com,+91-9218178830,Mumbai,2021-11-07 00:00:00,Standard,35.0,Aarav Singh,1625
CUST_02706,Neha,Gupta,user2706@email.com,+91-8779642195,Chennai,2021-11-07 06:00:00,Basic,60.0,Neha Gupta,1625
CUST_02707,Sanjay,Singh,user2707@email.com,+91-9892375317,Mumbai,2021-11-07 12:00:00,Basic,26.0,Sanjay Singh,1625
CUST_02708,Neha,Sharma,user2708@email.com,+91-8660793245,Delhi,2021-11-07 18:00:00,Standard,36.0,Neha Sharma,1624
CUST_02709,Priya,Reddy,user2709@email.com,+91-7955416077,Delhi,2021-11-08 00:00:00,Standard,37.0,Priya Reddy,1624
CUST_02710,Pooja,Kumar,user2710@email.com,+91-7611588816,Pune,2021-11-08 06:00:00,Standard,59.0,Pooja Kumar,1624
CUST_02711,Vikram,Reddy,user2711@email.com,+91-7971822844,Bengaluru,2021-11-08 12:00:00,Premium,47.0,Vikram Reddy,1624
CUST_02712,Rahul,Singh,user2712@email.com,+91-9983930743,Ahmedabad,2021-11-08 18:00:00,Premium,43.0,Rahul Singh,1623
CUST_02713,Sanjay,Gupta,user2713@email.com,+91-9564171410,Pune,2021-11-09 00:00:00,Premium,48.0,Sanjay Gupta,1623
CUST_02714,Neha,Gupta,user2714@email.com,+91-9713974697,Delhi,2021-11-09 06:00:00,Premium,52.0,Neha Gupta,1623
CUST_02715,Anjali,Patel,user2715@email.com,+91-8309892041,Kolkata,2021-11-09 12:00:00,Standard,20.0,Anjali Patel,1623
CUST_02716,Priya,Shah,user2716@email.com,+91-9938684737,Mumbai,2021-11-09 18:00:00,Basic,57.0,Priya Shah,1622
CUST_02717,Anjali,Patel,user2717@email.com,+91-9997255867,Pune,2021-11-10 00:00:00,Standard,46.0,Anjali Patel,1622
CUST_02718,Rahul,Kumar,user2718@email.com,+91-7908570868,Pune,2021-11-10 06:00:00,Basic,23.0,Rahul Kumar,1622
CUST_02719,Sanjay,Kumar,user2719@email.com,+91-8201575722,Ahmedabad,2021-11-10 12:00:00,Standard,69.0,Sanjay Kumar,1622
CUST_02720,Priya,Kumar,user2720@email.com,+91-7043983763,Kolkata,2021-11-10 18:00:00,Standard,18.0,Priya Kumar,1621
CUST_02721,Sanjay,Nair,user2721@email.com,+91-7341943120,Kolkata,2021-11-11 00:00:00,Basic,69.0,Sanjay Nair,1621
CUST_02722,Vikram,Patel,user2722@email.com,+91-9328335987,Kolkata,2021-11-11 06:00:00,Standard,41.0,Vikram Patel,1621
CUST_02723,Meera,Nair,user2723@email.com,+91-9099630655,Ahmedabad,2021-11-11 12:00:00,Premium,55.0,Meera Nair,1621
CUST_02724,Priya,Reddy,user2724@email.com,+91-8795939658,Bengaluru,2021-11-11 18:00:00,Standard,51.0,Priya Reddy,1620
CUST_02725,Anjali,Shah,user2725@email.com,+91-7500938578,Delhi,2021-11-12 00:00:00,Standard,68.0,Anjali Shah,1620
CUST_02726,Rahul,Singh,user2726@email.com,+91-8440197527,Delhi,2021-11-12 06:00:00,Basic,24.0,Rahul Singh,1620
CUST_02727,Pooja,Mehta,user2727@email.com,+91-9432970960,Chennai,2021-11-12 12:00:00,Standard,28.0,Pooja Mehta,1620
CUST_02728,Vikram,Patel,user2728@email.com,+91-9060227191,Ahmedabad,2021-11-12 18:00:00,Standard,28.0,Vikram Patel,1619
CUST_02729,Meera,Mehta,user2729@email.com,+91-8067601736,Bengaluru,2021-11-13 00:00:00,Standard,53.0,Meera Mehta,1619
CUST_02730,Pooja,Gupta,user2730@email.com,+91-7535115938,Chennai,2021-11-13 06:00:00,Premium,37.0,Pooja Gupta,1619
CUST_02731,Aarav,Patel,user2731@email.com,+91-8522959072,Chennai,2021-11-13 12:00:00,Premium,33.0,Aarav Patel,1619
CUST_02732,Vikram,Reddy,user2732@email.com,+91-9284534212,Chennai,2021-11-13 18:00:00,Standard,22.0,Vikram Reddy,1618
CUST_02733,Rahul,Patel,user2733@email.com,+91-9614498237,Ahmedabad,2021-11-14 00:00:00,Standard,41.0,Rahul Patel,1618
CUST_02734,Neha,Nair,user2734@email.com,+91-7820405070,Hyderabad,2021-11-14 06:00:00,Basic,47.0,Neha Nair,1618
CUST_02735,Priya,Shah,user2735@email.com,+91-7907563442,Chennai,2021-11-14 12:00:00,Standard,47.0,Priya Shah,1618
CUST_02736,Sanjay,Singh,user2736@email.com,+91-8316205097,Pune,2021-11-14 18:00:00,Basic,56.0,Sanjay Singh,1617
CUST_02737,Rahul,Joshi,user2737@email.com,+91-9663597511,Mumbai,2021-11-15 00:00:00,Basic,65.0,Rahul Joshi,1617
CUST_02738,Priya,Singh,user2738@email.com,+91-9144243881,Pune,2021-11-15 06:00:00,Basic,64.0,Priya Singh,1617
CUST_02739,Pooja,Singh,user2739@email.com,+91-8571496262,Pune,2021-11-15 12:00:00,Premium,54.0,Pooja Singh,1617
CUST_02740,Sanjay,Gupta,user2740@email.com,+91-7075945545,Delhi,2021-11-15 18:00:00,Basic,50.0,Sanjay Gupta,1616
CUST_02741,Arjun,Reddy,user2741@email.com,+91-9719949338,Hyderabad,2021-11-16 00:00:00,Basic,37.0,Arjun Reddy,1616
CUST_02742,Anjali,Mehta,user2742@email.com,+91-9473374339,Ahmedabad,2021-11-16 06:00:00,Premium,39.0,Anjali Mehta,1616
CUST_02743,Aarav,Reddy,user2743@email.com,+91-9745937138,Chennai,2021-11-16 12:00:00,Premium,58.0,Aarav Reddy,1616
CUST_02744,Vikram,Joshi,user2744@email.com,+91-9429723737,Delhi,2021-11-16 18:00:00,Basic,38.0,Vikram Joshi,1615
CUST_02745,Rahul,Gupta,user2745@email.com,+91-9185498265,Bengaluru,2021-11-17 00:00:00,Premium,54.0,Rahul Gupta,1615
CUST_02746,Aarav,Shah,user2746@email.com,+91-7586619589,Bengaluru,2021-11-17 06:00:00,Standard,44.0,Aarav Shah,1615
CUST_02747,Neha,Singh,user2747@email.com,+91-7817772788,Ahmedabad,2021-11-17 12:00:00,Standard,55.0,Neha Singh,1615
CUST_02748,Priya,Nair,user2748@email.com,+91-9542273945,Delhi,2021-11-17 18:00:00,Basic,52.0,Priya Nair,1614
CUST_02749,Priya,Gupta,user2749@email.com,+91-8192978470,Mumbai,2021-11-18 00:00:00,Basic,55.0,Priya Gupta,1614
CUST_02750,Rahul,Kumar,user2750@email.com,+91-8381040035,Ahmedabad,2021-11-18 06:00:00,Standard,57.0,Rahul Kumar,1614
CUST_02751,Meera,Patel,user2751@email.com,+91-7995224823,Delhi,2021-11-18 12:00:00,Standard,23.0,Meera Patel,1614
CUST_02752,Meera,Reddy,user2752@email.com,+91-8952268244,Delhi,2021-11-18 18:00:00,Standard,49.0,Meera Reddy,1613
CUST_02753,Arjun,Gupta,user2753@email.com,+91-8688338603,Hyderabad,2021-11-19 00:00:00,Basic,33.0,Arjun Gupta,1613
CUST_02754,Anjali,Kumar,user2754@email.com,+91-9722684647,Ahmedabad,2021-11-19 06:00:00,Basic,45.0,Anjali Kumar,1613
CUST_02755,Sanjay,Mehta,user2755@email.com,+91-7257070670,Bengaluru,2021-11-19 12:00:00,Standard,33.0,Sanjay Mehta,1613
CUST_02756,Neha,Joshi,user2756@email.com,+91-9665820634,Bengaluru,2021-11-19 18:00:00,Standard,44.0,Neha Joshi,1612
CUST_02757,Aarav,Joshi,user2757@email.com,+91-9773661409,Chennai,2021-11-20 00:00:00,Standard,44.0,Aarav Joshi,1612
CUST_02758,Meera,Singh,user2758@email.com,+91-8952677455,Pune,2021-11-20 06:00:00,Basic,20.0,Meera Singh,1612
CUST_02759,Arjun,Singh,user2759@email.com,+91-8239738886,Ahmedabad,2021-11-20 12:00:00,Premium,66.0,Arjun Singh,1612
CUST_02760,Arjun,Gupta,user2760@email.com,+91-9227781927,Delhi,2021-11-20 18:00:00,Standard,38.0,Arjun Gupta,1611
CUST_02761,Rahul,Gupta,user2761@email.com,+91-7463047481,Ahmedabad,2021-11-21 00:00:00,Premium,55.0,Rahul Gupta,1611
CUST_02762,Neha,Shah,user2762@email.com,+91-9713790621,Delhi,2021-11-21 06:00:00,Standard,55.0,Neha Shah,1611
CUST_02763,Pooja,Patel,user2763@email.com,+91-9746143745,Mumbai,2021-11-21 12:00:00,Basic,47.0,Pooja Patel,1611
CUST_02764,Sanjay,Sharma,user2764@email.com,+91-8773310577,Ahmedabad,2021-11-21 18:00:00,Premium,39.0,Sanjay Sharma,1610
CUST_02765,Anjali,Mehta,user2765@email.com,+91-7168724712,Kolkata,2021-11-22 00:00:00,Basic,36.0,Anjali Mehta,1610
CUST_02766,Vikram,Singh,user2766@email.com,+91-9794437390,Kolkata,2021-11-22 06:00:00,Basic,48.0,Vikram Singh,1610
CUST_02767,Rahul,Sharma,user2767@email.com,+91-7272314475,Bengaluru,2021-11-22 12:00:00,Standard,37.0,Rahul Sharma,1610
CUST_02768,Sanjay,Sharma,user2768@email.com,+91-9574296381,Mumbai,2021-11-22 18:00:00,Basic,64.0,Sanjay Sharma,1609
CUST_02769,Vikram,Patel,user2769@email.com,+91-7980604363,Hyderabad,2021-11-23 00:00:00,Standard,36.0,Vikram Patel,1609
CUST_02770,Vikram,Nair,user2770@email.com,+91-7334591300,Chennai,2021-11-23 06:00:00,Standard,19.0,Vikram Nair,1609
CUST_02771,Neha,Nair,user2771@email.com,+91-9186461138,Mumbai,2021-11-23 12:00:00,Standard,57.0,Neha Nair,1609
CUST_02772,Neha,Singh,user2772@email.com,+91-7826675544,Bengaluru,2021-11-23 18:00:00,Premium,56.0,Neha Singh,1608
CUST_02773,Aarav,Kumar,user2773@email.com,+91-9730278363,Hyderabad,2021-11-24 00:00:00,Premium,44.0,Aarav Kumar,1608
CUST_02774,Arjun,Patel,user2774@email.com,+91-7672634112,Delhi,2021-11-24 06:00:00,Basic,25.0,Arjun Patel,1608
CUST_02775,Sanjay,Patel,user2775@email.com,+91-8385563733,Hyderabad,2021-11-24 12:00:00,Basic,62.0,Sanjay Patel,1608
CUST_02776,Rahul,Reddy,user2776@email.com,+91-7223793541,Pune,2021-11-24 18:00:00,Basic,44.0,Rahul Reddy,1607
CUST_02777,Priya,Sharma,user2777@email.com,+91-9884262756,Ahmedabad,2021-11-25 00:00:00,Standard,32.0,Priya Sharma,1607
CUST_02778,Rahul,Reddy,user2778@email.com,+91-9665681265,Mumbai,2021-11-25 06:00:00,Premium,29.0,Rahul Reddy,1607
CUST_02779,Aarav,Sharma,user2779@email.com,+91-8087126403,Bengaluru,2021-11-25 12:00:00,Standard,64.0,Aarav Sharma,1607
CUST_02780,Anjali,Nair,user2780@email.com,+91-9371680459,Mumbai,2021-11-25 18:00:00,Standard,31.0,Anjali Nair,1606
CUST_02781,Arjun,Singh,user2781@email.com,+91-8838917628,Delhi,2021-11-26 00:00:00,Basic,24.0,Arjun Singh,1606
CUST_02782,Priya,Mehta,user2782@email.com,+91-8239529258,Kolkata,2021-11-26 06:00:00,Standard,34.0,Priya Mehta,1606
CUST_02783,Meera,Nair,user2783@email.com,+91-8104041099,Delhi,2021-11-26 12:00:00,Standard,43.0,Meera Nair,1606
CUST_02784,Anjali,Patel,user2784@email.com,+91-9763664412,Bengaluru,2021-11-26 18:00:00,Standard,54.0,Anjali Patel,1605
CUST_02785,Neha,Mehta,user2785@email.com,+91-9305402403,Pune,2021-11-27 00:00:00,Standard,37.0,Neha Mehta,1605
CUST_02786,Vikram,Gupta,user2786@email.com,+91-8015307347,Chennai,2021-11-27 06:00:00,Standard,27.0,Vikram Gupta,1605
CUST_02787,Meera,Mehta,user2787@email.com,+91-8803066425,Ahmedabad,2021-11-27 12:00:00,Premium,36.0,Meera Mehta,1605
CUST_02788,Rahul,Mehta,user2788@email.com,+91-7003002811,Ahmedabad,2021-11-27 18:00:00,Standard,35.0,Rahul Mehta,1604
CUST_02789,Rahul,Nair,user2789@email.com,+91-7077895093,Hyderabad,2021-11-28 00:00:00,Premium,47.0,Rahul Nair,1604
CUST_02790,Neha,Patel,user2790@email.com,+91-9020393681,Hyderabad,2021-11-28 06:00:00,Premium,47.0,Neha Patel,1604
CUST_02791,Aarav,Mehta,user2791@email.com,+91-7688770930,Delhi,2021-11-28 12:00:00,Basic,42.0,Aarav Mehta,1604
CUST_02792,Sanjay,Nair,user2792@email.com,+91-7836251966,Mumbai,2021-11-28 18:00:00,Standard,41.0,Sanjay Nair,1603
CUST_02793,Meera,Nair,user2793@email.com,+91-8435471289,Kolkata,2021-11-29 00:00:00,Basic,27.0,Meera Nair,1603
CUST_02794,Meera,Mehta,user2794@email.com,+91-8576297927,Mumbai,2021-11-29 06:00:00,Basic,19.0,Meera Mehta,1603
CUST_02795,Pooja,Sharma,user2795@email.com,+91-8466094743,Pune,2021-11-29 12:00:00,Standard,55.0,Pooja Sharma,1603
CUST_02796,Anjali,Patel,user2796@email.com,+91-7167070724,Chennai,2021-11-29 18:00:00,Standard,49.0,Anjali Patel,1602
CUST_02797,Arjun,Joshi,user2797@email.com,+91-9778404761,Ahmedabad,2021-11-30 00:00:00,Premium,52.0,Arjun Joshi,1602
CUST_02798,Anjali,Mehta,user2798@email.com,+91-8892232236,Mumbai,2021-11-30 06:00:00,Basic,68.0,Anjali Mehta,1602
CUST_02799,Sanjay,Reddy,user2799@email.com,+91-9278512904,Ahmedabad,2021-11-30 12:00:00,Standard,54.0,Sanjay Reddy,1602
CUST_02800,Rahul,Reddy,user2800@email.com,+91-7560477943,Hyderabad,2021-11-30 18:00:00,Basic,24.0,Rahul Reddy,1601
CUST_02801,Rahul,Gupta,user2801@email.com,+91-9096736258,Ahmedabad,2021-12-01 00:00:00,Premium,24.0,Rahul Gupta,1601
CUST_02802,Rahul,Patel,user2802@email.com,+91-9416350663,Kolkata,2021-12-01 06:00:00,Standard,44.0,Rahul Patel,1601
CUST_02803,Pooja,Nair,user2803@email.com,+91-9701754301,Ahmedabad,2021-12-01 12:00:00,Premium,27.0,Pooja Nair,1601
CUST_02804,Rahul,Shah,user2804@email.com,+91-9237809342,Mumbai,2021-12-01 18:00:00,Basic,50.0,Rahul Shah,1600
CUST_02805,Sanjay,Singh,user2805@email.com,+91-7956982483,Kolkata,2021-12-02 00:00:00,Basic,60.0,Sanjay Singh,1600
CUST_02806,Neha,Kumar,user2806@email.com,+91-7977143714,Ahmedabad,2021-12-02 06:00:00,Standard,24.0,Neha Kumar,1600
CUST_02807,Arjun,Shah,user2807@email.com,+91-8341227887,Chennai,2021-12-02 12:00:00,Standard,23.0,Arjun Shah,1600
CUST_02808,Sanjay,Patel,user2808@email.com,+91-9543123976,Hyderabad,2021-12-02 18:00:00,Basic,23.0,Sanjay Patel,1599
CUST_02809,Arjun,Patel,user2809@email.com,+91-9451386784,Ahmedabad,2021-12-03 00:00:00,Standard,30.0,Arjun Patel,1599
CUST_02810,Sanjay,Mehta,user2810@email.com,+91-9211790959,Kolkata,2021-12-03 06:00:00,Basic,65.0,Sanjay Mehta,1599
CUST_02811,Rahul,Mehta,user2811@email.com,+91-8158000941,Mumbai,2021-12-03 12:00:00,Basic,30.0,Rahul Mehta,1599
CUST_02812,Neha,Shah,user2812@email.com,+91-9323272094,Hyderabad,2021-12-03 18:00:00,Premium,19.0,Neha Shah,1598
CUST_02813,Meera,Nair,user2813@email.com,+91-8795483155,Delhi,2021-12-04 00:00:00,Basic,36.0,Meera Nair,1598
CUST_02814,Anjali,Gupta,user2814@email.com,+91-7022796098,Delhi,2021-12-04 06:00:00,Standard,68.0,Anjali Gupta,1598
CUST_02815,Vikram,Mehta,user2815@email.com,+91-7530758301,Pune,2021-12-04 12:00:00,Standard,36.0,Vikram Mehta,1598
CUST_02816,Neha,Kumar,user2816@email.com,+91-8497271072,Delhi,2021-12-04 18:00:00,Standard,67.0,Neha Kumar,1597
CUST_02817,Meera,Kumar,user2817@email.com,+91-8921726846,Mumbai,2021-12-05 00:00:00,Basic,55.0,Meera Kumar,1597
CUST_02818,Aarav,Gupta,user2818@email.com,+91-8607341462,Chennai,2021-12-05 06:00:00,Standard,19.0,Aarav Gupta,1597
CUST_02819,Sanjay,Sharma,user2819@email.com,+91-8256059931,Hyderabad,2021-12-05 12:00:00,Standard,68.0,Sanjay Sharma,1597
CUST_02820,Aarav,Sharma,user2820@email.com,+91-9195472556,Kolkata,2021-12-05 18:00:00,Standard,43.0,Aarav Sharma,1596
CUST_02821,Meera,Patel,user2821@email.com,+91-9425361205,Bengaluru,2021-12-06 00:00:00,Standard,23.0,Meera Patel,1596
CUST_02822,Neha,Mehta,user2822@email.com,+91-7529371682,Delhi,2021-12-06 06:00:00,Premium,37.0,Neha Mehta,1596
CUST_02823,Sanjay,Reddy,user2823@email.com,+91-7957312242,Delhi,2021-12-06 12:00:00,Standard,40.0,Sanjay Reddy,1596
CUST_02824,Vikram,Shah,user2824@email.com,+91-8514406839,Bengaluru,2021-12-06 18:00:00,Premium,32.0,Vikram Shah,1595
CUST_02825,Rahul,Joshi,user2825@email.com,+91-8025728466,Kolkata,2021-12-07 00:00:00,Standard,23.0,Rahul Joshi,1595
CUST_02826,Sanjay,Gupta,user2826@email.com,+91-9575876513,Kolkata,2021-12-07 06:00:00,Standard,45.0,Sanjay Gupta,1595
CUST_02827,Sanjay,Patel,user2827@email.com,+91-7334552570,Bengaluru,2021-12-07 12:00:00,Standard,52.0,Sanjay Patel,1595
CUST_02828,Neha,Reddy,user2828@email.com,+91-7329635889,Kolkata,2021-12-07 18:00:00,Basic,28.0,Neha Reddy,1594
CUST_02829,Neha,Mehta,user2829@email.com,+91-7154976604,Mumbai,2021-12-08 00:00:00,Standard,25.0,Neha Mehta,1594
CUST_02830,Meera,Reddy,user2830@email.com,+91-7509304537,Kolkata,2021-12-08 06:00:00,Premium,67.0,Meera Reddy,1594
CUST_02831,Priya,Reddy,user2831@email.com,+91-8734232103,Hyderabad,2021-12-08 12:00:00,Standard,66.0,Priya Reddy,1594
CUST_02832,Sanjay,Gupta,user2832@email.com,+91-8114907808,Kolkata,2021-12-08 18:00:00,Standard,68.0,Sanjay Gupta,1593
CUST_02833,Anjali,Patel,user2833@email.com,+91-7016988623,Ahmedabad,2021-12-09 00:00:00,Standard,68.0,Anjali Patel,1593
CUST_02834,Sanjay,Nair,user2834@email.com,+91-7397699452,Ahmedabad,2021-12-09 06:00:00,Basic,41.0,Sanjay Nair,1593
CUST_02835,Meera,Kumar,user2835@email.com,+91-9347956618,Delhi,2021-12-09 12:00:00,Basic,38.0,Meera Kumar,1593
CUST_02836,Arjun,Shah,user2836@email.com,+91-9227461040,Chennai,2021-12-09 18:00:00,Basic,66.0,Arjun Shah,1592
CUST_02837,Aarav,Patel,user2837@email.com,+91-8647692956,Mumbai,2021-12-10 00:00:00,Standard,53.0,Aarav Patel,1592
CUST_02838,Rahul,Joshi,user2838@email.com,+91-7857265175,Mumbai,2021-12-10 06:00:00,Basic,24.0,Rahul Joshi,1592
CUST_02839,Priya,Reddy,user2839@email.com,+91-7389473876,Kolkata,2021-12-10 12:00:00,Basic,22.0,Priya Reddy,1592
CUST_02840,Vikram,Nair,user2840@email.com,+91-9400322908,Chennai,2021-12-10 18:00:00,Standard,46.0,Vikram Nair,1591
CUST_02841,Vikram,Gupta,user2841@email.com,+91-8600397791,Chennai,2021-12-11 00:00:00,Standard,33.0,Vikram Gupta,1591
CUST_02842,Vikram,Singh,user2842@email.com,+91-7207160241,Pune,2021-12-11 06:00:00,Standard,23.0,Vikram Singh,1591
CUST_02843,Neha,Shah,user2843@email.com,+91-9443775619,Chennai,2021-12-11 12:00:00,Premium,31.0,Neha Shah,1591
CUST_02844,Vikram,Shah,user2844@email.com,+91-8284279148,Kolkata,2021-12-11 18:00:00,Basic,69.0,Vikram Shah,1590
CUST_02845,Rahul,Kumar,user2845@email.com,+91-9944216064,Kolkata,2021-12-12 00:00:00,Standard,19.0,Rahul Kumar,1590
CUST_02846,Aarav,Singh,user2846@email.com,+91-8130803878,Bengaluru,2021-12-12 06:00:00,Premium,42.0,Aarav Singh,1590
CUST_02847,Vikram,Mehta,user2847@email.com,+91-7872340165,Delhi,2021-12-12 12:00:00,Premium,48.0,Vikram Mehta,1590
CUST_02848,Sanjay,Singh,user2848@email.com,+91-7384379282,Ahmedabad,2021-12-12 18:00:00,Standard,67.0,Sanjay Singh,1589
CUST_02849,Sanjay,Reddy,user2849@email.com,+91-8579250630,Pune,2021-12-13 00:00:00,Basic,67.0,Sanjay Reddy,1589
CUST_02850,Neha,Reddy,user2850@email.com,+91-8231249144,Kolkata,2021-12-13 06:00:00,Standard,30.0,Neha Reddy,1589
CUST_02851,Rahul,Reddy,user2851@email.com,+91-8976343775,Bengaluru,2021-12-13 12:00:00,Basic,35.0,Rahul Reddy,1589
CUST_02852,Aarav,Reddy,user2852@email.com,+91-9026820176,Pune,2021-12-13 18:00:00,Standard,34.0,Aarav Reddy,1588
CUST_02853,Priya,Patel,user2853@email.com,+91-8412265942,Delhi,2021-12-14 00:00:00,Standard,62.0,Priya Patel,1588
CUST_02854,Meera,Shah,user2854@email.com,+91-8382420968,Pune,2021-12-14 06:00:00,Standard,45.0,Meera Shah,1588
CUST_02855,Aarav,Singh,user2855@email.com,+91-9243140393,Bengaluru,2021-12-14 12:00:00,Basic,29.0,Aarav Singh,1588
CUST_02856,Meera,Shah,user2856@email.com,+91-8300211707,Hyderabad,2021-12-14 18:00:00,Premium,52.0,Meera Shah,1587
CUST_02857,Arjun,Joshi,user2857@email.com,+91-8882118957,Ahmedabad,2021-12-15 00:00:00,Standard,39.0,Arjun Joshi,1587
CUST_02858,Meera,Singh,user2858@email.com,+91-9649849530,Kolkata,2021-12-15 06:00:00,Standard,56.0,Meera Singh,1587
CUST_02859,Anjali,Patel,user2859@email.com,+91-9282388507,Ahmedabad,2021-12-15 12:00:00,Standard,18.0,Anjali Patel,1587
CUST_02860,Sanjay,Joshi,user2860@email.com,+91-9973953917,Delhi,2021-12-15 18:00:00,Standard,54.0,Sanjay Joshi,1586
CUST_02861,Rahul,Shah,user2861@email.com,+91-7193394888,Mumbai,2021-12-16 00:00:00,Premium,38.0,Rahul Shah,1586
CUST_02862,Pooja,Joshi,user2862@email.com,+91-8324003051,Delhi,2021-12-16 06:00:00,Standard,18.0,Pooja Joshi,1586
CUST_02863,Neha,Kumar,user2863@email.com,+91-8313700136,Delhi,2021-12-16 12:00:00,Standard,21.0,Neha Kumar,1586
CUST_02864,Anjali,Joshi,user2864@email.com,+91-9940471053,Delhi,2021-12-16 18:00:00,Basic,49.0,Anjali Joshi,1585
CUST_02865,Meera,Singh,user2865@email.com,+91-7123837772,Hyderabad,2021-12-17 00:00:00,Standard,18.0,Meera Singh,1585
CUST_02866,Vikram,Reddy,user2866@email.com,+91-7271625365,Kolkata,2021-12-17 06:00:00,Basic,30.0,Vikram Reddy,1585
CUST_02867,Rahul,Reddy,user2867@email.com,+91-7200913414,Bengaluru,2021-12-17 12:00:00,Basic,63.0,Rahul Reddy,1585
CUST_02868,Anjali,Mehta,user2868@email.com,+91-7745373363,Kolkata,2021-12-17 18:00:00,Standard,64.0,Anjali Mehta,1584
CUST_02869,Neha,Shah,user2869@email.com,+91-7522540970,Mumbai,2021-12-18 00:00:00,Standard,34.0,Neha Shah,1584
CUST_02870,Sanjay,Kumar,user2870@email.com,+91-9663131293,Bengaluru,2021-12-18 06:00:00,Standard,29.0,Sanjay Kumar,1584
CUST_02871,Rahul,Singh,user2871@email.com,+91-9227408638,Pune,2021-12-18 12:00:00,Basic,24.0,Rahul Singh,1584
CUST_02872,Neha,Singh,user2872@email.com,+91-8262074563,Pune,2021-12-18 18:00:00,Premium,68.0,Neha Singh,1583
CUST_02873,Arjun,Gupta,user2873@email.com,+91-7401254047,Pune,2021-12-19 00:00:00,Standard,20.0,Arjun Gupta,1583
CUST_02874,Arjun,Sharma,user2874@email.com,+91-7572349725,Bengaluru,2021-12-19 06:00:00,Basic,67.0,Arjun Sharma,1583
CUST_02875,Neha,Shah,user2875@email.com,+91-8324096931,Chennai,2021-12-19 12:00:00,Standard,43.0,Neha Shah,1583
CUST_02876,Anjali,Singh,user2876@email.com,+91-7150995775,Hyderabad,2021-12-19 18:00:00,Standard,48.0,Anjali Singh,1582
CUST_02877,Rahul,Nair,user2877@email.com,+91-8120593177,Chennai,2021-12-20 00:00:00,Standard,53.0,Rahul Nair,1582
CUST_02878,Anjali,Singh,user2878@email.com,+91-9950994505,Kolkata,2021-12-20 06:00:00,Premium,43.0,Anjali Singh,1582
CUST_02879,Priya,Gupta,user2879@email.com,+91-9315654075,Pune,2021-12-20 12:00:00,Standard,20.0,Priya Gupta,1582
CUST_02880,Meera,Joshi,user2880@email.com,+91-8411345496,Hyderabad,2021-12-20 18:00:00,Standard,61.0,Meera Joshi,1581
CUST_02881,Priya,Patel,user2881@email.com,+91-8392578770,Bengaluru,2021-12-21 00:00:00,Basic,45.0,Priya Patel,1581
CUST_02882,Arjun,Patel,user2882@email.com,+91-9462194480,Pune,2021-12-21 06:00:00,Standard,61.0,Arjun Patel,1581
CUST_02883,Sanjay,Nair,user2883@email.com,+91-8842265335,Bengaluru,2021-12-21 12:00:00,Basic,34.0,Sanjay Nair,1581
CUST_02884,Aarav,Nair,user2884@email.com,+91-8551292577,Hyderabad,2021-12-21 18:00:00,Basic,55.0,Aarav Nair,1580
CUST_02885,Meera,Mehta,user2885@email.com,+91-7545894870,Bengaluru,2021-12-22 00:00:00,Premium,64.0,Meera Mehta,1580
CUST_02886,Arjun,Patel,user2886@email.com,+91-7404123304,Bengaluru,2021-12-22 06:00:00,Basic,47.0,Arjun Patel,1580
CUST_02887,Anjali,Joshi,user2887@email.com,+91-7807448392,Mumbai,2021-12-22 12:00:00,Premium,19.0,Anjali Joshi,1580
CUST_02888,Anjali,Patel,user2888@email.com,+91-9203374354,Kolkata,2021-12-22 18:00:00,Standard,25.0,Anjali Patel,1579
CUST_02889,Anjali,Sharma,user2889@email.com,+91-8761398623,Chennai,2021-12-23 00:00:00,Basic,31.0,Anjali Sharma,1579
CUST_02890,Sanjay,Shah,user2890@email.com,+91-9941532849,Ahmedabad,2021-12-23 06:00:00,Standard,54.0,Sanjay Shah,1579
CUST_02891,Priya,Patel,user2891@email.com,+91-8020684649,Chennai,2021-12-23 12:00:00,Standard,52.0,Priya Patel,1579
CUST_02892,Aarav,Reddy,user2892@email.com,+91-7665829681,Chennai,2021-12-23 18:00:00,Standard,59.0,Aarav Reddy,1578
CUST_02893,Anjali,Mehta,user2893@email.com,+91-9889650356,Delhi,2021-12-24 00:00:00,Standard,56.0,Anjali Mehta,1578
CUST_02894,Pooja,Gupta,user2894@email.com,+91-9022977628,Mumbai,2021-12-24 06:00:00,Standard,28.0,Pooja Gupta,1578
CUST_02895,Meera,Nair,user2895@email.com,+91-8957872167,Ahmedabad,2021-12-24 12:00:00,Standard,32.0,Meera Nair,1578
CUST_02896,Rahul,Sharma,user2896@email.com,+91-8889272649,Pune,2021-12-24 18:00:00,Basic,19.0,Rahul Sharma,1577
CUST_02897,Pooja,Nair,user2897@email.com,+91-9628522288,Pune,2021-12-25 00:00:00,Premium,54.0,Pooja Nair,1577
CUST_02898,Aarav,Mehta,user2898@email.com,+91-9125058044,Pune,2021-12-25 06:00:00,Basic,60.0,Aarav Mehta,1577
CUST_02899,Sanjay,Singh,user2899@email.com,+91-9885451123,Chennai,2021-12-25 12:00:00,Basic,49.0,Sanjay Singh,1577
CUST_02900,Aarav,Sharma,user2900@email.com,+91-9341683752,Kolkata,2021-12-25 18:00:00,Standard,57.0,Aarav Sharma,1576
CUST_02901,Rahul,Kumar,user2901@email.com,+91-8140203372,Chennai,2021-12-26 00:00:00,Basic,30.0,Rahul Kumar,1576
CUST_02902,Meera,Sharma,user2902@email.com,+91-9755355406,Ahmedabad,2021-12-26 06:00:00,Standard,60.0,Meera Sharma,1576
CUST_02903,Rahul,Mehta,user2903@email.com,+91-8253409007,Kolkata,2021-12-26 12:00:00,Premium,34.0,Rahul Mehta,1576
CUST_02904,Neha,Gupta,user2904@email.com,+91-7624310926,Mumbai,2021-12-26 18:00:00,Basic,32.0,Neha Gupta,1575
CUST_02905,Meera,Sharma,user2905@email.com,+91-8262820668,Kolkata,2021-12-27 00:00:00,Standard,50.0,Meera Sharma,1575
CUST_02906,Aarav,Mehta,user2906@email.com,+91-8133051287,Ahmedabad,2021-12-27 06:00:00,Standard,68.0,Aarav Mehta,1575
CUST_02907,Anjali,Joshi,user2907@email.com,+91-7322380658,Bengaluru,2021-12-27 12:00:00,Basic,33.0,Anjali Joshi,1575
CUST_02908,Aarav,Shah,user2908@email.com,+91-9683723155,Chennai,2021-12-27 18:00:00,Standard,68.0,Aarav Shah,1574
CUST_02909,Aarav,Patel,user2909@email.com,+91-9005852290,Pune,2021-12-28 00:00:00,Basic,30.0,Aarav Patel,1574
CUST_02910,Meera,Joshi,user2910@email.com,+91-8933516703,Bengaluru,2021-12-28 06:00:00,Basic,39.0,Meera Joshi,1574
CUST_02911,Neha,Mehta,user2911@email.com,+91-9061409746,Chennai,2021-12-28 12:00:00,Premium,40.0,Neha Mehta,1574
CUST_02912,Aarav,Reddy,user2912@email.com,+91-9493258578,Hyderabad,2021-12-28 18:00:00,Premium,53.0,Aarav Reddy,1573
CUST_02913,Pooja,Singh,user2913@email.com,+91-7356182861,Delhi,2021-12-29 00:00:00,Basic,60.0,Pooja Singh,1573
CUST_02914,Arjun,Patel,user2914@email.com,+91-9423792505,Chennai,2021-12-29 06:00:00,Standard,67.0,Arjun Patel,1573
CUST_02915,Vikram,Reddy,user2915@email.com,+91-9556577670,Hyderabad,2021-12-29 12:00:00,Standard,67.0,Vikram Reddy,1573
CUST_02916,Vikram,Gupta,user2916@email.com,+91-7394364116,Ahmedabad,2021-12-29 18:00:00,Standard,27.0,Vikram Gupta,1572
CUST_02917,Aarav,Nair,user2917@email.com,+91-9771583313,Mumbai,2021-12-30 00:00:00,Basic,34.0,Aarav Nair,1572
CUST_02918,Pooja,Kumar,user2918@email.com,+91-7739490017,Hyderabad,2021-12-30 06:00:00,Premium,47.0,Pooja Kumar,1572
CUST_02919,Anjali,Patel,user2919@email.com,+91-9439082688,Mumbai,2021-12-30 12:00:00,Basic,30.0,Anjali Patel,1572
CUST_02920,Sanjay,Joshi,user2920@email.com,+91-8164081488,Chennai,2021-12-30 18:00:00,Premium,47.0,Sanjay Joshi,1571
CUST_02921,Sanjay,Singh,user2921@email.com,+91-7794503152,Mumbai,2021-12-31 00:00:00,Premium,63.0,Sanjay Singh,1571
CUST_02922,Meera,Reddy,user2922@email.com,+91-8208953555,Hyderabad,2021-12-31 06:00:00,Standard,47.0,Meera Reddy,1571
CUST_02923,Vikram,Mehta,user2923@email.com,+91-7631335480,Kolkata,2021-12-31 12:00:00,Standard,24.0,Vikram Mehta,1571
CUST_02924,Aarav,Patel,user2924@email.com,+91-7239873169,Delhi,2021-12-31 18:00:00,Basic,27.0,Aarav Patel,1570
CUST_02925,Sanjay,Nair,user2925@email.com,+91-9407949543,Bengaluru,2022-01-01 00:00:00,Premium,52.0,Sanjay Nair,1570
CUST_02926,Aarav,Mehta,user2926@email.com,+91-7367067733,Bengaluru,2022-01-01 06:00:00,Premium,19.0,Aarav Mehta,1570
CUST_02927,Meera,Reddy,user2927@email.com,+91-7825644515,Delhi,2022-01-01 12:00:00,Standard,47.0,Meera Reddy,1570
CUST_02928,Vikram,Singh,user2928@email.com,+91-7731328664,Pune,2022-01-01 18:00:00,Standard,36.0,Vikram Singh,1569
CUST_02929,Rahul,Sharma,user2929@email.com,+91-7341181356,Bengaluru,2022-01-02 00:00:00,Premium,56.0,Rahul Sharma,1569
CUST_02930,Arjun,Nair,user2930@email.com,+91-9147657165,Ahmedabad,2022-01-02 06:00:00,Premium,54.0,Arjun Nair,1569
CUST_02931,Arjun,Mehta,user2931@email.com,+91-7726087632,Chennai,2022-01-02 12:00:00,Standard,20.0,Arjun Mehta,1569
CUST_02932,Sanjay,Nair,user2932@email.com,+91-7336718836,Pune,2022-01-02 18:00:00,Basic,42.0,Sanjay Nair,1568
CUST_02933,Arjun,Gupta,user2933@email.com,+91-8174708914,Chennai,2022-01-03 00:00:00,Standard,51.0,Arjun Gupta,1568
CUST_02934,Rahul,Mehta,user2934@email.com,+91-8745351226,Hyderabad,2022-01-03 06:00:00,Standard,39.0,Rahul Mehta,1568
CUST_02935,Aarav,Patel,user2935@email.com,+91-7386046153,Ahmedabad,2022-01-03 12:00:00,Standard,55.0,Aarav Patel,1568
CUST_02936,Meera,Sharma,user2936@email.com,+91-8892237846,Hyderabad,2022-01-03 18:00:00,Standard,31.0,Meera Sharma,1567
CUST_02937,Rahul,Sharma,user2937@email.com,+91-7525010992,Pune,2022-01-04 00:00:00,Basic,56.0,Rahul Sharma,1567
CUST_02938,Meera,Kumar,user2938@email.com,+91-7661201417,Pune,2022-01-04 06:00:00,Basic,19.0,Meera Kumar,1567
CUST_02939,Meera,Nair,user2939@email.com,+91-8907389041,Ahmedabad,2022-01-04 12:00:00,Premium,49.0,Meera Nair,1567
CUST_02940,Vikram,Joshi,user2940@email.com,+91-8003070936,Ahmedabad,2022-01-04 18:00:00,Basic,60.0,Vikram Joshi,1566
CUST_02941,Aarav,Sharma,user2941@email.com,+91-9511228136,Pune,2022-01-05 00:00:00,Premium,44.0,Aarav Sharma,1566
CUST_02942,Pooja,Sharma,user2942@email.com,+91-9301321325,Pune,2022-01-05 06:00:00,Standard,20.0,Pooja Sharma,1566
CUST_02943,Arjun,Gupta,user2943@email.com,+91-7728500214,Mumbai,2022-01-05 12:00:00,Premium,58.0,Arjun Gupta,1566
CUST_02944,Pooja,Shah,user2944@email.com,+91-8099231185,Kolkata,2022-01-05 18:00:00,Premium,25.0,Pooja Shah,1565
CUST_02945,Vikram,Gupta,user2945@email.com,+91-8352757735,Pune,2022-01-06 00:00:00,Basic,43.0,Vikram Gupta,1565
CUST_02946,Meera,Gupta,user2946@email.com,+91-8206021578,Ahmedabad,2022-01-06 06:00:00,Standard,49.0,Meera Gupta,1565
CUST_02947,Sanjay,Shah,user2947@email.com,+91-7125680184,Kolkata,2022-01-06 12:00:00,Premium,28.0,Sanjay Shah,1565
CUST_02948,Arjun,Nair,user2948@email.com,+91-8474040997,Pune,2022-01-06 18:00:00,Standard,67.0,Arjun Nair,1564
CUST_02949,Arjun,Mehta,user2949@email.com,+91-8616973851,Hyderabad,2022-01-07 00:00:00,Basic,18.0,Arjun Mehta,1564
CUST_02950,Aarav,Singh,user2950@email.com,+91-7404794967,Chennai,2022-01-07 06:00:00,Basic,32.0,Aarav Singh,1564
CUST_02951,Neha,Joshi,user2951@email.com,+91-8900989144,Kolkata,2022-01-07 12:00:00,Basic,21.0,Neha Joshi,1564
CUST_02952,Priya,Sharma,user2952@email.com,+91-9964552390,Hyderabad,2022-01-07 18:00:00,Standard,21.0,Priya Sharma,1563
CUST_02953,Priya,Kumar,user2953@email.com,+91-7236166919,Bengaluru,2022-01-08 00:00:00,Basic,45.0,Priya Kumar,1563
CUST_02954,Priya,Joshi,user2954@email.com,+91-9222788124,Ahmedabad,2022-01-08 06:00:00,Basic,27.0,Priya Joshi,1563
CUST_02955,Neha,Mehta,user2955@email.com,+91-8383859990,Mumbai,2022-01-08 12:00:00,Basic,28.0,Neha Mehta,1563
CUST_02956,Aarav,Shah,user2956@email.com,+91-9548882056,Mumbai,2022-01-08 18:00:00,Basic,67.0,Aarav Shah,1562
CUST_02957,Neha,Joshi,user2957@email.com,+91-8070405765,Chennai,2022-01-09 00:00:00,Standard,40.0,Neha Joshi,1562
CUST_02958,Priya,Sharma,user2958@email.com,+91-7931798257,Pune,2022-01-09 06:00:00,Basic,64.0,Priya Sharma,1562
CUST_02959,Vikram,Joshi,user2959@email.com,+91-8439022951,Hyderabad,2022-01-09 12:00:00,Standard,20.0,Vikram Joshi,1562
CUST_02960,Rahul,Singh,user2960@email.com,+91-7992875869,Bengaluru,2022-01-09 18:00:00,Standard,56.0,Rahul Singh,1561
CUST_02961,Meera,Shah,user2961@email.com,+91-8909833558,Hyderabad,2022-01-10 00:00:00,Premium,56.0,Meera Shah,1561
CUST_02962,Neha,Joshi,user2962@email.com,+91-8398662932,Ahmedabad,2022-01-10 06:00:00,Basic,34.0,Neha Joshi,1561
CUST_02963,Aarav,Sharma,user2963@email.com,+91-9533259178,Ahmedabad,2022-01-10 12:00:00,Standard,39.0,Aarav Sharma,1561
CUST_02964,Aarav,Sharma,user2964@email.com,+91-7008357896,Pune,2022-01-10 18:00:00,Standard,69.0,Aarav Sharma,1560
CUST_02965,Pooja,Joshi,user2965@email.com,+91-8915018120,Pune,2022-01-11 00:00:00,Standard,44.0,Pooja Joshi,1560
CUST_02966,Rahul,Nair,user2966@email.com,+91-9759591527,Ahmedabad,2022-01-11 06:00:00,Standard,33.0,Rahul Nair,1560
CUST_02967,Sanjay,Kumar,user2967@email.com,+91-7578252564,Delhi,2022-01-11 12:00:00,Standard,33.0,Sanjay Kumar,1560
CUST_02968,Arjun,Reddy,user2968@email.com,+91-7870241663,Ahmedabad,2022-01-11 18:00:00,Basic,57.0,Arjun Reddy,1559
CUST_02969,Priya,Gupta,user2969@email.com,+91-9254560787,Hyderabad,2022-01-12 00:00:00,Basic,20.0,Priya Gupta,1559
CUST_02970,Sanjay,Shah,user2970@email.com,+91-9614161067,Chennai,2022-01-12 06:00:00,Standard,69.0,Sanjay Shah,1559
CUST_02971,Pooja,Reddy,user2971@email.com,+91-7346652657,Hyderabad,2022-01-12 12:00:00,Standard,64.0,Pooja Reddy,1559
CUST_02972,Priya,Mehta,user2972@email.com,+91-8237131163,Mumbai,2022-01-12 18:00:00,Basic,50.0,Priya Mehta,1558
CUST_02973,Rahul,Mehta,user2973@email.com,+91-8544895890,Bengaluru,2022-01-13 00:00:00,Basic,59.0,Rahul Mehta,1558
CUST_02974,Pooja,Sharma,user2974@email.com,+91-8459689715,Kolkata,2022-01-13 06:00:00,Basic,19.0,Pooja Sharma,1558
CUST_02975,Priya,Mehta,user2975@email.com,+91-7350249812,Chennai,2022-01-13 12:00:00,Standard,56.0,Priya Mehta,1558
CUST_02976,Rahul,Nair,user2976@email.com,+91-7885398331,Delhi,2022-01-13 18:00:00,Basic,63.0,Rahul Nair,1557
CUST_02977,Anjali,Kumar,user2977@email.com,+91-7302957535,Bengaluru,2022-01-14 00:00:00,Standard,65.0,Anjali Kumar,1557
CUST_02978,Sanjay,Mehta,user2978@email.com,+91-8521610107,Bengaluru,2022-01-14 06:00:00,Standard,44.0,Sanjay Mehta,1557
CUST_02979,Sanjay,Singh,user2979@email.com,+91-7330581798,Kolkata,2022-01-14 12:00:00,Basic,32.0,Sanjay Singh,1557
CUST_02980,Arjun,Kumar,user2980@email.com,+91-8132814776,Mumbai,2022-01-14 18:00:00,Premium,24.0,Arjun Kumar,1556
CUST_02981,Rahul,Nair,user2981@email.com,+91-7456305620,Mumbai,2022-01-15 00:00:00,Basic,62.0,Rahul Nair,1556
CUST_02982,Neha,Reddy,user2982@email.com,+91-7399157915,Mumbai,2022-01-15 06:00:00,Standard,59.0,Neha Reddy,1556
CUST_02983,Anjali,Kumar,user2983@email.com,+91-9017477867,Chennai,2022-01-15 12:00:00,Basic,26.0,Anjali Kumar,1556
CUST_02984,Vikram,Kumar,user2984@email.com,+91-8838103473,Hyderabad,2022-01-15 18:00:00,Premium,58.0,Vikram Kumar,1555
CUST_02985,Priya,Reddy,user2985@email.com,+91-7097466369,Bengaluru,2022-01-16 00:00:00,Standard,23.0,Priya Reddy,1555
CUST_02986,Anjali,Nair,user2986@email.com,+91-7698068152,Hyderabad,2022-01-16 06:00:00,Basic,29.0,Anjali Nair,1555
CUST_02987,Rahul,Mehta,user2987@email.com,+91-7458517215,Hyderabad,2022-01-16 12:00:00,Premium,47.0,Rahul Mehta,1555
CUST_02988,Meera,Sharma,user2988@email.com,+91-7222440326,Mumbai,2022-01-16 18:00:00,Premium,37.0,Meera Sharma,1554
CUST_02989,Priya,Shah,user2989@email.com,+91-9060768551,Hyderabad,2022-01-17 00:00:00,Standard,37.0,Priya Shah,1554
CUST_02990,Aarav,Reddy,user2990@email.com,+91-9793644656,Bengaluru,2022-01-17 06:00:00,Standard,63.0,Aarav Reddy,1554
CUST_02991,Sanjay,Reddy,user2991@email.com,+91-9610011555,Bengaluru,2022-01-17 12:00:00,Standard,44.0,Sanjay Reddy,1554
CUST_02992,Rahul,Reddy,user2992@email.com,+91-8949027897,Pune,2022-01-17 18:00:00,Premium,37.0,Rahul Reddy,1553
CUST_02993,Aarav,Reddy,user2993@email.com,+91-8750744965,Delhi,2022-01-18 00:00:00,Standard,24.0,Aarav Reddy,1553
CUST_02994,Arjun,Shah,user2994@email.com,+91-9731878405,Chennai,2022-01-18 06:00:00,Basic,57.0,Arjun Shah,1553
CUST_02995,Pooja,Shah,user2995@email.com,+91-8129776620,Hyderabad,2022-01-18 12:00:00,Basic,57.0,Pooja Shah,1553
CUST_02996,Vikram,Mehta,user2996@email.com,+91-9511023009,Chennai,2022-01-18 18:00:00,Standard,47.0,Vikram Mehta,1552
CUST_02997,Vikram,Joshi,user2997@email.com,+91-8026996274,Chennai,2022-01-19 00:00:00,Standard,25.0,Vikram Joshi,1552
CUST_02998,Aarav,Joshi,user2998@email.com,+91-7172429877,Chennai,2022-01-19 06:00:00,Basic,19.0,Aarav Joshi,1552
CUST_02999,Sanjay,Patel,user2999@email.com,+91-9761704007,Kolkata,2022-01-19 12:00:00,Standard,31.0,Sanjay Patel,1552
CUST_03000,Arjun,Reddy,user3000@email.com,+91-7035009312,Ahmedabad,2022-01-19 18:00:00,Standard,27.0,Arjun Reddy,1551
CUST_03001,Meera,Reddy,user3001@email.com,+91-7663687690,Pune,2022-01-20 00:00:00,Premium,67.0,Meera Reddy,1551
CUST_03002,Sanjay,Kumar,user3002@email.com,+91-7167893625,Chennai,2022-01-20 06:00:00,Standard,35.0,Sanjay Kumar,1551
CUST_03003,Anjali,Joshi,user3003@email.com,+91-9547027529,Ahmedabad,2022-01-20 12:00:00,Standard,35.0,Anjali Joshi,1551
CUST_03004,Vikram,Mehta,user3004@email.com,+91-8304137735,Ahmedabad,2022-01-20 18:00:00,Standard,33.0,Vikram Mehta,1550
CUST_03005,Anjali,Sharma,user3005@email.com,+91-9811246114,Pune,2022-01-21 00:00:00,Standard,69.0,Anjali Sharma,1550
CUST_03006,Priya,Patel,user3006@email.com,+91-8253265760,Bengaluru,2022-01-21 06:00:00,Premium,22.0,Priya Patel,1550
CUST_03007,Neha,Patel,user3007@email.com,+91-7161300466,Kolkata,2022-01-21 12:00:00,Premium,69.0,Neha Patel,1550
CUST_03008,Rahul,Mehta,user3008@email.com,+91-9893889821,Hyderabad,2022-01-21 18:00:00,Basic,48.0,Rahul Mehta,1549
CUST_03009,Arjun,Sharma,user3009@email.com,+91-9250336225,Pune,2022-01-22 00:00:00,Standard,54.0,Arjun Sharma,1549
CUST_03010,Sanjay,Kumar,user3010@email.com,+91-7093020290,Delhi,2022-01-22 06:00:00,Basic,37.0,Sanjay Kumar,1549
CUST_03011,Vikram,Shah,user3011@email.com,+91-9605625884,Ahmedabad,2022-01-22 12:00:00,Basic,40.0,Vikram Shah,1549
CUST_03012,Anjali,Gupta,user3012@email.com,+91-9089846679,Chennai,2022-01-22 18:00:00,Premium,49.0,Anjali Gupta,1548
CUST_03013,Pooja,Joshi,user3013@email.com,+91-7241597308,Ahmedabad,2022-01-23 00:00:00,Basic,59.0,Pooja Joshi,1548
CUST_03014,Priya,Reddy,user3014@email.com,+91-8073701288,Kolkata,2022-01-23 06:00:00,Premium,34.0,Priya Reddy,1548
CUST_03015,Rahul,Mehta,user3015@email.com,+91-8431579548,Delhi,2022-01-23 12:00:00,Basic,30.0,Rahul Mehta,1548
CUST_03016,Rahul,Joshi,user3016@email.com,+91-7597007330,Bengaluru,2022-01-23 18:00:00,Standard,66.0,Rahul Joshi,1547
CUST_03017,Sanjay,Reddy,user3017@email.com,+91-7743817428,Bengaluru,2022-01-24 00:00:00,Standard,67.0,Sanjay Reddy,1547
CUST_03018,Arjun,Gupta,user3018@email.com,+91-8762793680,Mumbai,2022-01-24 06:00:00,Basic,30.0,Arjun Gupta,1547
CUST_03019,Meera,Gupta,user3019@email.com,+91-7523449797,Chennai,2022-01-24 12:00:00,Standard,34.0,Meera Gupta,1547
CUST_03020,Pooja,Shah,user3020@email.com,+91-7060212532,Mumbai,2022-01-24 18:00:00,Standard,32.0,Pooja Shah,1546
CUST_03021,Sanjay,Nair,user3021@email.com,+91-8275253859,Kolkata,2022-01-25 00:00:00,Basic,43.0,Sanjay Nair,1546
CUST_03022,Anjali,Gupta,user3022@email.com,+91-8123943490,Delhi,2022-01-25 06:00:00,Premium,61.0,Anjali Gupta,1546
CUST_03023,Neha,Joshi,user3023@email.com,+91-8171766204,Ahmedabad,2022-01-25 12:00:00,Standard,45.0,Neha Joshi,1546
CUST_03024,Aarav,Singh,user3024@email.com,+91-7634998328,Hyderabad,2022-01-25 18:00:00,Standard,59.0,Aarav Singh,1545
CUST_03025,Meera,Singh,user3025@email.com,+91-8602118245,Mumbai,2022-01-26 00:00:00,Basic,62.0,Meera Singh,1545
CUST_03026,Arjun,Reddy,user3026@email.com,+91-7973783173,Bengaluru,2022-01-26 06:00:00,Standard,47.0,Arjun Reddy,1545
CUST_03027,Priya,Reddy,user3027@email.com,+91-8338055718,Chennai,2022-01-26 12:00:00,Basic,60.0,Priya Reddy,1545
CUST_03028,Meera,Nair,user3028@email.com,+91-9047901445,Ahmedabad,2022-01-26 18:00:00,Premium,52.0,Meera Nair,1544
CUST_03029,Vikram,Singh,user3029@email.com,+91-9359090637,Delhi,2022-01-27 00:00:00,Standard,39.0,Vikram Singh,1544
CUST_03030,Arjun,Reddy,user3030@email.com,+91-7903009512,Pune,2022-01-27 06:00:00,Basic,27.0,Arjun Reddy,1544
CUST_03031,Neha,Gupta,user3031@email.com,+91-9407449892,Kolkata,2022-01-27 12:00:00,Standard,28.0,Neha Gupta,1544
CUST_03032,Vikram,Reddy,user3032@email.com,+91-9050940435,Kolkata,2022-01-27 18:00:00,Basic,55.0,Vikram Reddy,1543
CUST_03033,Meera,Patel,user3033@email.com,+91-8936459857,Bengaluru,2022-01-28 00:00:00,Premium,50.0,Meera Patel,1543
CUST_03034,Aarav,Nair,user3034@email.com,+91-9592164424,Pune,2022-01-28 06:00:00,Premium,23.0,Aarav Nair,1543
CUST_03035,Aarav,Mehta,user3035@email.com,+91-8975505063,Kolkata,2022-01-28 12:00:00,Premium,54.0,Aarav Mehta,1543
CUST_03036,Neha,Sharma,user3036@email.com,+91-9061934231,Hyderabad,2022-01-28 18:00:00,Basic,24.0,Neha Sharma,1542
CUST_03037,Rahul,Kumar,user3037@email.com,+91-7540926577,Ahmedabad,2022-01-29 00:00:00,Standard,61.0,Rahul Kumar,1542
CUST_03038,Pooja,Sharma,user3038@email.com,+91-7735338940,Chennai,2022-01-29 06:00:00,Basic,29.0,Pooja Sharma,1542
CUST_03039,Priya,Sharma,user3039@email.com,+91-8521360954,Ahmedabad,2022-01-29 12:00:00,Standard,24.0,Priya Sharma,1542
CUST_03040,Rahul,Shah,user3040@email.com,+91-7281341988,Hyderabad,2022-01-29 18:00:00,Standard,19.0,Rahul Shah,1541
CUST_03041,Aarav,Mehta,user3041@email.com,+91-8304287908,Kolkata,2022-01-30 00:00:00,Standard,18.0,Aarav Mehta,1541
CUST_03042,Aarav,Reddy,user3042@email.com,+91-7997247984,Hyderabad,2022-01-30 06:00:00,Basic,40.0,Aarav Reddy,1541
CUST_03043,Anjali,Shah,user3043@email.com,+91-8582734355,Ahmedabad,2022-01-30 12:00:00,Basic,42.0,Anjali Shah,1541
CUST_03044,Vikram,Sharma,user3044@email.com,+91-7682781629,Kolkata,2022-01-30 18:00:00,Basic,35.0,Vikram Sharma,1540
CUST_03045,Meera,Patel,user3045@email.com,+91-7414181624,Chennai,2022-01-31 00:00:00,Premium,61.0,Meera Patel,1540
CUST_03046,Priya,Kumar,user3046@email.com,+91-9595655723,Chennai,2022-01-31 06:00:00,Standard,24.0,Priya Kumar,1540
CUST_03047,Neha,Sharma,user3047@email.com,+91-8503512227,Pune,2022-01-31 12:00:00,Standard,68.0,Neha Sharma,1540
CUST_03048,Meera,Singh,user3048@email.com,+91-7072681783,Hyderabad,2022-01-31 18:00:00,Basic,20.0,Meera Singh,1539
CUST_03049,Anjali,Mehta,user3049@email.com,+91-7136618018,Delhi,2022-02-01 00:00:00,Standard,46.0,Anjali Mehta,1539
CUST_03050,Aarav,Mehta,user3050@email.com,+91-8605952287,Pune,2022-02-01 06:00:00,Standard,27.0,Aarav Mehta,1539
CUST_03051,Neha,Mehta,user3051@email.com,+91-9948629918,Chennai,2022-02-01 12:00:00,Standard,60.0,Neha Mehta,1539
CUST_03052,Aarav,Nair,user3052@email.com,+91-8981631243,Bengaluru,2022-02-01 18:00:00,Standard,22.0,Aarav Nair,1538
CUST_03053,Priya,Nair,user3053@email.com,+91-9288261469,Kolkata,2022-02-02 00:00:00,Premium,51.0,Priya Nair,1538
CUST_03054,Vikram,Gupta,user3054@email.com,+91-7813495539,Pune,2022-02-02 06:00:00,Basic,25.0,Vikram Gupta,1538
CUST_03055,Meera,Joshi,user3055@email.com,+91-9449364421,Mumbai,2022-02-02 12:00:00,Standard,31.0,Meera Joshi,1538
CUST_03056,Meera,Kumar,user3056@email.com,+91-7777037219,Delhi,2022-02-02 18:00:00,Basic,57.0,Meera Kumar,1537
CUST_03057,Rahul,Shah,user3057@email.com,+91-7239287423,Kolkata,2022-02-03 00:00:00,Basic,23.0,Rahul Shah,1537
CUST_03058,Neha,Reddy,user3058@email.com,+91-9734270206,Pune,2022-02-03 06:00:00,Standard,18.0,Neha Reddy,1537
CUST_03059,Pooja,Sharma,user3059@email.com,+91-7203909649,Chennai,2022-02-03 12:00:00,Standard,50.0,Pooja Sharma,1537
CUST_03060,Anjali,Joshi,user3060@email.com,+91-9330650215,Ahmedabad,2022-02-03 18:00:00,Premium,57.0,Anjali Joshi,1536
CUST_03061,Pooja,Reddy,user3061@email.com,+91-7817989223,Chennai,2022-02-04 00:00:00,Basic,28.0,Pooja Reddy,1536
CUST_03062,Rahul,Shah,user3062@email.com,+91-9085364416,Delhi,2022-02-04 06:00:00,Standard,67.0,Rahul Shah,1536
CUST_03063,Priya,Joshi,user3063@email.com,+91-8091945495,Mumbai,2022-02-04 12:00:00,Standard,41.0,Priya Joshi,1536
CUST_03064,Anjali,Reddy,user3064@email.com,+91-7954233473,Pune,2022-02-04 18:00:00,Standard,27.0,Anjali Reddy,1535
CUST_03065,Vikram,Patel,user3065@email.com,+91-7930260814,Ahmedabad,2022-02-05 00:00:00,Standard,61.0,Vikram Patel,1535
CUST_03066,Pooja,Nair,user3066@email.com,+91-9332155428,Pune,2022-02-05 06:00:00,Standard,69.0,Pooja Nair,1535
CUST_03067,Vikram,Shah,user3067@email.com,+91-7619935671,Hyderabad,2022-02-05 12:00:00,Standard,40.0,Vikram Shah,1535
CUST_03068,Pooja,Kumar,user3068@email.com,+91-7450722929,Bengaluru,2022-02-05 18:00:00,Basic,33.0,Pooja Kumar,1534
CUST_03069,Vikram,Singh,user3069@email.com,+91-8388849647,Chennai,2022-02-06 00:00:00,Basic,54.0,Vikram Singh,1534
CUST_03070,Pooja,Patel,user3070@email.com,+91-8480594251,Pune,2022-02-06 06:00:00,Standard,33.0,Pooja Patel,1534
CUST_03071,Vikram,Nair,user3071@email.com,+91-7544018999,Pune,2022-02-06 12:00:00,Standard,61.0,Vikram Nair,1534
CUST_03072,Rahul,Mehta,user3072@email.com,+91-7082107752,Kolkata,2022-02-06 18:00:00,Basic,48.0,Rahul Mehta,1533
CUST_03073,Arjun,Nair,user3073@email.com,+91-7528901736,Kolkata,2022-02-07 00:00:00,Premium,23.0,Arjun Nair,1533
CUST_03074,Anjali,Joshi,user3074@email.com,+91-7927377259,Pune,2022-02-07 06:00:00,Basic,47.0,Anjali Joshi,1533
CUST_03075,Neha,Gupta,user3075@email.com,+91-7102871213,Mumbai,2022-02-07 12:00:00,Standard,54.0,Neha Gupta,1533
CUST_03076,Priya,Patel,user3076@email.com,+91-8618147476,Bengaluru,2022-02-07 18:00:00,Basic,18.0,Priya Patel,1532
CUST_03077,Sanjay,Mehta,user3077@email.com,+91-7317365261,Pune,2022-02-08 00:00:00,Standard,68.0,Sanjay Mehta,1532
CUST_03078,Aarav,Joshi,user3078@email.com,+91-9312972627,Delhi,2022-02-08 06:00:00,Standard,59.0,Aarav Joshi,1532
CUST_03079,Neha,Shah,user3079@email.com,+91-7182421345,Chennai,2022-02-08 12:00:00,Basic,42.0,Neha Shah,1532
CUST_03080,Aarav,Kumar,user3080@email.com,+91-9180049738,Hyderabad,2022-02-08 18:00:00,Premium,63.0,Aarav Kumar,1531
CUST_03081,Anjali,Nair,user3081@email.com,+91-8190924676,Kolkata,2022-02-09 00:00:00,Standard,38.0,Anjali Nair,1531
CUST_03082,Neha,Shah,user3082@email.com,+91-7209704306,Delhi,2022-02-09 06:00:00,Standard,52.0,Neha Shah,1531
CUST_03083,Vikram,Mehta,user3083@email.com,+91-9648828712,Chennai,2022-02-09 12:00:00,Basic,55.0,Vikram Mehta,1531
CUST_03084,Vikram,Joshi,user3084@email.com,+91-7168054723,Ahmedabad,2022-02-09 18:00:00,Standard,22.0,Vikram Joshi,1530
CUST_03085,Sanjay,Gupta,user3085@email.com,+91-7918627918,Kolkata,2022-02-10 00:00:00,Basic,66.0,Sanjay Gupta,1530
CUST_03086,Aarav,Nair,user3086@email.com,+91-7174933161,Mumbai,2022-02-10 06:00:00,Standard,67.0,Aarav Nair,1530
CUST_03087,Priya,Kumar,user3087@email.com,+91-8888263076,Kolkata,2022-02-10 12:00:00,Premium,29.0,Priya Kumar,1530
CUST_03088,Anjali,Gupta,user3088@email.com,+91-7384749358,Bengaluru,2022-02-10 18:00:00,Basic,22.0,Anjali Gupta,1529
CUST_03089,Vikram,Reddy,user3089@email.com,+91-7110929898,Bengaluru,2022-02-11 00:00:00,Premium,26.0,Vikram Reddy,1529
CUST_03090,Arjun,Joshi,user3090@email.com,+91-8952285333,Chennai,2022-02-11 06:00:00,Standard,61.0,Arjun Joshi,1529
CUST_03091,Rahul,Shah,user3091@email.com,+91-9490401485,Delhi,2022-02-11 12:00:00,Premium,69.0,Rahul Shah,1529
CUST_03092,Rahul,Nair,user3092@email.com,+91-8250752086,Hyderabad,2022-02-11 18:00:00,Standard,26.0,Rahul Nair,1528
CUST_03093,Pooja,Nair,user3093@email.com,+91-9339451326,Mumbai,2022-02-12 00:00:00,Basic,52.0,Pooja Nair,1528
CUST_03094,Priya,Mehta,user3094@email.com,+91-8804861797,Chennai,2022-02-12 06:00:00,Standard,18.0,Priya Mehta,1528
CUST_03095,Rahul,Kumar,user3095@email.com,+91-9998187147,Ahmedabad,2022-02-12 12:00:00,Standard,64.0,Rahul Kumar,1528
CUST_03096,Pooja,Singh,user3096@email.com,+91-8881002851,Mumbai,2022-02-12 18:00:00,Standard,27.0,Pooja Singh,1527
CUST_03097,Aarav,Reddy,user3097@email.com,+91-8782713847,Bengaluru,2022-02-13 00:00:00,Standard,63.0,Aarav Reddy,1527
CUST_03098,Vikram,Gupta,user3098@email.com,+91-8886533899,Pune,2022-02-13 06:00:00,Standard,56.0,Vikram Gupta,1527
CUST_03099,Vikram,Patel,user3099@email.com,+91-7598435071,Pune,2022-02-13 12:00:00,Standard,53.0,Vikram Patel,1527
CUST_03100,Arjun,Patel,user3100@email.com,+91-7871632341,Hyderabad,2022-02-13 18:00:00,Basic,54.0,Arjun Patel,1526
CUST_03101,Neha,Nair,user3101@email.com,+91-9245195050,Mumbai,2022-02-14 00:00:00,Premium,69.0,Neha Nair,1526
CUST_03102,Rahul,Mehta,user3102@email.com,+91-7467031985,Chennai,2022-02-14 06:00:00,Premium,65.0,Rahul Mehta,1526
CUST_03103,Aarav,Sharma,user3103@email.com,+91-7687965763,Hyderabad,2022-02-14 12:00:00,Basic,52.0,Aarav Sharma,1526
CUST_03104,Meera,Nair,user3104@email.com,+91-9433544177,Kolkata,2022-02-14 18:00:00,Standard,34.0,Meera Nair,1525
CUST_03105,Rahul,Patel,user3105@email.com,+91-7987199722,Kolkata,2022-02-15 00:00:00,Standard,30.0,Rahul Patel,1525
CUST_03106,Priya,Patel,user3106@email.com,+91-8789756751,Ahmedabad,2022-02-15 06:00:00,Basic,23.0,Priya Patel,1525
CUST_03107,Neha,Reddy,user3107@email.com,+91-9857516489,Delhi,2022-02-15 12:00:00,Standard,54.0,Neha Reddy,1525
CUST_03108,Rahul,Shah,user3108@email.com,+91-9404312517,Pune,2022-02-15 18:00:00,Standard,65.0,Rahul Shah,1524
CUST_03109,Aarav,Sharma,user3109@email.com,+91-8879621666,Chennai,2022-02-16 00:00:00,Standard,49.0,Aarav Sharma,1524
CUST_03110,Rahul,Nair,user3110@email.com,+91-9183884754,Mumbai,2022-02-16 06:00:00,Basic,28.0,Rahul Nair,1524
CUST_03111,Priya,Reddy,user3111@email.com,+91-9448528528,Hyderabad,2022-02-16 12:00:00,Premium,34.0,Priya Reddy,1524
CUST_03112,Meera,Mehta,user3112@email.com,+91-8752891975,Chennai,2022-02-16 18:00:00,Premium,22.0,Meera Mehta,1523
CUST_03113,Anjali,Reddy,user3113@email.com,+91-9347706709,Hyderabad,2022-02-17 00:00:00,Standard,23.0,Anjali Reddy,1523
CUST_03114,Sanjay,Nair,user3114@email.com,+91-7167094843,Hyderabad,2022-02-17 06:00:00,Basic,27.0,Sanjay Nair,1523
CUST_03115,Meera,Joshi,user3115@email.com,+91-7347471261,Hyderabad,2022-02-17 12:00:00,Standard,44.0,Meera Joshi,1523
CUST_03116,Pooja,Singh,user3116@email.com,+91-7928643847,Mumbai,2022-02-17 18:00:00,Premium,50.0,Pooja Singh,1522
CUST_03117,Rahul,Nair,user3117@email.com,+91-8505126154,Chennai,2022-02-18 00:00:00,Basic,47.0,Rahul Nair,1522
CUST_03118,Vikram,Kumar,user3118@email.com,+91-7220523276,Bengaluru,2022-02-18 06:00:00,Premium,38.0,Vikram Kumar,1522
CUST_03119,Arjun,Patel,user3119@email.com,+91-9169271904,Bengaluru,2022-02-18 12:00:00,Premium,59.0,Arjun Patel,1522
CUST_03120,Vikram,Sharma,user3120@email.com,+91-8295065837,Mumbai,2022-02-18 18:00:00,Standard,34.0,Vikram Sharma,1521
CUST_03121,Meera,Sharma,user3121@email.com,+91-7128621056,Kolkata,2022-02-19 00:00:00,Standard,44.0,Meera Sharma,1521
CUST_03122,Vikram,Shah,user3122@email.com,+91-9471622323,Mumbai,2022-02-19 06:00:00,Standard,20.0,Vikram Shah,1521
CUST_03123,Aarav,Singh,user3123@email.com,+91-9062547648,Pune,2022-02-19 12:00:00,Basic,46.0,Aarav Singh,1521
CUST_03124,Vikram,Kumar,user3124@email.com,+91-9782449920,Hyderabad,2022-02-19 18:00:00,Basic,19.0,Vikram Kumar,1520
CUST_03125,Neha,Patel,user3125@email.com,+91-7432428987,Chennai,2022-02-20 00:00:00,Standard,46.0,Neha Patel,1520
CUST_03126,Anjali,Sharma,user3126@email.com,+91-7050133956,Chennai,2022-02-20 06:00:00,Standard,66.0,Anjali Sharma,1520
CUST_03127,Rahul,Kumar,user3127@email.com,+91-7356426942,Delhi,2022-02-20 12:00:00,Standard,53.0,Rahul Kumar,1520
CUST_03128,Vikram,Reddy,user3128@email.com,+91-8842497154,Delhi,2022-02-20 18:00:00,Standard,51.0,Vikram Reddy,1519
CUST_03129,Priya,Shah,user3129@email.com,+91-9647293479,Ahmedabad,2022-02-21 00:00:00,Premium,54.0,Priya Shah,1519
CUST_03130,Anjali,Nair,user3130@email.com,+91-9963139887,Bengaluru,2022-02-21 06:00:00,Basic,59.0,Anjali Nair,1519
CUST_03131,Anjali,Nair,user3131@email.com,+91-9779882790,Delhi,2022-02-21 12:00:00,Premium,18.0,Anjali Nair,1519
CUST_03132,Vikram,Joshi,user3132@email.com,+91-9973318236,Delhi,2022-02-21 18:00:00,Premium,43.0,Vikram Joshi,1518
CUST_03133,Anjali,Patel,user3133@email.com,+91-8950135394,Bengaluru,2022-02-22 00:00:00,Standard,18.0,Anjali Patel,1518
CUST_03134,Arjun,Kumar,user3134@email.com,+91-8871494574,Pune,2022-02-22 06:00:00,Standard,21.0,Arjun Kumar,1518
CUST_03135,Vikram,Gupta,user3135@email.com,+91-8743235215,Kolkata,2022-02-22 12:00:00,Premium,56.0,Vikram Gupta,1518
CUST_03136,Aarav,Sharma,user3136@email.com,+91-7016679788,Bengaluru,2022-02-22 18:00:00,Premium,31.0,Aarav Sharma,1517
CUST_03137,Meera,Mehta,user3137@email.com,+91-7518306741,Kolkata,2022-02-23 00:00:00,Standard,63.0,Meera Mehta,1517
CUST_03138,Neha,Mehta,user3138@email.com,+91-7328446852,Ahmedabad,2022-02-23 06:00:00,Basic,35.0,Neha Mehta,1517
CUST_03139,Sanjay,Nair,user3139@email.com,+91-8371065043,Delhi,2022-02-23 12:00:00,Standard,51.0,Sanjay Nair,1517
CUST_03140,Pooja,Gupta,user3140@email.com,+91-7614440699,Chennai,2022-02-23 18:00:00,Standard,18.0,Pooja Gupta,1516
CUST_03141,Anjali,Mehta,user3141@email.com,+91-8908904083,Delhi,2022-02-24 00:00:00,Standard,44.0,Anjali Mehta,1516
CUST_03142,Aarav,Singh,user3142@email.com,+91-9529798414,Hyderabad,2022-02-24 06:00:00,Basic,39.0,Aarav Singh,1516
CUST_03143,Rahul,Singh,user3143@email.com,+91-7716561998,Ahmedabad,2022-02-24 12:00:00,Standard,33.0,Rahul Singh,1516
CUST_03144,Rahul,Patel,user3144@email.com,+91-8228393973,Kolkata,2022-02-24 18:00:00,Premium,39.0,Rahul Patel,1515
CUST_03145,Pooja,Gupta,user3145@email.com,+91-8093887412,Kolkata,2022-02-25 00:00:00,Standard,67.0,Pooja Gupta,1515
CUST_03146,Neha,Singh,user3146@email.com,+91-7948218420,Hyderabad,2022-02-25 06:00:00,Basic,33.0,Neha Singh,1515
CUST_03147,Anjali,Singh,user3147@email.com,+91-7775018931,Hyderabad,2022-02-25 12:00:00,Premium,45.0,Anjali Singh,1515
CUST_03148,Arjun,Nair,user3148@email.com,+91-8751905763,Pune,2022-02-25 18:00:00,Standard,45.0,Arjun Nair,1514
CUST_03149,Pooja,Mehta,user3149@email.com,+91-7291101612,Mumbai,2022-02-26 00:00:00,Premium,39.0,Pooja Mehta,1514
CUST_03150,Neha,Patel,user3150@email.com,+91-8358331313,Hyderabad,2022-02-26 06:00:00,Premium,23.0,Neha Patel,1514
CUST_03151,Anjali,Kumar,user3151@email.com,+91-8271838666,Kolkata,2022-02-26 12:00:00,Standard,42.0,Anjali Kumar,1514
CUST_03152,Aarav,Reddy,user3152@email.com,+91-8709398481,Chennai,2022-02-26 18:00:00,Standard,59.0,Aarav Reddy,1513
CUST_03153,Meera,Sharma,user3153@email.com,+91-9685601061,Kolkata,2022-02-27 00:00:00,Basic,19.0,Meera Sharma,1513
CUST_03154,Arjun,Sharma,user3154@email.com,+91-7075417886,Kolkata,2022-02-27 06:00:00,Basic,24.0,Arjun Sharma,1513
CUST_03155,Sanjay,Shah,user3155@email.com,+91-8691685167,Pune,2022-02-27 12:00:00,Standard,44.0,Sanjay Shah,1513
CUST_03156,Rahul,Reddy,user3156@email.com,+91-9051943107,Mumbai,2022-02-27 18:00:00,Standard,34.0,Rahul Reddy,1512
CUST_03157,Priya,Reddy,user3157@email.com,+91-9147199289,Mumbai,2022-02-28 00:00:00,Standard,52.0,Priya Reddy,1512
CUST_03158,Aarav,Sharma,user3158@email.com,+91-7801639739,Hyderabad,2022-02-28 06:00:00,Premium,37.0,Aarav Sharma,1512
CUST_03159,Rahul,Sharma,user3159@email.com,+91-7267491914,Ahmedabad,2022-02-28 12:00:00,Basic,61.0,Rahul Sharma,1512
CUST_03160,Vikram,Kumar,user3160@email.com,+91-7585505154,Delhi,2022-02-28 18:00:00,Standard,19.0,Vikram Kumar,1511
CUST_03161,Priya,Gupta,user3161@email.com,+91-9898599119,Kolkata,2022-03-01 00:00:00,Premium,24.0,Priya Gupta,1511
CUST_03162,Rahul,Gupta,user3162@email.com,+91-9477257240,Bengaluru,2022-03-01 06:00:00,Premium,49.0,Rahul Gupta,1511
CUST_03163,Neha,Kumar,user3163@email.com,+91-9839790798,Delhi,2022-03-01 12:00:00,Premium,66.0,Neha Kumar,1511
CUST_03164,Arjun,Mehta,user3164@email.com,+91-7597895434,Delhi,2022-03-01 18:00:00,Basic,36.0,Arjun Mehta,1510
CUST_03165,Rahul,Reddy,user3165@email.com,+91-9693108740,Mumbai,2022-03-02 00:00:00,Basic,29.0,Rahul Reddy,1510
CUST_03166,Sanjay,Joshi,user3166@email.com,+91-7749462817,Mumbai,2022-03-02 06:00:00,Basic,26.0,Sanjay Joshi,1510
CUST_03167,Meera,Reddy,user3167@email.com,+91-7657704664,Pune,2022-03-02 12:00:00,Basic,44.0,Meera Reddy,1510
CUST_03168,Neha,Shah,user3168@email.com,+91-7075497234,Pune,2022-03-02 18:00:00,Standard,31.0,Neha Shah,1509
CUST_03169,Aarav,Sharma,user3169@email.com,+91-9200674254,Mumbai,2022-03-03 00:00:00,Basic,19.0,Aarav Sharma,1509
CUST_03170,Aarav,Reddy,user3170@email.com,+91-9137525049,Chennai,2022-03-03 06:00:00,Basic,38.0,Aarav Reddy,1509
CUST_03171,Aarav,Sharma,user3171@email.com,+91-9858808965,Chennai,2022-03-03 12:00:00,Standard,21.0,Aarav Sharma,1509
CUST_03172,Aarav,Reddy,user3172@email.com,+91-8423394920,Bengaluru,2022-03-03 18:00:00,Standard,68.0,Aarav Reddy,1508
CUST_03173,Meera,Shah,user3173@email.com,+91-8500428008,Mumbai,2022-03-04 00:00:00,Basic,38.0,Meera Shah,1508
CUST_03174,Rahul,Mehta,user3174@email.com,+91-8382713884,Hyderabad,2022-03-04 06:00:00,Standard,65.0,Rahul Mehta,1508
CUST_03175,Anjali,Joshi,user3175@email.com,+91-8957224595,Pune,2022-03-04 12:00:00,Basic,39.0,Anjali Joshi,1508
CUST_03176,Rahul,Singh,user3176@email.com,+91-9928894992,Mumbai,2022-03-04 18:00:00,Basic,66.0,Rahul Singh,1507
CUST_03177,Vikram,Kumar,user3177@email.com,+91-8441533426,Chennai,2022-03-05 00:00:00,Basic,19.0,Vikram Kumar,1507
CUST_03178,Arjun,Kumar,user3178@email.com,+91-8443350078,Mumbai,2022-03-05 06:00:00,Basic,34.0,Arjun Kumar,1507
CUST_03179,Priya,Joshi,user3179@email.com,+91-9046381620,Chennai,2022-03-05 12:00:00,Standard,36.0,Priya Joshi,1507
CUST_03180,Anjali,Reddy,user3180@email.com,+91-8891228804,Mumbai,2022-03-05 18:00:00,Basic,57.0,Anjali Reddy,1506
CUST_03181,Anjali,Singh,user3181@email.com,+91-9043078675,Kolkata,2022-03-06 00:00:00,Standard,41.0,Anjali Singh,1506
CUST_03182,Rahul,Shah,user3182@email.com,+91-7977251326,Hyderabad,2022-03-06 06:00:00,Standard,37.0,Rahul Shah,1506
CUST_03183,Anjali,Gupta,user3183@email.com,+91-7843333481,Ahmedabad,2022-03-06 12:00:00,Premium,55.0,Anjali Gupta,1506
CUST_03184,Pooja,Reddy,user3184@email.com,+91-8006066958,Bengaluru,2022-03-06 18:00:00,Standard,29.0,Pooja Reddy,1505
CUST_03185,Pooja,Mehta,user3185@email.com,+91-8286054202,Kolkata,2022-03-07 00:00:00,Standard,42.0,Pooja Mehta,1505
CUST_03186,Vikram,Sharma,user3186@email.com,+91-8817128700,Hyderabad,2022-03-07 06:00:00,Standard,40.0,Vikram Sharma,1505
CUST_03187,Priya,Patel,user3187@email.com,+91-8159350418,Chennai,2022-03-07 12:00:00,Standard,67.0,Priya Patel,1505
CUST_03188,Sanjay,Reddy,user3188@email.com,+91-9791668585,Pune,2022-03-07 18:00:00,Standard,51.0,Sanjay Reddy,1504
CUST_03189,Meera,Patel,user3189@email.com,+91-9029280408,Pune,2022-03-08 00:00:00,Standard,49.0,Meera Patel,1504
CUST_03190,Rahul,Reddy,user3190@email.com,+91-9322088611,Delhi,2022-03-08 06:00:00,Premium,68.0,Rahul Reddy,1504
CUST_03191,Meera,Joshi,user3191@email.com,+91-7751581420,Hyderabad,2022-03-08 12:00:00,Basic,41.0,Meera Joshi,1504
CUST_03192,Sanjay,Patel,user3192@email.com,+91-7924885738,Mumbai,2022-03-08 18:00:00,Standard,59.0,Sanjay Patel,1503
CUST_03193,Rahul,Reddy,user3193@email.com,+91-9496628456,Bengaluru,2022-03-09 00:00:00,Basic,42.0,Rahul Reddy,1503
CUST_03194,Rahul,Kumar,user3194@email.com,+91-8973069068,Mumbai,2022-03-09 06:00:00,Basic,20.0,Rahul Kumar,1503
CUST_03195,Priya,Patel,user3195@email.com,+91-9735089213,Mumbai,2022-03-09 12:00:00,Standard,42.0,Priya Patel,1503
CUST_03196,Meera,Reddy,user3196@email.com,+91-8591482216,Hyderabad,2022-03-09 18:00:00,Basic,45.0,Meera Reddy,1502
CUST_03197,Pooja,Gupta,user3197@email.com,+91-8930752551,Ahmedabad,2022-03-10 00:00:00,Standard,29.0,Pooja Gupta,1502
CUST_03198,Aarav,Sharma,user3198@email.com,+91-8208659903,Bengaluru,2022-03-10 06:00:00,Standard,43.0,Aarav Sharma,1502
CUST_03199,Meera,Gupta,user3199@email.com,+91-7810447370,Delhi,2022-03-10 12:00:00,Basic,65.0,Meera Gupta,1502
CUST_03200,Arjun,Singh,user3200@email.com,+91-9425308069,Kolkata,2022-03-10 18:00:00,Basic,61.0,Arjun Singh,1501
CUST_03201,Arjun,Reddy,user3201@email.com,+91-7040726418,Mumbai,2022-03-11 00:00:00,Premium,25.0,Arjun Reddy,1501
CUST_03202,Rahul,Nair,user3202@email.com,+91-9500498703,Bengaluru,2022-03-11 06:00:00,Premium,22.0,Rahul Nair,1501
CUST_03203,Aarav,Mehta,user3203@email.com,+91-9746992111,Delhi,2022-03-11 12:00:00,Premium,28.0,Aarav Mehta,1501
CUST_03204,Neha,Gupta,user3204@email.com,+91-7874455545,Kolkata,2022-03-11 18:00:00,Standard,59.0,Neha Gupta,1500
CUST_03205,Sanjay,Patel,user3205@email.com,+91-8503037422,Mumbai,2022-03-12 00:00:00,Standard,52.0,Sanjay Patel,1500
CUST_03206,Vikram,Joshi,user3206@email.com,+91-7052835865,Bengaluru,2022-03-12 06:00:00,Standard,44.0,Vikram Joshi,1500
CUST_03207,Aarav,Mehta,user3207@email.com,+91-9915307508,Kolkata,2022-03-12 12:00:00,Standard,58.0,Aarav Mehta,1500
CUST_03208,Vikram,Nair,user3208@email.com,+91-9711924244,Hyderabad,2022-03-12 18:00:00,Basic,61.0,Vikram Nair,1499
CUST_03209,Meera,Shah,user3209@email.com,+91-8218519809,Ahmedabad,2022-03-13 00:00:00,Standard,55.0,Meera Shah,1499
CUST_03210,Meera,Reddy,user3210@email.com,+91-7051491931,Pune,2022-03-13 06:00:00,Standard,36.0,Meera Reddy,1499
CUST_03211,Vikram,Joshi,user3211@email.com,+91-8556270599,Pune,2022-03-13 12:00:00,Basic,65.0,Vikram Joshi,1499
CUST_03212,Sanjay,Reddy,user3212@email.com,+91-9136397307,Mumbai,2022-03-13 18:00:00,Basic,44.0,Sanjay Reddy,1498
CUST_03213,Aarav,Singh,user3213@email.com,+91-7209269182,Mumbai,2022-03-14 00:00:00,Basic,49.0,Aarav Singh,1498
CUST_03214,Neha,Nair,user3214@email.com,+91-9780950274,Kolkata,2022-03-14 06:00:00,Standard,63.0,Neha Nair,1498
CUST_03215,Rahul,Reddy,user3215@email.com,+91-7498594385,Bengaluru,2022-03-14 12:00:00,Basic,45.0,Rahul Reddy,1498
CUST_03216,Priya,Patel,user3216@email.com,+91-8049523237,Pune,2022-03-14 18:00:00,Premium,53.0,Priya Patel,1497
CUST_03217,Meera,Singh,user3217@email.com,+91-8928624068,Mumbai,2022-03-15 00:00:00,Standard,35.0,Meera Singh,1497
CUST_03218,Arjun,Kumar,user3218@email.com,+91-8202429725,Delhi,2022-03-15 06:00:00,Standard,27.0,Arjun Kumar,1497
CUST_03219,Sanjay,Shah,user3219@email.com,+91-7264898911,Mumbai,2022-03-15 12:00:00,Standard,49.0,Sanjay Shah,1497
CUST_03220,Priya,Nair,user3220@email.com,+91-8574539446,Pune,2022-03-15 18:00:00,Basic,35.0,Priya Nair,1496
CUST_03221,Neha,Sharma,user3221@email.com,+91-8878104903,Chennai,2022-03-16 00:00:00,Standard,29.0,Neha Sharma,1496
CUST_03222,Anjali,Joshi,user3222@email.com,+91-9929177281,Ahmedabad,2022-03-16 06:00:00,Premium,68.0,Anjali Joshi,1496
CUST_03223,Rahul,Gupta,user3223@email.com,+91-8167234468,Pune,2022-03-16 12:00:00,Basic,25.0,Rahul Gupta,1496
CUST_03224,Meera,Reddy,user3224@email.com,+91-8357177196,Delhi,2022-03-16 18:00:00,Premium,50.0,Meera Reddy,1495
CUST_03225,Rahul,Joshi,user3225@email.com,+91-8423878392,Bengaluru,2022-03-17 00:00:00,Basic,63.0,Rahul Joshi,1495
CUST_03226,Priya,Joshi,user3226@email.com,+91-8703006178,Delhi,2022-03-17 06:00:00,Premium,55.0,Priya Joshi,1495
CUST_03227,Rahul,Sharma,user3227@email.com,+91-7273192914,Chennai,2022-03-17 12:00:00,Basic,31.0,Rahul Sharma,1495
CUST_03228,Anjali,Sharma,user3228@email.com,+91-9083952620,Chennai,2022-03-17 18:00:00,Standard,19.0,Anjali Sharma,1494
CUST_03229,Priya,Singh,user3229@email.com,+91-9685407851,Mumbai,2022-03-18 00:00:00,Standard,26.0,Priya Singh,1494
CUST_03230,Meera,Nair,user3230@email.com,+91-8526089311,Mumbai,2022-03-18 06:00:00,Premium,61.0,Meera Nair,1494
CUST_03231,Aarav,Patel,user3231@email.com,+91-7110191145,Pune,2022-03-18 12:00:00,Basic,22.0,Aarav Patel,1494
CUST_03232,Arjun,Shah,user3232@email.com,+91-9639318148,Hyderabad,2022-03-18 18:00:00,Basic,51.0,Arjun Shah,1493
CUST_03233,Priya,Sharma,user3233@email.com,+91-7264622244,Ahmedabad,2022-03-19 00:00:00,Basic,36.0,Priya Sharma,1493
CUST_03234,Pooja,Sharma,user3234@email.com,+91-7409399196,Delhi,2022-03-19 06:00:00,Standard,24.0,Pooja Sharma,1493
CUST_03235,Anjali,Gupta,user3235@email.com,+91-9882740667,Pune,2022-03-19 12:00:00,Standard,56.0,Anjali Gupta,1493
CUST_03236,Priya,Kumar,user3236@email.com,+91-7819684049,Hyderabad,2022-03-19 18:00:00,Premium,59.0,Priya Kumar,1492
CUST_03237,Priya,Sharma,user3237@email.com,+91-7066730116,Pune,2022-03-20 00:00:00,Standard,34.0,Priya Sharma,1492
CUST_03238,Pooja,Kumar,user3238@email.com,+91-8910027047,Ahmedabad,2022-03-20 06:00:00,Standard,43.0,Pooja Kumar,1492
CUST_03239,Meera,Singh,user3239@email.com,+91-9255674463,Ahmedabad,2022-03-20 12:00:00,Standard,63.0,Meera Singh,1492
CUST_03240,Priya,Patel,user3240@email.com,+91-9621179930,Chennai,2022-03-20 18:00:00,Basic,44.0,Priya Patel,1491
CUST_03241,Arjun,Joshi,user3241@email.com,+91-9913425560,Mumbai,2022-03-21 00:00:00,Standard,60.0,Arjun Joshi,1491
CUST_03242,Rahul,Sharma,user3242@email.com,+91-8473714971,Mumbai,2022-03-21 06:00:00,Premium,45.0,Rahul Sharma,1491
CUST_03243,Meera,Reddy,user3243@email.com,+91-7917939569,Ahmedabad,2022-03-21 12:00:00,Basic,37.0,Meera Reddy,1491
CUST_03244,Arjun,Kumar,user3244@email.com,+91-8290851247,Pune,2022-03-21 18:00:00,Premium,23.0,Arjun Kumar,1490
CUST_03245,Meera,Gupta,user3245@email.com,+91-7018742146,Ahmedabad,2022-03-22 00:00:00,Premium,25.0,Meera Gupta,1490
CUST_03246,Arjun,Shah,user3246@email.com,+91-8606877522,Mumbai,2022-03-22 06:00:00,Standard,49.0,Arjun Shah,1490
CUST_03247,Anjali,Gupta,user3247@email.com,+91-9713773453,Bengaluru,2022-03-22 12:00:00,Standard,36.0,Anjali Gupta,1490
CUST_03248,Arjun,Sharma,user3248@email.com,+91-7104822565,Pune,2022-03-22 18:00:00,Basic,49.0,Arjun Sharma,1489
CUST_03249,Vikram,Nair,user3249@email.com,+91-8479276047,Chennai,2022-03-23 00:00:00,Standard,36.0,Vikram Nair,1489
CUST_03250,Arjun,Joshi,user3250@email.com,+91-7189777075,Kolkata,2022-03-23 06:00:00,Premium,41.0,Arjun Joshi,1489
CUST_03251,Aarav,Patel,user3251@email.com,+91-8154360655,Pune,2022-03-23 12:00:00,Standard,41.0,Aarav Patel,1489
CUST_03252,Aarav,Reddy,user3252@email.com,+91-7908887476,Pune,2022-03-23 18:00:00,Basic,34.0,Aarav Reddy,1488
CUST_03253,Sanjay,Nair,user3253@email.com,+91-9367758834,Mumbai,2022-03-24 00:00:00,Standard,35.0,Sanjay Nair,1488
CUST_03254,Vikram,Gupta,user3254@email.com,+91-7512489089,Chennai,2022-03-24 06:00:00,Standard,29.0,Vikram Gupta,1488
CUST_03255,Vikram,Kumar,user3255@email.com,+91-7741903684,Pune,2022-03-24 12:00:00,Basic,58.0,Vikram Kumar,1488
CUST_03256,Rahul,Kumar,user3256@email.com,+91-9357238754,Mumbai,2022-03-24 18:00:00,Standard,40.0,Rahul Kumar,1487
CUST_03257,Vikram,Nair,user3257@email.com,+91-7578307135,Ahmedabad,2022-03-25 00:00:00,Standard,65.0,Vikram Nair,1487
CUST_03258,Rahul,Kumar,user3258@email.com,+91-7817901760,Delhi,2022-03-25 06:00:00,Basic,35.0,Rahul Kumar,1487
CUST_03259,Sanjay,Gupta,user3259@email.com,+91-7226082626,Chennai,2022-03-25 12:00:00,Premium,33.0,Sanjay Gupta,1487
CUST_03260,Sanjay,Nair,user3260@email.com,+91-7911389626,Hyderabad,2022-03-25 18:00:00,Standard,33.0,Sanjay Nair,1486
CUST_03261,Anjali,Gupta,user3261@email.com,+91-7895480859,Bengaluru,2022-03-26 00:00:00,Standard,53.0,Anjali Gupta,1486
CUST_03262,Aarav,Reddy,user3262@email.com,+91-8795805459,Hyderabad,2022-03-26 06:00:00,Standard,40.0,Aarav Reddy,1486
CUST_03263,Arjun,Joshi,user3263@email.com,+91-7556354926,Kolkata,2022-03-26 12:00:00,Standard,39.0,Arjun Joshi,1486
CUST_03264,Arjun,Shah,user3264@email.com,+91-8805371714,Ahmedabad,2022-03-26 18:00:00,Basic,56.0,Arjun Shah,1485
CUST_03265,Pooja,Reddy,user3265@email.com,+91-8238255187,Chennai,2022-03-27 00:00:00,Basic,50.0,Pooja Reddy,1485
CUST_03266,Pooja,Reddy,user3266@email.com,+91-9261969672,Pune,2022-03-27 06:00:00,Premium,41.0,Pooja Reddy,1485
CUST_03267,Neha,Kumar,user3267@email.com,+91-7825787988,Mumbai,2022-03-27 12:00:00,Basic,37.0,Neha Kumar,1485
CUST_03268,Meera,Sharma,user3268@email.com,+91-8346408188,Kolkata,2022-03-27 18:00:00,Basic,50.0,Meera Sharma,1484
CUST_03269,Anjali,Mehta,user3269@email.com,+91-8000598005,Chennai,2022-03-28 00:00:00,Premium,48.0,Anjali Mehta,1484
CUST_03270,Neha,Kumar,user3270@email.com,+91-8419674030,Bengaluru,2022-03-28 06:00:00,Basic,57.0,Neha Kumar,1484
CUST_03271,Neha,Sharma,user3271@email.com,+91-9119367818,Chennai,2022-03-28 12:00:00,Standard,25.0,Neha Sharma,1484
CUST_03272,Priya,Gupta,user3272@email.com,+91-7516167616,Kolkata,2022-03-28 18:00:00,Premium,27.0,Priya Gupta,1483
CUST_03273,Priya,Mehta,user3273@email.com,+91-7360865807,Mumbai,2022-03-29 00:00:00,Basic,18.0,Priya Mehta,1483
CUST_03274,Neha,Kumar,user3274@email.com,+91-8920049502,Hyderabad,2022-03-29 06:00:00,Basic,38.0,Neha Kumar,1483
CUST_03275,Vikram,Mehta,user3275@email.com,+91-8113482056,Delhi,2022-03-29 12:00:00,Premium,42.0,Vikram Mehta,1483
CUST_03276,Meera,Mehta,user3276@email.com,+91-9929922259,Hyderabad,2022-03-29 18:00:00,Standard,49.0,Meera Mehta,1482
CUST_03277,Anjali,Singh,user3277@email.com,+91-8194680654,Mumbai,2022-03-30 00:00:00,Standard,44.0,Anjali Singh,1482
CUST_03278,Neha,Joshi,user3278@email.com,+91-9055689233,Kolkata,2022-03-30 06:00:00,Basic,63.0,Neha Joshi,1482
CUST_03279,Arjun,Singh,user3279@email.com,+91-7261761922,Mumbai,2022-03-30 12:00:00,Basic,63.0,Arjun Singh,1482
CUST_03280,Meera,Sharma,user3280@email.com,+91-8704884109,Ahmedabad,2022-03-30 18:00:00,Standard,27.0,Meera Sharma,1481
CUST_03281,Priya,Patel,user3281@email.com,+91-8546835301,Bengaluru,2022-03-31 00:00:00,Premium,68.0,Priya Patel,1481
CUST_03282,Arjun,Nair,user3282@email.com,+91-8224463666,Chennai,2022-03-31 06:00:00,Standard,65.0,Arjun Nair,1481
CUST_03283,Priya,Shah,user3283@email.com,+91-7889236215,Ahmedabad,2022-03-31 12:00:00,Standard,26.0,Priya Shah,1481
CUST_03284,Priya,Patel,user3284@email.com,+91-7686011236,Chennai,2022-03-31 18:00:00,Standard,37.0,Priya Patel,1480
CUST_03285,Meera,Nair,user3285@email.com,+91-8485742461,Hyderabad,2022-04-01 00:00:00,Premium,65.0,Meera Nair,1480
CUST_03286,Priya,Sharma,user3286@email.com,+91-7939238277,Kolkata,2022-04-01 06:00:00,Standard,37.0,Priya Sharma,1480
CUST_03287,Sanjay,Sharma,user3287@email.com,+91-9699197500,Delhi,2022-04-01 12:00:00,Standard,57.0,Sanjay Sharma,1480
CUST_03288,Aarav,Gupta,user3288@email.com,+91-7884493955,Delhi,2022-04-01 18:00:00,Basic,24.0,Aarav Gupta,1479
CUST_03289,Sanjay,Shah,user3289@email.com,+91-8315590651,Bengaluru,2022-04-02 00:00:00,Premium,28.0,Sanjay Shah,1479
CUST_03290,Aarav,Joshi,user3290@email.com,+91-7396217586,Mumbai,2022-04-02 06:00:00,Standard,38.0,Aarav Joshi,1479
CUST_03291,Pooja,Mehta,user3291@email.com,+91-8069164404,Bengaluru,2022-04-02 12:00:00,Premium,55.0,Pooja Mehta,1479
CUST_03292,Pooja,Singh,user3292@email.com,+91-8596639490,Chennai,2022-04-02 18:00:00,Standard,64.0,Pooja Singh,1478
CUST_03293,Priya,Singh,user3293@email.com,+91-7311291459,Pune,2022-04-03 00:00:00,Premium,36.0,Priya Singh,1478
CUST_03294,Anjali,Sharma,user3294@email.com,+91-7944364628,Pune,2022-04-03 06:00:00,Standard,63.0,Anjali Sharma,1478
CUST_03295,Anjali,Singh,user3295@email.com,+91-8182565912,Pune,2022-04-03 12:00:00,Basic,32.0,Anjali Singh,1478
CUST_03296,Aarav,Sharma,user3296@email.com,+91-8883886451,Mumbai,2022-04-03 18:00:00,Standard,23.0,Aarav Sharma,1477
CUST_03297,Arjun,Mehta,user3297@email.com,+91-9428593136,Bengaluru,2022-04-04 00:00:00,Premium,27.0,Arjun Mehta,1477
CUST_03298,Meera,Sharma,user3298@email.com,+91-9880596882,Ahmedabad,2022-04-04 06:00:00,Standard,63.0,Meera Sharma,1477
CUST_03299,Priya,Gupta,user3299@email.com,+91-9147583261,Kolkata,2022-04-04 12:00:00,Basic,33.0,Priya Gupta,1477
CUST_03300,Meera,Joshi,user3300@email.com,+91-9418328637,Hyderabad,2022-04-04 18:00:00,Premium,62.0,Meera Joshi,1476
CUST_03301,Sanjay,Reddy,user3301@email.com,+91-8559563972,Chennai,2022-04-05 00:00:00,Standard,28.0,Sanjay Reddy,1476
CUST_03302,Anjali,Kumar,user3302@email.com,+91-7800167920,Pune,2022-04-05 06:00:00,Basic,52.0,Anjali Kumar,1476
CUST_03303,Vikram,Joshi,user3303@email.com,+91-9714549141,Kolkata,2022-04-05 12:00:00,Basic,25.0,Vikram Joshi,1476
CUST_03304,Sanjay,Joshi,user3304@email.com,+91-8259969621,Delhi,2022-04-05 18:00:00,Basic,45.0,Sanjay Joshi,1475
CUST_03305,Sanjay,Patel,user3305@email.com,+91-7571119195,Ahmedabad,2022-04-06 00:00:00,Basic,20.0,Sanjay Patel,1475
CUST_03306,Aarav,Shah,user3306@email.com,+91-9794302886,Bengaluru,2022-04-06 06:00:00,Basic,19.0,Aarav Shah,1475
CUST_03307,Rahul,Shah,user3307@email.com,+91-9648874190,Chennai,2022-04-06 12:00:00,Standard,44.0,Rahul Shah,1475
CUST_03308,Sanjay,Nair,user3308@email.com,+91-9015931167,Chennai,2022-04-06 18:00:00,Standard,31.0,Sanjay Nair,1474
CUST_03309,Priya,Kumar,user3309@email.com,+91-7785614862,Delhi,2022-04-07 00:00:00,Basic,69.0,Priya Kumar,1474
CUST_03310,Neha,Mehta,user3310@email.com,+91-7335020951,Ahmedabad,2022-04-07 06:00:00,Basic,46.0,Neha Mehta,1474
CUST_03311,Neha,Reddy,user3311@email.com,+91-9275231035,Delhi,2022-04-07 12:00:00,Standard,44.0,Neha Reddy,1474
CUST_03312,Priya,Reddy,user3312@email.com,+91-8195370253,Delhi,2022-04-07 18:00:00,Premium,64.0,Priya Reddy,1473
CUST_03313,Rahul,Shah,user3313@email.com,+91-7405978906,Pune,2022-04-08 00:00:00,Standard,20.0,Rahul Shah,1473
CUST_03314,Rahul,Joshi,user3314@email.com,+91-7424250530,Ahmedabad,2022-04-08 06:00:00,Standard,18.0,Rahul Joshi,1473
CUST_03315,Aarav,Gupta,user3315@email.com,+91-9504589156,Pune,2022-04-08 12:00:00,Standard,32.0,Aarav Gupta,1473
CUST_03316,Anjali,Nair,user3316@email.com,+91-9310415473,Bengaluru,2022-04-08 18:00:00,Standard,37.0,Anjali Nair,1472
CUST_03317,Meera,Sharma,user3317@email.com,+91-9358785660,Delhi,2022-04-09 00:00:00,Basic,39.0,Meera Sharma,1472
CUST_03318,Rahul,Nair,user3318@email.com,+91-9448746396,Hyderabad,2022-04-09 06:00:00,Premium,51.0,Rahul Nair,1472
CUST_03319,Vikram,Patel,user3319@email.com,+91-7559602263,Chennai,2022-04-09 12:00:00,Basic,67.0,Vikram Patel,1472
CUST_03320,Aarav,Nair,user3320@email.com,+91-9834358530,Ahmedabad,2022-04-09 18:00:00,Basic,50.0,Aarav Nair,1471
CUST_03321,Pooja,Joshi,user3321@email.com,+91-8298100983,Delhi,2022-04-10 00:00:00,Standard,26.0,Pooja Joshi,1471
CUST_03322,Arjun,Mehta,user3322@email.com,+91-7069101958,Ahmedabad,2022-04-10 06:00:00,Standard,20.0,Arjun Mehta,1471
CUST_03323,Pooja,Joshi,user3323@email.com,+91-8803606705,Chennai,2022-04-10 12:00:00,Basic,19.0,Pooja Joshi,1471
CUST_03324,Aarav,Shah,user3324@email.com,+91-8398615463,Mumbai,2022-04-10 18:00:00,Basic,21.0,Aarav Shah,1470
CUST_03325,Sanjay,Mehta,user3325@email.com,+91-7441053146,Kolkata,2022-04-11 00:00:00,Basic,33.0,Sanjay Mehta,1470
CUST_03326,Meera,Singh,user3326@email.com,+91-7983773274,Mumbai,2022-04-11 06:00:00,Basic,50.0,Meera Singh,1470
CUST_03327,Arjun,Mehta,user3327@email.com,+91-9400780112,Delhi,2022-04-11 12:00:00,Standard,26.0,Arjun Mehta,1470
CUST_03328,Pooja,Nair,user3328@email.com,+91-8215032058,Chennai,2022-04-11 18:00:00,Standard,57.0,Pooja Nair,1469
CUST_03329,Arjun,Nair,user3329@email.com,+91-7446508699,Kolkata,2022-04-12 00:00:00,Basic,55.0,Arjun Nair,1469
CUST_03330,Vikram,Nair,user3330@email.com,+91-7299475362,Mumbai,2022-04-12 06:00:00,Basic,69.0,Vikram Nair,1469
CUST_03331,Vikram,Singh,user3331@email.com,+91-8287051189,Delhi,2022-04-12 12:00:00,Basic,35.0,Vikram Singh,1469
CUST_03332,Vikram,Shah,user3332@email.com,+91-9317712187,Chennai,2022-04-12 18:00:00,Premium,33.0,Vikram Shah,1468
CUST_03333,Aarav,Sharma,user3333@email.com,+91-7191066145,Delhi,2022-04-13 00:00:00,Standard,25.0,Aarav Sharma,1468
CUST_03334,Meera,Kumar,user3334@email.com,+91-7435992086,Pune,2022-04-13 06:00:00,Standard,40.0,Meera Kumar,1468
CUST_03335,Aarav,Shah,user3335@email.com,+91-9963528890,Chennai,2022-04-13 12:00:00,Basic,53.0,Aarav Shah,1468
CUST_03336,Neha,Nair,user3336@email.com,+91-8780771408,Mumbai,2022-04-13 18:00:00,Premium,20.0,Neha Nair,1467
CUST_03337,Sanjay,Shah,user3337@email.com,+91-8226492459,Delhi,2022-04-14 00:00:00,Standard,32.0,Sanjay Shah,1467
CUST_03338,Sanjay,Patel,user3338@email.com,+91-9313354699,Ahmedabad,2022-04-14 06:00:00,Standard,55.0,Sanjay Patel,1467
CUST_03339,Vikram,Reddy,user3339@email.com,+91-8191084502,Mumbai,2022-04-14 12:00:00,Standard,50.0,Vikram Reddy,1467
CUST_03340,Neha,Reddy,user3340@email.com,+91-8027108192,Delhi,2022-04-14 18:00:00,Premium,35.0,Neha Reddy,1466
CUST_03341,Rahul,Kumar,user3341@email.com,+91-9639271897,Ahmedabad,2022-04-15 00:00:00,Basic,40.0,Rahul Kumar,1466
CUST_03342,Rahul,Kumar,user3342@email.com,+91-9957946801,Ahmedabad,2022-04-15 06:00:00,Premium,60.0,Rahul Kumar,1466
CUST_03343,Vikram,Sharma,user3343@email.com,+91-8993216296,Bengaluru,2022-04-15 12:00:00,Standard,20.0,Vikram Sharma,1466
CUST_03344,Pooja,Patel,user3344@email.com,+91-9306931978,Ahmedabad,2022-04-15 18:00:00,Premium,47.0,Pooja Patel,1465
CUST_03345,Aarav,Joshi,user3345@email.com,+91-9354991070,Mumbai,2022-04-16 00:00:00,Standard,62.0,Aarav Joshi,1465
CUST_03346,Vikram,Shah,user3346@email.com,+91-8935968495,Mumbai,2022-04-16 06:00:00,Standard,34.0,Vikram Shah,1465
CUST_03347,Anjali,Mehta,user3347@email.com,+91-7900907389,Hyderabad,2022-04-16 12:00:00,Standard,67.0,Anjali Mehta,1465
CUST_03348,Arjun,Mehta,user3348@email.com,+91-9991001592,Kolkata,2022-04-16 18:00:00,Standard,49.0,Arjun Mehta,1464
CUST_03349,Sanjay,Joshi,user3349@email.com,+91-8703759284,Pune,2022-04-17 00:00:00,Basic,63.0,Sanjay Joshi,1464
CUST_03350,Rahul,Reddy,user3350@email.com,+91-9513319390,Mumbai,2022-04-17 06:00:00,Premium,24.0,Rahul Reddy,1464
CUST_03351,Priya,Joshi,user3351@email.com,+91-7039012622,Chennai,2022-04-17 12:00:00,Premium,56.0,Priya Joshi,1464
CUST_03352,Rahul,Shah,user3352@email.com,+91-7297247481,Kolkata,2022-04-17 18:00:00,Standard,31.0,Rahul Shah,1463
CUST_03353,Sanjay,Patel,user3353@email.com,+91-8296185459,Ahmedabad,2022-04-18 00:00:00,Standard,32.0,Sanjay Patel,1463
CUST_03354,Arjun,Nair,user3354@email.com,+91-9588321847,Delhi,2022-04-18 06:00:00,Standard,61.0,Arjun Nair,1463
CUST_03355,Sanjay,Singh,user3355@email.com,+91-9640452942,Bengaluru,2022-04-18 12:00:00,Standard,29.0,Sanjay Singh,1463
CUST_03356,Priya,Nair,user3356@email.com,+91-8248897919,Chennai,2022-04-18 18:00:00,Standard,25.0,Priya Nair,1462
CUST_03357,Vikram,Singh,user3357@email.com,+91-8910721299,Kolkata,2022-04-19 00:00:00,Standard,33.0,Vikram Singh,1462
CUST_03358,Neha,Mehta,user3358@email.com,+91-7155072769,Chennai,2022-04-19 06:00:00,Premium,58.0,Neha Mehta,1462
CUST_03359,Priya,Kumar,user3359@email.com,+91-7047957838,Chennai,2022-04-19 12:00:00,Premium,51.0,Priya Kumar,1462
CUST_03360,Sanjay,Shah,user3360@email.com,+91-8171263773,Chennai,2022-04-19 18:00:00,Standard,63.0,Sanjay Shah,1461
CUST_03361,Sanjay,Nair,user3361@email.com,+91-7679651787,Kolkata,2022-04-20 00:00:00,Standard,41.0,Sanjay Nair,1461
CUST_03362,Anjali,Joshi,user3362@email.com,+91-7121909805,Bengaluru,2022-04-20 06:00:00,Premium,46.0,Anjali Joshi,1461
CUST_03363,Anjali,Patel,user3363@email.com,+91-8049983532,Ahmedabad,2022-04-20 12:00:00,Basic,33.0,Anjali Patel,1461
CUST_03364,Meera,Patel,user3364@email.com,+91-7137934860,Hyderabad,2022-04-20 18:00:00,Standard,22.0,Meera Patel,1460
CUST_03365,Anjali,Reddy,user3365@email.com,+91-8048131513,Pune,2022-04-21 00:00:00,Standard,22.0,Anjali Reddy,1460
CUST_03366,Aarav,Patel,user3366@email.com,+91-9461181468,Ahmedabad,2022-04-21 06:00:00,Basic,69.0,Aarav Patel,1460
CUST_03367,Neha,Patel,user3367@email.com,+91-9932065725,Mumbai,2022-04-21 12:00:00,Standard,47.0,Neha Patel,1460
CUST_03368,Arjun,Kumar,user3368@email.com,+91-8603326651,Kolkata,2022-04-21 18:00:00,Basic,44.0,Arjun Kumar,1459
CUST_03369,Priya,Joshi,user3369@email.com,+91-9940018929,Chennai,2022-04-22 00:00:00,Standard,67.0,Priya Joshi,1459
CUST_03370,Sanjay,Mehta,user3370@email.com,+91-7275324683,Ahmedabad,2022-04-22 06:00:00,Basic,67.0,Sanjay Mehta,1459
CUST_03371,Meera,Patel,user3371@email.com,+91-8140677118,Mumbai,2022-04-22 12:00:00,Premium,22.0,Meera Patel,1459
CUST_03372,Meera,Mehta,user3372@email.com,+91-8640603305,Kolkata,2022-04-22 18:00:00,Standard,60.0,Meera Mehta,1458
CUST_03373,Arjun,Kumar,user3373@email.com,+91-8217716805,Mumbai,2022-04-23 00:00:00,Standard,30.0,Arjun Kumar,1458
CUST_03374,Neha,Patel,user3374@email.com,+91-8041614076,Chennai,2022-04-23 06:00:00,Premium,52.0,Neha Patel,1458
CUST_03375,Priya,Shah,user3375@email.com,+91-8527220239,Hyderabad,2022-04-23 12:00:00,Standard,66.0,Priya Shah,1458
CUST_03376,Rahul,Reddy,user3376@email.com,+91-9260137524,Kolkata,2022-04-23 18:00:00,Premium,42.0,Rahul Reddy,1457
CUST_03377,Anjali,Nair,user3377@email.com,+91-8326090282,Mumbai,2022-04-24 00:00:00,Basic,67.0,Anjali Nair,1457
CUST_03378,Vikram,Shah,user3378@email.com,+91-8132814146,Delhi,2022-04-24 06:00:00,Standard,31.0,Vikram Shah,1457
CUST_03379,Meera,Gupta,user3379@email.com,+91-9957132878,Mumbai,2022-04-24 12:00:00,Standard,61.0,Meera Gupta,1457
CUST_03380,Anjali,Sharma,user3380@email.com,+91-8004373673,Pune,2022-04-24 18:00:00,Premium,63.0,Anjali Sharma,1456
CUST_03381,Anjali,Patel,user3381@email.com,+91-8782551569,Chennai,2022-04-25 00:00:00,Premium,43.0,Anjali Patel,1456
CUST_03382,Aarav,Mehta,user3382@email.com,+91-7904661979,Bengaluru,2022-04-25 06:00:00,Standard,35.0,Aarav Mehta,1456
CUST_03383,Neha,Sharma,user3383@email.com,+91-9995110876,Mumbai,2022-04-25 12:00:00,Standard,37.0,Neha Sharma,1456
CUST_03384,Vikram,Singh,user3384@email.com,+91-7896198070,Hyderabad,2022-04-25 18:00:00,Premium,51.0,Vikram Singh,1455
CUST_03385,Rahul,Patel,user3385@email.com,+91-9348664784,Delhi,2022-04-26 00:00:00,Standard,24.0,Rahul Patel,1455
CUST_03386,Sanjay,Gupta,user3386@email.com,+91-7785963432,Delhi,2022-04-26 06:00:00,Basic,64.0,Sanjay Gupta,1455
CUST_03387,Aarav,Kumar,user3387@email.com,+91-8371320890,Bengaluru,2022-04-26 12:00:00,Premium,27.0,Aarav Kumar,1455
CUST_03388,Anjali,Reddy,user3388@email.com,+91-7198561727,Ahmedabad,2022-04-26 18:00:00,Basic,32.0,Anjali Reddy,1454
CUST_03389,Anjali,Gupta,user3389@email.com,+91-9957446144,Pune,2022-04-27 00:00:00,Standard,34.0,Anjali Gupta,1454
CUST_03390,Pooja,Mehta,user3390@email.com,+91-7180584217,Bengaluru,2022-04-27 06:00:00,Standard,28.0,Pooja Mehta,1454
CUST_03391,Vikram,Kumar,user3391@email.com,+91-7747639063,Pune,2022-04-27 12:00:00,Standard,51.0,Vikram Kumar,1454
CUST_03392,Vikram,Nair,user3392@email.com,+91-8610781587,Mumbai,2022-04-27 18:00:00,Standard,44.0,Vikram Nair,1453
CUST_03393,Pooja,Kumar,user3393@email.com,+91-7076096702,Chennai,2022-04-28 00:00:00,Standard,38.0,Pooja Kumar,1453
CUST_03394,Vikram,Patel,user3394@email.com,+91-8035466145,Hyderabad,2022-04-28 06:00:00,Basic,48.0,Vikram Patel,1453
CUST_03395,Anjali,Sharma,user3395@email.com,+91-8474075522,Delhi,2022-04-28 12:00:00,Basic,67.0,Anjali Sharma,1453
CUST_03396,Meera,Sharma,user3396@email.com,+91-9979927246,Bengaluru,2022-04-28 18:00:00,Basic,21.0,Meera Sharma,1452
CUST_03397,Priya,Mehta,user3397@email.com,+91-8158400926,Hyderabad,2022-04-29 00:00:00,Basic,58.0,Priya Mehta,1452
CUST_03398,Anjali,Kumar,user3398@email.com,+91-9367817167,Pune,2022-04-29 06:00:00,Standard,66.0,Anjali Kumar,1452
CUST_03399,Aarav,Gupta,user3399@email.com,+91-8369633778,Chennai,2022-04-29 12:00:00,Basic,34.0,Aarav Gupta,1452
CUST_03400,Neha,Mehta,user3400@email.com,+91-8649919558,Delhi,2022-04-29 18:00:00,Standard,66.0,Neha Mehta,1451
CUST_03401,Pooja,Reddy,user3401@email.com,+91-7862763295,Delhi,2022-04-30 00:00:00,Basic,65.0,Pooja Reddy,1451
CUST_03402,Rahul,Mehta,user3402@email.com,+91-7958520458,Pune,2022-04-30 06:00:00,Standard,37.0,Rahul Mehta,1451
CUST_03403,Sanjay,Mehta,user3403@email.com,+91-7902765771,Chennai,2022-04-30 12:00:00,Basic,42.0,Sanjay Mehta,1451
CUST_03404,Rahul,Nair,user3404@email.com,+91-8202048196,Delhi,2022-04-30 18:00:00,Basic,57.0,Rahul Nair,1450
CUST_03405,Anjali,Shah,user3405@email.com,+91-9627412255,Chennai,2022-05-01 00:00:00,Standard,40.0,Anjali Shah,1450
CUST_03406,Aarav,Patel,user3406@email.com,+91-9435976012,Delhi,2022-05-01 06:00:00,Premium,32.0,Aarav Patel,1450
CUST_03407,Anjali,Nair,user3407@email.com,+91-7419554039,Mumbai,2022-05-01 12:00:00,Standard,50.0,Anjali Nair,1450
CUST_03408,Neha,Sharma,user3408@email.com,+91-7623807484,Pune,2022-05-01 18:00:00,Standard,36.0,Neha Sharma,1449
CUST_03409,Meera,Sharma,user3409@email.com,+91-9149748938,Chennai,2022-05-02 00:00:00,Basic,32.0,Meera Sharma,1449
CUST_03410,Sanjay,Singh,user3410@email.com,+91-7883408962,Hyderabad,2022-05-02 06:00:00,Standard,58.0,Sanjay Singh,1449
CUST_03411,Neha,Singh,user3411@email.com,+91-9908176532,Ahmedabad,2022-05-02 12:00:00,Standard,22.0,Neha Singh,1449
CUST_03412,Pooja,Gupta,user3412@email.com,+91-8147317696,Mumbai,2022-05-02 18:00:00,Standard,33.0,Pooja Gupta,1448
CUST_03413,Pooja,Sharma,user3413@email.com,+91-7694576470,Kolkata,2022-05-03 00:00:00,Basic,62.0,Pooja Sharma,1448
CUST_03414,Anjali,Shah,user3414@email.com,+91-7025896866,Hyderabad,2022-05-03 06:00:00,Premium,65.0,Anjali Shah,1448
CUST_03415,Aarav,Nair,user3415@email.com,+91-8565097390,Pune,2022-05-03 12:00:00,Standard,49.0,Aarav Nair,1448
CUST_03416,Neha,Reddy,user3416@email.com,+91-7017747586,Delhi,2022-05-03 18:00:00,Basic,39.0,Neha Reddy,1447
CUST_03417,Arjun,Shah,user3417@email.com,+91-8417325724,Kolkata,2022-05-04 00:00:00,Basic,60.0,Arjun Shah,1447
CUST_03418,Aarav,Singh,user3418@email.com,+91-8625016832,Hyderabad,2022-05-04 06:00:00,Premium,49.0,Aarav Singh,1447
CUST_03419,Meera,Kumar,user3419@email.com,+91-7053444680,Mumbai,2022-05-04 12:00:00,Standard,30.0,Meera Kumar,1447
CUST_03420,Pooja,Shah,user3420@email.com,+91-8254569795,Kolkata,2022-05-04 18:00:00,Basic,55.0,Pooja Shah,1446
CUST_03421,Anjali,Shah,user3421@email.com,+91-7108456947,Kolkata,2022-05-05 00:00:00,Basic,43.0,Anjali Shah,1446
CUST_03422,Vikram,Shah,user3422@email.com,+91-8472176131,Chennai,2022-05-05 06:00:00,Basic,69.0,Vikram Shah,1446
CUST_03423,Pooja,Shah,user3423@email.com,+91-9578554479,Bengaluru,2022-05-05 12:00:00,Standard,34.0,Pooja Shah,1446
CUST_03424,Sanjay,Shah,user3424@email.com,+91-7024897710,Hyderabad,2022-05-05 18:00:00,Basic,22.0,Sanjay Shah,1445
CUST_03425,Priya,Singh,user3425@email.com,+91-7564528541,Bengaluru,2022-05-06 00:00:00,Standard,66.0,Priya Singh,1445
CUST_03426,Vikram,Sharma,user3426@email.com,+91-9732846047,Pune,2022-05-06 06:00:00,Basic,50.0,Vikram Sharma,1445
CUST_03427,Anjali,Mehta,user3427@email.com,+91-7599437904,Hyderabad,2022-05-06 12:00:00,Standard,44.0,Anjali Mehta,1445
CUST_03428,Arjun,Shah,user3428@email.com,+91-9206197435,Hyderabad,2022-05-06 18:00:00,Premium,22.0,Arjun Shah,1444
CUST_03429,Vikram,Shah,user3429@email.com,+91-8881002976,Chennai,2022-05-07 00:00:00,Standard,54.0,Vikram Shah,1444
CUST_03430,Sanjay,Patel,user3430@email.com,+91-8839204096,Delhi,2022-05-07 06:00:00,Premium,24.0,Sanjay Patel,1444
CUST_03431,Aarav,Sharma,user3431@email.com,+91-9235281414,Mumbai,2022-05-07 12:00:00,Standard,65.0,Aarav Sharma,1444
CUST_03432,Arjun,Mehta,user3432@email.com,+91-9217416832,Mumbai,2022-05-07 18:00:00,Basic,35.0,Arjun Mehta,1443
CUST_03433,Pooja,Reddy,user3433@email.com,+91-7372036364,Mumbai,2022-05-08 00:00:00,Basic,48.0,Pooja Reddy,1443
CUST_03434,Arjun,Reddy,user3434@email.com,+91-8676390403,Ahmedabad,2022-05-08 06:00:00,Basic,23.0,Arjun Reddy,1443
CUST_03435,Neha,Kumar,user3435@email.com,+91-9354909031,Pune,2022-05-08 12:00:00,Standard,19.0,Neha Kumar,1443
CUST_03436,Sanjay,Joshi,user3436@email.com,+91-7604719384,Kolkata,2022-05-08 18:00:00,Standard,30.0,Sanjay Joshi,1442
CUST_03437,Vikram,Nair,user3437@email.com,+91-7295608635,Delhi,2022-05-09 00:00:00,Basic,59.0,Vikram Nair,1442
CUST_03438,Neha,Patel,user3438@email.com,+91-8556704166,Bengaluru,2022-05-09 06:00:00,Premium,44.0,Neha Patel,1442
CUST_03439,Arjun,Sharma,user3439@email.com,+91-9606330128,Mumbai,2022-05-09 12:00:00,Basic,69.0,Arjun Sharma,1442
CUST_03440,Neha,Sharma,user3440@email.com,+91-8290103733,Ahmedabad,2022-05-09 18:00:00,Standard,28.0,Neha Sharma,1441
CUST_03441,Rahul,Joshi,user3441@email.com,+91-9938282795,Bengaluru,2022-05-10 00:00:00,Basic,43.0,Rahul Joshi,1441
CUST_03442,Sanjay,Kumar,user3442@email.com,+91-7216026151,Delhi,2022-05-10 06:00:00,Premium,38.0,Sanjay Kumar,1441
CUST_03443,Meera,Gupta,user3443@email.com,+91-9346976350,Pune,2022-05-10 12:00:00,Standard,19.0,Meera Gupta,1441
CUST_03444,Aarav,Singh,user3444@email.com,+91-9046477589,Delhi,2022-05-10 18:00:00,Basic,57.0,Aarav Singh,1440
CUST_03445,Arjun,Kumar,user3445@email.com,+91-7585484298,Chennai,2022-05-11 00:00:00,Standard,68.0,Arjun Kumar,1440
CUST_03446,Sanjay,Mehta,user3446@email.com,+91-7080273122,Kolkata,2022-05-11 06:00:00,Basic,37.0,Sanjay Mehta,1440
CUST_03447,Meera,Kumar,user3447@email.com,+91-8503267918,Mumbai,2022-05-11 12:00:00,Basic,34.0,Meera Kumar,1440
CUST_03448,Meera,Joshi,user3448@email.com,+91-7582934442,Pune,2022-05-11 18:00:00,Basic,33.0,Meera Joshi,1439
CUST_03449,Anjali,Joshi,user3449@email.com,+91-7025058666,Chennai,2022-05-12 00:00:00,Basic,59.0,Anjali Joshi,1439
CUST_03450,Neha,Nair,user3450@email.com,+91-8656048655,Mumbai,2022-05-12 06:00:00,Standard,22.0,Neha Nair,1439
CUST_03451,Meera,Patel,user3451@email.com,+91-9400649547,Delhi,2022-05-12 12:00:00,Premium,31.0,Meera Patel,1439
CUST_03452,Rahul,Shah,user3452@email.com,+91-9759041621,Delhi,2022-05-12 18:00:00,Premium,41.0,Rahul Shah,1438
CUST_03453,Sanjay,Reddy,user3453@email.com,+91-9084669564,Ahmedabad,2022-05-13 00:00:00,Standard,68.0,Sanjay Reddy,1438
CUST_03454,Priya,Joshi,user3454@email.com,+91-8298811002,Hyderabad,2022-05-13 06:00:00,Premium,21.0,Priya Joshi,1438
CUST_03455,Priya,Nair,user3455@email.com,+91-9553266332,Hyderabad,2022-05-13 12:00:00,Standard,69.0,Priya Nair,1438
CUST_03456,Arjun,Singh,user3456@email.com,+91-8034777566,Delhi,2022-05-13 18:00:00,Premium,65.0,Arjun Singh,1437
CUST_03457,Pooja,Reddy,user3457@email.com,+91-9065554728,Delhi,2022-05-14 00:00:00,Premium,41.0,Pooja Reddy,1437
CUST_03458,Neha,Gupta,user3458@email.com,+91-7396337721,Bengaluru,2022-05-14 06:00:00,Premium,64.0,Neha Gupta,1437
CUST_03459,Pooja,Sharma,user3459@email.com,+91-7048209774,Ahmedabad,2022-05-14 12:00:00,Basic,26.0,Pooja Sharma,1437
CUST_03460,Meera,Singh,user3460@email.com,+91-8672310143,Kolkata,2022-05-14 18:00:00,Standard,20.0,Meera Singh,1436
CUST_03461,Sanjay,Gupta,user3461@email.com,+91-9870652637,Bengaluru,2022-05-15 00:00:00,Standard,26.0,Sanjay Gupta,1436
CUST_03462,Arjun,Reddy,user3462@email.com,+91-7812956856,Kolkata,2022-05-15 06:00:00,Basic,35.0,Arjun Reddy,1436
CUST_03463,Vikram,Singh,user3463@email.com,+91-7718539676,Chennai,2022-05-15 12:00:00,Premium,53.0,Vikram Singh,1436
CUST_03464,Meera,Nair,user3464@email.com,+91-8599478906,Hyderabad,2022-05-15 18:00:00,Standard,36.0,Meera Nair,1435
CUST_03465,Neha,Gupta,user3465@email.com,+91-9082719921,Hyderabad,2022-05-16 00:00:00,Basic,41.0,Neha Gupta,1435
CUST_03466,Priya,Sharma,user3466@email.com,+91-8076923211,Ahmedabad,2022-05-16 06:00:00,Premium,21.0,Priya Sharma,1435
CUST_03467,Anjali,Shah,user3467@email.com,+91-9152651673,Delhi,2022-05-16 12:00:00,Basic,26.0,Anjali Shah,1435
CUST_03468,Sanjay,Nair,user3468@email.com,+91-7640825178,Delhi,2022-05-16 18:00:00,Basic,50.0,Sanjay Nair,1434
CUST_03469,Aarav,Mehta,user3469@email.com,+91-9211577509,Chennai,2022-05-17 00:00:00,Standard,18.0,Aarav Mehta,1434
CUST_03470,Pooja,Sharma,user3470@email.com,+91-8318054979,Pune,2022-05-17 06:00:00,Basic,69.0,Pooja Sharma,1434
CUST_03471,Arjun,Patel,user3471@email.com,+91-9917851531,Pune,2022-05-17 12:00:00,Premium,68.0,Arjun Patel,1434
CUST_03472,Pooja,Kumar,user3472@email.com,+91-8402438504,Ahmedabad,2022-05-17 18:00:00,Standard,52.0,Pooja Kumar,1433
CUST_03473,Sanjay,Patel,user3473@email.com,+91-9061767745,Pune,2022-05-18 00:00:00,Premium,27.0,Sanjay Patel,1433
CUST_03474,Pooja,Joshi,user3474@email.com,+91-9965447432,Hyderabad,2022-05-18 06:00:00,Standard,29.0,Pooja Joshi,1433
CUST_03475,Sanjay,Shah,user3475@email.com,+91-8994895068,Bengaluru,2022-05-18 12:00:00,Standard,35.0,Sanjay Shah,1433
CUST_03476,Pooja,Mehta,user3476@email.com,+91-7745866601,Pune,2022-05-18 18:00:00,Basic,31.0,Pooja Mehta,1432
CUST_03477,Rahul,Mehta,user3477@email.com,+91-7723103352,Mumbai,2022-05-19 00:00:00,Premium,27.0,Rahul Mehta,1432
CUST_03478,Vikram,Kumar,user3478@email.com,+91-8111155564,Ahmedabad,2022-05-19 06:00:00,Standard,27.0,Vikram Kumar,1432
CUST_03479,Meera,Gupta,user3479@email.com,+91-7731174421,Chennai,2022-05-19 12:00:00,Standard,35.0,Meera Gupta,1432
CUST_03480,Meera,Kumar,user3480@email.com,+91-7844630878,Pune,2022-05-19 18:00:00,Basic,41.0,Meera Kumar,1431
CUST_03481,Neha,Joshi,user3481@email.com,+91-8443487110,Mumbai,2022-05-20 00:00:00,Standard,18.0,Neha Joshi,1431
CUST_03482,Aarav,Patel,user3482@email.com,+91-7593421313,Pune,2022-05-20 06:00:00,Basic,47.0,Aarav Patel,1431
CUST_03483,Aarav,Mehta,user3483@email.com,+91-7771486289,Bengaluru,2022-05-20 12:00:00,Standard,32.0,Aarav Mehta,1431
CUST_03484,Neha,Patel,user3484@email.com,+91-8687004147,Bengaluru,2022-05-20 18:00:00,Basic,25.0,Neha Patel,1430
CUST_03485,Anjali,Sharma,user3485@email.com,+91-9393173091,Pune,2022-05-21 00:00:00,Standard,52.0,Anjali Sharma,1430
CUST_03486,Meera,Shah,user3486@email.com,+91-7892490716,Ahmedabad,2022-05-21 06:00:00,Basic,35.0,Meera Shah,1430
CUST_03487,Anjali,Singh,user3487@email.com,+91-7656903053,Ahmedabad,2022-05-21 12:00:00,Premium,58.0,Anjali Singh,1430
CUST_03488,Sanjay,Joshi,user3488@email.com,+91-7470638753,Mumbai,2022-05-21 18:00:00,Standard,33.0,Sanjay Joshi,1429
CUST_03489,Sanjay,Singh,user3489@email.com,+91-7647958079,Chennai,2022-05-22 00:00:00,Basic,38.0,Sanjay Singh,1429
CUST_03490,Priya,Joshi,user3490@email.com,+91-8781564882,Mumbai,2022-05-22 06:00:00,Standard,32.0,Priya Joshi,1429
CUST_03491,Pooja,Reddy,user3491@email.com,+91-9774817931,Chennai,2022-05-22 12:00:00,Standard,22.0,Pooja Reddy,1429
CUST_03492,Aarav,Shah,user3492@email.com,+91-9344384520,Pune,2022-05-22 18:00:00,Standard,62.0,Aarav Shah,1428
CUST_03493,Priya,Sharma,user3493@email.com,+91-7608894735,Chennai,2022-05-23 00:00:00,Basic,69.0,Priya Sharma,1428
CUST_03494,Vikram,Shah,user3494@email.com,+91-7375614655,Delhi,2022-05-23 06:00:00,Premium,24.0,Vikram Shah,1428
CUST_03495,Neha,Gupta,user3495@email.com,+91-9976602955,Hyderabad,2022-05-23 12:00:00,Basic,65.0,Neha Gupta,1428
CUST_03496,Neha,Joshi,user3496@email.com,+91-9348997203,Kolkata,2022-05-23 18:00:00,Basic,24.0,Neha Joshi,1427
CUST_03497,Sanjay,Singh,user3497@email.com,+91-9920575234,Hyderabad,2022-05-24 00:00:00,Standard,44.0,Sanjay Singh,1427
CUST_03498,Meera,Joshi,user3498@email.com,+91-9707639754,Bengaluru,2022-05-24 06:00:00,Basic,42.0,Meera Joshi,1427
CUST_03499,Anjali,Gupta,user3499@email.com,+91-8571009759,Delhi,2022-05-24 12:00:00,Basic,39.0,Anjali Gupta,1427
CUST_03500,Aarav,Joshi,user3500@email.com,+91-9790148491,Hyderabad,2022-05-24 18:00:00,Standard,65.0,Aarav Joshi,1426
CUST_03501,Priya,Shah,user3501@email.com,+91-7245800297,Pune,2022-05-25 00:00:00,Standard,30.0,Priya Shah,1426
CUST_03502,Anjali,Nair,user3502@email.com,+91-9940691687,Chennai,2022-05-25 06:00:00,Standard,34.0,Anjali Nair,1426
CUST_03503,Priya,Joshi,user3503@email.com,+91-8347107141,Chennai,2022-05-25 12:00:00,Basic,58.0,Priya Joshi,1426
CUST_03504,Pooja,Reddy,user3504@email.com,+91-7875679550,Mumbai,2022-05-25 18:00:00,Basic,61.0,Pooja Reddy,1425
CUST_03505,Vikram,Reddy,user3505@email.com,+91-9014843080,Mumbai,2022-05-26 00:00:00,Basic,30.0,Vikram Reddy,1425
CUST_03506,Vikram,Mehta,user3506@email.com,+91-9317844210,Ahmedabad,2022-05-26 06:00:00,Premium,43.0,Vikram Mehta,1425
CUST_03507,Anjali,Reddy,user3507@email.com,+91-8636169868,Chennai,2022-05-26 12:00:00,Standard,26.0,Anjali Reddy,1425
CUST_03508,Anjali,Joshi,user3508@email.com,+91-8223050799,Ahmedabad,2022-05-26 18:00:00,Standard,22.0,Anjali Joshi,1424
CUST_03509,Anjali,Joshi,user3509@email.com,+91-7502781083,Pune,2022-05-27 00:00:00,Premium,56.0,Anjali Joshi,1424
CUST_03510,Priya,Nair,user3510@email.com,+91-9216645576,Chennai,2022-05-27 06:00:00,Standard,50.0,Priya Nair,1424
CUST_03511,Pooja,Reddy,user3511@email.com,+91-7087203773,Mumbai,2022-05-27 12:00:00,Premium,21.0,Pooja Reddy,1424
CUST_03512,Rahul,Patel,user3512@email.com,+91-8093545097,Hyderabad,2022-05-27 18:00:00,Basic,45.0,Rahul Patel,1423
CUST_03513,Anjali,Joshi,user3513@email.com,+91-9273409348,Ahmedabad,2022-05-28 00:00:00,Standard,43.0,Anjali Joshi,1423
CUST_03514,Meera,Sharma,user3514@email.com,+91-7419986744,Ahmedabad,2022-05-28 06:00:00,Standard,21.0,Meera Sharma,1423
CUST_03515,Aarav,Sharma,user3515@email.com,+91-7513091156,Bengaluru,2022-05-28 12:00:00,Standard,33.0,Aarav Sharma,1423
CUST_03516,Aarav,Singh,user3516@email.com,+91-7124587631,Mumbai,2022-05-28 18:00:00,Standard,54.0,Aarav Singh,1422
CUST_03517,Priya,Nair,user3517@email.com,+91-9903748069,Pune,2022-05-29 00:00:00,Premium,39.0,Priya Nair,1422
CUST_03518,Anjali,Gupta,user3518@email.com,+91-7511670745,Ahmedabad,2022-05-29 06:00:00,Standard,53.0,Anjali Gupta,1422
CUST_03519,Sanjay,Patel,user3519@email.com,+91-7302102341,Hyderabad,2022-05-29 12:00:00,Premium,55.0,Sanjay Patel,1422
CUST_03520,Neha,Joshi,user3520@email.com,+91-9278774104,Hyderabad,2022-05-29 18:00:00,Premium,52.0,Neha Joshi,1421
CUST_03521,Rahul,Shah,user3521@email.com,+91-8082955049,Hyderabad,2022-05-30 00:00:00,Premium,42.0,Rahul Shah,1421
CUST_03522,Meera,Kumar,user3522@email.com,+91-9436999413,Delhi,2022-05-30 06:00:00,Standard,25.0,Meera Kumar,1421
CUST_03523,Pooja,Kumar,user3523@email.com,+91-7042621630,Delhi,2022-05-30 12:00:00,Premium,34.0,Pooja Kumar,1421
CUST_03524,Sanjay,Gupta,user3524@email.com,+91-8242297030,Kolkata,2022-05-30 18:00:00,Standard,35.0,Sanjay Gupta,1420
CUST_03525,Vikram,Mehta,user3525@email.com,+91-7768952883,Hyderabad,2022-05-31 00:00:00,Basic,67.0,Vikram Mehta,1420
CUST_03526,Sanjay,Shah,user3526@email.com,+91-8417150471,Ahmedabad,2022-05-31 06:00:00,Standard,29.0,Sanjay Shah,1420
CUST_03527,Priya,Kumar,user3527@email.com,+91-7271507053,Pune,2022-05-31 12:00:00,Basic,50.0,Priya Kumar,1420
CUST_03528,Rahul,Gupta,user3528@email.com,+91-7112657852,Chennai,2022-05-31 18:00:00,Standard,40.0,Rahul Gupta,1419
CUST_03529,Arjun,Kumar,user3529@email.com,+91-7151015059,Pune,2022-06-01 00:00:00,Standard,29.0,Arjun Kumar,1419
CUST_03530,Arjun,Nair,user3530@email.com,+91-8103681539,Delhi,2022-06-01 06:00:00,Basic,28.0,Arjun Nair,1419
CUST_03531,Anjali,Singh,user3531@email.com,+91-8677747224,Mumbai,2022-06-01 12:00:00,Premium,30.0,Anjali Singh,1419
CUST_03532,Anjali,Mehta,user3532@email.com,+91-8325222717,Ahmedabad,2022-06-01 18:00:00,Premium,52.0,Anjali Mehta,1418
CUST_03533,Priya,Nair,user3533@email.com,+91-9533473471,Kolkata,2022-06-02 00:00:00,Basic,44.0,Priya Nair,1418
CUST_03534,Pooja,Shah,user3534@email.com,+91-8284285657,Delhi,2022-06-02 06:00:00,Standard,42.0,Pooja Shah,1418
CUST_03535,Anjali,Gupta,user3535@email.com,+91-7643100844,Chennai,2022-06-02 12:00:00,Basic,57.0,Anjali Gupta,1418
CUST_03536,Neha,Patel,user3536@email.com,+91-7666586232,Bengaluru,2022-06-02 18:00:00,Basic,20.0,Neha Patel,1417
CUST_03537,Rahul,Shah,user3537@email.com,+91-7789846138,Kolkata,2022-06-03 00:00:00,Standard,66.0,Rahul Shah,1417
CUST_03538,Priya,Shah,user3538@email.com,+91-7867429580,Delhi,2022-06-03 06:00:00,Standard,42.0,Priya Shah,1417
CUST_03539,Aarav,Reddy,user3539@email.com,+91-8317361093,Pune,2022-06-03 12:00:00,Standard,62.0,Aarav Reddy,1417
CUST_03540,Vikram,Patel,user3540@email.com,+91-8520647705,Kolkata,2022-06-03 18:00:00,Standard,27.0,Vikram Patel,1416
CUST_03541,Priya,Sharma,user3541@email.com,+91-8150384226,Ahmedabad,2022-06-04 00:00:00,Basic,34.0,Priya Sharma,1416
CUST_03542,Priya,Reddy,user3542@email.com,+91-8793439096,Pune,2022-06-04 06:00:00,Basic,20.0,Priya Reddy,1416
CUST_03543,Arjun,Gupta,user3543@email.com,+91-8957472939,Hyderabad,2022-06-04 12:00:00,Standard,62.0,Arjun Gupta,1416
CUST_03544,Meera,Sharma,user3544@email.com,+91-9420534296,Hyderabad,2022-06-04 18:00:00,Basic,39.0,Meera Sharma,1415
CUST_03545,Pooja,Kumar,user3545@email.com,+91-8646015065,Hyderabad,2022-06-05 00:00:00,Standard,55.0,Pooja Kumar,1415
CUST_03546,Meera,Kumar,user3546@email.com,+91-9410223261,Kolkata,2022-06-05 06:00:00,Standard,31.0,Meera Kumar,1415
CUST_03547,Neha,Shah,user3547@email.com,+91-7407314882,Bengaluru,2022-06-05 12:00:00,Basic,44.0,Neha Shah,1415
CUST_03548,Aarav,Reddy,user3548@email.com,+91-9198717428,Chennai,2022-06-05 18:00:00,Premium,59.0,Aarav Reddy,1414
CUST_03549,Arjun,Joshi,user3549@email.com,+91-9319443996,Ahmedabad,2022-06-06 00:00:00,Standard,37.0,Arjun Joshi,1414
CUST_03550,Aarav,Patel,user3550@email.com,+91-9922536356,Kolkata,2022-06-06 06:00:00,Premium,65.0,Aarav Patel,1414
CUST_03551,Neha,Sharma,user3551@email.com,+91-9303211318,Mumbai,2022-06-06 12:00:00,Basic,35.0,Neha Sharma,1414
CUST_03552,Meera,Patel,user3552@email.com,+91-7693747862,Ahmedabad,2022-06-06 18:00:00,Standard,30.0,Meera Patel,1413
CUST_03553,Priya,Reddy,user3553@email.com,+91-8943798817,Pune,2022-06-07 00:00:00,Standard,59.0,Priya Reddy,1413
CUST_03554,Anjali,Shah,user3554@email.com,+91-9922164476,Pune,2022-06-07 06:00:00,Standard,23.0,Anjali Shah,1413
CUST_03555,Anjali,Nair,user3555@email.com,+91-9782396261,Kolkata,2022-06-07 12:00:00,Standard,27.0,Anjali Nair,1413
CUST_03556,Sanjay,Kumar,user3556@email.com,+91-8603016971,Kolkata,2022-06-07 18:00:00,Standard,54.0,Sanjay Kumar,1412
CUST_03557,Vikram,Sharma,user3557@email.com,+91-8949906737,Chennai,2022-06-08 00:00:00,Basic,46.0,Vikram Sharma,1412
CUST_03558,Pooja,Sharma,user3558@email.com,+91-9501195491,Bengaluru,2022-06-08 06:00:00,Premium,23.0,Pooja Sharma,1412
CUST_03559,Neha,Gupta,user3559@email.com,+91-7236368942,Kolkata,2022-06-08 12:00:00,Premium,56.0,Neha Gupta,1412
CUST_03560,Vikram,Sharma,user3560@email.com,+91-8966517986,Hyderabad,2022-06-08 18:00:00,Premium,28.0,Vikram Sharma,1411
CUST_03561,Pooja,Reddy,user3561@email.com,+91-8494352644,Chennai,2022-06-09 00:00:00,Standard,65.0,Pooja Reddy,1411
CUST_03562,Vikram,Sharma,user3562@email.com,+91-7603543221,Mumbai,2022-06-09 06:00:00,Basic,42.0,Vikram Sharma,1411
CUST_03563,Meera,Sharma,user3563@email.com,+91-7687720120,Hyderabad,2022-06-09 12:00:00,Basic,61.0,Meera Sharma,1411
CUST_03564,Pooja,Patel,user3564@email.com,+91-9079966257,Mumbai,2022-06-09 18:00:00,Standard,61.0,Pooja Patel,1410
CUST_03565,Meera,Shah,user3565@email.com,+91-9677907500,Delhi,2022-06-10 00:00:00,Standard,47.0,Meera Shah,1410
CUST_03566,Priya,Singh,user3566@email.com,+91-7643789415,Mumbai,2022-06-10 06:00:00,Basic,37.0,Priya Singh,1410
CUST_03567,Arjun,Sharma,user3567@email.com,+91-8823539525,Hyderabad,2022-06-10 12:00:00,Standard,54.0,Arjun Sharma,1410
CUST_03568,Meera,Joshi,user3568@email.com,+91-8505273426,Delhi,2022-06-10 18:00:00,Standard,33.0,Meera Joshi,1409
CUST_03569,Anjali,Shah,user3569@email.com,+91-8470466054,Hyderabad,2022-06-11 00:00:00,Standard,48.0,Anjali Shah,1409
CUST_03570,Vikram,Mehta,user3570@email.com,+91-8518487480,Pune,2022-06-11 06:00:00,Premium,46.0,Vikram Mehta,1409
CUST_03571,Sanjay,Gupta,user3571@email.com,+91-7427938577,Hyderabad,2022-06-11 12:00:00,Premium,23.0,Sanjay Gupta,1409
CUST_03572,Rahul,Patel,user3572@email.com,+91-8516044215,Delhi,2022-06-11 18:00:00,Premium,46.0,Rahul Patel,1408
CUST_03573,Pooja,Gupta,user3573@email.com,+91-8107409997,Mumbai,2022-06-12 00:00:00,Basic,49.0,Pooja Gupta,1408
CUST_03574,Neha,Nair,user3574@email.com,+91-9654069804,Pune,2022-06-12 06:00:00,Premium,26.0,Neha Nair,1408
CUST_03575,Sanjay,Sharma,user3575@email.com,+91-7025439070,Bengaluru,2022-06-12 12:00:00,Premium,54.0,Sanjay Sharma,1408
CUST_03576,Anjali,Kumar,user3576@email.com,+91-8601433748,Bengaluru,2022-06-12 18:00:00,Standard,44.0,Anjali Kumar,1407
CUST_03577,Meera,Joshi,user3577@email.com,+91-8275838296,Ahmedabad,2022-06-13 00:00:00,Premium,40.0,Meera Joshi,1407
CUST_03578,Arjun,Patel,user3578@email.com,+91-9748442075,Bengaluru,2022-06-13 06:00:00,Premium,33.0,Arjun Patel,1407
CUST_03579,Priya,Gupta,user3579@email.com,+91-8665078791,Bengaluru,2022-06-13 12:00:00,Basic,35.0,Priya Gupta,1407
CUST_03580,Rahul,Sharma,user3580@email.com,+91-7048924261,Chennai,2022-06-13 18:00:00,Premium,36.0,Rahul Sharma,1406
CUST_03581,Aarav,Kumar,user3581@email.com,+91-8685522085,Bengaluru,2022-06-14 00:00:00,Basic,61.0,Aarav Kumar,1406
CUST_03582,Sanjay,Kumar,user3582@email.com,+91-7498085083,Delhi,2022-06-14 06:00:00,Standard,19.0,Sanjay Kumar,1406
CUST_03583,Arjun,Nair,user3583@email.com,+91-8893129742,Kolkata,2022-06-14 12:00:00,Basic,27.0,Arjun Nair,1406
CUST_03584,Aarav,Shah,user3584@email.com,+91-8612778638,Bengaluru,2022-06-14 18:00:00,Standard,29.0,Aarav Shah,1405
CUST_03585,Rahul,Joshi,user3585@email.com,+91-9885888130,Hyderabad,2022-06-15 00:00:00,Standard,63.0,Rahul Joshi,1405
CUST_03586,Neha,Singh,user3586@email.com,+91-7828049230,Kolkata,2022-06-15 06:00:00,Basic,35.0,Neha Singh,1405
CUST_03587,Neha,Joshi,user3587@email.com,+91-7401729753,Bengaluru,2022-06-15 12:00:00,Standard,36.0,Neha Joshi,1405
CUST_03588,Vikram,Nair,user3588@email.com,+91-9350678418,Kolkata,2022-06-15 18:00:00,Basic,55.0,Vikram Nair,1404
CUST_03589,Rahul,Reddy,user3589@email.com,+91-7072142263,Mumbai,2022-06-16 00:00:00,Standard,54.0,Rahul Reddy,1404
CUST_03590,Rahul,Shah,user3590@email.com,+91-9741147223,Delhi,2022-06-16 06:00:00,Standard,44.0,Rahul Shah,1404
CUST_03591,Aarav,Patel,user3591@email.com,+91-7918355403,Delhi,2022-06-16 12:00:00,Basic,65.0,Aarav Patel,1404
CUST_03592,Arjun,Shah,user3592@email.com,+91-9722930609,Ahmedabad,2022-06-16 18:00:00,Standard,31.0,Arjun Shah,1403
CUST_03593,Pooja,Nair,user3593@email.com,+91-7674787612,Kolkata,2022-06-17 00:00:00,Standard,62.0,Pooja Nair,1403
CUST_03594,Aarav,Nair,user3594@email.com,+91-9505793762,Ahmedabad,2022-06-17 06:00:00,Standard,44.0,Aarav Nair,1403
CUST_03595,Priya,Patel,user3595@email.com,+91-7006265037,Pune,2022-06-17 12:00:00,Basic,51.0,Priya Patel,1403
CUST_03596,Neha,Patel,user3596@email.com,+91-7342329929,Chennai,2022-06-17 18:00:00,Basic,19.0,Neha Patel,1402
CUST_03597,Neha,Patel,user3597@email.com,+91-9806220152,Hyderabad,2022-06-18 00:00:00,Standard,61.0,Neha Patel,1402
CUST_03598,Vikram,Shah,user3598@email.com,+91-9758620463,Kolkata,2022-06-18 06:00:00,Standard,50.0,Vikram Shah,1402
CUST_03599,Priya,Sharma,user3599@email.com,+91-8975765423,Delhi,2022-06-18 12:00:00,Basic,36.0,Priya Sharma,1402
CUST_03600,Neha,Gupta,user3600@email.com,+91-8331749439,Ahmedabad,2022-06-18 18:00:00,Standard,44.0,Neha Gupta,1401
CUST_03601,Aarav,Mehta,user3601@email.com,+91-7080947583,Mumbai,2022-06-19 00:00:00,Standard,65.0,Aarav Mehta,1401
CUST_03602,Priya,Patel,user3602@email.com,+91-8634266379,Bengaluru,2022-06-19 06:00:00,Premium,47.0,Priya Patel,1401
CUST_03603,Aarav,Gupta,user3603@email.com,+91-9628765980,Delhi,2022-06-19 12:00:00,Standard,24.0,Aarav Gupta,1401
CUST_03604,Pooja,Mehta,user3604@email.com,+91-7844445070,Mumbai,2022-06-19 18:00:00,Basic,44.0,Pooja Mehta,1400
CUST_03605,Pooja,Shah,user3605@email.com,+91-8240669001,Bengaluru,2022-06-20 00:00:00,Premium,38.0,Pooja Shah,1400
CUST_03606,Neha,Gupta,user3606@email.com,+91-9085336264,Chennai,2022-06-20 06:00:00,Basic,24.0,Neha Gupta,1400
CUST_03607,Neha,Patel,user3607@email.com,+91-9868176257,Delhi,2022-06-20 12:00:00,Standard,65.0,Neha Patel,1400
CUST_03608,Arjun,Singh,user3608@email.com,+91-7502737635,Ahmedabad,2022-06-20 18:00:00,Premium,42.0,Arjun Singh,1399
CUST_03609,Pooja,Nair,user3609@email.com,+91-8793613858,Delhi,2022-06-21 00:00:00,Standard,55.0,Pooja Nair,1399
CUST_03610,Sanjay,Gupta,user3610@email.com,+91-9763251429,Kolkata,2022-06-21 06:00:00,Standard,35.0,Sanjay Gupta,1399
CUST_03611,Sanjay,Kumar,user3611@email.com,+91-8214986930,Kolkata,2022-06-21 12:00:00,Premium,50.0,Sanjay Kumar,1399
CUST_03612,Vikram,Kumar,user3612@email.com,+91-7942164132,Mumbai,2022-06-21 18:00:00,Basic,50.0,Vikram Kumar,1398
CUST_03613,Pooja,Gupta,user3613@email.com,+91-9567698746,Ahmedabad,2022-06-22 00:00:00,Standard,49.0,Pooja Gupta,1398
CUST_03614,Aarav,Patel,user3614@email.com,+91-7570185718,Pune,2022-06-22 06:00:00,Standard,42.0,Aarav Patel,1398
CUST_03615,Aarav,Joshi,user3615@email.com,+91-8111718470,Kolkata,2022-06-22 12:00:00,Premium,31.0,Aarav Joshi,1398
CUST_03616,Anjali,Patel,user3616@email.com,+91-7535656940,Hyderabad,2022-06-22 18:00:00,Standard,55.0,Anjali Patel,1397
CUST_03617,Priya,Shah,user3617@email.com,+91-9719018152,Chennai,2022-06-23 00:00:00,Basic,55.0,Priya Shah,1397
CUST_03618,Meera,Patel,user3618@email.com,+91-9066606609,Hyderabad,2022-06-23 06:00:00,Standard,21.0,Meera Patel,1397
CUST_03619,Sanjay,Shah,user3619@email.com,+91-7757876295,Delhi,2022-06-23 12:00:00,Premium,61.0,Sanjay Shah,1397
CUST_03620,Neha,Joshi,user3620@email.com,+91-9479857056,Hyderabad,2022-06-23 18:00:00,Standard,35.0,Neha Joshi,1396
CUST_03621,Vikram,Singh,user3621@email.com,+91-7676421499,Bengaluru,2022-06-24 00:00:00,Standard,27.0,Vikram Singh,1396
CUST_03622,Meera,Shah,user3622@email.com,+91-9121015853,Chennai,2022-06-24 06:00:00,Standard,52.0,Meera Shah,1396
CUST_03623,Rahul,Reddy,user3623@email.com,+91-9135626410,Hyderabad,2022-06-24 12:00:00,Standard,52.0,Rahul Reddy,1396
CUST_03624,Vikram,Kumar,user3624@email.com,+91-8258847112,Bengaluru,2022-06-24 18:00:00,Standard,57.0,Vikram Kumar,1395
CUST_03625,Rahul,Nair,user3625@email.com,+91-8959600002,Mumbai,2022-06-25 00:00:00,Basic,40.0,Rahul Nair,1395
CUST_03626,Pooja,Kumar,user3626@email.com,+91-7305902160,Hyderabad,2022-06-25 06:00:00,Basic,42.0,Pooja Kumar,1395
CUST_03627,Rahul,Shah,user3627@email.com,+91-7143554055,Chennai,2022-06-25 12:00:00,Standard,18.0,Rahul Shah,1395
CUST_03628,Rahul,Reddy,user3628@email.com,+91-8041664715,Bengaluru,2022-06-25 18:00:00,Standard,35.0,Rahul Reddy,1394
CUST_03629,Arjun,Sharma,user3629@email.com,+91-9319195201,Hyderabad,2022-06-26 00:00:00,Basic,32.0,Arjun Sharma,1394
CUST_03630,Arjun,Singh,user3630@email.com,+91-8883145750,Mumbai,2022-06-26 06:00:00,Basic,42.0,Arjun Singh,1394
CUST_03631,Arjun,Singh,user3631@email.com,+91-9152147343,Hyderabad,2022-06-26 12:00:00,Basic,49.0,Arjun Singh,1394
CUST_03632,Pooja,Sharma,user3632@email.com,+91-8822213386,Bengaluru,2022-06-26 18:00:00,Basic,44.0,Pooja Sharma,1393
CUST_03633,Meera,Nair,user3633@email.com,+91-9451081663,Hyderabad,2022-06-27 00:00:00,Standard,37.0,Meera Nair,1393
CUST_03634,Vikram,Joshi,user3634@email.com,+91-9859540736,Chennai,2022-06-27 06:00:00,Standard,34.0,Vikram Joshi,1393
CUST_03635,Vikram,Mehta,user3635@email.com,+91-7854918746,Delhi,2022-06-27 12:00:00,Basic,28.0,Vikram Mehta,1393
CUST_03636,Neha,Reddy,user3636@email.com,+91-9617957633,Ahmedabad,2022-06-27 18:00:00,Standard,30.0,Neha Reddy,1392
CUST_03637,Arjun,Shah,user3637@email.com,+91-8027070953,Ahmedabad,2022-06-28 00:00:00,Standard,42.0,Arjun Shah,1392
CUST_03638,Pooja,Mehta,user3638@email.com,+91-7387176930,Bengaluru,2022-06-28 06:00:00,Standard,37.0,Pooja Mehta,1392
CUST_03639,Neha,Nair,user3639@email.com,+91-7172945001,Bengaluru,2022-06-28 12:00:00,Basic,42.0,Neha Nair,1392
CUST_03640,Priya,Joshi,user3640@email.com,+91-7348595181,Bengaluru,2022-06-28 18:00:00,Premium,59.0,Priya Joshi,1391
CUST_03641,Neha,Singh,user3641@email.com,+91-9254626839,Bengaluru,2022-06-29 00:00:00,Basic,62.0,Neha Singh,1391
CUST_03642,Meera,Shah,user3642@email.com,+91-7310031646,Hyderabad,2022-06-29 06:00:00,Basic,66.0,Meera Shah,1391
CUST_03643,Sanjay,Shah,user3643@email.com,+91-9986147764,Chennai,2022-06-29 12:00:00,Premium,48.0,Sanjay Shah,1391
CUST_03644,Rahul,Joshi,user3644@email.com,+91-8350509557,Ahmedabad,2022-06-29 18:00:00,Standard,44.0,Rahul Joshi,1390
CUST_03645,Arjun,Kumar,user3645@email.com,+91-7363272078,Mumbai,2022-06-30 00:00:00,Standard,18.0,Arjun Kumar,1390
CUST_03646,Sanjay,Reddy,user3646@email.com,+91-7165310873,Ahmedabad,2022-06-30 06:00:00,Standard,69.0,Sanjay Reddy,1390
CUST_03647,Neha,Joshi,user3647@email.com,+91-9058732682,Chennai,2022-06-30 12:00:00,Standard,33.0,Neha Joshi,1390
CUST_03648,Pooja,Patel,user3648@email.com,+91-9403616279,Bengaluru,2022-06-30 18:00:00,Premium,65.0,Pooja Patel,1389
CUST_03649,Rahul,Patel,user3649@email.com,+91-9687349442,Pune,2022-07-01 00:00:00,Standard,45.0,Rahul Patel,1389
CUST_03650,Vikram,Joshi,user3650@email.com,+91-9274738068,Hyderabad,2022-07-01 06:00:00,Premium,38.0,Vikram Joshi,1389
CUST_03651,Aarav,Singh,user3651@email.com,+91-8070925491,Pune,2022-07-01 12:00:00,Basic,47.0,Aarav Singh,1389
CUST_03652,Rahul,Joshi,user3652@email.com,+91-8298744119,Hyderabad,2022-07-01 18:00:00,Standard,20.0,Rahul Joshi,1388
CUST_03653,Meera,Gupta,user3653@email.com,+91-7186012933,Bengaluru,2022-07-02 00:00:00,Basic,51.0,Meera Gupta,1388
CUST_03654,Meera,Nair,user3654@email.com,+91-9980653250,Hyderabad,2022-07-02 06:00:00,Standard,23.0,Meera Nair,1388
CUST_03655,Neha,Patel,user3655@email.com,+91-8694153000,Bengaluru,2022-07-02 12:00:00,Basic,60.0,Neha Patel,1388
CUST_03656,Priya,Mehta,user3656@email.com,+91-7353660118,Chennai,2022-07-02 18:00:00,Basic,46.0,Priya Mehta,1387
CUST_03657,Meera,Joshi,user3657@email.com,+91-8420347686,Kolkata,2022-07-03 00:00:00,Basic,20.0,Meera Joshi,1387
CUST_03658,Meera,Patel,user3658@email.com,+91-8270050564,Delhi,2022-07-03 06:00:00,Premium,50.0,Meera Patel,1387
CUST_03659,Pooja,Nair,user3659@email.com,+91-7254641074,Hyderabad,2022-07-03 12:00:00,Basic,28.0,Pooja Nair,1387
CUST_03660,Neha,Nair,user3660@email.com,+91-8500254418,Bengaluru,2022-07-03 18:00:00,Standard,62.0,Neha Nair,1386
CUST_03661,Rahul,Mehta,user3661@email.com,+91-8447989096,Pune,2022-07-04 00:00:00,Premium,22.0,Rahul Mehta,1386
CUST_03662,Priya,Shah,user3662@email.com,+91-8131239923,Bengaluru,2022-07-04 06:00:00,Standard,67.0,Priya Shah,1386
CUST_03663,Sanjay,Gupta,user3663@email.com,+91-9033999061,Pune,2022-07-04 12:00:00,Standard,49.0,Sanjay Gupta,1386
CUST_03664,Aarav,Joshi,user3664@email.com,+91-7010201262,Ahmedabad,2022-07-04 18:00:00,Standard,64.0,Aarav Joshi,1385
CUST_03665,Arjun,Sharma,user3665@email.com,+91-7897444261,Hyderabad,2022-07-05 00:00:00,Basic,35.0,Arjun Sharma,1385
CUST_03666,Vikram,Joshi,user3666@email.com,+91-8654307730,Mumbai,2022-07-05 06:00:00,Standard,64.0,Vikram Joshi,1385
CUST_03667,Meera,Shah,user3667@email.com,+91-9913120066,Pune,2022-07-05 12:00:00,Standard,37.0,Meera Shah,1385
CUST_03668,Neha,Reddy,user3668@email.com,+91-8921423859,Bengaluru,2022-07-05 18:00:00,Premium,69.0,Neha Reddy,1384
CUST_03669,Arjun,Kumar,user3669@email.com,+91-8817042405,Hyderabad,2022-07-06 00:00:00,Basic,69.0,Arjun Kumar,1384
CUST_03670,Vikram,Singh,user3670@email.com,+91-7501768831,Bengaluru,2022-07-06 06:00:00,Standard,56.0,Vikram Singh,1384
CUST_03671,Vikram,Shah,user3671@email.com,+91-9054192884,Mumbai,2022-07-06 12:00:00,Standard,66.0,Vikram Shah,1384
CUST_03672,Sanjay,Nair,user3672@email.com,+91-9582552017,Delhi,2022-07-06 18:00:00,Basic,57.0,Sanjay Nair,1383
CUST_03673,Sanjay,Sharma,user3673@email.com,+91-7638334174,Kolkata,2022-07-07 00:00:00,Standard,45.0,Sanjay Sharma,1383
CUST_03674,Sanjay,Singh,user3674@email.com,+91-7480287915,Kolkata,2022-07-07 06:00:00,Standard,30.0,Sanjay Singh,1383
CUST_03675,Anjali,Patel,user3675@email.com,+91-9860398957,Mumbai,2022-07-07 12:00:00,Standard,43.0,Anjali Patel,1383
CUST_03676,Anjali,Joshi,user3676@email.com,+91-8673634379,Chennai,2022-07-07 18:00:00,Basic,33.0,Anjali Joshi,1382
CUST_03677,Vikram,Singh,user3677@email.com,+91-8804070563,Hyderabad,2022-07-08 00:00:00,Basic,42.0,Vikram Singh,1382
CUST_03678,Sanjay,Patel,user3678@email.com,+91-8540222690,Mumbai,2022-07-08 06:00:00,Standard,27.0,Sanjay Patel,1382
CUST_03679,Pooja,Kumar,user3679@email.com,+91-7269292571,Delhi,2022-07-08 12:00:00,Premium,46.0,Pooja Kumar,1382
CUST_03680,Meera,Patel,user3680@email.com,+91-8385093810,Bengaluru,2022-07-08 18:00:00,Premium,63.0,Meera Patel,1381
CUST_03681,Arjun,Sharma,user3681@email.com,+91-8429514984,Hyderabad,2022-07-09 00:00:00,Basic,55.0,Arjun Sharma,1381
CUST_03682,Arjun,Nair,user3682@email.com,+91-8570515617,Ahmedabad,2022-07-09 06:00:00,Basic,37.0,Arjun Nair,1381
CUST_03683,Anjali,Shah,user3683@email.com,+91-9077109412,Pune,2022-07-09 12:00:00,Standard,43.0,Anjali Shah,1381
CUST_03684,Vikram,Mehta,user3684@email.com,+91-9818447119,Mumbai,2022-07-09 18:00:00,Premium,49.0,Vikram Mehta,1380
CUST_03685,Neha,Shah,user3685@email.com,+91-9562466458,Ahmedabad,2022-07-10 00:00:00,Basic,56.0,Neha Shah,1380
CUST_03686,Rahul,Shah,user3686@email.com,+91-8025446703,Ahmedabad,2022-07-10 06:00:00,Basic,55.0,Rahul Shah,1380
CUST_03687,Rahul,Patel,user3687@email.com,+91-9737188096,Delhi,2022-07-10 12:00:00,Basic,66.0,Rahul Patel,1380
CUST_03688,Anjali,Joshi,user3688@email.com,+91-7358958568,Ahmedabad,2022-07-10 18:00:00,Basic,44.0,Anjali Joshi,1379
CUST_03689,Neha,Singh,user3689@email.com,+91-7635335998,Mumbai,2022-07-11 00:00:00,Basic,41.0,Neha Singh,1379
CUST_03690,Anjali,Mehta,user3690@email.com,+91-7146343573,Chennai,2022-07-11 06:00:00,Premium,48.0,Anjali Mehta,1379
CUST_03691,Rahul,Mehta,user3691@email.com,+91-8434995531,Kolkata,2022-07-11 12:00:00,Premium,57.0,Rahul Mehta,1379
CUST_03692,Neha,Singh,user3692@email.com,+91-9071002393,Kolkata,2022-07-11 18:00:00,Premium,29.0,Neha Singh,1378
CUST_03693,Sanjay,Singh,user3693@email.com,+91-8073129871,Hyderabad,2022-07-12 00:00:00,Basic,53.0,Sanjay Singh,1378
CUST_03694,Vikram,Nair,user3694@email.com,+91-9587012417,Bengaluru,2022-07-12 06:00:00,Premium,27.0,Vikram Nair,1378
CUST_03695,Arjun,Sharma,user3695@email.com,+91-7278980117,Delhi,2022-07-12 12:00:00,Standard,23.0,Arjun Sharma,1378
CUST_03696,Pooja,Kumar,user3696@email.com,+91-9430309947,Mumbai,2022-07-12 18:00:00,Standard,24.0,Pooja Kumar,1377
CUST_03697,Priya,Sharma,user3697@email.com,+91-7695776183,Hyderabad,2022-07-13 00:00:00,Standard,44.0,Priya Sharma,1377
CUST_03698,Vikram,Singh,user3698@email.com,+91-8676783642,Mumbai,2022-07-13 06:00:00,Basic,48.0,Vikram Singh,1377
CUST_03699,Sanjay,Joshi,user3699@email.com,+91-9408846515,Hyderabad,2022-07-13 12:00:00,Premium,44.0,Sanjay Joshi,1377
CUST_03700,Rahul,Gupta,user3700@email.com,+91-7032344716,Kolkata,2022-07-13 18:00:00,Standard,25.0,Rahul Gupta,1376
CUST_03701,Sanjay,Gupta,user3701@email.com,+91-7404461264,Ahmedabad,2022-07-14 00:00:00,Basic,20.0,Sanjay Gupta,1376
CUST_03702,Anjali,Kumar,user3702@email.com,+91-9429318436,Chennai,2022-07-14 06:00:00,Premium,57.0,Anjali Kumar,1376
CUST_03703,Neha,Singh,user3703@email.com,+91-7999381042,Mumbai,2022-07-14 12:00:00,Basic,64.0,Neha Singh,1376
CUST_03704,Arjun,Gupta,user3704@email.com,+91-9635464178,Chennai,2022-07-14 18:00:00,Basic,38.0,Arjun Gupta,1375
CUST_03705,Meera,Kumar,user3705@email.com,+91-9647927899,Pune,2022-07-15 00:00:00,Basic,18.0,Meera Kumar,1375
CUST_03706,Anjali,Mehta,user3706@email.com,+91-7620729639,Pune,2022-07-15 06:00:00,Basic,62.0,Anjali Mehta,1375
CUST_03707,Vikram,Kumar,user3707@email.com,+91-8423721609,Ahmedabad,2022-07-15 12:00:00,Standard,67.0,Vikram Kumar,1375
CUST_03708,Anjali,Mehta,user3708@email.com,+91-7847279017,Kolkata,2022-07-15 18:00:00,Standard,32.0,Anjali Mehta,1374
CUST_03709,Vikram,Nair,user3709@email.com,+91-7886528967,Delhi,2022-07-16 00:00:00,Premium,24.0,Vikram Nair,1374
CUST_03710,Meera,Gupta,user3710@email.com,+91-9798049717,Chennai,2022-07-16 06:00:00,Standard,32.0,Meera Gupta,1374
CUST_03711,Aarav,Kumar,user3711@email.com,+91-8852988784,Hyderabad,2022-07-16 12:00:00,Premium,42.0,Aarav Kumar,1374
CUST_03712,Arjun,Kumar,user3712@email.com,+91-7455942678,Delhi,2022-07-16 18:00:00,Standard,20.0,Arjun Kumar,1373
CUST_03713,Pooja,Kumar,user3713@email.com,+91-9713183801,Mumbai,2022-07-17 00:00:00,Basic,47.0,Pooja Kumar,1373
CUST_03714,Pooja,Joshi,user3714@email.com,+91-7168998819,Mumbai,2022-07-17 06:00:00,Standard,31.0,Pooja Joshi,1373
CUST_03715,Priya,Kumar,user3715@email.com,+91-8913501135,Hyderabad,2022-07-17 12:00:00,Standard,69.0,Priya Kumar,1373
CUST_03716,Sanjay,Joshi,user3716@email.com,+91-7675550772,Bengaluru,2022-07-17 18:00:00,Standard,21.0,Sanjay Joshi,1372
CUST_03717,Aarav,Shah,user3717@email.com,+91-9715312775,Ahmedabad,2022-07-18 00:00:00,Standard,53.0,Aarav Shah,1372
CUST_03718,Pooja,Nair,user3718@email.com,+91-8544374273,Bengaluru,2022-07-18 06:00:00,Standard,20.0,Pooja Nair,1372
CUST_03719,Anjali,Shah,user3719@email.com,+91-7109878688,Ahmedabad,2022-07-18 12:00:00,Standard,22.0,Anjali Shah,1372
CUST_03720,Sanjay,Reddy,user3720@email.com,+91-8770672960,Mumbai,2022-07-18 18:00:00,Basic,42.0,Sanjay Reddy,1371
CUST_03721,Aarav,Shah,user3721@email.com,+91-9645240637,Ahmedabad,2022-07-19 00:00:00,Standard,48.0,Aarav Shah,1371
CUST_03722,Neha,Singh,user3722@email.com,+91-7720407889,Kolkata,2022-07-19 06:00:00,Premium,28.0,Neha Singh,1371
CUST_03723,Neha,Mehta,user3723@email.com,+91-9798728542,Kolkata,2022-07-19 12:00:00,Standard,25.0,Neha Mehta,1371
CUST_03724,Sanjay,Singh,user3724@email.com,+91-8557764564,Hyderabad,2022-07-19 18:00:00,Basic,43.0,Sanjay Singh,1370
CUST_03725,Vikram,Sharma,user3725@email.com,+91-8738211077,Bengaluru,2022-07-20 00:00:00,Premium,19.0,Vikram Sharma,1370
CUST_03726,Vikram,Shah,user3726@email.com,+91-8469647657,Chennai,2022-07-20 06:00:00,Premium,45.0,Vikram Shah,1370
CUST_03727,Anjali,Gupta,user3727@email.com,+91-9403029049,Mumbai,2022-07-20 12:00:00,Premium,65.0,Anjali Gupta,1370
CUST_03728,Aarav,Patel,user3728@email.com,+91-8799384657,Pune,2022-07-20 18:00:00,Basic,27.0,Aarav Patel,1369
CUST_03729,Aarav,Shah,user3729@email.com,+91-9984071496,Chennai,2022-07-21 00:00:00,Basic,67.0,Aarav Shah,1369
CUST_03730,Sanjay,Nair,user3730@email.com,+91-7317095164,Hyderabad,2022-07-21 06:00:00,Standard,56.0,Sanjay Nair,1369
CUST_03731,Rahul,Shah,user3731@email.com,+91-8666186522,Pune,2022-07-21 12:00:00,Standard,54.0,Rahul Shah,1369
CUST_03732,Neha,Joshi,user3732@email.com,+91-9865717303,Chennai,2022-07-21 18:00:00,Basic,56.0,Neha Joshi,1368
CUST_03733,Aarav,Sharma,user3733@email.com,+91-8960323270,Bengaluru,2022-07-22 00:00:00,Basic,38.0,Aarav Sharma,1368
CUST_03734,Sanjay,Kumar,user3734@email.com,+91-9338967698,Ahmedabad,2022-07-22 06:00:00,Basic,45.0,Sanjay Kumar,1368
CUST_03735,Meera,Sharma,user3735@email.com,+91-8745766954,Kolkata,2022-07-22 12:00:00,Basic,55.0,Meera Sharma,1368
CUST_03736,Priya,Sharma,user3736@email.com,+91-8362988716,Bengaluru,2022-07-22 18:00:00,Basic,50.0,Priya Sharma,1367
CUST_03737,Meera,Mehta,user3737@email.com,+91-9263553075,Pune,2022-07-23 00:00:00,Standard,28.0,Meera Mehta,1367
CUST_03738,Arjun,Patel,user3738@email.com,+91-9934097330,Ahmedabad,2022-07-23 06:00:00,Basic,62.0,Arjun Patel,1367
CUST_03739,Anjali,Sharma,user3739@email.com,+91-8083792223,Ahmedabad,2022-07-23 12:00:00,Basic,61.0,Anjali Sharma,1367
CUST_03740,Aarav,Mehta,user3740@email.com,+91-8729466132,Ahmedabad,2022-07-23 18:00:00,Premium,18.0,Aarav Mehta,1366
CUST_03741,Arjun,Kumar,user3741@email.com,+91-9976439528,Delhi,2022-07-24 00:00:00,Premium,44.0,Arjun Kumar,1366
CUST_03742,Pooja,Singh,user3742@email.com,+91-7411882543,Kolkata,2022-07-24 06:00:00,Standard,64.0,Pooja Singh,1366
CUST_03743,Arjun,Kumar,user3743@email.com,+91-9013490381,Mumbai,2022-07-24 12:00:00,Standard,50.0,Arjun Kumar,1366
CUST_03744,Sanjay,Gupta,user3744@email.com,+91-8271032626,Pune,2022-07-24 18:00:00,Basic,20.0,Sanjay Gupta,1365
CUST_03745,Aarav,Sharma,user3745@email.com,+91-7538622250,Hyderabad,2022-07-25 00:00:00,Standard,43.0,Aarav Sharma,1365
CUST_03746,Priya,Sharma,user3746@email.com,+91-7545034789,Mumbai,2022-07-25 06:00:00,Premium,32.0,Priya Sharma,1365
CUST_03747,Sanjay,Singh,user3747@email.com,+91-9705702842,Chennai,2022-07-25 12:00:00,Premium,58.0,Sanjay Singh,1365
CUST_03748,Sanjay,Nair,user3748@email.com,+91-7912302118,Kolkata,2022-07-25 18:00:00,Premium,31.0,Sanjay Nair,1364
CUST_03749,Anjali,Sharma,user3749@email.com,+91-8462521636,Hyderabad,2022-07-26 00:00:00,Standard,40.0,Anjali Sharma,1364
CUST_03750,Anjali,Patel,user3750@email.com,+91-7123491961,Hyderabad,2022-07-26 06:00:00,Standard,25.0,Anjali Patel,1364
CUST_03751,Neha,Reddy,user3751@email.com,+91-9606261980,Bengaluru,2022-07-26 12:00:00,Basic,53.0,Neha Reddy,1364
CUST_03752,Neha,Sharma,user3752@email.com,+91-7574973576,Chennai,2022-07-26 18:00:00,Standard,37.0,Neha Sharma,1363
CUST_03753,Vikram,Reddy,user3753@email.com,+91-8036375037,Bengaluru,2022-07-27 00:00:00,Standard,69.0,Vikram Reddy,1363
CUST_03754,Rahul,Kumar,user3754@email.com,+91-8698864355,Bengaluru,2022-07-27 06:00:00,Standard,23.0,Rahul Kumar,1363
CUST_03755,Aarav,Shah,user3755@email.com,+91-7746025948,Ahmedabad,2022-07-27 12:00:00,Standard,50.0,Aarav Shah,1363
CUST_03756,Aarav,Nair,user3756@email.com,+91-7354061720,Kolkata,2022-07-27 18:00:00,Standard,45.0,Aarav Nair,1362
CUST_03757,Arjun,Mehta,user3757@email.com,+91-8379376634,Delhi,2022-07-28 00:00:00,Standard,67.0,Arjun Mehta,1362
CUST_03758,Aarav,Joshi,user3758@email.com,+91-9882381340,Bengaluru,2022-07-28 06:00:00,Premium,55.0,Aarav Joshi,1362
CUST_03759,Aarav,Nair,user3759@email.com,+91-9010283812,Mumbai,2022-07-28 12:00:00,Premium,47.0,Aarav Nair,1362
CUST_03760,Rahul,Joshi,user3760@email.com,+91-7965504327,Hyderabad,2022-07-28 18:00:00,Premium,63.0,Rahul Joshi,1361
CUST_03761,Pooja,Kumar,user3761@email.com,+91-7427130960,Kolkata,2022-07-29 00:00:00,Premium,60.0,Pooja Kumar,1361
CUST_03762,Neha,Nair,user3762@email.com,+91-7310692831,Bengaluru,2022-07-29 06:00:00,Basic,34.0,Neha Nair,1361
CUST_03763,Neha,Mehta,user3763@email.com,+91-9441599855,Pune,2022-07-29 12:00:00,Standard,26.0,Neha Mehta,1361
CUST_03764,Priya,Joshi,user3764@email.com,+91-7857374429,Mumbai,2022-07-29 18:00:00,Basic,45.0,Priya Joshi,1360
CUST_03765,Aarav,Singh,user3765@email.com,+91-8588365658,Chennai,2022-07-30 00:00:00,Basic,24.0,Aarav Singh,1360
CUST_03766,Rahul,Patel,user3766@email.com,+91-8053971421,Hyderabad,2022-07-30 06:00:00,Standard,63.0,Rahul Patel,1360
CUST_03767,Neha,Nair,user3767@email.com,+91-8180896366,Kolkata,2022-07-30 12:00:00,Basic,45.0,Neha Nair,1360
CUST_03768,Rahul,Kumar,user3768@email.com,+91-9636430687,Pune,2022-07-30 18:00:00,Standard,34.0,Rahul Kumar,1359
CUST_03769,Meera,Sharma,user3769@email.com,+91-7107921106,Kolkata,2022-07-31 00:00:00,Standard,57.0,Meera Sharma,1359
CUST_03770,Pooja,Mehta,user3770@email.com,+91-7054086948,Kolkata,2022-07-31 06:00:00,Premium,65.0,Pooja Mehta,1359
CUST_03771,Aarav,Joshi,user3771@email.com,+91-9613997639,Pune,2022-07-31 12:00:00,Basic,61.0,Aarav Joshi,1359
CUST_03772,Priya,Joshi,user3772@email.com,+91-7639970176,Chennai,2022-07-31 18:00:00,Basic,61.0,Priya Joshi,1358
CUST_03773,Arjun,Patel,user3773@email.com,+91-9343449300,Pune,2022-08-01 00:00:00,Basic,22.0,Arjun Patel,1358
CUST_03774,Neha,Joshi,user3774@email.com,+91-7054430254,Mumbai,2022-08-01 06:00:00,Standard,22.0,Neha Joshi,1358
CUST_03775,Meera,Reddy,user3775@email.com,+91-8694297878,Ahmedabad,2022-08-01 12:00:00,Basic,31.0,Meera Reddy,1358
CUST_03776,Rahul,Gupta,user3776@email.com,+91-7133632515,Kolkata,2022-08-01 18:00:00,Premium,23.0,Rahul Gupta,1357
CUST_03777,Anjali,Reddy,user3777@email.com,+91-7668578819,Chennai,2022-08-02 00:00:00,Premium,24.0,Anjali Reddy,1357
CUST_03778,Sanjay,Joshi,user3778@email.com,+91-7333334533,Kolkata,2022-08-02 06:00:00,Basic,44.0,Sanjay Joshi,1357
CUST_03779,Aarav,Mehta,user3779@email.com,+91-9179223838,Pune,2022-08-02 12:00:00,Standard,34.0,Aarav Mehta,1357
CUST_03780,Aarav,Nair,user3780@email.com,+91-7195423788,Chennai,2022-08-02 18:00:00,Standard,26.0,Aarav Nair,1356
CUST_03781,Meera,Kumar,user3781@email.com,+91-9876222655,Chennai,2022-08-03 00:00:00,Premium,48.0,Meera Kumar,1356
CUST_03782,Rahul,Sharma,user3782@email.com,+91-8352534281,Bengaluru,2022-08-03 06:00:00,Basic,39.0,Rahul Sharma,1356
CUST_03783,Vikram,Nair,user3783@email.com,+91-8980258928,Bengaluru,2022-08-03 12:00:00,Standard,62.0,Vikram Nair,1356
CUST_03784,Aarav,Singh,user3784@email.com,+91-8629386059,Ahmedabad,2022-08-03 18:00:00,Basic,26.0,Aarav Singh,1355
CUST_03785,Vikram,Nair,user3785@email.com,+91-9768857385,Bengaluru,2022-08-04 00:00:00,Basic,33.0,Vikram Nair,1355
CUST_03786,Anjali,Nair,user3786@email.com,+91-8471482712,Pune,2022-08-04 06:00:00,Basic,53.0,Anjali Nair,1355
CUST_03787,Meera,Kumar,user3787@email.com,+91-8487385417,Hyderabad,2022-08-04 12:00:00,Standard,51.0,Meera Kumar,1355
CUST_03788,Rahul,Patel,user3788@email.com,+91-8740309460,Mumbai,2022-08-04 18:00:00,Basic,62.0,Rahul Patel,1354
CUST_03789,Rahul,Joshi,user3789@email.com,+91-7063899912,Pune,2022-08-05 00:00:00,Premium,30.0,Rahul Joshi,1354
CUST_03790,Pooja,Patel,user3790@email.com,+91-9603227394,Kolkata,2022-08-05 06:00:00,Premium,36.0,Pooja Patel,1354
CUST_03791,Sanjay,Singh,user3791@email.com,+91-9545923779,Bengaluru,2022-08-05 12:00:00,Standard,29.0,Sanjay Singh,1354
CUST_03792,Neha,Shah,user3792@email.com,+91-9714780948,Chennai,2022-08-05 18:00:00,Basic,53.0,Neha Shah,1353
CUST_03793,Neha,Sharma,user3793@email.com,+91-8508782802,Pune,2022-08-06 00:00:00,Standard,27.0,Neha Sharma,1353
CUST_03794,Arjun,Reddy,user3794@email.com,+91-8649012287,Chennai,2022-08-06 06:00:00,Basic,33.0,Arjun Reddy,1353
CUST_03795,Priya,Sharma,user3795@email.com,+91-7161510584,Ahmedabad,2022-08-06 12:00:00,Basic,45.0,Priya Sharma,1353
CUST_03796,Meera,Joshi,user3796@email.com,+91-8351188260,Kolkata,2022-08-06 18:00:00,Standard,36.0,Meera Joshi,1352
CUST_03797,Anjali,Sharma,user3797@email.com,+91-9102912601,Chennai,2022-08-07 00:00:00,Basic,57.0,Anjali Sharma,1352
CUST_03798,Rahul,Gupta,user3798@email.com,+91-7699153726,Chennai,2022-08-07 06:00:00,Premium,23.0,Rahul Gupta,1352
CUST_03799,Sanjay,Reddy,user3799@email.com,+91-9960583081,Ahmedabad,2022-08-07 12:00:00,Basic,21.0,Sanjay Reddy,1352
CUST_03800,Vikram,Singh,user3800@email.com,+91-8714409606,Delhi,2022-08-07 18:00:00,Standard,47.0,Vikram Singh,1351
CUST_03801,Meera,Joshi,user3801@email.com,+91-9346691210,Hyderabad,2022-08-08 00:00:00,Standard,56.0,Meera Joshi,1351
CUST_03802,Arjun,Mehta,user3802@email.com,+91-9394112784,Mumbai,2022-08-08 06:00:00,Standard,48.0,Arjun Mehta,1351
CUST_03803,Meera,Singh,user3803@email.com,+91-8493874387,Mumbai,2022-08-08 12:00:00,Premium,63.0,Meera Singh,1351
CUST_03804,Arjun,Gupta,user3804@email.com,+91-7837523394,Bengaluru,2022-08-08 18:00:00,Standard,44.0,Arjun Gupta,1350
CUST_03805,Rahul,Reddy,user3805@email.com,+91-8839835592,Delhi,2022-08-09 00:00:00,Premium,62.0,Rahul Reddy,1350
CUST_03806,Priya,Kumar,user3806@email.com,+91-9496682404,Pune,2022-08-09 06:00:00,Standard,38.0,Priya Kumar,1350
CUST_03807,Arjun,Gupta,user3807@email.com,+91-8573165351,Ahmedabad,2022-08-09 12:00:00,Premium,54.0,Arjun Gupta,1350
CUST_03808,Rahul,Singh,user3808@email.com,+91-9421890111,Pune,2022-08-09 18:00:00,Standard,26.0,Rahul Singh,1349
CUST_03809,Rahul,Joshi,user3809@email.com,+91-7991093245,Mumbai,2022-08-10 00:00:00,Basic,52.0,Rahul Joshi,1349
CUST_03810,Priya,Shah,user3810@email.com,+91-9421566692,Hyderabad,2022-08-10 06:00:00,Standard,59.0,Priya Shah,1349
CUST_03811,Neha,Joshi,user3811@email.com,+91-9563762424,Chennai,2022-08-10 12:00:00,Basic,64.0,Neha Joshi,1349
CUST_03812,Meera,Reddy,user3812@email.com,+91-7666714035,Kolkata,2022-08-10 18:00:00,Basic,69.0,Meera Reddy,1348
CUST_03813,Aarav,Shah,user3813@email.com,+91-8046651977,Bengaluru,2022-08-11 00:00:00,Basic,38.0,Aarav Shah,1348
CUST_03814,Aarav,Patel,user3814@email.com,+91-9499992593,Hyderabad,2022-08-11 06:00:00,Basic,34.0,Aarav Patel,1348
CUST_03815,Vikram,Reddy,user3815@email.com,+91-9075110304,Mumbai,2022-08-11 12:00:00,Standard,41.0,Vikram Reddy,1348
CUST_03816,Vikram,Reddy,user3816@email.com,+91-8814722633,Delhi,2022-08-11 18:00:00,Basic,48.0,Vikram Reddy,1347
CUST_03817,Aarav,Gupta,user3817@email.com,+91-7969110200,Bengaluru,2022-08-12 00:00:00,Premium,23.0,Aarav Gupta,1347
CUST_03818,Anjali,Joshi,user3818@email.com,+91-9962483801,Ahmedabad,2022-08-12 06:00:00,Basic,52.0,Anjali Joshi,1347
CUST_03819,Aarav,Singh,user3819@email.com,+91-9433567335,Mumbai,2022-08-12 12:00:00,Basic,67.0,Aarav Singh,1347
CUST_03820,Vikram,Kumar,user3820@email.com,+91-8533572275,Pune,2022-08-12 18:00:00,Standard,54.0,Vikram Kumar,1346
CUST_03821,Sanjay,Sharma,user3821@email.com,+91-9241887532,Bengaluru,2022-08-13 00:00:00,Basic,30.0,Sanjay Sharma,1346
CUST_03822,Vikram,Nair,user3822@email.com,+91-7867053525,Ahmedabad,2022-08-13 06:00:00,Premium,42.0,Vikram Nair,1346
CUST_03823,Anjali,Kumar,user3823@email.com,+91-8268393090,Mumbai,2022-08-13 12:00:00,Standard,49.0,Anjali Kumar,1346
CUST_03824,Meera,Sharma,user3824@email.com,+91-7303950539,Pune,2022-08-13 18:00:00,Premium,18.0,Meera Sharma,1345
CUST_03825,Aarav,Patel,user3825@email.com,+91-7666719897,Kolkata,2022-08-14 00:00:00,Basic,66.0,Aarav Patel,1345
CUST_03826,Priya,Singh,user3826@email.com,+91-7264188418,Pune,2022-08-14 06:00:00,Basic,52.0,Priya Singh,1345
CUST_03827,Sanjay,Joshi,user3827@email.com,+91-8036899901,Chennai,2022-08-14 12:00:00,Basic,36.0,Sanjay Joshi,1345
CUST_03828,Rahul,Mehta,user3828@email.com,+91-8252330062,Ahmedabad,2022-08-14 18:00:00,Premium,44.0,Rahul Mehta,1344
CUST_03829,Anjali,Reddy,user3829@email.com,+91-8627653452,Ahmedabad,2022-08-15 00:00:00,Standard,69.0,Anjali Reddy,1344
CUST_03830,Vikram,Kumar,user3830@email.com,+91-7952702231,Delhi,2022-08-15 06:00:00,Basic,29.0,Vikram Kumar,1344
CUST_03831,Priya,Sharma,user3831@email.com,+91-9826085800,Ahmedabad,2022-08-15 12:00:00,Premium,57.0,Priya Sharma,1344
CUST_03832,Arjun,Mehta,user3832@email.com,+91-7932399197,Chennai,2022-08-15 18:00:00,Basic,57.0,Arjun Mehta,1343
CUST_03833,Neha,Kumar,user3833@email.com,+91-8856496663,Mumbai,2022-08-16 00:00:00,Premium,64.0,Neha Kumar,1343
CUST_03834,Aarav,Singh,user3834@email.com,+91-8933003945,Kolkata,2022-08-16 06:00:00,Premium,60.0,Aarav Singh,1343
CUST_03835,Neha,Joshi,user3835@email.com,+91-7613029274,Hyderabad,2022-08-16 12:00:00,Standard,37.0,Neha Joshi,1343
CUST_03836,Anjali,Shah,user3836@email.com,+91-8784482727,Kolkata,2022-08-16 18:00:00,Basic,50.0,Anjali Shah,1342
CUST_03837,Arjun,Kumar,user3837@email.com,+91-8389570079,Kolkata,2022-08-17 00:00:00,Premium,46.0,Arjun Kumar,1342
CUST_03838,Arjun,Kumar,user3838@email.com,+91-8668968426,Ahmedabad,2022-08-17 06:00:00,Premium,33.0,Arjun Kumar,1342
CUST_03839,Arjun,Joshi,user3839@email.com,+91-8535145489,Kolkata,2022-08-17 12:00:00,Standard,31.0,Arjun Joshi,1342
CUST_03840,Rahul,Patel,user3840@email.com,+91-9336535279,Ahmedabad,2022-08-17 18:00:00,Standard,24.0,Rahul Patel,1341
CUST_03841,Anjali,Gupta,user3841@email.com,+91-8455104201,Chennai,2022-08-18 00:00:00,Standard,23.0,Anjali Gupta,1341
CUST_03842,Meera,Kumar,user3842@email.com,+91-9210827737,Hyderabad,2022-08-18 06:00:00,Standard,38.0,Meera Kumar,1341
CUST_03843,Neha,Joshi,user3843@email.com,+91-7842955996,Pune,2022-08-18 12:00:00,Basic,53.0,Neha Joshi,1341
CUST_03844,Meera,Gupta,user3844@email.com,+91-7340299721,Ahmedabad,2022-08-18 18:00:00,Standard,39.0,Meera Gupta,1340
CUST_03845,Priya,Joshi,user3845@email.com,+91-8693630303,Mumbai,2022-08-19 00:00:00,Basic,57.0,Priya Joshi,1340
CUST_03846,Pooja,Joshi,user3846@email.com,+91-9093040304,Delhi,2022-08-19 06:00:00,Basic,36.0,Pooja Joshi,1340
CUST_03847,Sanjay,Patel,user3847@email.com,+91-7616161747,Hyderabad,2022-08-19 12:00:00,Premium,42.0,Sanjay Patel,1340
CUST_03848,Sanjay,Joshi,user3848@email.com,+91-7034652363,Mumbai,2022-08-19 18:00:00,Premium,20.0,Sanjay Joshi,1339
CUST_03849,Meera,Singh,user3849@email.com,+91-7368047620,Ahmedabad,2022-08-20 00:00:00,Basic,53.0,Meera Singh,1339
CUST_03850,Pooja,Kumar,user3850@email.com,+91-7453172550,Hyderabad,2022-08-20 06:00:00,Premium,62.0,Pooja Kumar,1339
CUST_03851,Pooja,Sharma,user3851@email.com,+91-8928388861,Ahmedabad,2022-08-20 12:00:00,Premium,44.0,Pooja Sharma,1339
CUST_03852,Aarav,Sharma,user3852@email.com,+91-8064554830,Chennai,2022-08-20 18:00:00,Premium,51.0,Aarav Sharma,1338
CUST_03853,Priya,Sharma,user3853@email.com,+91-7353444506,Mumbai,2022-08-21 00:00:00,Basic,28.0,Priya Sharma,1338
CUST_03854,Anjali,Joshi,user3854@email.com,+91-8001614307,Chennai,2022-08-21 06:00:00,Standard,65.0,Anjali Joshi,1338
CUST_03855,Pooja,Mehta,user3855@email.com,+91-7889658920,Bengaluru,2022-08-21 12:00:00,Standard,59.0,Pooja Mehta,1338
CUST_03856,Vikram,Gupta,user3856@email.com,+91-8849447879,Mumbai,2022-08-21 18:00:00,Basic,64.0,Vikram Gupta,1337
CUST_03857,Sanjay,Gupta,user3857@email.com,+91-9738879397,Hyderabad,2022-08-22 00:00:00,Standard,44.0,Sanjay Gupta,1337
CUST_03858,Vikram,Joshi,user3858@email.com,+91-7276980986,Bengaluru,2022-08-22 06:00:00,Standard,59.0,Vikram Joshi,1337
CUST_03859,Priya,Singh,user3859@email.com,+91-8087064953,Chennai,2022-08-22 12:00:00,Standard,19.0,Priya Singh,1337
CUST_03860,Pooja,Singh,user3860@email.com,+91-9180591598,Chennai,2022-08-22 18:00:00,Premium,23.0,Pooja Singh,1336
CUST_03861,Neha,Reddy,user3861@email.com,+91-9345948173,Hyderabad,2022-08-23 00:00:00,Premium,63.0,Neha Reddy,1336
CUST_03862,Sanjay,Joshi,user3862@email.com,+91-9680296363,Bengaluru,2022-08-23 06:00:00,Premium,19.0,Sanjay Joshi,1336
CUST_03863,Aarav,Nair,user3863@email.com,+91-8017534864,Kolkata,2022-08-23 12:00:00,Premium,59.0,Aarav Nair,1336
CUST_03864,Aarav,Patel,user3864@email.com,+91-9005203234,Pune,2022-08-23 18:00:00,Standard,34.0,Aarav Patel,1335
CUST_03865,Arjun,Sharma,user3865@email.com,+91-8863883024,Delhi,2022-08-24 00:00:00,Standard,57.0,Arjun Sharma,1335
CUST_03866,Rahul,Patel,user3866@email.com,+91-8012702869,Hyderabad,2022-08-24 06:00:00,Standard,65.0,Rahul Patel,1335
CUST_03867,Pooja,Sharma,user3867@email.com,+91-8211192533,Chennai,2022-08-24 12:00:00,Standard,31.0,Pooja Sharma,1335
CUST_03868,Priya,Shah,user3868@email.com,+91-7857904283,Mumbai,2022-08-24 18:00:00,Standard,27.0,Priya Shah,1334
CUST_03869,Sanjay,Shah,user3869@email.com,+91-9988313822,Bengaluru,2022-08-25 00:00:00,Standard,62.0,Sanjay Shah,1334
CUST_03870,Rahul,Joshi,user3870@email.com,+91-8855796408,Ahmedabad,2022-08-25 06:00:00,Standard,50.0,Rahul Joshi,1334
CUST_03871,Priya,Shah,user3871@email.com,+91-8433493007,Pune,2022-08-25 12:00:00,Standard,59.0,Priya Shah,1334
CUST_03872,Meera,Mehta,user3872@email.com,+91-7258954133,Delhi,2022-08-25 18:00:00,Premium,29.0,Meera Mehta,1333
CUST_03873,Pooja,Reddy,user3873@email.com,+91-7194978181,Mumbai,2022-08-26 00:00:00,Premium,49.0,Pooja Reddy,1333
CUST_03874,Anjali,Singh,user3874@email.com,+91-7254887868,Bengaluru,2022-08-26 06:00:00,Basic,66.0,Anjali Singh,1333
CUST_03875,Anjali,Mehta,user3875@email.com,+91-8381392334,Pune,2022-08-26 12:00:00,Standard,41.0,Anjali Mehta,1333
CUST_03876,Pooja,Patel,user3876@email.com,+91-8620095968,Hyderabad,2022-08-26 18:00:00,Premium,31.0,Pooja Patel,1332
CUST_03877,Arjun,Patel,user3877@email.com,+91-8465070048,Ahmedabad,2022-08-27 00:00:00,Premium,22.0,Arjun Patel,1332
CUST_03878,Arjun,Shah,user3878@email.com,+91-8061291610,Pune,2022-08-27 06:00:00,Standard,68.0,Arjun Shah,1332
CUST_03879,Anjali,Singh,user3879@email.com,+91-7927111723,Hyderabad,2022-08-27 12:00:00,Premium,22.0,Anjali Singh,1332
CUST_03880,Neha,Reddy,user3880@email.com,+91-9666574079,Ahmedabad,2022-08-27 18:00:00,Standard,64.0,Neha Reddy,1331
CUST_03881,Sanjay,Sharma,user3881@email.com,+91-7571556513,Ahmedabad,2022-08-28 00:00:00,Premium,49.0,Sanjay Sharma,1331
CUST_03882,Anjali,Mehta,user3882@email.com,+91-9373303276,Kolkata,2022-08-28 06:00:00,Standard,62.0,Anjali Mehta,1331
CUST_03883,Neha,Reddy,user3883@email.com,+91-8925481795,Bengaluru,2022-08-28 12:00:00,Standard,66.0,Neha Reddy,1331
CUST_03884,Rahul,Kumar,user3884@email.com,+91-7974606330,Ahmedabad,2022-08-28 18:00:00,Standard,50.0,Rahul Kumar,1330
CUST_03885,Neha,Gupta,user3885@email.com,+91-9566522002,Pune,2022-08-29 00:00:00,Premium,63.0,Neha Gupta,1330
CUST_03886,Rahul,Shah,user3886@email.com,+91-7698766339,Ahmedabad,2022-08-29 06:00:00,Standard,21.0,Rahul Shah,1330
CUST_03887,Priya,Sharma,user3887@email.com,+91-8133274109,Delhi,2022-08-29 12:00:00,Standard,47.0,Priya Sharma,1330
CUST_03888,Vikram,Kumar,user3888@email.com,+91-8981926935,Pune,2022-08-29 18:00:00,Standard,58.0,Vikram Kumar,1329
CUST_03889,Priya,Sharma,user3889@email.com,+91-9046445111,Bengaluru,2022-08-30 00:00:00,Basic,34.0,Priya Sharma,1329
CUST_03890,Anjali,Sharma,user3890@email.com,+91-9921641848,Mumbai,2022-08-30 06:00:00,Basic,20.0,Anjali Sharma,1329
CUST_03891,Rahul,Shah,user3891@email.com,+91-9047592263,Mumbai,2022-08-30 12:00:00,Standard,30.0,Rahul Shah,1329
CUST_03892,Anjali,Sharma,user3892@email.com,+91-7655306775,Pune,2022-08-30 18:00:00,Basic,61.0,Anjali Sharma,1328
CUST_03893,Pooja,Reddy,user3893@email.com,+91-7520619803,Pune,2022-08-31 00:00:00,Basic,65.0,Pooja Reddy,1328
CUST_03894,Sanjay,Reddy,user3894@email.com,+91-8613236328,Hyderabad,2022-08-31 06:00:00,Basic,53.0,Sanjay Reddy,1328
CUST_03895,Aarav,Kumar,user3895@email.com,+91-9662130487,Bengaluru,2022-08-31 12:00:00,Premium,35.0,Aarav Kumar,1328
CUST_03896,Anjali,Patel,user3896@email.com,+91-9472229285,Hyderabad,2022-08-31 18:00:00,Standard,40.0,Anjali Patel,1327
CUST_03897,Sanjay,Singh,user3897@email.com,+91-8787870028,Delhi,2022-09-01 00:00:00,Standard,52.0,Sanjay Singh,1327
CUST_03898,Neha,Mehta,user3898@email.com,+91-9184184903,Kolkata,2022-09-01 06:00:00,Basic,66.0,Neha Mehta,1327
CUST_03899,Priya,Mehta,user3899@email.com,+91-7110626811,Mumbai,2022-09-01 12:00:00,Standard,50.0,Priya Mehta,1327
CUST_03900,Neha,Nair,user3900@email.com,+91-8076126555,Ahmedabad,2022-09-01 18:00:00,Basic,68.0,Neha Nair,1326
CUST_03901,Aarav,Shah,user3901@email.com,+91-9404754267,Ahmedabad,2022-09-02 00:00:00,Basic,53.0,Aarav Shah,1326
CUST_03902,Rahul,Joshi,user3902@email.com,+91-7693611683,Chennai,2022-09-02 06:00:00,Basic,34.0,Rahul Joshi,1326
CUST_03903,Pooja,Joshi,user3903@email.com,+91-8588416029,Chennai,2022-09-02 12:00:00,Basic,56.0,Pooja Joshi,1326
CUST_03904,Sanjay,Kumar,user3904@email.com,+91-9184991232,Bengaluru,2022-09-02 18:00:00,Standard,51.0,Sanjay Kumar,1325
CUST_03905,Pooja,Sharma,user3905@email.com,+91-7231142387,Ahmedabad,2022-09-03 00:00:00,Basic,29.0,Pooja Sharma,1325
CUST_03906,Vikram,Sharma,user3906@email.com,+91-9446378651,Bengaluru,2022-09-03 06:00:00,Basic,22.0,Vikram Sharma,1325
CUST_03907,Anjali,Shah,user3907@email.com,+91-9652616035,Chennai,2022-09-03 12:00:00,Basic,65.0,Anjali Shah,1325
CUST_03908,Rahul,Gupta,user3908@email.com,+91-9423799895,Bengaluru,2022-09-03 18:00:00,Basic,57.0,Rahul Gupta,1324
CUST_03909,Vikram,Patel,user3909@email.com,+91-9985757426,Mumbai,2022-09-04 00:00:00,Standard,44.0,Vikram Patel,1324
CUST_03910,Meera,Nair,user3910@email.com,+91-7080025302,Delhi,2022-09-04 06:00:00,Premium,57.0,Meera Nair,1324
CUST_03911,Anjali,Reddy,user3911@email.com,+91-9698473488,Delhi,2022-09-04 12:00:00,Basic,30.0,Anjali Reddy,1324
CUST_03912,Neha,Sharma,user3912@email.com,+91-8773629607,Ahmedabad,2022-09-04 18:00:00,Standard,43.0,Neha Sharma,1323
CUST_03913,Priya,Nair,user3913@email.com,+91-8314969667,Hyderabad,2022-09-05 00:00:00,Standard,31.0,Priya Nair,1323
CUST_03914,Sanjay,Mehta,user3914@email.com,+91-9929370562,Mumbai,2022-09-05 06:00:00,Premium,49.0,Sanjay Mehta,1323
CUST_03915,Aarav,Gupta,user3915@email.com,+91-7979961950,Kolkata,2022-09-05 12:00:00,Basic,28.0,Aarav Gupta,1323
CUST_03916,Aarav,Reddy,user3916@email.com,+91-8534718095,Bengaluru,2022-09-05 18:00:00,Basic,55.0,Aarav Reddy,1322
CUST_03917,Neha,Shah,user3917@email.com,+91-7288377411,Bengaluru,2022-09-06 00:00:00,Basic,33.0,Neha Shah,1322
CUST_03918,Arjun,Nair,user3918@email.com,+91-7751749953,Ahmedabad,2022-09-06 06:00:00,Basic,39.0,Arjun Nair,1322
CUST_03919,Aarav,Kumar,user3919@email.com,+91-8193789523,Kolkata,2022-09-06 12:00:00,Standard,64.0,Aarav Kumar,1322
CUST_03920,Sanjay,Reddy,user3920@email.com,+91-7202002898,Hyderabad,2022-09-06 18:00:00,Standard,33.0,Sanjay Reddy,1321
CUST_03921,Neha,Shah,user3921@email.com,+91-7625373788,Hyderabad,2022-09-07 00:00:00,Premium,30.0,Neha Shah,1321
CUST_03922,Rahul,Joshi,user3922@email.com,+91-7630913124,Bengaluru,2022-09-07 06:00:00,Basic,29.0,Rahul Joshi,1321
CUST_03923,Aarav,Shah,user3923@email.com,+91-7079407350,Bengaluru,2022-09-07 12:00:00,Premium,35.0,Aarav Shah,1321
CUST_03924,Pooja,Shah,user3924@email.com,+91-7872120750,Kolkata,2022-09-07 18:00:00,Basic,46.0,Pooja Shah,1320
CUST_03925,Neha,Reddy,user3925@email.com,+91-7442649808,Ahmedabad,2022-09-08 00:00:00,Standard,35.0,Neha Reddy,1320
CUST_03926,Sanjay,Gupta,user3926@email.com,+91-7253398381,Mumbai,2022-09-08 06:00:00,Standard,63.0,Sanjay Gupta,1320
CUST_03927,Pooja,Reddy,user3927@email.com,+91-8477404192,Kolkata,2022-09-08 12:00:00,Basic,19.0,Pooja Reddy,1320
CUST_03928,Anjali,Singh,user3928@email.com,+91-7332292777,Hyderabad,2022-09-08 18:00:00,Premium,19.0,Anjali Singh,1319
CUST_03929,Anjali,Patel,user3929@email.com,+91-7083999257,Kolkata,2022-09-09 00:00:00,Basic,20.0,Anjali Patel,1319
CUST_03930,Aarav,Gupta,user3930@email.com,+91-9219907728,Kolkata,2022-09-09 06:00:00,Premium,46.0,Aarav Gupta,1319
CUST_03931,Pooja,Kumar,user3931@email.com,+91-8474494126,Kolkata,2022-09-09 12:00:00,Premium,25.0,Pooja Kumar,1319
CUST_03932,Priya,Gupta,user3932@email.com,+91-9978575332,Mumbai,2022-09-09 18:00:00,Standard,28.0,Priya Gupta,1318
CUST_03933,Anjali,Mehta,user3933@email.com,+91-8296464582,Pune,2022-09-10 00:00:00,Premium,29.0,Anjali Mehta,1318
CUST_03934,Priya,Kumar,user3934@email.com,+91-8830955352,Bengaluru,2022-09-10 06:00:00,Basic,49.0,Priya Kumar,1318
CUST_03935,Rahul,Joshi,user3935@email.com,+91-7492798221,Chennai,2022-09-10 12:00:00,Standard,21.0,Rahul Joshi,1318
CUST_03936,Neha,Reddy,user3936@email.com,+91-7260055389,Ahmedabad,2022-09-10 18:00:00,Premium,26.0,Neha Reddy,1317
CUST_03937,Vikram,Shah,user3937@email.com,+91-9112157224,Kolkata,2022-09-11 00:00:00,Premium,41.0,Vikram Shah,1317
CUST_03938,Sanjay,Reddy,user3938@email.com,+91-7505405993,Ahmedabad,2022-09-11 06:00:00,Basic,66.0,Sanjay Reddy,1317
CUST_03939,Neha,Mehta,user3939@email.com,+91-9442868950,Chennai,2022-09-11 12:00:00,Basic,33.0,Neha Mehta,1317
CUST_03940,Sanjay,Nair,user3940@email.com,+91-9945219258,Pune,2022-09-11 18:00:00,Standard,34.0,Sanjay Nair,1316
CUST_03941,Pooja,Mehta,user3941@email.com,+91-7251061440,Bengaluru,2022-09-12 00:00:00,Standard,64.0,Pooja Mehta,1316
CUST_03942,Rahul,Singh,user3942@email.com,+91-9629951325,Hyderabad,2022-09-12 06:00:00,Basic,69.0,Rahul Singh,1316
CUST_03943,Meera,Shah,user3943@email.com,+91-8053283177,Chennai,2022-09-12 12:00:00,Basic,39.0,Meera Shah,1316
CUST_03944,Aarav,Shah,user3944@email.com,+91-7171194823,Ahmedabad,2022-09-12 18:00:00,Standard,24.0,Aarav Shah,1315
CUST_03945,Sanjay,Sharma,user3945@email.com,+91-8122188585,Ahmedabad,2022-09-13 00:00:00,Basic,27.0,Sanjay Sharma,1315
CUST_03946,Sanjay,Nair,user3946@email.com,+91-7433549835,Ahmedabad,2022-09-13 06:00:00,Basic,46.0,Sanjay Nair,1315
CUST_03947,Pooja,Sharma,user3947@email.com,+91-9001830886,Hyderabad,2022-09-13 12:00:00,Basic,53.0,Pooja Sharma,1315
CUST_03948,Priya,Joshi,user3948@email.com,+91-9375309022,Chennai,2022-09-13 18:00:00,Basic,41.0,Priya Joshi,1314
CUST_03949,Neha,Patel,user3949@email.com,+91-8657276628,Ahmedabad,2022-09-14 00:00:00,Standard,63.0,Neha Patel,1314
CUST_03950,Meera,Patel,user3950@email.com,+91-8845658039,Hyderabad,2022-09-14 06:00:00,Premium,31.0,Meera Patel,1314
CUST_03951,Arjun,Reddy,user3951@email.com,+91-7387978373,Kolkata,2022-09-14 12:00:00,Standard,31.0,Arjun Reddy,1314
CUST_03952,Aarav,Patel,user3952@email.com,+91-9566249948,Ahmedabad,2022-09-14 18:00:00,Standard,42.0,Aarav Patel,1313
CUST_03953,Vikram,Shah,user3953@email.com,+91-9840554154,Chennai,2022-09-15 00:00:00,Basic,63.0,Vikram Shah,1313
CUST_03954,Arjun,Mehta,user3954@email.com,+91-8370477280,Hyderabad,2022-09-15 06:00:00,Premium,39.0,Arjun Mehta,1313
CUST_03955,Neha,Nair,user3955@email.com,+91-8305888188,Pune,2022-09-15 12:00:00,Standard,69.0,Neha Nair,1313
CUST_03956,Aarav,Reddy,user3956@email.com,+91-7940392150,Mumbai,2022-09-15 18:00:00,Basic,67.0,Aarav Reddy,1312
CUST_03957,Sanjay,Reddy,user3957@email.com,+91-9742422162,Hyderabad,2022-09-16 00:00:00,Basic,64.0,Sanjay Reddy,1312
CUST_03958,Vikram,Nair,user3958@email.com,+91-7687590815,Mumbai,2022-09-16 06:00:00,Premium,40.0,Vikram Nair,1312
CUST_03959,Priya,Shah,user3959@email.com,+91-9978695240,Mumbai,2022-09-16 12:00:00,Standard,49.0,Priya Shah,1312
CUST_03960,Meera,Joshi,user3960@email.com,+91-9113479936,Bengaluru,2022-09-16 18:00:00,Premium,43.0,Meera Joshi,1311
CUST_03961,Priya,Joshi,user3961@email.com,+91-8632512334,Kolkata,2022-09-17 00:00:00,Standard,68.0,Priya Joshi,1311
CUST_03962,Rahul,Reddy,user3962@email.com,+91-8012949418,Pune,2022-09-17 06:00:00,Basic,44.0,Rahul Reddy,1311
CUST_03963,Pooja,Joshi,user3963@email.com,+91-7920704822,Mumbai,2022-09-17 12:00:00,Premium,62.0,Pooja Joshi,1311
CUST_03964,Aarav,Shah,user3964@email.com,+91-7473111151,Delhi,2022-09-17 18:00:00,Basic,29.0,Aarav Shah,1310
CUST_03965,Priya,Singh,user3965@email.com,+91-8955499480,Kolkata,2022-09-18 00:00:00,Basic,36.0,Priya Singh,1310
CUST_03966,Arjun,Singh,user3966@email.com,+91-7792151274,Mumbai,2022-09-18 06:00:00,Standard,36.0,Arjun Singh,1310
CUST_03967,Pooja,Sharma,user3967@email.com,+91-7264787302,Hyderabad,2022-09-18 12:00:00,Basic,69.0,Pooja Sharma,1310
CUST_03968,Priya,Gupta,user3968@email.com,+91-7343431477,Mumbai,2022-09-18 18:00:00,Standard,51.0,Priya Gupta,1309
CUST_03969,Anjali,Kumar,user3969@email.com,+91-9817426534,Hyderabad,2022-09-19 00:00:00,Basic,49.0,Anjali Kumar,1309
CUST_03970,Rahul,Patel,user3970@email.com,+91-9109059540,Ahmedabad,2022-09-19 06:00:00,Standard,46.0,Rahul Patel,1309
CUST_03971,Neha,Joshi,user3971@email.com,+91-9862471464,Hyderabad,2022-09-19 12:00:00,Standard,38.0,Neha Joshi,1309
CUST_03972,Meera,Singh,user3972@email.com,+91-8091439314,Delhi,2022-09-19 18:00:00,Standard,52.0,Meera Singh,1308
CUST_03973,Rahul,Mehta,user3973@email.com,+91-8488163317,Mumbai,2022-09-20 00:00:00,Premium,59.0,Rahul Mehta,1308
CUST_03974,Pooja,Nair,user3974@email.com,+91-9968237311,Mumbai,2022-09-20 06:00:00,Basic,22.0,Pooja Nair,1308
CUST_03975,Anjali,Gupta,user3975@email.com,+91-7629213850,Chennai,2022-09-20 12:00:00,Standard,29.0,Anjali Gupta,1308
CUST_03976,Aarav,Sharma,user3976@email.com,+91-8379806583,Kolkata,2022-09-20 18:00:00,Standard,24.0,Aarav Sharma,1307
CUST_03977,Arjun,Kumar,user3977@email.com,+91-9965748827,Chennai,2022-09-21 00:00:00,Basic,58.0,Arjun Kumar,1307
CUST_03978,Meera,Singh,user3978@email.com,+91-9925819334,Bengaluru,2022-09-21 06:00:00,Standard,19.0,Meera Singh,1307
CUST_03979,Meera,Sharma,user3979@email.com,+91-7749389033,Hyderabad,2022-09-21 12:00:00,Standard,42.0,Meera Sharma,1307
CUST_03980,Rahul,Gupta,user3980@email.com,+91-7301297114,Delhi,2022-09-21 18:00:00,Standard,27.0,Rahul Gupta,1306
CUST_03981,Pooja,Nair,user3981@email.com,+91-9388677076,Chennai,2022-09-22 00:00:00,Basic,55.0,Pooja Nair,1306
CUST_03982,Aarav,Patel,user3982@email.com,+91-8910838550,Mumbai,2022-09-22 06:00:00,Premium,61.0,Aarav Patel,1306
CUST_03983,Sanjay,Singh,user3983@email.com,+91-7336900585,Bengaluru,2022-09-22 12:00:00,Standard,23.0,Sanjay Singh,1306
CUST_03984,Anjali,Nair,user3984@email.com,+91-7156519151,Delhi,2022-09-22 18:00:00,Standard,44.0,Anjali Nair,1305
CUST_03985,Sanjay,Kumar,user3985@email.com,+91-7823536169,Pune,2022-09-23 00:00:00,Standard,52.0,Sanjay Kumar,1305
CUST_03986,Arjun,Joshi,user3986@email.com,+91-7630763923,Mumbai,2022-09-23 06:00:00,Standard,27.0,Arjun Joshi,1305
CUST_03987,Aarav,Gupta,user3987@email.com,+91-8779488718,Mumbai,2022-09-23 12:00:00,Premium,26.0,Aarav Gupta,1305
CUST_03988,Aarav,Kumar,user3988@email.com,+91-9172324336,Ahmedabad,2022-09-23 18:00:00,Premium,37.0,Aarav Kumar,1304
CUST_03989,Anjali,Patel,user3989@email.com,+91-8330020103,Pune,2022-09-24 00:00:00,Basic,54.0,Anjali Patel,1304
CUST_03990,Vikram,Nair,user3990@email.com,+91-7191538577,Hyderabad,2022-09-24 06:00:00,Basic,52.0,Vikram Nair,1304
CUST_03991,Sanjay,Shah,user3991@email.com,+91-9958727095,Hyderabad,2022-09-24 12:00:00,Standard,54.0,Sanjay Shah,1304
CUST_03992,Priya,Patel,user3992@email.com,+91-8598472104,Chennai,2022-09-24 18:00:00,Basic,57.0,Priya Patel,1303
CUST_03993,Meera,Reddy,user3993@email.com,+91-8105970312,Chennai,2022-09-25 00:00:00,Standard,25.0,Meera Reddy,1303
CUST_03994,Vikram,Singh,user3994@email.com,+91-9723612089,Mumbai,2022-09-25 06:00:00,Premium,63.0,Vikram Singh,1303
CUST_03995,Priya,Joshi,user3995@email.com,+91-9523018559,Kolkata,2022-09-25 12:00:00,Standard,48.0,Priya Joshi,1303
CUST_03996,Pooja,Gupta,user3996@email.com,+91-8118416234,Mumbai,2022-09-25 18:00:00,Standard,66.0,Pooja Gupta,1302
CUST_03997,Anjali,Mehta,user3997@email.com,+91-7260887594,Chennai,2022-09-26 00:00:00,Standard,60.0,Anjali Mehta,1302
CUST_03998,Pooja,Nair,user3998@email.com,+91-8242448548,Pune,2022-09-26 06:00:00,Basic,33.0,Pooja Nair,1302
CUST_03999,Meera,Shah,user3999@email.com,+91-7721501765,Chennai,2022-09-26 12:00:00,Standard,45.0,Meera Shah,1302
CUST_04000,Neha,Mehta,user4000@email.com,+91-8438016416,Mumbai,2022-09-26 18:00:00,Standard,23.0,Neha Mehta,1301
CUST_04001,Priya,Singh,user4001@email.com,+91-9621294272,Delhi,2022-09-27 00:00:00,Basic,49.0,Priya Singh,1301
CUST_04002,Vikram,Singh,user4002@email.com,+91-9910479471,Mumbai,2022-09-27 06:00:00,Standard,45.0,Vikram Singh,1301
CUST_04003,Priya,Gupta,user4003@email.com,+91-8161590961,Delhi,2022-09-27 12:00:00,Premium,28.0,Priya Gupta,1301
CUST_04004,Priya,Shah,user4004@email.com,+91-8851510497,Delhi,2022-09-27 18:00:00,Basic,59.0,Priya Shah,1300
CUST_04005,Anjali,Singh,user4005@email.com,+91-8184896790,Mumbai,2022-09-28 00:00:00,Standard,40.0,Anjali Singh,1300
CUST_04006,Pooja,Mehta,user4006@email.com,+91-7631991889,Kolkata,2022-09-28 06:00:00,Standard,47.0,Pooja Mehta,1300
CUST_04007,Sanjay,Shah,user4007@email.com,+91-7492099472,Kolkata,2022-09-28 12:00:00,Basic,26.0,Sanjay Shah,1300
CUST_04008,Neha,Mehta,user4008@email.com,+91-9396992176,Bengaluru,2022-09-28 18:00:00,Standard,45.0,Neha Mehta,1299
CUST_04009,Anjali,Patel,user4009@email.com,+91-8312003056,Chennai,2022-09-29 00:00:00,Standard,41.0,Anjali Patel,1299
CUST_04010,Arjun,Kumar,user4010@email.com,+91-9547732195,Kolkata,2022-09-29 06:00:00,Standard,45.0,Arjun Kumar,1299
CUST_04011,Anjali,Shah,user4011@email.com,+91-9144366311,Hyderabad,2022-09-29 12:00:00,Premium,41.0,Anjali Shah,1299
CUST_04012,Meera,Sharma,user4012@email.com,+91-7085674213,Mumbai,2022-09-29 18:00:00,Standard,32.0,Meera Sharma,1298
CUST_04013,Neha,Kumar,user4013@email.com,+91-8229251684,Delhi,2022-09-30 00:00:00,Premium,56.0,Neha Kumar,1298
CUST_04014,Aarav,Kumar,user4014@email.com,+91-7601184754,Mumbai,2022-09-30 06:00:00,Standard,67.0,Aarav Kumar,1298
CUST_04015,Arjun,Shah,user4015@email.com,+91-8489955758,Chennai,2022-09-30 12:00:00,Premium,50.0,Arjun Shah,1298
CUST_04016,Rahul,Joshi,user4016@email.com,+91-9084345967,Pune,2022-09-30 18:00:00,Standard,64.0,Rahul Joshi,1297
CUST_04017,Anjali,Singh,user4017@email.com,+91-7464585504,Kolkata,2022-10-01 00:00:00,Premium,51.0,Anjali Singh,1297
CUST_04018,Priya,Patel,user4018@email.com,+91-7185856199,Kolkata,2022-10-01 06:00:00,Basic,39.0,Priya Patel,1297
CUST_04019,Sanjay,Joshi,user4019@email.com,+91-7493950510,Kolkata,2022-10-01 12:00:00,Standard,46.0,Sanjay Joshi,1297
CUST_04020,Aarav,Joshi,user4020@email.com,+91-8865373825,Delhi,2022-10-01 18:00:00,Standard,51.0,Aarav Joshi,1296
CUST_04021,Anjali,Sharma,user4021@email.com,+91-8725646036,Hyderabad,2022-10-02 00:00:00,Basic,59.0,Anjali Sharma,1296
CUST_04022,Anjali,Nair,user4022@email.com,+91-8543023713,Ahmedabad,2022-10-02 06:00:00,Basic,69.0,Anjali Nair,1296
CUST_04023,Vikram,Shah,user4023@email.com,+91-7168347457,Hyderabad,2022-10-02 12:00:00,Standard,64.0,Vikram Shah,1296
CUST_04024,Vikram,Mehta,user4024@email.com,+91-8787406359,Kolkata,2022-10-02 18:00:00,Premium,27.0,Vikram Mehta,1295
CUST_04025,Aarav,Singh,user4025@email.com,+91-9823596641,Hyderabad,2022-10-03 00:00:00,Basic,68.0,Aarav Singh,1295
CUST_04026,Pooja,Joshi,user4026@email.com,+91-9035623082,Pune,2022-10-03 06:00:00,Standard,62.0,Pooja Joshi,1295
CUST_04027,Vikram,Patel,user4027@email.com,+91-9351187345,Kolkata,2022-10-03 12:00:00,Basic,47.0,Vikram Patel,1295
CUST_04028,Priya,Nair,user4028@email.com,+91-9435116086,Bengaluru,2022-10-03 18:00:00,Standard,28.0,Priya Nair,1294
CUST_04029,Arjun,Sharma,user4029@email.com,+91-9201477363,Delhi,2022-10-04 00:00:00,Standard,51.0,Arjun Sharma,1294
CUST_04030,Rahul,Reddy,user4030@email.com,+91-9161010048,Pune,2022-10-04 06:00:00,Standard,38.0,Rahul Reddy,1294
CUST_04031,Neha,Singh,user4031@email.com,+91-9693043334,Ahmedabad,2022-10-04 12:00:00,Basic,30.0,Neha Singh,1294
CUST_04032,Rahul,Reddy,user4032@email.com,+91-9992995359,Delhi,2022-10-04 18:00:00,Basic,42.0,Rahul Reddy,1293
CUST_04033,Rahul,Kumar,user4033@email.com,+91-7595037633,Ahmedabad,2022-10-05 00:00:00,Premium,38.0,Rahul Kumar,1293
CUST_04034,Neha,Joshi,user4034@email.com,+91-7331182278,Kolkata,2022-10-05 06:00:00,Standard,18.0,Neha Joshi,1293
CUST_04035,Vikram,Gupta,user4035@email.com,+91-9050500508,Pune,2022-10-05 12:00:00,Premium,22.0,Vikram Gupta,1293
CUST_04036,Aarav,Singh,user4036@email.com,+91-9704872042,Kolkata,2022-10-05 18:00:00,Standard,44.0,Aarav Singh,1292
CUST_04037,Neha,Mehta,user4037@email.com,+91-8451847286,Ahmedabad,2022-10-06 00:00:00,Basic,39.0,Neha Mehta,1292
CUST_04038,Meera,Nair,user4038@email.com,+91-7566064119,Ahmedabad,2022-10-06 06:00:00,Standard,24.0,Meera Nair,1292
CUST_04039,Pooja,Patel,user4039@email.com,+91-9678224350,Pune,2022-10-06 12:00:00,Basic,30.0,Pooja Patel,1292
CUST_04040,Arjun,Singh,user4040@email.com,+91-8426296751,Kolkata,2022-10-06 18:00:00,Basic,62.0,Arjun Singh,1291
CUST_04041,Sanjay,Mehta,user4041@email.com,+91-9106225473,Bengaluru,2022-10-07 00:00:00,Basic,69.0,Sanjay Mehta,1291
CUST_04042,Vikram,Shah,user4042@email.com,+91-7261926200,Delhi,2022-10-07 06:00:00,Basic,40.0,Vikram Shah,1291
CUST_04043,Pooja,Reddy,user4043@email.com,+91-9033537311,Pune,2022-10-07 12:00:00,Premium,38.0,Pooja Reddy,1291
CUST_04044,Neha,Shah,user4044@email.com,+91-8272379438,Bengaluru,2022-10-07 18:00:00,Standard,23.0,Neha Shah,1290
CUST_04045,Meera,Nair,user4045@email.com,+91-7705131736,Mumbai,2022-10-08 00:00:00,Standard,37.0,Meera Nair,1290
CUST_04046,Sanjay,Sharma,user4046@email.com,+91-8069430936,Kolkata,2022-10-08 06:00:00,Premium,29.0,Sanjay Sharma,1290
CUST_04047,Arjun,Joshi,user4047@email.com,+91-9758706587,Chennai,2022-10-08 12:00:00,Standard,57.0,Arjun Joshi,1290
CUST_04048,Arjun,Singh,user4048@email.com,+91-8273029005,Pune,2022-10-08 18:00:00,Standard,26.0,Arjun Singh,1289
CUST_04049,Vikram,Gupta,user4049@email.com,+91-8096346561,Hyderabad,2022-10-09 00:00:00,Standard,67.0,Vikram Gupta,1289
CUST_04050,Neha,Reddy,user4050@email.com,+91-8524573317,Bengaluru,2022-10-09 06:00:00,Standard,45.0,Neha Reddy,1289
CUST_04051,Pooja,Reddy,user4051@email.com,+91-9570145155,Bengaluru,2022-10-09 12:00:00,Basic,28.0,Pooja Reddy,1289
CUST_04052,Aarav,Singh,user4052@email.com,+91-9775839484,Pune,2022-10-09 18:00:00,Basic,69.0,Aarav Singh,1288
CUST_04053,Pooja,Kumar,user4053@email.com,+91-7534894784,Ahmedabad,2022-10-10 00:00:00,Basic,49.0,Pooja Kumar,1288
CUST_04054,Pooja,Shah,user4054@email.com,+91-8837171634,Bengaluru,2022-10-10 06:00:00,Standard,28.0,Pooja Shah,1288
CUST_04055,Arjun,Reddy,user4055@email.com,+91-8516728106,Mumbai,2022-10-10 12:00:00,Standard,41.0,Arjun Reddy,1288
CUST_04056,Aarav,Mehta,user4056@email.com,+91-7054921003,Bengaluru,2022-10-10 18:00:00,Standard,32.0,Aarav Mehta,1287
CUST_04057,Aarav,Patel,user4057@email.com,+91-7051642035,Chennai,2022-10-11 00:00:00,Standard,58.0,Aarav Patel,1287
CUST_04058,Vikram,Joshi,user4058@email.com,+91-8187306277,Chennai,2022-10-11 06:00:00,Standard,52.0,Vikram Joshi,1287
CUST_04059,Sanjay,Reddy,user4059@email.com,+91-8595307653,Ahmedabad,2022-10-11 12:00:00,Basic,34.0,Sanjay Reddy,1287
CUST_04060,Anjali,Mehta,user4060@email.com,+91-8051514883,Kolkata,2022-10-11 18:00:00,Standard,42.0,Anjali Mehta,1286
CUST_04061,Rahul,Nair,user4061@email.com,+91-8448692222,Kolkata,2022-10-12 00:00:00,Standard,66.0,Rahul Nair,1286
CUST_04062,Rahul,Nair,user4062@email.com,+91-7211015117,Ahmedabad,2022-10-12 06:00:00,Standard,52.0,Rahul Nair,1286
CUST_04063,Arjun,Joshi,user4063@email.com,+91-9230189240,Hyderabad,2022-10-12 12:00:00,Premium,36.0,Arjun Joshi,1286
CUST_04064,Anjali,Kumar,user4064@email.com,+91-7129488978,Mumbai,2022-10-12 18:00:00,Standard,58.0,Anjali Kumar,1285
CUST_04065,Sanjay,Gupta,user4065@email.com,+91-9453890402,Chennai,2022-10-13 00:00:00,Basic,48.0,Sanjay Gupta,1285
CUST_04066,Anjali,Joshi,user4066@email.com,+91-8796341576,Ahmedabad,2022-10-13 06:00:00,Premium,34.0,Anjali Joshi,1285
CUST_04067,Vikram,Sharma,user4067@email.com,+91-7639000042,Pune,2022-10-13 12:00:00,Basic,67.0,Vikram Sharma,1285
CUST_04068,Pooja,Kumar,user4068@email.com,+91-7575414425,Delhi,2022-10-13 18:00:00,Standard,40.0,Pooja Kumar,1284
CUST_04069,Arjun,Reddy,user4069@email.com,+91-8022871899,Delhi,2022-10-14 00:00:00,Basic,64.0,Arjun Reddy,1284
CUST_04070,Aarav,Joshi,user4070@email.com,+91-8914105359,Delhi,2022-10-14 06:00:00,Standard,18.0,Aarav Joshi,1284
CUST_04071,Arjun,Shah,user4071@email.com,+91-9958982384,Kolkata,2022-10-14 12:00:00,Standard,27.0,Arjun Shah,1284
CUST_04072,Rahul,Nair,user4072@email.com,+91-7536324743,Pune,2022-10-14 18:00:00,Standard,25.0,Rahul Nair,1283
CUST_04073,Sanjay,Mehta,user4073@email.com,+91-8006394942,Bengaluru,2022-10-15 00:00:00,Premium,59.0,Sanjay Mehta,1283
CUST_04074,Anjali,Joshi,user4074@email.com,+91-7412824904,Pune,2022-10-15 06:00:00,Standard,43.0,Anjali Joshi,1283
CUST_04075,Sanjay,Shah,user4075@email.com,+91-7238442445,Bengaluru,2022-10-15 12:00:00,Standard,51.0,Sanjay Shah,1283
CUST_04076,Vikram,Kumar,user4076@email.com,+91-7100573399,Delhi,2022-10-15 18:00:00,Standard,36.0,Vikram Kumar,1282
CUST_04077,Arjun,Sharma,user4077@email.com,+91-9304123643,Hyderabad,2022-10-16 00:00:00,Standard,31.0,Arjun Sharma,1282
CUST_04078,Neha,Mehta,user4078@email.com,+91-9332880388,Hyderabad,2022-10-16 06:00:00,Standard,25.0,Neha Mehta,1282
CUST_04079,Arjun,Patel,user4079@email.com,+91-9264566899,Ahmedabad,2022-10-16 12:00:00,Standard,68.0,Arjun Patel,1282
CUST_04080,Aarav,Sharma,user4080@email.com,+91-9903380973,Bengaluru,2022-10-16 18:00:00,Basic,18.0,Aarav Sharma,1281
CUST_04081,Arjun,Reddy,user4081@email.com,+91-7591858472,Delhi,2022-10-17 00:00:00,Standard,65.0,Arjun Reddy,1281
CUST_04082,Meera,Shah,user4082@email.com,+91-9322458641,Pune,2022-10-17 06:00:00,Premium,42.0,Meera Shah,1281
CUST_04083,Vikram,Joshi,user4083@email.com,+91-7951863475,Hyderabad,2022-10-17 12:00:00,Basic,41.0,Vikram Joshi,1281
CUST_04084,Priya,Joshi,user4084@email.com,+91-9222087345,Bengaluru,2022-10-17 18:00:00,Basic,64.0,Priya Joshi,1280
CUST_04085,Vikram,Singh,user4085@email.com,+91-9228267333,Ahmedabad,2022-10-18 00:00:00,Standard,37.0,Vikram Singh,1280
CUST_04086,Anjali,Nair,user4086@email.com,+91-8896064683,Pune,2022-10-18 06:00:00,Standard,47.0,Anjali Nair,1280
CUST_04087,Priya,Reddy,user4087@email.com,+91-8464794973,Delhi,2022-10-18 12:00:00,Standard,22.0,Priya Reddy,1280
CUST_04088,Anjali,Shah,user4088@email.com,+91-9941241671,Mumbai,2022-10-18 18:00:00,Standard,20.0,Anjali Shah,1279
CUST_04089,Anjali,Joshi,user4089@email.com,+91-8922626387,Delhi,2022-10-19 00:00:00,Basic,49.0,Anjali Joshi,1279
CUST_04090,Aarav,Patel,user4090@email.com,+91-8717240982,Kolkata,2022-10-19 06:00:00,Premium,34.0,Aarav Patel,1279
CUST_04091,Aarav,Mehta,user4091@email.com,+91-9247612489,Delhi,2022-10-19 12:00:00,Basic,59.0,Aarav Mehta,1279
CUST_04092,Pooja,Reddy,user4092@email.com,+91-7860000439,Ahmedabad,2022-10-19 18:00:00,Premium,22.0,Pooja Reddy,1278
CUST_04093,Rahul,Kumar,user4093@email.com,+91-7958613816,Pune,2022-10-20 00:00:00,Standard,28.0,Rahul Kumar,1278
CUST_04094,Pooja,Patel,user4094@email.com,+91-8671242081,Ahmedabad,2022-10-20 06:00:00,Basic,55.0,Pooja Patel,1278
CUST_04095,Pooja,Mehta,user4095@email.com,+91-9331656025,Pune,2022-10-20 12:00:00,Standard,21.0,Pooja Mehta,1278
CUST_04096,Rahul,Gupta,user4096@email.com,+91-9462852725,Chennai,2022-10-20 18:00:00,Premium,56.0,Rahul Gupta,1277
CUST_04097,Neha,Nair,user4097@email.com,+91-8791062584,Chennai,2022-10-21 00:00:00,Standard,36.0,Neha Nair,1277
CUST_04098,Priya,Reddy,user4098@email.com,+91-7106221945,Pune,2022-10-21 06:00:00,Basic,56.0,Priya Reddy,1277
CUST_04099,Sanjay,Shah,user4099@email.com,+91-8148028281,Pune,2022-10-21 12:00:00,Basic,63.0,Sanjay Shah,1277
CUST_04100,Pooja,Sharma,user4100@email.com,+91-9176123143,Mumbai,2022-10-21 18:00:00,Standard,66.0,Pooja Sharma,1276
CUST_04101,Arjun,Mehta,user4101@email.com,+91-7965021748,Mumbai,2022-10-22 00:00:00,Premium,40.0,Arjun Mehta,1276
CUST_04102,Arjun,Kumar,user4102@email.com,+91-9671623035,Delhi,2022-10-22 06:00:00,Basic,34.0,Arjun Kumar,1276
CUST_04103,Anjali,Joshi,user4103@email.com,+91-7660284330,Ahmedabad,2022-10-22 12:00:00,Standard,30.0,Anjali Joshi,1276
CUST_04104,Rahul,Sharma,user4104@email.com,+91-8830315357,Kolkata,2022-10-22 18:00:00,Basic,44.0,Rahul Sharma,1275
CUST_04105,Anjali,Patel,user4105@email.com,+91-8980211544,Ahmedabad,2022-10-23 00:00:00,Standard,18.0,Anjali Patel,1275
CUST_04106,Meera,Nair,user4106@email.com,+91-8587508896,Hyderabad,2022-10-23 06:00:00,Standard,19.0,Meera Nair,1275
CUST_04107,Meera,Shah,user4107@email.com,+91-7357955621,Ahmedabad,2022-10-23 12:00:00,Standard,35.0,Meera Shah,1275
CUST_04108,Sanjay,Sharma,user4108@email.com,+91-8936325752,Kolkata,2022-10-23 18:00:00,Standard,53.0,Sanjay Sharma,1274
CUST_04109,Aarav,Kumar,user4109@email.com,+91-8569042576,Mumbai,2022-10-24 00:00:00,Premium,62.0,Aarav Kumar,1274
CUST_04110,Aarav,Mehta,user4110@email.com,+91-7688149937,Delhi,2022-10-24 06:00:00,Standard,50.0,Aarav Mehta,1274
CUST_04111,Rahul,Shah,user4111@email.com,+91-9310764863,Kolkata,2022-10-24 12:00:00,Standard,53.0,Rahul Shah,1274
CUST_04112,Rahul,Gupta,user4112@email.com,+91-7865887669,Ahmedabad,2022-10-24 18:00:00,Premium,19.0,Rahul Gupta,1273
CUST_04113,Pooja,Joshi,user4113@email.com,+91-7457058928,Bengaluru,2022-10-25 00:00:00,Standard,21.0,Pooja Joshi,1273
CUST_04114,Meera,Nair,user4114@email.com,+91-7542785192,Chennai,2022-10-25 06:00:00,Standard,33.0,Meera Nair,1273
CUST_04115,Pooja,Sharma,user4115@email.com,+91-9536482796,Kolkata,2022-10-25 12:00:00,Basic,21.0,Pooja Sharma,1273
CUST_04116,Aarav,Nair,user4116@email.com,+91-7302413647,Hyderabad,2022-10-25 18:00:00,Standard,26.0,Aarav Nair,1272
CUST_04117,Priya,Nair,user4117@email.com,+91-8928403298,Delhi,2022-10-26 00:00:00,Standard,66.0,Priya Nair,1272
CUST_04118,Priya,Nair,user4118@email.com,+91-9420593029,Kolkata,2022-10-26 06:00:00,Premium,38.0,Priya Nair,1272
CUST_04119,Rahul,Mehta,user4119@email.com,+91-7864947097,Pune,2022-10-26 12:00:00,Standard,40.0,Rahul Mehta,1272
CUST_04120,Anjali,Nair,user4120@email.com,+91-8923437250,Ahmedabad,2022-10-26 18:00:00,Premium,69.0,Anjali Nair,1271
CUST_04121,Aarav,Gupta,user4121@email.com,+91-7220743235,Bengaluru,2022-10-27 00:00:00,Basic,44.0,Aarav Gupta,1271
CUST_04122,Priya,Patel,user4122@email.com,+91-9228190897,Chennai,2022-10-27 06:00:00,Standard,19.0,Priya Patel,1271
CUST_04123,Aarav,Kumar,user4123@email.com,+91-8809706368,Bengaluru,2022-10-27 12:00:00,Basic,20.0,Aarav Kumar,1271
CUST_04124,Vikram,Shah,user4124@email.com,+91-9221613871,Delhi,2022-10-27 18:00:00,Standard,40.0,Vikram Shah,1270
CUST_04125,Arjun,Gupta,user4125@email.com,+91-7713345204,Ahmedabad,2022-10-28 00:00:00,Standard,43.0,Arjun Gupta,1270
CUST_04126,Meera,Shah,user4126@email.com,+91-9490867642,Mumbai,2022-10-28 06:00:00,Basic,64.0,Meera Shah,1270
CUST_04127,Pooja,Kumar,user4127@email.com,+91-7132300870,Chennai,2022-10-28 12:00:00,Basic,24.0,Pooja Kumar,1270
CUST_04128,Aarav,Patel,user4128@email.com,+91-9256254272,Ahmedabad,2022-10-28 18:00:00,Standard,53.0,Aarav Patel,1269
CUST_04129,Arjun,Reddy,user4129@email.com,+91-8887760150,Bengaluru,2022-10-29 00:00:00,Standard,61.0,Arjun Reddy,1269
CUST_04130,Vikram,Shah,user4130@email.com,+91-7720486554,Mumbai,2022-10-29 06:00:00,Standard,50.0,Vikram Shah,1269
CUST_04131,Pooja,Shah,user4131@email.com,+91-7454249814,Hyderabad,2022-10-29 12:00:00,Premium,66.0,Pooja Shah,1269
CUST_04132,Aarav,Patel,user4132@email.com,+91-7751754649,Delhi,2022-10-29 18:00:00,Standard,53.0,Aarav Patel,1268
CUST_04133,Rahul,Sharma,user4133@email.com,+91-8841682708,Delhi,2022-10-30 00:00:00,Premium,21.0,Rahul Sharma,1268
CUST_04134,Arjun,Gupta,user4134@email.com,+91-9674608393,Chennai,2022-10-30 06:00:00,Standard,40.0,Arjun Gupta,1268
CUST_04135,Pooja,Sharma,user4135@email.com,+91-8135029332,Bengaluru,2022-10-30 12:00:00,Basic,42.0,Pooja Sharma,1268
CUST_04136,Aarav,Sharma,user4136@email.com,+91-7402703635,Hyderabad,2022-10-30 18:00:00,Basic,58.0,Aarav Sharma,1267
CUST_04137,Arjun,Sharma,user4137@email.com,+91-8439525779,Pune,2022-10-31 00:00:00,Basic,43.0,Arjun Sharma,1267
CUST_04138,Vikram,Nair,user4138@email.com,+91-9134243355,Chennai,2022-10-31 06:00:00,Basic,45.0,Vikram Nair,1267
CUST_04139,Aarav,Joshi,user4139@email.com,+91-9870299126,Ahmedabad,2022-10-31 12:00:00,Standard,45.0,Aarav Joshi,1267
CUST_04140,Aarav,Shah,user4140@email.com,+91-8188230789,Pune,2022-10-31 18:00:00,Basic,38.0,Aarav Shah,1266
CUST_04141,Aarav,Sharma,user4141@email.com,+91-8872707924,Chennai,2022-11-01 00:00:00,Standard,27.0,Aarav Sharma,1266
CUST_04142,Sanjay,Gupta,user4142@email.com,+91-9805378088,Bengaluru,2022-11-01 06:00:00,Basic,44.0,Sanjay Gupta,1266
CUST_04143,Rahul,Joshi,user4143@email.com,+91-7340694358,Hyderabad,2022-11-01 12:00:00,Basic,68.0,Rahul Joshi,1266
CUST_04144,Vikram,Joshi,user4144@email.com,+91-7061380064,Bengaluru,2022-11-01 18:00:00,Basic,68.0,Vikram Joshi,1265
CUST_04145,Pooja,Sharma,user4145@email.com,+91-8537699028,Delhi,2022-11-02 00:00:00,Standard,32.0,Pooja Sharma,1265
CUST_04146,Sanjay,Mehta,user4146@email.com,+91-7823721943,Pune,2022-11-02 06:00:00,Basic,34.0,Sanjay Mehta,1265
CUST_04147,Anjali,Sharma,user4147@email.com,+91-8966134906,Mumbai,2022-11-02 12:00:00,Standard,56.0,Anjali Sharma,1265
CUST_04148,Sanjay,Mehta,user4148@email.com,+91-7853036286,Kolkata,2022-11-02 18:00:00,Standard,52.0,Sanjay Mehta,1264
CUST_04149,Meera,Sharma,user4149@email.com,+91-9198600064,Ahmedabad,2022-11-03 00:00:00,Basic,22.0,Meera Sharma,1264
CUST_04150,Meera,Gupta,user4150@email.com,+91-7213432870,Delhi,2022-11-03 06:00:00,Standard,33.0,Meera Gupta,1264
CUST_04151,Aarav,Mehta,user4151@email.com,+91-7898556956,Delhi,2022-11-03 12:00:00,Basic,40.0,Aarav Mehta,1264
CUST_04152,Sanjay,Nair,user4152@email.com,+91-9950850164,Pune,2022-11-03 18:00:00,Standard,56.0,Sanjay Nair,1263
CUST_04153,Anjali,Joshi,user4153@email.com,+91-7429844973,Ahmedabad,2022-11-04 00:00:00,Standard,65.0,Anjali Joshi,1263
CUST_04154,Sanjay,Sharma,user4154@email.com,+91-7283790359,Chennai,2022-11-04 06:00:00,Basic,26.0,Sanjay Sharma,1263
CUST_04155,Rahul,Joshi,user4155@email.com,+91-8945297715,Delhi,2022-11-04 12:00:00,Standard,50.0,Rahul Joshi,1263
CUST_04156,Rahul,Sharma,user4156@email.com,+91-9528520487,Kolkata,2022-11-04 18:00:00,Standard,52.0,Rahul Sharma,1262
CUST_04157,Anjali,Shah,user4157@email.com,+91-8415876146,Hyderabad,2022-11-05 00:00:00,Standard,57.0,Anjali Shah,1262
CUST_04158,Sanjay,Shah,user4158@email.com,+91-8841294931,Delhi,2022-11-05 06:00:00,Standard,67.0,Sanjay Shah,1262
CUST_04159,Arjun,Singh,user4159@email.com,+91-9603895288,Hyderabad,2022-11-05 12:00:00,Basic,41.0,Arjun Singh,1262
CUST_04160,Rahul,Sharma,user4160@email.com,+91-8491434298,Bengaluru,2022-11-05 18:00:00,Premium,41.0,Rahul Sharma,1261
CUST_04161,Rahul,Singh,user4161@email.com,+91-8250942750,Ahmedabad,2022-11-06 00:00:00,Basic,67.0,Rahul Singh,1261
CUST_04162,Priya,Patel,user4162@email.com,+91-9947396915,Chennai,2022-11-06 06:00:00,Basic,41.0,Priya Patel,1261
CUST_04163,Sanjay,Patel,user4163@email.com,+91-9777169545,Hyderabad,2022-11-06 12:00:00,Premium,36.0,Sanjay Patel,1261
CUST_04164,Rahul,Joshi,user4164@email.com,+91-8560513534,Delhi,2022-11-06 18:00:00,Basic,56.0,Rahul Joshi,1260
CUST_04165,Vikram,Mehta,user4165@email.com,+91-9165298830,Chennai,2022-11-07 00:00:00,Basic,42.0,Vikram Mehta,1260
CUST_04166,Sanjay,Sharma,user4166@email.com,+91-9006926125,Kolkata,2022-11-07 06:00:00,Premium,69.0,Sanjay Sharma,1260
CUST_04167,Meera,Kumar,user4167@email.com,+91-7044541385,Chennai,2022-11-07 12:00:00,Standard,48.0,Meera Kumar,1260
CUST_04168,Priya,Sharma,user4168@email.com,+91-9671410324,Hyderabad,2022-11-07 18:00:00,Standard,55.0,Priya Sharma,1259
CUST_04169,Rahul,Sharma,user4169@email.com,+91-8020058762,Ahmedabad,2022-11-08 00:00:00,Basic,42.0,Rahul Sharma,1259
CUST_04170,Priya,Kumar,user4170@email.com,+91-7608672726,Hyderabad,2022-11-08 06:00:00,Basic,44.0,Priya Kumar,1259
CUST_04171,Meera,Patel,user4171@email.com,+91-8678357736,Mumbai,2022-11-08 12:00:00,Standard,49.0,Meera Patel,1259
CUST_04172,Anjali,Singh,user4172@email.com,+91-7326218004,Mumbai,2022-11-08 18:00:00,Basic,28.0,Anjali Singh,1258
CUST_04173,Anjali,Joshi,user4173@email.com,+91-8297745002,Chennai,2022-11-09 00:00:00,Basic,22.0,Anjali Joshi,1258
CUST_04174,Sanjay,Patel,user4174@email.com,+91-8891631034,Pune,2022-11-09 06:00:00,Basic,61.0,Sanjay Patel,1258
CUST_04175,Meera,Kumar,user4175@email.com,+91-7471947239,Ahmedabad,2022-11-09 12:00:00,Basic,50.0,Meera Kumar,1258
CUST_04176,Neha,Sharma,user4176@email.com,+91-9687248116,Pune,2022-11-09 18:00:00,Standard,36.0,Neha Sharma,1257
CUST_04177,Neha,Patel,user4177@email.com,+91-7585082347,Mumbai,2022-11-10 00:00:00,Basic,60.0,Neha Patel,1257
CUST_04178,Sanjay,Gupta,user4178@email.com,+91-8053047976,Delhi,2022-11-10 06:00:00,Basic,64.0,Sanjay Gupta,1257
CUST_04179,Aarav,Shah,user4179@email.com,+91-8701205604,Bengaluru,2022-11-10 12:00:00,Basic,33.0,Aarav Shah,1257
CUST_04180,Priya,Sharma,user4180@email.com,+91-9186615239,Chennai,2022-11-10 18:00:00,Standard,52.0,Priya Sharma,1256
CUST_04181,Priya,Reddy,user4181@email.com,+91-7660098738,Bengaluru,2022-11-11 00:00:00,Standard,28.0,Priya Reddy,1256
CUST_04182,Anjali,Kumar,user4182@email.com,+91-7765473377,Mumbai,2022-11-11 06:00:00,Standard,28.0,Anjali Kumar,1256
CUST_04183,Neha,Nair,user4183@email.com,+91-9708032426,Hyderabad,2022-11-11 12:00:00,Standard,27.0,Neha Nair,1256
CUST_04184,Pooja,Mehta,user4184@email.com,+91-8895541971,Kolkata,2022-11-11 18:00:00,Basic,51.0,Pooja Mehta,1255
CUST_04185,Rahul,Nair,user4185@email.com,+91-8703272326,Chennai,2022-11-12 00:00:00,Standard,69.0,Rahul Nair,1255
CUST_04186,Rahul,Patel,user4186@email.com,+91-7785966564,Mumbai,2022-11-12 06:00:00,Basic,22.0,Rahul Patel,1255
CUST_04187,Rahul,Sharma,user4187@email.com,+91-7754890602,Ahmedabad,2022-11-12 12:00:00,Basic,40.0,Rahul Sharma,1255
CUST_04188,Anjali,Mehta,user4188@email.com,+91-9447310829,Delhi,2022-11-12 18:00:00,Basic,42.0,Anjali Mehta,1254
CUST_04189,Meera,Mehta,user4189@email.com,+91-9500999042,Kolkata,2022-11-13 00:00:00,Standard,46.0,Meera Mehta,1254
CUST_04190,Arjun,Joshi,user4190@email.com,+91-7366469935,Chennai,2022-11-13 06:00:00,Standard,57.0,Arjun Joshi,1254
CUST_04191,Neha,Nair,user4191@email.com,+91-8075741631,Chennai,2022-11-13 12:00:00,Basic,30.0,Neha Nair,1254
CUST_04192,Neha,Sharma,user4192@email.com,+91-8561425670,Ahmedabad,2022-11-13 18:00:00,Basic,64.0,Neha Sharma,1253
CUST_04193,Pooja,Joshi,user4193@email.com,+91-7276084299,Pune,2022-11-14 00:00:00,Standard,49.0,Pooja Joshi,1253
CUST_04194,Priya,Singh,user4194@email.com,+91-9378882819,Hyderabad,2022-11-14 06:00:00,Standard,51.0,Priya Singh,1253
CUST_04195,Aarav,Nair,user4195@email.com,+91-8375926857,Chennai,2022-11-14 12:00:00,Premium,29.0,Aarav Nair,1253
CUST_04196,Sanjay,Shah,user4196@email.com,+91-8850447172,Hyderabad,2022-11-14 18:00:00,Standard,41.0,Sanjay Shah,1252
CUST_04197,Priya,Shah,user4197@email.com,+91-7358745969,Mumbai,2022-11-15 00:00:00,Premium,57.0,Priya Shah,1252
CUST_04198,Meera,Joshi,user4198@email.com,+91-8772147168,Delhi,2022-11-15 06:00:00,Standard,38.0,Meera Joshi,1252
CUST_04199,Sanjay,Singh,user4199@email.com,+91-8076615147,Kolkata,2022-11-15 12:00:00,Basic,46.0,Sanjay Singh,1252
CUST_04200,Neha,Gupta,user4200@email.com,+91-8139553282,Kolkata,2022-11-15 18:00:00,Standard,68.0,Neha Gupta,1251
CUST_04201,Meera,Gupta,user4201@email.com,+91-7014411272,Delhi,2022-11-16 00:00:00,Standard,40.0,Meera Gupta,1251
CUST_04202,Sanjay,Shah,user4202@email.com,+91-7362536233,Chennai,2022-11-16 06:00:00,Basic,50.0,Sanjay Shah,1251
CUST_04203,Pooja,Reddy,user4203@email.com,+91-8133624122,Chennai,2022-11-16 12:00:00,Premium,25.0,Pooja Reddy,1251
CUST_04204,Pooja,Kumar,user4204@email.com,+91-9730272157,Mumbai,2022-11-16 18:00:00,Basic,59.0,Pooja Kumar,1250
CUST_04205,Vikram,Kumar,user4205@email.com,+91-8807253082,Pune,2022-11-17 00:00:00,Premium,30.0,Vikram Kumar,1250
CUST_04206,Arjun,Reddy,user4206@email.com,+91-8535725747,Pune,2022-11-17 06:00:00,Premium,22.0,Arjun Reddy,1250
CUST_04207,Pooja,Joshi,user4207@email.com,+91-8861899992,Pune,2022-11-17 12:00:00,Premium,58.0,Pooja Joshi,1250
CUST_04208,Neha,Kumar,user4208@email.com,+91-8129565641,Hyderabad,2022-11-17 18:00:00,Basic,27.0,Neha Kumar,1249
CUST_04209,Aarav,Kumar,user4209@email.com,+91-8877262469,Pune,2022-11-18 00:00:00,Standard,31.0,Aarav Kumar,1249
CUST_04210,Rahul,Nair,user4210@email.com,+91-7459375968,Delhi,2022-11-18 06:00:00,Basic,41.0,Rahul Nair,1249
CUST_04211,Vikram,Nair,user4211@email.com,+91-8143226784,Kolkata,2022-11-18 12:00:00,Standard,28.0,Vikram Nair,1249
CUST_04212,Rahul,Reddy,user4212@email.com,+91-8223190269,Kolkata,2022-11-18 18:00:00,Premium,63.0,Rahul Reddy,1248
CUST_04213,Arjun,Sharma,user4213@email.com,+91-9157708714,Hyderabad,2022-11-19 00:00:00,Basic,20.0,Arjun Sharma,1248
CUST_04214,Sanjay,Singh,user4214@email.com,+91-8221138666,Mumbai,2022-11-19 06:00:00,Premium,46.0,Sanjay Singh,1248
CUST_04215,Anjali,Joshi,user4215@email.com,+91-9172766988,Delhi,2022-11-19 12:00:00,Basic,44.0,Anjali Joshi,1248
CUST_04216,Pooja,Nair,user4216@email.com,+91-9766586947,Kolkata,2022-11-19 18:00:00,Premium,65.0,Pooja Nair,1247
CUST_04217,Aarav,Nair,user4217@email.com,+91-9206439596,Delhi,2022-11-20 00:00:00,Standard,69.0,Aarav Nair,1247
CUST_04218,Arjun,Gupta,user4218@email.com,+91-8841785028,Kolkata,2022-11-20 06:00:00,Basic,47.0,Arjun Gupta,1247
CUST_04219,Rahul,Singh,user4219@email.com,+91-8527844764,Bengaluru,2022-11-20 12:00:00,Standard,66.0,Rahul Singh,1247
CUST_04220,Vikram,Gupta,user4220@email.com,+91-8639842689,Mumbai,2022-11-20 18:00:00,Standard,54.0,Vikram Gupta,1246
CUST_04221,Pooja,Sharma,user4221@email.com,+91-9816495666,Mumbai,2022-11-21 00:00:00,Basic,24.0,Pooja Sharma,1246
CUST_04222,Neha,Singh,user4222@email.com,+91-7878180401,Ahmedabad,2022-11-21 06:00:00,Premium,34.0,Neha Singh,1246
CUST_04223,Pooja,Kumar,user4223@email.com,+91-8386705040,Bengaluru,2022-11-21 12:00:00,Basic,37.0,Pooja Kumar,1246
CUST_04224,Vikram,Gupta,user4224@email.com,+91-9824808526,Hyderabad,2022-11-21 18:00:00,Basic,28.0,Vikram Gupta,1245
CUST_04225,Vikram,Shah,user4225@email.com,+91-9623234889,Kolkata,2022-11-22 00:00:00,Premium,61.0,Vikram Shah,1245
CUST_04226,Anjali,Joshi,user4226@email.com,+91-7134447762,Ahmedabad,2022-11-22 06:00:00,Standard,42.0,Anjali Joshi,1245
CUST_04227,Pooja,Kumar,user4227@email.com,+91-7886563488,Kolkata,2022-11-22 12:00:00,Premium,41.0,Pooja Kumar,1245
CUST_04228,Pooja,Singh,user4228@email.com,+91-9671972204,Kolkata,2022-11-22 18:00:00,Standard,19.0,Pooja Singh,1244
CUST_04229,Anjali,Shah,user4229@email.com,+91-8597205306,Pune,2022-11-23 00:00:00,Standard,44.0,Anjali Shah,1244
CUST_04230,Meera,Sharma,user4230@email.com,+91-8601001154,Pune,2022-11-23 06:00:00,Basic,36.0,Meera Sharma,1244
CUST_04231,Meera,Shah,user4231@email.com,+91-7922997582,Pune,2022-11-23 12:00:00,Standard,46.0,Meera Shah,1244
CUST_04232,Sanjay,Nair,user4232@email.com,+91-9938125130,Pune,2022-11-23 18:00:00,Premium,54.0,Sanjay Nair,1243
CUST_04233,Meera,Reddy,user4233@email.com,+91-9223468852,Pune,2022-11-24 00:00:00,Standard,28.0,Meera Reddy,1243
CUST_04234,Priya,Shah,user4234@email.com,+91-9215573595,Bengaluru,2022-11-24 06:00:00,Standard,36.0,Priya Shah,1243
CUST_04235,Pooja,Mehta,user4235@email.com,+91-8058870257,Mumbai,2022-11-24 12:00:00,Basic,45.0,Pooja Mehta,1243
CUST_04236,Aarav,Sharma,user4236@email.com,+91-7244764509,Hyderabad,2022-11-24 18:00:00,Standard,56.0,Aarav Sharma,1242
CUST_04237,Pooja,Kumar,user4237@email.com,+91-7925514506,Delhi,2022-11-25 00:00:00,Standard,38.0,Pooja Kumar,1242
CUST_04238,Priya,Gupta,user4238@email.com,+91-7330547393,Pune,2022-11-25 06:00:00,Standard,43.0,Priya Gupta,1242
CUST_04239,Priya,Patel,user4239@email.com,+91-7650089776,Bengaluru,2022-11-25 12:00:00,Standard,39.0,Priya Patel,1242
CUST_04240,Rahul,Sharma,user4240@email.com,+91-7888576159,Ahmedabad,2022-11-25 18:00:00,Premium,23.0,Rahul Sharma,1241
CUST_04241,Pooja,Mehta,user4241@email.com,+91-9334299413,Ahmedabad,2022-11-26 00:00:00,Standard,28.0,Pooja Mehta,1241
CUST_04242,Arjun,Nair,user4242@email.com,+91-8935422948,Kolkata,2022-11-26 06:00:00,Premium,31.0,Arjun Nair,1241
CUST_04243,Priya,Gupta,user4243@email.com,+91-9559746698,Hyderabad,2022-11-26 12:00:00,Standard,53.0,Priya Gupta,1241
CUST_04244,Aarav,Joshi,user4244@email.com,+91-8008863305,Ahmedabad,2022-11-26 18:00:00,Standard,57.0,Aarav Joshi,1240
CUST_04245,Anjali,Patel,user4245@email.com,+91-8766058512,Hyderabad,2022-11-27 00:00:00,Standard,58.0,Anjali Patel,1240
CUST_04246,Sanjay,Shah,user4246@email.com,+91-7153383306,Hyderabad,2022-11-27 06:00:00,Premium,19.0,Sanjay Shah,1240
CUST_04247,Rahul,Mehta,user4247@email.com,+91-9817530023,Bengaluru,2022-11-27 12:00:00,Basic,60.0,Rahul Mehta,1240
CUST_04248,Anjali,Shah,user4248@email.com,+91-9586349276,Delhi,2022-11-27 18:00:00,Basic,37.0,Anjali Shah,1239
CUST_04249,Rahul,Joshi,user4249@email.com,+91-7392889571,Pune,2022-11-28 00:00:00,Premium,39.0,Rahul Joshi,1239
CUST_04250,Aarav,Sharma,user4250@email.com,+91-9950790516,Hyderabad,2022-11-28 06:00:00,Standard,56.0,Aarav Sharma,1239
CUST_04251,Vikram,Reddy,user4251@email.com,+91-7293320526,Bengaluru,2022-11-28 12:00:00,Basic,21.0,Vikram Reddy,1239
CUST_04252,Pooja,Mehta,user4252@email.com,+91-8891892460,Kolkata,2022-11-28 18:00:00,Premium,46.0,Pooja Mehta,1238
CUST_04253,Neha,Singh,user4253@email.com,+91-8287508223,Mumbai,2022-11-29 00:00:00,Standard,63.0,Neha Singh,1238
CUST_04254,Arjun,Kumar,user4254@email.com,+91-7225533445,Kolkata,2022-11-29 06:00:00,Standard,41.0,Arjun Kumar,1238
CUST_04255,Anjali,Singh,user4255@email.com,+91-7562703441,Bengaluru,2022-11-29 12:00:00,Basic,18.0,Anjali Singh,1238
CUST_04256,Pooja,Reddy,user4256@email.com,+91-7412867176,Bengaluru,2022-11-29 18:00:00,Basic,41.0,Pooja Reddy,1237
CUST_04257,Arjun,Joshi,user4257@email.com,+91-8070670344,Bengaluru,2022-11-30 00:00:00,Standard,47.0,Arjun Joshi,1237
CUST_04258,Vikram,Singh,user4258@email.com,+91-7981540733,Hyderabad,2022-11-30 06:00:00,Standard,29.0,Vikram Singh,1237
CUST_04259,Neha,Nair,user4259@email.com,+91-7007488209,Bengaluru,2022-11-30 12:00:00,Basic,36.0,Neha Nair,1237
CUST_04260,Arjun,Mehta,user4260@email.com,+91-8788032034,Mumbai,2022-11-30 18:00:00,Basic,54.0,Arjun Mehta,1236
CUST_04261,Arjun,Nair,user4261@email.com,+91-7397335239,Hyderabad,2022-12-01 00:00:00,Standard,57.0,Arjun Nair,1236
CUST_04262,Anjali,Patel,user4262@email.com,+91-7232059398,Kolkata,2022-12-01 06:00:00,Premium,60.0,Anjali Patel,1236
CUST_04263,Meera,Reddy,user4263@email.com,+91-7609189498,Mumbai,2022-12-01 12:00:00,Premium,21.0,Meera Reddy,1236
CUST_04264,Neha,Patel,user4264@email.com,+91-8646564777,Ahmedabad,2022-12-01 18:00:00,Basic,32.0,Neha Patel,1235
CUST_04265,Pooja,Patel,user4265@email.com,+91-8256343694,Chennai,2022-12-02 00:00:00,Standard,37.0,Pooja Patel,1235
CUST_04266,Vikram,Patel,user4266@email.com,+91-7127293045,Kolkata,2022-12-02 06:00:00,Premium,61.0,Vikram Patel,1235
CUST_04267,Neha,Sharma,user4267@email.com,+91-7045484550,Bengaluru,2022-12-02 12:00:00,Premium,37.0,Neha Sharma,1235
CUST_04268,Aarav,Sharma,user4268@email.com,+91-7594236253,Pune,2022-12-02 18:00:00,Basic,38.0,Aarav Sharma,1234
CUST_04269,Meera,Reddy,user4269@email.com,+91-7808220855,Pune,2022-12-03 00:00:00,Basic,27.0,Meera Reddy,1234
CUST_04270,Aarav,Gupta,user4270@email.com,+91-8921975452,Hyderabad,2022-12-03 06:00:00,Standard,47.0,Aarav Gupta,1234
CUST_04271,Vikram,Singh,user4271@email.com,+91-7891084986,Pune,2022-12-03 12:00:00,Basic,41.0,Vikram Singh,1234
CUST_04272,Anjali,Sharma,user4272@email.com,+91-9192842334,Kolkata,2022-12-03 18:00:00,Standard,65.0,Anjali Sharma,1233
CUST_04273,Anjali,Shah,user4273@email.com,+91-7472727202,Hyderabad,2022-12-04 00:00:00,Basic,57.0,Anjali Shah,1233
CUST_04274,Vikram,Nair,user4274@email.com,+91-8924263318,Kolkata,2022-12-04 06:00:00,Standard,69.0,Vikram Nair,1233
CUST_04275,Rahul,Sharma,user4275@email.com,+91-7496272480,Bengaluru,2022-12-04 12:00:00,Premium,57.0,Rahul Sharma,1233
CUST_04276,Vikram,Joshi,user4276@email.com,+91-9565825555,Delhi,2022-12-04 18:00:00,Standard,55.0,Vikram Joshi,1232
CUST_04277,Meera,Patel,user4277@email.com,+91-7061697103,Delhi,2022-12-05 00:00:00,Standard,20.0,Meera Patel,1232
CUST_04278,Priya,Sharma,user4278@email.com,+91-9874425716,Mumbai,2022-12-05 06:00:00,Standard,46.0,Priya Sharma,1232
CUST_04279,Anjali,Reddy,user4279@email.com,+91-7518783872,Bengaluru,2022-12-05 12:00:00,Premium,25.0,Anjali Reddy,1232
CUST_04280,Sanjay,Nair,user4280@email.com,+91-7570486312,Pune,2022-12-05 18:00:00,Standard,46.0,Sanjay Nair,1231
CUST_04281,Meera,Nair,user4281@email.com,+91-7016041441,Bengaluru,2022-12-06 00:00:00,Standard,27.0,Meera Nair,1231
CUST_04282,Meera,Gupta,user4282@email.com,+91-9507736717,Chennai,2022-12-06 06:00:00,Premium,22.0,Meera Gupta,1231
CUST_04283,Meera,Kumar,user4283@email.com,+91-9836664238,Delhi,2022-12-06 12:00:00,Standard,28.0,Meera Kumar,1231
CUST_04284,Arjun,Kumar,user4284@email.com,+91-8170093052,Pune,2022-12-06 18:00:00,Standard,21.0,Arjun Kumar,1230
CUST_04285,Meera,Singh,user4285@email.com,+91-8556206906,Kolkata,2022-12-07 00:00:00,Standard,66.0,Meera Singh,1230
CUST_04286,Anjali,Shah,user4286@email.com,+91-9507182645,Kolkata,2022-12-07 06:00:00,Basic,52.0,Anjali Shah,1230
CUST_04287,Priya,Mehta,user4287@email.com,+91-8881271742,Delhi,2022-12-07 12:00:00,Standard,67.0,Priya Mehta,1230
CUST_04288,Priya,Reddy,user4288@email.com,+91-8398256657,Bengaluru,2022-12-07 18:00:00,Basic,57.0,Priya Reddy,1229
CUST_04289,Meera,Joshi,user4289@email.com,+91-9051947354,Pune,2022-12-08 00:00:00,Basic,29.0,Meera Joshi,1229
CUST_04290,Aarav,Sharma,user4290@email.com,+91-7693818295,Mumbai,2022-12-08 06:00:00,Premium,38.0,Aarav Sharma,1229
CUST_04291,Anjali,Reddy,user4291@email.com,+91-9852026978,Kolkata,2022-12-08 12:00:00,Standard,33.0,Anjali Reddy,1229
CUST_04292,Anjali,Shah,user4292@email.com,+91-9146975140,Bengaluru,2022-12-08 18:00:00,Basic,31.0,Anjali Shah,1228
CUST_04293,Neha,Kumar,user4293@email.com,+91-8077044428,Mumbai,2022-12-09 00:00:00,Premium,38.0,Neha Kumar,1228
CUST_04294,Pooja,Reddy,user4294@email.com,+91-7777919812,Ahmedabad,2022-12-09 06:00:00,Standard,65.0,Pooja Reddy,1228
CUST_04295,Rahul,Sharma,user4295@email.com,+91-9574366515,Pune,2022-12-09 12:00:00,Basic,44.0,Rahul Sharma,1228
CUST_04296,Rahul,Gupta,user4296@email.com,+91-7911336358,Delhi,2022-12-09 18:00:00,Standard,53.0,Rahul Gupta,1227
CUST_04297,Aarav,Singh,user4297@email.com,+91-9957769569,Ahmedabad,2022-12-10 00:00:00,Standard,18.0,Aarav Singh,1227
CUST_04298,Rahul,Gupta,user4298@email.com,+91-8834481245,Chennai,2022-12-10 06:00:00,Standard,18.0,Rahul Gupta,1227
CUST_04299,Neha,Kumar,user4299@email.com,+91-7935375771,Ahmedabad,2022-12-10 12:00:00,Premium,39.0,Neha Kumar,1227
CUST_04300,Vikram,Patel,user4300@email.com,+91-8901241981,Hyderabad,2022-12-10 18:00:00,Premium,32.0,Vikram Patel,1226
CUST_04301,Rahul,Kumar,user4301@email.com,+91-7637129711,Delhi,2022-12-11 00:00:00,Basic,69.0,Rahul Kumar,1226
CUST_04302,Anjali,Singh,user4302@email.com,+91-9232144409,Mumbai,2022-12-11 06:00:00,Basic,37.0,Anjali Singh,1226
CUST_04303,Vikram,Sharma,user4303@email.com,+91-9979630162,Bengaluru,2022-12-11 12:00:00,Standard,20.0,Vikram Sharma,1226
CUST_04304,Rahul,Shah,user4304@email.com,+91-7707720715,Ahmedabad,2022-12-11 18:00:00,Standard,31.0,Rahul Shah,1225
CUST_04305,Anjali,Mehta,user4305@email.com,+91-8466185767,Kolkata,2022-12-12 00:00:00,Basic,26.0,Anjali Mehta,1225
CUST_04306,Anjali,Gupta,user4306@email.com,+91-8642752822,Pune,2022-12-12 06:00:00,Basic,36.0,Anjali Gupta,1225
CUST_04307,Meera,Kumar,user4307@email.com,+91-8624490297,Ahmedabad,2022-12-12 12:00:00,Standard,57.0,Meera Kumar,1225
CUST_04308,Priya,Shah,user4308@email.com,+91-8959926880,Delhi,2022-12-12 18:00:00,Premium,51.0,Priya Shah,1224
CUST_04309,Aarav,Gupta,user4309@email.com,+91-9380736453,Kolkata,2022-12-13 00:00:00,Standard,21.0,Aarav Gupta,1224
CUST_04310,Neha,Kumar,user4310@email.com,+91-7296265495,Kolkata,2022-12-13 06:00:00,Basic,50.0,Neha Kumar,1224
CUST_04311,Arjun,Singh,user4311@email.com,+91-7735936246,Chennai,2022-12-13 12:00:00,Basic,60.0,Arjun Singh,1224
CUST_04312,Pooja,Gupta,user4312@email.com,+91-7748848865,Pune,2022-12-13 18:00:00,Standard,54.0,Pooja Gupta,1223
CUST_04313,Rahul,Kumar,user4313@email.com,+91-7058593747,Ahmedabad,2022-12-14 00:00:00,Basic,19.0,Rahul Kumar,1223
CUST_04314,Rahul,Sharma,user4314@email.com,+91-8355445632,Mumbai,2022-12-14 06:00:00,Standard,44.0,Rahul Sharma,1223
CUST_04315,Vikram,Singh,user4315@email.com,+91-7766660646,Pune,2022-12-14 12:00:00,Standard,62.0,Vikram Singh,1223
CUST_04316,Vikram,Shah,user4316@email.com,+91-9249940959,Ahmedabad,2022-12-14 18:00:00,Basic,34.0,Vikram Shah,1222
CUST_04317,Pooja,Shah,user4317@email.com,+91-8491030271,Pune,2022-12-15 00:00:00,Basic,66.0,Pooja Shah,1222
CUST_04318,Rahul,Mehta,user4318@email.com,+91-7077997171,Bengaluru,2022-12-15 06:00:00,Standard,67.0,Rahul Mehta,1222
CUST_04319,Sanjay,Reddy,user4319@email.com,+91-8471149834,Hyderabad,2022-12-15 12:00:00,Premium,44.0,Sanjay Reddy,1222
CUST_04320,Neha,Patel,user4320@email.com,+91-7230903051,Ahmedabad,2022-12-15 18:00:00,Basic,48.0,Neha Patel,1221
CUST_04321,Rahul,Sharma,user4321@email.com,+91-8935879103,Kolkata,2022-12-16 00:00:00,Standard,58.0,Rahul Sharma,1221
CUST_04322,Priya,Singh,user4322@email.com,+91-8613420445,Mumbai,2022-12-16 06:00:00,Standard,23.0,Priya Singh,1221
CUST_04323,Pooja,Gupta,user4323@email.com,+91-8671890177,Ahmedabad,2022-12-16 12:00:00,Basic,69.0,Pooja Gupta,1221
CUST_04324,Sanjay,Shah,user4324@email.com,+91-8312627477,Ahmedabad,2022-12-16 18:00:00,Basic,48.0,Sanjay Shah,1220
CUST_04325,Neha,Sharma,user4325@email.com,+91-8915283459,Bengaluru,2022-12-17 00:00:00,Standard,20.0,Neha Sharma,1220
CUST_04326,Rahul,Singh,user4326@email.com,+91-8484814682,Kolkata,2022-12-17 06:00:00,Basic,57.0,Rahul Singh,1220
CUST_04327,Arjun,Singh,user4327@email.com,+91-8886499667,Hyderabad,2022-12-17 12:00:00,Standard,20.0,Arjun Singh,1220
CUST_04328,Meera,Gupta,user4328@email.com,+91-9107435900,Bengaluru,2022-12-17 18:00:00,Premium,50.0,Meera Gupta,1219
CUST_04329,Priya,Singh,user4329@email.com,+91-7990009676,Hyderabad,2022-12-18 00:00:00,Standard,69.0,Priya Singh,1219
CUST_04330,Arjun,Joshi,user4330@email.com,+91-8299132061,Hyderabad,2022-12-18 06:00:00,Basic,30.0,Arjun Joshi,1219
CUST_04331,Vikram,Sharma,user4331@email.com,+91-9749351887,Hyderabad,2022-12-18 12:00:00,Standard,38.0,Vikram Sharma,1219
CUST_04332,Vikram,Kumar,user4332@email.com,+91-9133991999,Bengaluru,2022-12-18 18:00:00,Basic,54.0,Vikram Kumar,1218
CUST_04333,Rahul,Shah,user4333@email.com,+91-7838729277,Pune,2022-12-19 00:00:00,Basic,33.0,Rahul Shah,1218
CUST_04334,Vikram,Shah,user4334@email.com,+91-7754582720,Ahmedabad,2022-12-19 06:00:00,Premium,38.0,Vikram Shah,1218
CUST_04335,Priya,Kumar,user4335@email.com,+91-7222783696,Hyderabad,2022-12-19 12:00:00,Premium,65.0,Priya Kumar,1218
CUST_04336,Neha,Sharma,user4336@email.com,+91-8305809887,Pune,2022-12-19 18:00:00,Standard,61.0,Neha Sharma,1217
CUST_04337,Anjali,Patel,user4337@email.com,+91-8143323897,Ahmedabad,2022-12-20 00:00:00,Standard,30.0,Anjali Patel,1217
CUST_04338,Aarav,Sharma,user4338@email.com,+91-7740713655,Kolkata,2022-12-20 06:00:00,Basic,21.0,Aarav Sharma,1217
CUST_04339,Pooja,Nair,user4339@email.com,+91-8415115523,Ahmedabad,2022-12-20 12:00:00,Basic,48.0,Pooja Nair,1217
CUST_04340,Neha,Singh,user4340@email.com,+91-9187474840,Kolkata,2022-12-20 18:00:00,Standard,26.0,Neha Singh,1216
CUST_04341,Anjali,Reddy,user4341@email.com,+91-7410440583,Mumbai,2022-12-21 00:00:00,Standard,65.0,Anjali Reddy,1216
CUST_04342,Sanjay,Gupta,user4342@email.com,+91-9481528256,Chennai,2022-12-21 06:00:00,Standard,50.0,Sanjay Gupta,1216
CUST_04343,Priya,Joshi,user4343@email.com,+91-7180334050,Pune,2022-12-21 12:00:00,Standard,54.0,Priya Joshi,1216
CUST_04344,Arjun,Reddy,user4344@email.com,+91-8948624795,Ahmedabad,2022-12-21 18:00:00,Standard,44.0,Arjun Reddy,1215
CUST_04345,Anjali,Kumar,user4345@email.com,+91-9538061658,Kolkata,2022-12-22 00:00:00,Standard,54.0,Anjali Kumar,1215
CUST_04346,Priya,Gupta,user4346@email.com,+91-8845421155,Chennai,2022-12-22 06:00:00,Standard,41.0,Priya Gupta,1215
CUST_04347,Meera,Gupta,user4347@email.com,+91-7700915359,Hyderabad,2022-12-22 12:00:00,Standard,42.0,Meera Gupta,1215
CUST_04348,Arjun,Gupta,user4348@email.com,+91-7791126954,Chennai,2022-12-22 18:00:00,Standard,68.0,Arjun Gupta,1214
CUST_04349,Vikram,Shah,user4349@email.com,+91-7671075727,Chennai,2022-12-23 00:00:00,Premium,58.0,Vikram Shah,1214
CUST_04350,Vikram,Joshi,user4350@email.com,+91-7687175402,Hyderabad,2022-12-23 06:00:00,Standard,46.0,Vikram Joshi,1214
CUST_04351,Arjun,Shah,user4351@email.com,+91-9316844792,Pune,2022-12-23 12:00:00,Standard,57.0,Arjun Shah,1214
CUST_04352,Sanjay,Singh,user4352@email.com,+91-8320904197,Ahmedabad,2022-12-23 18:00:00,Premium,68.0,Sanjay Singh,1213
CUST_04353,Sanjay,Nair,user4353@email.com,+91-8812194732,Hyderabad,2022-12-24 00:00:00,Standard,67.0,Sanjay Nair,1213
CUST_04354,Sanjay,Mehta,user4354@email.com,+91-7704337731,Mumbai,2022-12-24 06:00:00,Standard,64.0,Sanjay Mehta,1213
CUST_04355,Anjali,Joshi,user4355@email.com,+91-7180118478,Delhi,2022-12-24 12:00:00,Standard,53.0,Anjali Joshi,1213
CUST_04356,Pooja,Reddy,user4356@email.com,+91-8937704965,Ahmedabad,2022-12-24 18:00:00,Premium,32.0,Pooja Reddy,1212
CUST_04357,Anjali,Singh,user4357@email.com,+91-7925203562,Bengaluru,2022-12-25 00:00:00,Standard,62.0,Anjali Singh,1212
CUST_04358,Rahul,Sharma,user4358@email.com,+91-9928636647,Hyderabad,2022-12-25 06:00:00,Basic,35.0,Rahul Sharma,1212
CUST_04359,Aarav,Kumar,user4359@email.com,+91-9510642389,Hyderabad,2022-12-25 12:00:00,Basic,37.0,Aarav Kumar,1212
CUST_04360,Arjun,Nair,user4360@email.com,+91-8881099647,Chennai,2022-12-25 18:00:00,Basic,22.0,Arjun Nair,1211
CUST_04361,Neha,Singh,user4361@email.com,+91-7709466632,Mumbai,2022-12-26 00:00:00,Standard,35.0,Neha Singh,1211
CUST_04362,Aarav,Sharma,user4362@email.com,+91-8681743436,Kolkata,2022-12-26 06:00:00,Standard,57.0,Aarav Sharma,1211
CUST_04363,Meera,Nair,user4363@email.com,+91-9998254031,Kolkata,2022-12-26 12:00:00,Basic,18.0,Meera Nair,1211
CUST_04364,Anjali,Sharma,user4364@email.com,+91-7601886622,Chennai,2022-12-26 18:00:00,Standard,36.0,Anjali Sharma,1210
CUST_04365,Anjali,Joshi,user4365@email.com,+91-8566041508,Pune,2022-12-27 00:00:00,Basic,40.0,Anjali Joshi,1210
CUST_04366,Priya,Sharma,user4366@email.com,+91-7465435533,Ahmedabad,2022-12-27 06:00:00,Standard,43.0,Priya Sharma,1210
CUST_04367,Aarav,Nair,user4367@email.com,+91-8863786467,Hyderabad,2022-12-27 12:00:00,Standard,66.0,Aarav Nair,1210
CUST_04368,Priya,Sharma,user4368@email.com,+91-9733041644,Ahmedabad,2022-12-27 18:00:00,Basic,46.0,Priya Sharma,1209
CUST_04369,Neha,Reddy,user4369@email.com,+91-8921711595,Ahmedabad,2022-12-28 00:00:00,Premium,51.0,Neha Reddy,1209
CUST_04370,Priya,Singh,user4370@email.com,+91-9420620189,Hyderabad,2022-12-28 06:00:00,Standard,36.0,Priya Singh,1209
CUST_04371,Aarav,Nair,user4371@email.com,+91-9172200438,Chennai,2022-12-28 12:00:00,Standard,65.0,Aarav Nair,1209
CUST_04372,Arjun,Reddy,user4372@email.com,+91-9393636360,Ahmedabad,2022-12-28 18:00:00,Standard,35.0,Arjun Reddy,1208
CUST_04373,Meera,Sharma,user4373@email.com,+91-8268238951,Hyderabad,2022-12-29 00:00:00,Standard,19.0,Meera Sharma,1208
CUST_04374,Anjali,Sharma,user4374@email.com,+91-9483438955,Pune,2022-12-29 06:00:00,Standard,44.0,Anjali Sharma,1208
CUST_04375,Neha,Gupta,user4375@email.com,+91-8040112154,Ahmedabad,2022-12-29 12:00:00,Basic,23.0,Neha Gupta,1208
CUST_04376,Anjali,Nair,user4376@email.com,+91-9421771849,Delhi,2022-12-29 18:00:00,Basic,56.0,Anjali Nair,1207
CUST_04377,Rahul,Joshi,user4377@email.com,+91-8582301493,Bengaluru,2022-12-30 00:00:00,Standard,23.0,Rahul Joshi,1207
CUST_04378,Meera,Sharma,user4378@email.com,+91-9489560908,Bengaluru,2022-12-30 06:00:00,Standard,23.0,Meera Sharma,1207
CUST_04379,Pooja,Kumar,user4379@email.com,+91-7908099774,Bengaluru,2022-12-30 12:00:00,Standard,48.0,Pooja Kumar,1207
CUST_04380,Priya,Shah,user4380@email.com,+91-7490669592,Delhi,2022-12-30 18:00:00,Standard,58.0,Priya Shah,1206
CUST_04381,Vikram,Mehta,user4381@email.com,+91-9372502319,Hyderabad,2022-12-31 00:00:00,Basic,57.0,Vikram Mehta,1206
CUST_04382,Aarav,Shah,user4382@email.com,+91-8610829491,Chennai,2022-12-31 06:00:00,Basic,47.0,Aarav Shah,1206
CUST_04383,Anjali,Joshi,user4383@email.com,+91-7255046825,Kolkata,2022-12-31 12:00:00,Basic,38.0,Anjali Joshi,1206
CUST_04384,Priya,Singh,user4384@email.com,+91-7901929072,Mumbai,2022-12-31 18:00:00,Premium,58.0,Priya Singh,1205
CUST_04385,Neha,Patel,user4385@email.com,+91-7927585460,Hyderabad,2023-01-01 00:00:00,Standard,61.0,Neha Patel,1205
CUST_04386,Anjali,Kumar,user4386@email.com,+91-8367251373,Delhi,2023-01-01 06:00:00,Basic,35.0,Anjali Kumar,1205
CUST_04387,Pooja,Patel,user4387@email.com,+91-8660594904,Ahmedabad,2023-01-01 12:00:00,Standard,40.0,Pooja Patel,1205
CUST_04388,Meera,Sharma,user4388@email.com,+91-7225164839,Pune,2023-01-01 18:00:00,Basic,55.0,Meera Sharma,1204
CUST_04389,Meera,Singh,user4389@email.com,+91-8555842010,Delhi,2023-01-02 00:00:00,Standard,40.0,Meera Singh,1204
CUST_04390,Anjali,Reddy,user4390@email.com,+91-7375067979,Ahmedabad,2023-01-02 06:00:00,Basic,45.0,Anjali Reddy,1204
CUST_04391,Neha,Sharma,user4391@email.com,+91-8677079427,Kolkata,2023-01-02 12:00:00,Standard,53.0,Neha Sharma,1204
CUST_04392,Meera,Patel,user4392@email.com,+91-8062311924,Bengaluru,2023-01-02 18:00:00,Standard,42.0,Meera Patel,1203
CUST_04393,Meera,Sharma,user4393@email.com,+91-8372570465,Hyderabad,2023-01-03 00:00:00,Premium,24.0,Meera Sharma,1203
CUST_04394,Pooja,Mehta,user4394@email.com,+91-7167562709,Kolkata,2023-01-03 06:00:00,Basic,35.0,Pooja Mehta,1203
CUST_04395,Aarav,Gupta,user4395@email.com,+91-7888066637,Bengaluru,2023-01-03 12:00:00,Basic,37.0,Aarav Gupta,1203
CUST_04396,Neha,Mehta,user4396@email.com,+91-8321494929,Mumbai,2023-01-03 18:00:00,Premium,22.0,Neha Mehta,1202
CUST_04397,Neha,Singh,user4397@email.com,+91-8916674813,Ahmedabad,2023-01-04 00:00:00,Basic,35.0,Neha Singh,1202
CUST_04398,Arjun,Reddy,user4398@email.com,+91-9760690788,Ahmedabad,2023-01-04 06:00:00,Standard,59.0,Arjun Reddy,1202
CUST_04399,Arjun,Mehta,user4399@email.com,+91-8527582383,Pune,2023-01-04 12:00:00,Premium,57.0,Arjun Mehta,1202
CUST_04400,Meera,Nair,user4400@email.com,+91-7192887310,Bengaluru,2023-01-04 18:00:00,Standard,50.0,Meera Nair,1201
CUST_04401,Vikram,Reddy,user4401@email.com,+91-9911993759,Mumbai,2023-01-05 00:00:00,Premium,32.0,Vikram Reddy,1201
CUST_04402,Arjun,Patel,user4402@email.com,+91-8527745780,Ahmedabad,2023-01-05 06:00:00,Standard,52.0,Arjun Patel,1201
CUST_04403,Meera,Mehta,user4403@email.com,+91-8285269013,Delhi,2023-01-05 12:00:00,Standard,64.0,Meera Mehta,1201
CUST_04404,Sanjay,Gupta,user4404@email.com,+91-9475422659,Bengaluru,2023-01-05 18:00:00,Basic,63.0,Sanjay Gupta,1200
CUST_04405,Rahul,Reddy,user4405@email.com,+91-8280347293,Bengaluru,2023-01-06 00:00:00,Basic,18.0,Rahul Reddy,1200
CUST_04406,Rahul,Sharma,user4406@email.com,+91-9378239935,Chennai,2023-01-06 06:00:00,Basic,38.0,Rahul Sharma,1200
CUST_04407,Neha,Gupta,user4407@email.com,+91-9613717921,Pune,2023-01-06 12:00:00,Premium,25.0,Neha Gupta,1200
CUST_04408,Vikram,Sharma,user4408@email.com,+91-7017161043,Pune,2023-01-06 18:00:00,Basic,24.0,Vikram Sharma,1199
CUST_04409,Pooja,Mehta,user4409@email.com,+91-8235765154,Kolkata,2023-01-07 00:00:00,Basic,58.0,Pooja Mehta,1199
CUST_04410,Aarav,Kumar,user4410@email.com,+91-8497815653,Delhi,2023-01-07 06:00:00,Premium,67.0,Aarav Kumar,1199
CUST_04411,Arjun,Kumar,user4411@email.com,+91-7806636203,Chennai,2023-01-07 12:00:00,Basic,61.0,Arjun Kumar,1199
CUST_04412,Sanjay,Patel,user4412@email.com,+91-7419837549,Kolkata,2023-01-07 18:00:00,Standard,57.0,Sanjay Patel,1198
CUST_04413,Meera,Gupta,user4413@email.com,+91-8458213420,Mumbai,2023-01-08 00:00:00,Standard,57.0,Meera Gupta,1198
CUST_04414,Vikram,Sharma,user4414@email.com,+91-8978352064,Kolkata,2023-01-08 06:00:00,Standard,47.0,Vikram Sharma,1198
CUST_04415,Neha,Joshi,user4415@email.com,+91-8747926376,Mumbai,2023-01-08 12:00:00,Standard,55.0,Neha Joshi,1198
CUST_04416,Arjun,Gupta,user4416@email.com,+91-9200839035,Delhi,2023-01-08 18:00:00,Basic,52.0,Arjun Gupta,1197
CUST_04417,Vikram,Nair,user4417@email.com,+91-9516111753,Ahmedabad,2023-01-09 00:00:00,Standard,19.0,Vikram Nair,1197
CUST_04418,Arjun,Patel,user4418@email.com,+91-8966967640,Pune,2023-01-09 06:00:00,Premium,63.0,Arjun Patel,1197
CUST_04419,Aarav,Shah,user4419@email.com,+91-9061344465,Ahmedabad,2023-01-09 12:00:00,Basic,25.0,Aarav Shah,1197
CUST_04420,Aarav,Shah,user4420@email.com,+91-8662972166,Mumbai,2023-01-09 18:00:00,Basic,55.0,Aarav Shah,1196
CUST_04421,Pooja,Sharma,user4421@email.com,+91-7143900493,Delhi,2023-01-10 00:00:00,Basic,21.0,Pooja Sharma,1196
CUST_04422,Rahul,Kumar,user4422@email.com,+91-8711985493,Ahmedabad,2023-01-10 06:00:00,Standard,54.0,Rahul Kumar,1196
CUST_04423,Priya,Reddy,user4423@email.com,+91-9959067625,Kolkata,2023-01-10 12:00:00,Premium,38.0,Priya Reddy,1196
CUST_04424,Priya,Nair,user4424@email.com,+91-7017983333,Mumbai,2023-01-10 18:00:00,Basic,30.0,Priya Nair,1195
CUST_04425,Arjun,Shah,user4425@email.com,+91-8426551896,Hyderabad,2023-01-11 00:00:00,Premium,26.0,Arjun Shah,1195
CUST_04426,Pooja,Sharma,user4426@email.com,+91-9387510421,Bengaluru,2023-01-11 06:00:00,Premium,62.0,Pooja Sharma,1195
CUST_04427,Priya,Sharma,user4427@email.com,+91-9729300922,Kolkata,2023-01-11 12:00:00,Standard,46.0,Priya Sharma,1195
CUST_04428,Neha,Mehta,user4428@email.com,+91-9352146957,Pune,2023-01-11 18:00:00,Premium,58.0,Neha Mehta,1194
CUST_04429,Priya,Kumar,user4429@email.com,+91-9269602309,Ahmedabad,2023-01-12 00:00:00,Premium,41.0,Priya Kumar,1194
CUST_04430,Anjali,Gupta,user4430@email.com,+91-9178129701,Kolkata,2023-01-12 06:00:00,Standard,33.0,Anjali Gupta,1194
CUST_04431,Meera,Reddy,user4431@email.com,+91-7802270181,Hyderabad,2023-01-12 12:00:00,Premium,29.0,Meera Reddy,1194
CUST_04432,Pooja,Mehta,user4432@email.com,+91-9745325120,Delhi,2023-01-12 18:00:00,Premium,19.0,Pooja Mehta,1193
CUST_04433,Neha,Shah,user4433@email.com,+91-9661443565,Delhi,2023-01-13 00:00:00,Premium,36.0,Neha Shah,1193
CUST_04434,Vikram,Reddy,user4434@email.com,+91-9217857136,Kolkata,2023-01-13 06:00:00,Standard,47.0,Vikram Reddy,1193
CUST_04435,Neha,Patel,user4435@email.com,+91-7520561839,Hyderabad,2023-01-13 12:00:00,Basic,33.0,Neha Patel,1193
CUST_04436,Rahul,Kumar,user4436@email.com,+91-8262904272,Ahmedabad,2023-01-13 18:00:00,Basic,41.0,Rahul Kumar,1192
CUST_04437,Vikram,Shah,user4437@email.com,+91-7508134907,Kolkata,2023-01-14 00:00:00,Standard,30.0,Vikram Shah,1192
CUST_04438,Sanjay,Sharma,user4438@email.com,+91-9426609418,Bengaluru,2023-01-14 06:00:00,Standard,22.0,Sanjay Sharma,1192
CUST_04439,Meera,Shah,user4439@email.com,+91-7508383855,Bengaluru,2023-01-14 12:00:00,Premium,40.0,Meera Shah,1192
CUST_04440,Meera,Joshi,user4440@email.com,+91-7742901353,Chennai,2023-01-14 18:00:00,Premium,55.0,Meera Joshi,1191
CUST_04441,Meera,Singh,user4441@email.com,+91-9722685871,Mumbai,2023-01-15 00:00:00,Standard,48.0,Meera Singh,1191
CUST_04442,Meera,Singh,user4442@email.com,+91-7042014973,Chennai,2023-01-15 06:00:00,Standard,44.0,Meera Singh,1191
CUST_04443,Arjun,Shah,user4443@email.com,+91-7676967354,Ahmedabad,2023-01-15 12:00:00,Basic,34.0,Arjun Shah,1191
CUST_04444,Meera,Joshi,user4444@email.com,+91-8042428371,Bengaluru,2023-01-15 18:00:00,Basic,66.0,Meera Joshi,1190
CUST_04445,Meera,Shah,user4445@email.com,+91-8387786248,Hyderabad,2023-01-16 00:00:00,Standard,66.0,Meera Shah,1190
CUST_04446,Meera,Singh,user4446@email.com,+91-8378605274,Mumbai,2023-01-16 06:00:00,Premium,20.0,Meera Singh,1190
CUST_04447,Pooja,Mehta,user4447@email.com,+91-9922689473,Ahmedabad,2023-01-16 12:00:00,Basic,43.0,Pooja Mehta,1190
CUST_04448,Arjun,Patel,user4448@email.com,+91-7550527427,Hyderabad,2023-01-16 18:00:00,Standard,30.0,Arjun Patel,1189
CUST_04449,Aarav,Singh,user4449@email.com,+91-9970429446,Ahmedabad,2023-01-17 00:00:00,Basic,61.0,Aarav Singh,1189
CUST_04450,Neha,Patel,user4450@email.com,+91-7923392302,Chennai,2023-01-17 06:00:00,Standard,55.0,Neha Patel,1189
CUST_04451,Neha,Sharma,user4451@email.com,+91-7487754962,Delhi,2023-01-17 12:00:00,Basic,39.0,Neha Sharma,1189
CUST_04452,Vikram,Patel,user4452@email.com,+91-7962255405,Hyderabad,2023-01-17 18:00:00,Basic,38.0,Vikram Patel,1188
CUST_04453,Pooja,Mehta,user4453@email.com,+91-9314514742,Chennai,2023-01-18 00:00:00,Basic,46.0,Pooja Mehta,1188
CUST_04454,Anjali,Joshi,user4454@email.com,+91-7314176238,Chennai,2023-01-18 06:00:00,Standard,62.0,Anjali Joshi,1188
CUST_04455,Neha,Patel,user4455@email.com,+91-8390789851,Chennai,2023-01-18 12:00:00,Standard,63.0,Neha Patel,1188
CUST_04456,Priya,Reddy,user4456@email.com,+91-7537404077,Delhi,2023-01-18 18:00:00,Standard,56.0,Priya Reddy,1187
CUST_04457,Anjali,Gupta,user4457@email.com,+91-8124860246,Delhi,2023-01-19 00:00:00,Basic,22.0,Anjali Gupta,1187
CUST_04458,Meera,Singh,user4458@email.com,+91-8559741419,Kolkata,2023-01-19 06:00:00,Standard,31.0,Meera Singh,1187
CUST_04459,Meera,Joshi,user4459@email.com,+91-7691551063,Delhi,2023-01-19 12:00:00,Premium,35.0,Meera Joshi,1187
CUST_04460,Arjun,Nair,user4460@email.com,+91-7203390967,Mumbai,2023-01-19 18:00:00,Standard,21.0,Arjun Nair,1186
CUST_04461,Anjali,Sharma,user4461@email.com,+91-8121273116,Delhi,2023-01-20 00:00:00,Premium,50.0,Anjali Sharma,1186
CUST_04462,Priya,Gupta,user4462@email.com,+91-7588016648,Delhi,2023-01-20 06:00:00,Standard,56.0,Priya Gupta,1186
CUST_04463,Arjun,Reddy,user4463@email.com,+91-8295795358,Delhi,2023-01-20 12:00:00,Standard,37.0,Arjun Reddy,1186
CUST_04464,Vikram,Kumar,user4464@email.com,+91-7808333194,Ahmedabad,2023-01-20 18:00:00,Standard,30.0,Vikram Kumar,1185
CUST_04465,Anjali,Mehta,user4465@email.com,+91-9486315560,Hyderabad,2023-01-21 00:00:00,Premium,53.0,Anjali Mehta,1185
CUST_04466,Pooja,Shah,user4466@email.com,+91-8716334073,Delhi,2023-01-21 06:00:00,Basic,62.0,Pooja Shah,1185
CUST_04467,Meera,Gupta,user4467@email.com,+91-8821699863,Mumbai,2023-01-21 12:00:00,Basic,21.0,Meera Gupta,1185
CUST_04468,Meera,Joshi,user4468@email.com,+91-9819027698,Ahmedabad,2023-01-21 18:00:00,Basic,52.0,Meera Joshi,1184
CUST_04469,Rahul,Joshi,user4469@email.com,+91-9291675243,Chennai,2023-01-22 00:00:00,Standard,25.0,Rahul Joshi,1184
CUST_04470,Arjun,Joshi,user4470@email.com,+91-9282979256,Hyderabad,2023-01-22 06:00:00,Basic,69.0,Arjun Joshi,1184
CUST_04471,Aarav,Sharma,user4471@email.com,+91-9502233432,Bengaluru,2023-01-22 12:00:00,Standard,57.0,Aarav Sharma,1184
CUST_04472,Aarav,Patel,user4472@email.com,+91-7921606049,Ahmedabad,2023-01-22 18:00:00,Standard,66.0,Aarav Patel,1183
CUST_04473,Arjun,Singh,user4473@email.com,+91-9296693182,Delhi,2023-01-23 00:00:00,Premium,64.0,Arjun Singh,1183
CUST_04474,Pooja,Kumar,user4474@email.com,+91-7711415081,Ahmedabad,2023-01-23 06:00:00,Standard,53.0,Pooja Kumar,1183
CUST_04475,Sanjay,Shah,user4475@email.com,+91-8542015603,Kolkata,2023-01-23 12:00:00,Premium,23.0,Sanjay Shah,1183
CUST_04476,Arjun,Joshi,user4476@email.com,+91-8349669655,Kolkata,2023-01-23 18:00:00,Standard,39.0,Arjun Joshi,1182
CUST_04477,Pooja,Shah,user4477@email.com,+91-9531992482,Ahmedabad,2023-01-24 00:00:00,Premium,23.0,Pooja Shah,1182
CUST_04478,Vikram,Nair,user4478@email.com,+91-9725704546,Chennai,2023-01-24 06:00:00,Standard,59.0,Vikram Nair,1182
CUST_04479,Meera,Sharma,user4479@email.com,+91-8104397307,Chennai,2023-01-24 12:00:00,Standard,53.0,Meera Sharma,1182
CUST_04480,Priya,Joshi,user4480@email.com,+91-8416563705,Hyderabad,2023-01-24 18:00:00,Standard,26.0,Priya Joshi,1181
CUST_04481,Sanjay,Nair,user4481@email.com,+91-8520796242,Kolkata,2023-01-25 00:00:00,Standard,33.0,Sanjay Nair,1181
CUST_04482,Anjali,Kumar,user4482@email.com,+91-9277419157,Bengaluru,2023-01-25 06:00:00,Premium,56.0,Anjali Kumar,1181
CUST_04483,Sanjay,Kumar,user4483@email.com,+91-7202483205,Pune,2023-01-25 12:00:00,Basic,63.0,Sanjay Kumar,1181
CUST_04484,Priya,Singh,user4484@email.com,+91-7502333439,Kolkata,2023-01-25 18:00:00,Standard,55.0,Priya Singh,1180
CUST_04485,Rahul,Reddy,user4485@email.com,+91-9819976647,Ahmedabad,2023-01-26 00:00:00,Standard,50.0,Rahul Reddy,1180
CUST_04486,Meera,Singh,user4486@email.com,+91-8712813105,Kolkata,2023-01-26 06:00:00,Basic,35.0,Meera Singh,1180
CUST_04487,Aarav,Patel,user4487@email.com,+91-7174318511,Mumbai,2023-01-26 12:00:00,Basic,29.0,Aarav Patel,1180
CUST_04488,Pooja,Shah,user4488@email.com,+91-7438656148,Pune,2023-01-26 18:00:00,Basic,44.0,Pooja Shah,1179
CUST_04489,Arjun,Mehta,user4489@email.com,+91-9969104049,Chennai,2023-01-27 00:00:00,Basic,64.0,Arjun Mehta,1179
CUST_04490,Arjun,Kumar,user4490@email.com,+91-9426272904,Pune,2023-01-27 06:00:00,Standard,18.0,Arjun Kumar,1179
CUST_04491,Aarav,Mehta,user4491@email.com,+91-7320838359,Kolkata,2023-01-27 12:00:00,Standard,32.0,Aarav Mehta,1179
CUST_04492,Sanjay,Sharma,user4492@email.com,+91-8368246444,Chennai,2023-01-27 18:00:00,Basic,64.0,Sanjay Sharma,1178
CUST_04493,Meera,Gupta,user4493@email.com,+91-9896321712,Pune,2023-01-28 00:00:00,Basic,44.0,Meera Gupta,1178
CUST_04494,Neha,Joshi,user4494@email.com,+91-7436386478,Chennai,2023-01-28 06:00:00,Premium,33.0,Neha Joshi,1178
CUST_04495,Pooja,Sharma,user4495@email.com,+91-8162957023,Chennai,2023-01-28 12:00:00,Standard,38.0,Pooja Sharma,1178
CUST_04496,Vikram,Kumar,user4496@email.com,+91-7918361671,Hyderabad,2023-01-28 18:00:00,Basic,18.0,Vikram Kumar,1177
CUST_04497,Priya,Nair,user4497@email.com,+91-7630534921,Bengaluru,2023-01-29 00:00:00,Standard,46.0,Priya Nair,1177
CUST_04498,Sanjay,Shah,user4498@email.com,+91-7520015318,Chennai,2023-01-29 06:00:00,Standard,20.0,Sanjay Shah,1177
CUST_04499,Anjali,Mehta,user4499@email.com,+91-8237197595,Mumbai,2023-01-29 12:00:00,Standard,29.0,Anjali Mehta,1177
CUST_04500,Rahul,Singh,user4500@email.com,+91-9451236249,Kolkata,2023-01-29 18:00:00,Basic,45.0,Rahul Singh,1176
CUST_04501,Arjun,Gupta,user4501@email.com,+91-8955188126,Kolkata,2023-01-30 00:00:00,Standard,56.0,Arjun Gupta,1176
CUST_04502,Sanjay,Reddy,user4502@email.com,+91-9318930465,Mumbai,2023-01-30 06:00:00,Standard,54.0,Sanjay Reddy,1176
CUST_04503,Rahul,Sharma,user4503@email.com,+91-9357443619,Delhi,2023-01-30 12:00:00,Standard,48.0,Rahul Sharma,1176
CUST_04504,Priya,Reddy,user4504@email.com,+91-8882360309,Chennai,2023-01-30 18:00:00,Premium,48.0,Priya Reddy,1175
CUST_04505,Arjun,Mehta,user4505@email.com,+91-8477754186,Ahmedabad,2023-01-31 00:00:00,Premium,50.0,Arjun Mehta,1175
CUST_04506,Arjun,Mehta,user4506@email.com,+91-8114779575,Chennai,2023-01-31 06:00:00,Standard,50.0,Arjun Mehta,1175
CUST_04507,Neha,Joshi,user4507@email.com,+91-9974024351,Chennai,2023-01-31 12:00:00,Standard,64.0,Neha Joshi,1175
CUST_04508,Sanjay,Nair,user4508@email.com,+91-8387622967,Ahmedabad,2023-01-31 18:00:00,Standard,57.0,Sanjay Nair,1174
CUST_04509,Meera,Nair,user4509@email.com,+91-8224960305,Pune,2023-02-01 00:00:00,Basic,28.0,Meera Nair,1174
CUST_04510,Aarav,Patel,user4510@email.com,+91-9847756701,Chennai,2023-02-01 06:00:00,Basic,63.0,Aarav Patel,1174
CUST_04511,Aarav,Singh,user4511@email.com,+91-7159913705,Chennai,2023-02-01 12:00:00,Standard,46.0,Aarav Singh,1174
CUST_04512,Vikram,Kumar,user4512@email.com,+91-7081850136,Mumbai,2023-02-01 18:00:00,Standard,42.0,Vikram Kumar,1173
CUST_04513,Anjali,Kumar,user4513@email.com,+91-7555849792,Bengaluru,2023-02-02 00:00:00,Standard,30.0,Anjali Kumar,1173
CUST_04514,Rahul,Mehta,user4514@email.com,+91-8245924608,Bengaluru,2023-02-02 06:00:00,Standard,68.0,Rahul Mehta,1173
CUST_04515,Sanjay,Sharma,user4515@email.com,+91-9377065822,Delhi,2023-02-02 12:00:00,Basic,61.0,Sanjay Sharma,1173
CUST_04516,Pooja,Shah,user4516@email.com,+91-9928321207,Mumbai,2023-02-02 18:00:00,Standard,36.0,Pooja Shah,1172
CUST_04517,Anjali,Kumar,user4517@email.com,+91-7435442498,Chennai,2023-02-03 00:00:00,Basic,53.0,Anjali Kumar,1172
CUST_04518,Neha,Kumar,user4518@email.com,+91-9638986331,Bengaluru,2023-02-03 06:00:00,Basic,45.0,Neha Kumar,1172
CUST_04519,Arjun,Sharma,user4519@email.com,+91-9351964032,Hyderabad,2023-02-03 12:00:00,Basic,21.0,Arjun Sharma,1172
CUST_04520,Meera,Singh,user4520@email.com,+91-7528984599,Hyderabad,2023-02-03 18:00:00,Basic,20.0,Meera Singh,1171
CUST_04521,Sanjay,Gupta,user4521@email.com,+91-9412010443,Hyderabad,2023-02-04 00:00:00,Basic,55.0,Sanjay Gupta,1171
CUST_04522,Anjali,Nair,user4522@email.com,+91-7243625160,Chennai,2023-02-04 06:00:00,Standard,54.0,Anjali Nair,1171
CUST_04523,Anjali,Joshi,user4523@email.com,+91-9794627175,Chennai,2023-02-04 12:00:00,Standard,60.0,Anjali Joshi,1171
CUST_04524,Meera,Joshi,user4524@email.com,+91-7240776557,Ahmedabad,2023-02-04 18:00:00,Standard,42.0,Meera Joshi,1170
CUST_04525,Vikram,Joshi,user4525@email.com,+91-8068502326,Delhi,2023-02-05 00:00:00,Basic,58.0,Vikram Joshi,1170
CUST_04526,Rahul,Sharma,user4526@email.com,+91-8174852374,Kolkata,2023-02-05 06:00:00,Basic,52.0,Rahul Sharma,1170
CUST_04527,Rahul,Joshi,user4527@email.com,+91-7581628367,Delhi,2023-02-05 12:00:00,Premium,46.0,Rahul Joshi,1170
CUST_04528,Anjali,Mehta,user4528@email.com,+91-7765573975,Delhi,2023-02-05 18:00:00,Premium,58.0,Anjali Mehta,1169
CUST_04529,Priya,Patel,user4529@email.com,+91-9443484075,Pune,2023-02-06 00:00:00,Basic,46.0,Priya Patel,1169
CUST_04530,Anjali,Sharma,user4530@email.com,+91-9071867114,Hyderabad,2023-02-06 06:00:00,Standard,29.0,Anjali Sharma,1169
CUST_04531,Anjali,Sharma,user4531@email.com,+91-9886683511,Chennai,2023-02-06 12:00:00,Standard,52.0,Anjali Sharma,1169
CUST_04532,Meera,Nair,user4532@email.com,+91-9086650373,Hyderabad,2023-02-06 18:00:00,Basic,37.0,Meera Nair,1168
CUST_04533,Arjun,Joshi,user4533@email.com,+91-9726239904,Delhi,2023-02-07 00:00:00,Standard,34.0,Arjun Joshi,1168
CUST_04534,Meera,Reddy,user4534@email.com,+91-7130821087,Chennai,2023-02-07 06:00:00,Premium,44.0,Meera Reddy,1168
CUST_04535,Sanjay,Gupta,user4535@email.com,+91-9022928310,Mumbai,2023-02-07 12:00:00,Premium,29.0,Sanjay Gupta,1168
CUST_04536,Anjali,Patel,user4536@email.com,+91-9487744620,Ahmedabad,2023-02-07 18:00:00,Standard,67.0,Anjali Patel,1167
CUST_04537,Rahul,Sharma,user4537@email.com,+91-8559322858,Bengaluru,2023-02-08 00:00:00,Standard,53.0,Rahul Sharma,1167
CUST_04538,Pooja,Patel,user4538@email.com,+91-8294798201,Bengaluru,2023-02-08 06:00:00,Standard,27.0,Pooja Patel,1167
CUST_04539,Rahul,Sharma,user4539@email.com,+91-9742062243,Delhi,2023-02-08 12:00:00,Standard,35.0,Rahul Sharma,1167
CUST_04540,Aarav,Singh,user4540@email.com,+91-9855108241,Kolkata,2023-02-08 18:00:00,Standard,47.0,Aarav Singh,1166
CUST_04541,Vikram,Nair,user4541@email.com,+91-8979521657,Hyderabad,2023-02-09 00:00:00,Premium,25.0,Vikram Nair,1166
CUST_04542,Neha,Mehta,user4542@email.com,+91-9710330312,Mumbai,2023-02-09 06:00:00,Premium,58.0,Neha Mehta,1166
CUST_04543,Sanjay,Singh,user4543@email.com,+91-7836931176,Chennai,2023-02-09 12:00:00,Standard,68.0,Sanjay Singh,1166
CUST_04544,Sanjay,Shah,user4544@email.com,+91-7675636094,Kolkata,2023-02-09 18:00:00,Standard,30.0,Sanjay Shah,1165
CUST_04545,Vikram,Joshi,user4545@email.com,+91-7031217486,Hyderabad,2023-02-10 00:00:00,Basic,48.0,Vikram Joshi,1165
CUST_04546,Pooja,Shah,user4546@email.com,+91-8347035501,Delhi,2023-02-10 06:00:00,Basic,23.0,Pooja Shah,1165
CUST_04547,Neha,Gupta,user4547@email.com,+91-8847860871,Hyderabad,2023-02-10 12:00:00,Standard,24.0,Neha Gupta,1165
CUST_04548,Arjun,Reddy,user4548@email.com,+91-8519633018,Delhi,2023-02-10 18:00:00,Basic,38.0,Arjun Reddy,1164
CUST_04549,Anjali,Mehta,user4549@email.com,+91-9733310115,Pune,2023-02-11 00:00:00,Premium,55.0,Anjali Mehta,1164
CUST_04550,Neha,Singh,user4550@email.com,+91-7709949483,Bengaluru,2023-02-11 06:00:00,Basic,60.0,Neha Singh,1164
CUST_04551,Pooja,Patel,user4551@email.com,+91-8344714126,Kolkata,2023-02-11 12:00:00,Standard,66.0,Pooja Patel,1164
CUST_04552,Priya,Patel,user4552@email.com,+91-7214582524,Bengaluru,2023-02-11 18:00:00,Basic,68.0,Priya Patel,1163
CUST_04553,Aarav,Gupta,user4553@email.com,+91-7201327788,Hyderabad,2023-02-12 00:00:00,Premium,45.0,Aarav Gupta,1163
CUST_04554,Neha,Sharma,user4554@email.com,+91-7241394232,Mumbai,2023-02-12 06:00:00,Basic,61.0,Neha Sharma,1163
CUST_04555,Neha,Patel,user4555@email.com,+91-8707066129,Chennai,2023-02-12 12:00:00,Premium,38.0,Neha Patel,1163
CUST_04556,Aarav,Joshi,user4556@email.com,+91-9271606387,Delhi,2023-02-12 18:00:00,Basic,38.0,Aarav Joshi,1162
CUST_04557,Anjali,Reddy,user4557@email.com,+91-8994053666,Chennai,2023-02-13 00:00:00,Standard,41.0,Anjali Reddy,1162
CUST_04558,Neha,Nair,user4558@email.com,+91-7727847043,Bengaluru,2023-02-13 06:00:00,Basic,44.0,Neha Nair,1162
CUST_04559,Aarav,Joshi,user4559@email.com,+91-8225720926,Ahmedabad,2023-02-13 12:00:00,Standard,44.0,Aarav Joshi,1162
CUST_04560,Aarav,Reddy,user4560@email.com,+91-9693086311,Mumbai,2023-02-13 18:00:00,Standard,30.0,Aarav Reddy,1161
CUST_04561,Aarav,Gupta,user4561@email.com,+91-7680423808,Mumbai,2023-02-14 00:00:00,Basic,67.0,Aarav Gupta,1161
CUST_04562,Meera,Joshi,user4562@email.com,+91-7347197571,Chennai,2023-02-14 06:00:00,Basic,46.0,Meera Joshi,1161
CUST_04563,Pooja,Nair,user4563@email.com,+91-8673153604,Bengaluru,2023-02-14 12:00:00,Premium,56.0,Pooja Nair,1161
CUST_04564,Meera,Nair,user4564@email.com,+91-7243299520,Ahmedabad,2023-02-14 18:00:00,Basic,45.0,Meera Nair,1160
CUST_04565,Priya,Kumar,user4565@email.com,+91-8984567136,Chennai,2023-02-15 00:00:00,Basic,54.0,Priya Kumar,1160
CUST_04566,Arjun,Sharma,user4566@email.com,+91-9018375197,Hyderabad,2023-02-15 06:00:00,Basic,46.0,Arjun Sharma,1160
CUST_04567,Meera,Gupta,user4567@email.com,+91-9477635038,Mumbai,2023-02-15 12:00:00,Standard,65.0,Meera Gupta,1160
CUST_04568,Meera,Joshi,user4568@email.com,+91-9973874900,Mumbai,2023-02-15 18:00:00,Standard,39.0,Meera Joshi,1159
CUST_04569,Pooja,Mehta,user4569@email.com,+91-8574855693,Hyderabad,2023-02-16 00:00:00,Basic,53.0,Pooja Mehta,1159
CUST_04570,Arjun,Mehta,user4570@email.com,+91-9575289054,Bengaluru,2023-02-16 06:00:00,Standard,47.0,Arjun Mehta,1159
CUST_04571,Vikram,Gupta,user4571@email.com,+91-9631914137,Mumbai,2023-02-16 12:00:00,Standard,45.0,Vikram Gupta,1159
CUST_04572,Aarav,Joshi,user4572@email.com,+91-8980394462,Kolkata,2023-02-16 18:00:00,Premium,40.0,Aarav Joshi,1158
CUST_04573,Sanjay,Singh,user4573@email.com,+91-7942108944,Ahmedabad,2023-02-17 00:00:00,Premium,50.0,Sanjay Singh,1158
CUST_04574,Arjun,Singh,user4574@email.com,+91-9654882336,Pune,2023-02-17 06:00:00,Basic,21.0,Arjun Singh,1158
CUST_04575,Priya,Sharma,user4575@email.com,+91-8120539534,Pune,2023-02-17 12:00:00,Basic,20.0,Priya Sharma,1158
CUST_04576,Anjali,Joshi,user4576@email.com,+91-7028618419,Pune,2023-02-17 18:00:00,Standard,49.0,Anjali Joshi,1157
CUST_04577,Priya,Nair,user4577@email.com,+91-7957044271,Delhi,2023-02-18 00:00:00,Premium,21.0,Priya Nair,1157
CUST_04578,Aarav,Patel,user4578@email.com,+91-9071834246,Kolkata,2023-02-18 06:00:00,Standard,18.0,Aarav Patel,1157
CUST_04579,Arjun,Mehta,user4579@email.com,+91-7173753460,Delhi,2023-02-18 12:00:00,Standard,29.0,Arjun Mehta,1157
CUST_04580,Priya,Joshi,user4580@email.com,+91-8782411414,Bengaluru,2023-02-18 18:00:00,Standard,30.0,Priya Joshi,1156
CUST_04581,Priya,Joshi,user4581@email.com,+91-7740157077,Hyderabad,2023-02-19 00:00:00,Basic,51.0,Priya Joshi,1156
CUST_04582,Vikram,Patel,user4582@email.com,+91-8434449401,Chennai,2023-02-19 06:00:00,Basic,46.0,Vikram Patel,1156
CUST_04583,Vikram,Patel,user4583@email.com,+91-8685977260,Kolkata,2023-02-19 12:00:00,Premium,26.0,Vikram Patel,1156
CUST_04584,Arjun,Reddy,user4584@email.com,+91-7126258060,Ahmedabad,2023-02-19 18:00:00,Basic,48.0,Arjun Reddy,1155
CUST_04585,Aarav,Kumar,user4585@email.com,+91-9461958300,Bengaluru,2023-02-20 00:00:00,Standard,24.0,Aarav Kumar,1155
CUST_04586,Meera,Sharma,user4586@email.com,+91-9719194791,Chennai,2023-02-20 06:00:00,Basic,30.0,Meera Sharma,1155
CUST_04587,Rahul,Mehta,user4587@email.com,+91-7012965868,Bengaluru,2023-02-20 12:00:00,Premium,19.0,Rahul Mehta,1155
CUST_04588,Neha,Patel,user4588@email.com,+91-7561255543,Delhi,2023-02-20 18:00:00,Basic,50.0,Neha Patel,1154
CUST_04589,Sanjay,Singh,user4589@email.com,+91-8304760858,Pune,2023-02-21 00:00:00,Standard,67.0,Sanjay Singh,1154
CUST_04590,Neha,Gupta,user4590@email.com,+91-7796875160,Hyderabad,2023-02-21 06:00:00,Standard,24.0,Neha Gupta,1154
CUST_04591,Pooja,Singh,user4591@email.com,+91-9811051051,Delhi,2023-02-21 12:00:00,Premium,35.0,Pooja Singh,1154
CUST_04592,Vikram,Reddy,user4592@email.com,+91-7056530887,Hyderabad,2023-02-21 18:00:00,Premium,68.0,Vikram Reddy,1153
CUST_04593,Arjun,Reddy,user4593@email.com,+91-9430693096,Kolkata,2023-02-22 00:00:00,Premium,25.0,Arjun Reddy,1153
CUST_04594,Neha,Patel,user4594@email.com,+91-9088991124,Chennai,2023-02-22 06:00:00,Standard,29.0,Neha Patel,1153
CUST_04595,Aarav,Reddy,user4595@email.com,+91-8897054521,Bengaluru,2023-02-22 12:00:00,Premium,60.0,Aarav Reddy,1153
CUST_04596,Sanjay,Nair,user4596@email.com,+91-8026248251,Mumbai,2023-02-22 18:00:00,Basic,47.0,Sanjay Nair,1152
CUST_04597,Neha,Shah,user4597@email.com,+91-8155783307,Mumbai,2023-02-23 00:00:00,Premium,26.0,Neha Shah,1152
CUST_04598,Sanjay,Joshi,user4598@email.com,+91-7399069872,Hyderabad,2023-02-23 06:00:00,Basic,45.0,Sanjay Joshi,1152
CUST_04599,Anjali,Joshi,user4599@email.com,+91-7378613933,Pune,2023-02-23 12:00:00,Premium,21.0,Anjali Joshi,1152
CUST_04600,Aarav,Patel,user4600@email.com,+91-9757699019,Pune,2023-02-23 18:00:00,Basic,56.0,Aarav Patel,1151
CUST_04601,Rahul,Reddy,user4601@email.com,+91-8186253433,Hyderabad,2023-02-24 00:00:00,Basic,34.0,Rahul Reddy,1151
CUST_04602,Priya,Gupta,user4602@email.com,+91-9184395646,Delhi,2023-02-24 06:00:00,Standard,28.0,Priya Gupta,1151
CUST_04603,Sanjay,Nair,user4603@email.com,+91-7398948968,Mumbai,2023-02-24 12:00:00,Basic,19.0,Sanjay Nair,1151
CUST_04604,Aarav,Sharma,user4604@email.com,+91-9383476208,Delhi,2023-02-24 18:00:00,Premium,40.0,Aarav Sharma,1150
CUST_04605,Sanjay,Reddy,user4605@email.com,+91-7415912025,Chennai,2023-02-25 00:00:00,Basic,67.0,Sanjay Reddy,1150
CUST_04606,Sanjay,Nair,user4606@email.com,+91-8750596717,Mumbai,2023-02-25 06:00:00,Standard,39.0,Sanjay Nair,1150
CUST_04607,Meera,Kumar,user4607@email.com,+91-7980359093,Chennai,2023-02-25 12:00:00,Premium,43.0,Meera Kumar,1150
CUST_04608,Meera,Sharma,user4608@email.com,+91-9891124338,Bengaluru,2023-02-25 18:00:00,Standard,29.0,Meera Sharma,1149
CUST_04609,Aarav,Joshi,user4609@email.com,+91-9271622051,Delhi,2023-02-26 00:00:00,Premium,49.0,Aarav Joshi,1149
CUST_04610,Meera,Kumar,user4610@email.com,+91-7289529679,Hyderabad,2023-02-26 06:00:00,Standard,26.0,Meera Kumar,1149
CUST_04611,Pooja,Patel,user4611@email.com,+91-9508615675,Mumbai,2023-02-26 12:00:00,Basic,60.0,Pooja Patel,1149
CUST_04612,Rahul,Mehta,user4612@email.com,+91-8972429537,Delhi,2023-02-26 18:00:00,Standard,22.0,Rahul Mehta,1148
CUST_04613,Arjun,Patel,user4613@email.com,+91-9127953211,Hyderabad,2023-02-27 00:00:00,Standard,43.0,Arjun Patel,1148
CUST_04614,Aarav,Gupta,user4614@email.com,+91-8908922108,Bengaluru,2023-02-27 06:00:00,Premium,24.0,Aarav Gupta,1148
CUST_04615,Aarav,Nair,user4615@email.com,+91-9075614302,Mumbai,2023-02-27 12:00:00,Standard,46.0,Aarav Nair,1148
CUST_04616,Pooja,Mehta,user4616@email.com,+91-7202113606,Chennai,2023-02-27 18:00:00,Premium,50.0,Pooja Mehta,1147
CUST_04617,Vikram,Sharma,user4617@email.com,+91-8714718291,Bengaluru,2023-02-28 00:00:00,Basic,41.0,Vikram Sharma,1147
CUST_04618,Vikram,Sharma,user4618@email.com,+91-9696588645,Pune,2023-02-28 06:00:00,Premium,42.0,Vikram Sharma,1147
CUST_04619,Meera,Kumar,user4619@email.com,+91-9080994930,Hyderabad,2023-02-28 12:00:00,Standard,48.0,Meera Kumar,1147
CUST_04620,Arjun,Gupta,user4620@email.com,+91-9958773576,Ahmedabad,2023-02-28 18:00:00,Standard,46.0,Arjun Gupta,1146
CUST_04621,Meera,Joshi,user4621@email.com,+91-8394074322,Mumbai,2023-03-01 00:00:00,Standard,22.0,Meera Joshi,1146
CUST_04622,Anjali,Reddy,user4622@email.com,+91-9958973334,Mumbai,2023-03-01 06:00:00,Basic,55.0,Anjali Reddy,1146
CUST_04623,Anjali,Reddy,user4623@email.com,+91-8206777503,Kolkata,2023-03-01 12:00:00,Standard,62.0,Anjali Reddy,1146
CUST_04624,Priya,Mehta,user4624@email.com,+91-7777602158,Kolkata,2023-03-01 18:00:00,Standard,28.0,Priya Mehta,1145
CUST_04625,Anjali,Gupta,user4625@email.com,+91-7735645273,Bengaluru,2023-03-02 00:00:00,Standard,49.0,Anjali Gupta,1145
CUST_04626,Vikram,Gupta,user4626@email.com,+91-8086130611,Mumbai,2023-03-02 06:00:00,Standard,25.0,Vikram Gupta,1145
CUST_04627,Rahul,Sharma,user4627@email.com,+91-7067365576,Hyderabad,2023-03-02 12:00:00,Standard,37.0,Rahul Sharma,1145
CUST_04628,Anjali,Joshi,user4628@email.com,+91-7942135796,Bengaluru,2023-03-02 18:00:00,Standard,51.0,Anjali Joshi,1144
CUST_04629,Meera,Nair,user4629@email.com,+91-7653450572,Chennai,2023-03-03 00:00:00,Basic,64.0,Meera Nair,1144
CUST_04630,Sanjay,Joshi,user4630@email.com,+91-8161156976,Bengaluru,2023-03-03 06:00:00,Premium,59.0,Sanjay Joshi,1144
CUST_04631,Aarav,Singh,user4631@email.com,+91-7011659826,Bengaluru,2023-03-03 12:00:00,Standard,25.0,Aarav Singh,1144
CUST_04632,Rahul,Gupta,user4632@email.com,+91-9482312430,Ahmedabad,2023-03-03 18:00:00,Premium,19.0,Rahul Gupta,1143
CUST_04633,Rahul,Patel,user4633@email.com,+91-9827336063,Chennai,2023-03-04 00:00:00,Premium,38.0,Rahul Patel,1143
CUST_04634,Meera,Shah,user4634@email.com,+91-8946988466,Pune,2023-03-04 06:00:00,Standard,32.0,Meera Shah,1143
CUST_04635,Aarav,Gupta,user4635@email.com,+91-9296388608,Kolkata,2023-03-04 12:00:00,Basic,23.0,Aarav Gupta,1143
CUST_04636,Vikram,Mehta,user4636@email.com,+91-7571014768,Hyderabad,2023-03-04 18:00:00,Basic,22.0,Vikram Mehta,1142
CUST_04637,Rahul,Patel,user4637@email.com,+91-9412322626,Pune,2023-03-05 00:00:00,Premium,20.0,Rahul Patel,1142
CUST_04638,Priya,Mehta,user4638@email.com,+91-7550138916,Pune,2023-03-05 06:00:00,Standard,60.0,Priya Mehta,1142
CUST_04639,Meera,Kumar,user4639@email.com,+91-9871744765,Pune,2023-03-05 12:00:00,Standard,60.0,Meera Kumar,1142
CUST_04640,Rahul,Shah,user4640@email.com,+91-9612227153,Kolkata,2023-03-05 18:00:00,Premium,33.0,Rahul Shah,1141
CUST_04641,Arjun,Shah,user4641@email.com,+91-8361501200,Delhi,2023-03-06 00:00:00,Basic,52.0,Arjun Shah,1141
CUST_04642,Aarav,Sharma,user4642@email.com,+91-7442293808,Kolkata,2023-03-06 06:00:00,Basic,26.0,Aarav Sharma,1141
CUST_04643,Anjali,Gupta,user4643@email.com,+91-9849061575,Pune,2023-03-06 12:00:00,Basic,52.0,Anjali Gupta,1141
CUST_04644,Rahul,Sharma,user4644@email.com,+91-7833479102,Delhi,2023-03-06 18:00:00,Premium,36.0,Rahul Sharma,1140
CUST_04645,Meera,Reddy,user4645@email.com,+91-9700369983,Chennai,2023-03-07 00:00:00,Standard,60.0,Meera Reddy,1140
CUST_04646,Anjali,Mehta,user4646@email.com,+91-9046643842,Kolkata,2023-03-07 06:00:00,Basic,63.0,Anjali Mehta,1140
CUST_04647,Priya,Singh,user4647@email.com,+91-8879735849,Hyderabad,2023-03-07 12:00:00,Basic,51.0,Priya Singh,1140
CUST_04648,Anjali,Singh,user4648@email.com,+91-8643911307,Pune,2023-03-07 18:00:00,Basic,56.0,Anjali Singh,1139
CUST_04649,Arjun,Reddy,user4649@email.com,+91-7379503916,Mumbai,2023-03-08 00:00:00,Premium,27.0,Arjun Reddy,1139
CUST_04650,Vikram,Kumar,user4650@email.com,+91-9491238185,Chennai,2023-03-08 06:00:00,Standard,27.0,Vikram Kumar,1139
CUST_04651,Rahul,Singh,user4651@email.com,+91-8740450548,Delhi,2023-03-08 12:00:00,Standard,37.0,Rahul Singh,1139
CUST_04652,Neha,Mehta,user4652@email.com,+91-8957716912,Kolkata,2023-03-08 18:00:00,Premium,18.0,Neha Mehta,1138
CUST_04653,Neha,Singh,user4653@email.com,+91-9700948679,Hyderabad,2023-03-09 00:00:00,Standard,23.0,Neha Singh,1138
CUST_04654,Anjali,Reddy,user4654@email.com,+91-8344461313,Bengaluru,2023-03-09 06:00:00,Basic,44.0,Anjali Reddy,1138
CUST_04655,Pooja,Patel,user4655@email.com,+91-7921157197,Hyderabad,2023-03-09 12:00:00,Premium,63.0,Pooja Patel,1138
CUST_04656,Aarav,Sharma,user4656@email.com,+91-9262802269,Hyderabad,2023-03-09 18:00:00,Standard,19.0,Aarav Sharma,1137
CUST_04657,Neha,Nair,user4657@email.com,+91-7237344029,Pune,2023-03-10 00:00:00,Basic,55.0,Neha Nair,1137
CUST_04658,Pooja,Mehta,user4658@email.com,+91-9297106202,Pune,2023-03-10 06:00:00,Standard,50.0,Pooja Mehta,1137
CUST_04659,Neha,Sharma,user4659@email.com,+91-8954662686,Kolkata,2023-03-10 12:00:00,Basic,20.0,Neha Sharma,1137
CUST_04660,Pooja,Shah,user4660@email.com,+91-7427915339,Kolkata,2023-03-10 18:00:00,Standard,53.0,Pooja Shah,1136
CUST_04661,Aarav,Joshi,user4661@email.com,+91-8351842309,Ahmedabad,2023-03-11 00:00:00,Standard,30.0,Aarav Joshi,1136
CUST_04662,Sanjay,Singh,user4662@email.com,+91-7126916715,Delhi,2023-03-11 06:00:00,Standard,52.0,Sanjay Singh,1136
CUST_04663,Neha,Singh,user4663@email.com,+91-8350927346,Ahmedabad,2023-03-11 12:00:00,Basic,32.0,Neha Singh,1136
CUST_04664,Arjun,Kumar,user4664@email.com,+91-9890264194,Kolkata,2023-03-11 18:00:00,Premium,62.0,Arjun Kumar,1135
CUST_04665,Rahul,Sharma,user4665@email.com,+91-9344490350,Delhi,2023-03-12 00:00:00,Basic,39.0,Rahul Sharma,1135
CUST_04666,Pooja,Joshi,user4666@email.com,+91-9599548522,Pune,2023-03-12 06:00:00,Premium,60.0,Pooja Joshi,1135
CUST_04667,Rahul,Singh,user4667@email.com,+91-7081947986,Pune,2023-03-12 12:00:00,Premium,21.0,Rahul Singh,1135
CUST_04668,Meera,Shah,user4668@email.com,+91-8870842391,Mumbai,2023-03-12 18:00:00,Standard,34.0,Meera Shah,1134
CUST_04669,Meera,Kumar,user4669@email.com,+91-7713827785,Mumbai,2023-03-13 00:00:00,Standard,22.0,Meera Kumar,1134
CUST_04670,Aarav,Sharma,user4670@email.com,+91-8841005748,Chennai,2023-03-13 06:00:00,Basic,38.0,Aarav Sharma,1134
CUST_04671,Pooja,Kumar,user4671@email.com,+91-7806483258,Pune,2023-03-13 12:00:00,Basic,41.0,Pooja Kumar,1134
CUST_04672,Priya,Sharma,user4672@email.com,+91-8643322236,Bengaluru,2023-03-13 18:00:00,Standard,48.0,Priya Sharma,1133
CUST_04673,Meera,Gupta,user4673@email.com,+91-7975645589,Mumbai,2023-03-14 00:00:00,Basic,57.0,Meera Gupta,1133
CUST_04674,Aarav,Gupta,user4674@email.com,+91-8424245838,Delhi,2023-03-14 06:00:00,Standard,44.0,Aarav Gupta,1133
CUST_04675,Meera,Reddy,user4675@email.com,+91-9521616659,Hyderabad,2023-03-14 12:00:00,Basic,47.0,Meera Reddy,1133
CUST_04676,Meera,Mehta,user4676@email.com,+91-9842693669,Kolkata,2023-03-14 18:00:00,Standard,59.0,Meera Mehta,1132
CUST_04677,Priya,Kumar,user4677@email.com,+91-9601055863,Kolkata,2023-03-15 00:00:00,Basic,24.0,Priya Kumar,1132
CUST_04678,Neha,Reddy,user4678@email.com,+91-9721275394,Chennai,2023-03-15 06:00:00,Basic,66.0,Neha Reddy,1132
CUST_04679,Anjali,Kumar,user4679@email.com,+91-8684137595,Mumbai,2023-03-15 12:00:00,Basic,24.0,Anjali Kumar,1132
CUST_04680,Sanjay,Singh,user4680@email.com,+91-8336942743,Hyderabad,2023-03-15 18:00:00,Premium,44.0,Sanjay Singh,1131
CUST_04681,Meera,Nair,user4681@email.com,+91-9630947254,Hyderabad,2023-03-16 00:00:00,Basic,41.0,Meera Nair,1131
CUST_04682,Meera,Kumar,user4682@email.com,+91-9354986950,Mumbai,2023-03-16 06:00:00,Basic,36.0,Meera Kumar,1131
CUST_04683,Arjun,Singh,user4683@email.com,+91-8116472376,Bengaluru,2023-03-16 12:00:00,Standard,58.0,Arjun Singh,1131
CUST_04684,Sanjay,Joshi,user4684@email.com,+91-8493088771,Bengaluru,2023-03-16 18:00:00,Standard,51.0,Sanjay Joshi,1130
CUST_04685,Priya,Gupta,user4685@email.com,+91-9270674480,Chennai,2023-03-17 00:00:00,Standard,39.0,Priya Gupta,1130
CUST_04686,Rahul,Reddy,user4686@email.com,+91-8865131868,Ahmedabad,2023-03-17 06:00:00,Basic,69.0,Rahul Reddy,1130
CUST_04687,Pooja,Nair,user4687@email.com,+91-8704440212,Bengaluru,2023-03-17 12:00:00,Standard,68.0,Pooja Nair,1130
CUST_04688,Meera,Shah,user4688@email.com,+91-7327200908,Chennai,2023-03-17 18:00:00,Basic,44.0,Meera Shah,1129
CUST_04689,Anjali,Gupta,user4689@email.com,+91-8315181645,Ahmedabad,2023-03-18 00:00:00,Standard,23.0,Anjali Gupta,1129
CUST_04690,Pooja,Reddy,user4690@email.com,+91-8901477914,Ahmedabad,2023-03-18 06:00:00,Standard,27.0,Pooja Reddy,1129
CUST_04691,Sanjay,Nair,user4691@email.com,+91-9659364942,Delhi,2023-03-18 12:00:00,Standard,62.0,Sanjay Nair,1129
CUST_04692,Pooja,Shah,user4692@email.com,+91-8334590330,Ahmedabad,2023-03-18 18:00:00,Standard,48.0,Pooja Shah,1128
CUST_04693,Neha,Patel,user4693@email.com,+91-8245202502,Mumbai,2023-03-19 00:00:00,Standard,42.0,Neha Patel,1128
CUST_04694,Meera,Singh,user4694@email.com,+91-9864636259,Ahmedabad,2023-03-19 06:00:00,Standard,19.0,Meera Singh,1128
CUST_04695,Pooja,Patel,user4695@email.com,+91-9281940844,Hyderabad,2023-03-19 12:00:00,Standard,27.0,Pooja Patel,1128
CUST_04696,Rahul,Singh,user4696@email.com,+91-9876293106,Chennai,2023-03-19 18:00:00,Premium,27.0,Rahul Singh,1127
CUST_04697,Rahul,Sharma,user4697@email.com,+91-8307151579,Kolkata,2023-03-20 00:00:00,Premium,43.0,Rahul Sharma,1127
CUST_04698,Meera,Mehta,user4698@email.com,+91-9528936318,Bengaluru,2023-03-20 06:00:00,Premium,22.0,Meera Mehta,1127
CUST_04699,Vikram,Nair,user4699@email.com,+91-8510985178,Kolkata,2023-03-20 12:00:00,Standard,39.0,Vikram Nair,1127
CUST_04700,Rahul,Patel,user4700@email.com,+91-7692593558,Chennai,2023-03-20 18:00:00,Basic,21.0,Rahul Patel,1126
CUST_04701,Pooja,Mehta,user4701@email.com,+91-9893311423,Pune,2023-03-21 00:00:00,Premium,51.0,Pooja Mehta,1126
CUST_04702,Aarav,Nair,user4702@email.com,+91-7576640333,Chennai,2023-03-21 06:00:00,Premium,24.0,Aarav Nair,1126
CUST_04703,Rahul,Reddy,user4703@email.com,+91-7155424650,Bengaluru,2023-03-21 12:00:00,Basic,67.0,Rahul Reddy,1126
CUST_04704,Sanjay,Sharma,user4704@email.com,+91-9094857554,Pune,2023-03-21 18:00:00,Standard,34.0,Sanjay Sharma,1125
CUST_04705,Vikram,Reddy,user4705@email.com,+91-7812437281,Pune,2023-03-22 00:00:00,Standard,28.0,Vikram Reddy,1125
CUST_04706,Pooja,Singh,user4706@email.com,+91-9685664888,Ahmedabad,2023-03-22 06:00:00,Basic,44.0,Pooja Singh,1125
CUST_04707,Priya,Mehta,user4707@email.com,+91-7056657393,Bengaluru,2023-03-22 12:00:00,Standard,67.0,Priya Mehta,1125
CUST_04708,Arjun,Nair,user4708@email.com,+91-8948019529,Pune,2023-03-22 18:00:00,Standard,25.0,Arjun Nair,1124
CUST_04709,Priya,Kumar,user4709@email.com,+91-9436024671,Mumbai,2023-03-23 00:00:00,Standard,45.0,Priya Kumar,1124
CUST_04710,Neha,Mehta,user4710@email.com,+91-8741390055,Hyderabad,2023-03-23 06:00:00,Premium,61.0,Neha Mehta,1124
CUST_04711,Arjun,Joshi,user4711@email.com,+91-7945736756,Kolkata,2023-03-23 12:00:00,Premium,50.0,Arjun Joshi,1124
CUST_04712,Neha,Shah,user4712@email.com,+91-8006411176,Mumbai,2023-03-23 18:00:00,Premium,69.0,Neha Shah,1123
CUST_04713,Arjun,Patel,user4713@email.com,+91-8664070571,Mumbai,2023-03-24 00:00:00,Basic,42.0,Arjun Patel,1123
CUST_04714,Arjun,Nair,user4714@email.com,+91-7339182505,Bengaluru,2023-03-24 06:00:00,Standard,38.0,Arjun Nair,1123
CUST_04715,Aarav,Gupta,user4715@email.com,+91-7094863620,Ahmedabad,2023-03-24 12:00:00,Premium,29.0,Aarav Gupta,1123
CUST_04716,Anjali,Gupta,user4716@email.com,+91-8640320638,Bengaluru,2023-03-24 18:00:00,Basic,43.0,Anjali Gupta,1122
CUST_04717,Sanjay,Shah,user4717@email.com,+91-8220011785,Kolkata,2023-03-25 00:00:00,Standard,46.0,Sanjay Shah,1122
CUST_04718,Priya,Singh,user4718@email.com,+91-9403815739,Hyderabad,2023-03-25 06:00:00,Standard,55.0,Priya Singh,1122
CUST_04719,Rahul,Mehta,user4719@email.com,+91-9557816416,Chennai,2023-03-25 12:00:00,Standard,52.0,Rahul Mehta,1122
CUST_04720,Pooja,Mehta,user4720@email.com,+91-7133547948,Mumbai,2023-03-25 18:00:00,Standard,54.0,Pooja Mehta,1121
CUST_04721,Vikram,Gupta,user4721@email.com,+91-8704082313,Pune,2023-03-26 00:00:00,Standard,63.0,Vikram Gupta,1121
CUST_04722,Sanjay,Mehta,user4722@email.com,+91-8588047917,Hyderabad,2023-03-26 06:00:00,Premium,61.0,Sanjay Mehta,1121
CUST_04723,Neha,Shah,user4723@email.com,+91-7777004225,Mumbai,2023-03-26 12:00:00,Standard,62.0,Neha Shah,1121
CUST_04724,Aarav,Mehta,user4724@email.com,+91-7204257004,Chennai,2023-03-26 18:00:00,Standard,62.0,Aarav Mehta,1120
CUST_04725,Neha,Singh,user4725@email.com,+91-7914559036,Ahmedabad,2023-03-27 00:00:00,Standard,46.0,Neha Singh,1120
CUST_04726,Anjali,Patel,user4726@email.com,+91-7048519350,Pune,2023-03-27 06:00:00,Standard,66.0,Anjali Patel,1120
CUST_04727,Vikram,Joshi,user4727@email.com,+91-7337036567,Mumbai,2023-03-27 12:00:00,Basic,41.0,Vikram Joshi,1120
CUST_04728,Aarav,Patel,user4728@email.com,+91-8222353538,Delhi,2023-03-27 18:00:00,Basic,32.0,Aarav Patel,1119
CUST_04729,Neha,Joshi,user4729@email.com,+91-8685861282,Kolkata,2023-03-28 00:00:00,Standard,23.0,Neha Joshi,1119
CUST_04730,Anjali,Kumar,user4730@email.com,+91-9905812307,Hyderabad,2023-03-28 06:00:00,Standard,49.0,Anjali Kumar,1119
CUST_04731,Pooja,Patel,user4731@email.com,+91-7394212051,Kolkata,2023-03-28 12:00:00,Basic,61.0,Pooja Patel,1119
CUST_04732,Pooja,Shah,user4732@email.com,+91-7194392958,Bengaluru,2023-03-28 18:00:00,Standard,51.0,Pooja Shah,1118
CUST_04733,Neha,Sharma,user4733@email.com,+91-7088779452,Mumbai,2023-03-29 00:00:00,Standard,53.0,Neha Sharma,1118
CUST_04734,Sanjay,Kumar,user4734@email.com,+91-8113118972,Pune,2023-03-29 06:00:00,Premium,37.0,Sanjay Kumar,1118
CUST_04735,Vikram,Joshi,user4735@email.com,+91-8740262595,Pune,2023-03-29 12:00:00,Standard,44.0,Vikram Joshi,1118
CUST_04736,Meera,Joshi,user4736@email.com,+91-9536309267,Hyderabad,2023-03-29 18:00:00,Standard,29.0,Meera Joshi,1117
CUST_04737,Sanjay,Kumar,user4737@email.com,+91-8955204279,Hyderabad,2023-03-30 00:00:00,Basic,52.0,Sanjay Kumar,1117
CUST_04738,Pooja,Joshi,user4738@email.com,+91-8672742500,Kolkata,2023-03-30 06:00:00,Basic,66.0,Pooja Joshi,1117
CUST_04739,Vikram,Nair,user4739@email.com,+91-8778602862,Pune,2023-03-30 12:00:00,Premium,55.0,Vikram Nair,1117
CUST_04740,Anjali,Sharma,user4740@email.com,+91-7313907215,Pune,2023-03-30 18:00:00,Premium,34.0,Anjali Sharma,1116
CUST_04741,Aarav,Shah,user4741@email.com,+91-8764961879,Pune,2023-03-31 00:00:00,Basic,44.0,Aarav Shah,1116
CUST_04742,Arjun,Nair,user4742@email.com,+91-8994478695,Mumbai,2023-03-31 06:00:00,Standard,34.0,Arjun Nair,1116
CUST_04743,Neha,Joshi,user4743@email.com,+91-9450335106,Pune,2023-03-31 12:00:00,Basic,28.0,Neha Joshi,1116
CUST_04744,Priya,Patel,user4744@email.com,+91-7397213310,Bengaluru,2023-03-31 18:00:00,Premium,56.0,Priya Patel,1115
CUST_04745,Vikram,Nair,user4745@email.com,+91-7713176141,Pune,2023-04-01 00:00:00,Standard,19.0,Vikram Nair,1115
CUST_04746,Rahul,Patel,user4746@email.com,+91-8792673439,Bengaluru,2023-04-01 06:00:00,Standard,68.0,Rahul Patel,1115
CUST_04747,Anjali,Kumar,user4747@email.com,+91-8746199644,Mumbai,2023-04-01 12:00:00,Basic,19.0,Anjali Kumar,1115
CUST_04748,Meera,Mehta,user4748@email.com,+91-8653665421,Hyderabad,2023-04-01 18:00:00,Premium,46.0,Meera Mehta,1114
CUST_04749,Arjun,Reddy,user4749@email.com,+91-9736688244,Ahmedabad,2023-04-02 00:00:00,Standard,62.0,Arjun Reddy,1114
CUST_04750,Rahul,Joshi,user4750@email.com,+91-7300265852,Bengaluru,2023-04-02 06:00:00,Standard,41.0,Rahul Joshi,1114
CUST_04751,Meera,Reddy,user4751@email.com,+91-9597032504,Mumbai,2023-04-02 12:00:00,Basic,41.0,Meera Reddy,1114
CUST_04752,Priya,Sharma,user4752@email.com,+91-8642017043,Ahmedabad,2023-04-02 18:00:00,Basic,33.0,Priya Sharma,1113
CUST_04753,Pooja,Patel,user4753@email.com,+91-8714757747,Ahmedabad,2023-04-03 00:00:00,Standard,48.0,Pooja Patel,1113
CUST_04754,Sanjay,Nair,user4754@email.com,+91-9645993330,Pune,2023-04-03 06:00:00,Standard,66.0,Sanjay Nair,1113
CUST_04755,Neha,Reddy,user4755@email.com,+91-7099645991,Mumbai,2023-04-03 12:00:00,Premium,60.0,Neha Reddy,1113
CUST_04756,Aarav,Singh,user4756@email.com,+91-7174636491,Ahmedabad,2023-04-03 18:00:00,Premium,26.0,Aarav Singh,1112
CUST_04757,Meera,Joshi,user4757@email.com,+91-8500896495,Pune,2023-04-04 00:00:00,Premium,44.0,Meera Joshi,1112
CUST_04758,Arjun,Reddy,user4758@email.com,+91-8996903481,Kolkata,2023-04-04 06:00:00,Standard,58.0,Arjun Reddy,1112
CUST_04759,Vikram,Nair,user4759@email.com,+91-9420170290,Mumbai,2023-04-04 12:00:00,Basic,31.0,Vikram Nair,1112
CUST_04760,Pooja,Nair,user4760@email.com,+91-7882130343,Ahmedabad,2023-04-04 18:00:00,Basic,62.0,Pooja Nair,1111
CUST_04761,Vikram,Sharma,user4761@email.com,+91-7941809786,Hyderabad,2023-04-05 00:00:00,Premium,42.0,Vikram Sharma,1111
CUST_04762,Arjun,Gupta,user4762@email.com,+91-9002635419,Bengaluru,2023-04-05 06:00:00,Basic,60.0,Arjun Gupta,1111
CUST_04763,Vikram,Shah,user4763@email.com,+91-8544842121,Kolkata,2023-04-05 12:00:00,Basic,61.0,Vikram Shah,1111
CUST_04764,Meera,Singh,user4764@email.com,+91-7402105247,Hyderabad,2023-04-05 18:00:00,Standard,39.0,Meera Singh,1110
CUST_04765,Anjali,Reddy,user4765@email.com,+91-8550211197,Delhi,2023-04-06 00:00:00,Premium,52.0,Anjali Reddy,1110
CUST_04766,Vikram,Shah,user4766@email.com,+91-7853331664,Pune,2023-04-06 06:00:00,Standard,50.0,Vikram Shah,1110
CUST_04767,Sanjay,Singh,user4767@email.com,+91-8688417333,Ahmedabad,2023-04-06 12:00:00,Standard,44.0,Sanjay Singh,1110
CUST_04768,Priya,Gupta,user4768@email.com,+91-7867004690,Bengaluru,2023-04-06 18:00:00,Standard,57.0,Priya Gupta,1109
CUST_04769,Aarav,Reddy,user4769@email.com,+91-9697741398,Hyderabad,2023-04-07 00:00:00,Standard,43.0,Aarav Reddy,1109
CUST_04770,Meera,Singh,user4770@email.com,+91-9478452631,Bengaluru,2023-04-07 06:00:00,Premium,36.0,Meera Singh,1109
CUST_04771,Rahul,Shah,user4771@email.com,+91-8991520934,Delhi,2023-04-07 12:00:00,Standard,62.0,Rahul Shah,1109
CUST_04772,Arjun,Patel,user4772@email.com,+91-8925676499,Chennai,2023-04-07 18:00:00,Standard,56.0,Arjun Patel,1108
CUST_04773,Pooja,Nair,user4773@email.com,+91-7056425615,Pune,2023-04-08 00:00:00,Standard,62.0,Pooja Nair,1108
CUST_04774,Meera,Mehta,user4774@email.com,+91-7183506441,Pune,2023-04-08 06:00:00,Standard,43.0,Meera Mehta,1108
CUST_04775,Anjali,Kumar,user4775@email.com,+91-9209854542,Mumbai,2023-04-08 12:00:00,Premium,23.0,Anjali Kumar,1108
CUST_04776,Pooja,Joshi,user4776@email.com,+91-7320595258,Ahmedabad,2023-04-08 18:00:00,Premium,20.0,Pooja Joshi,1107
CUST_04777,Sanjay,Mehta,user4777@email.com,+91-8610287316,Pune,2023-04-09 00:00:00,Basic,23.0,Sanjay Mehta,1107
CUST_04778,Arjun,Reddy,user4778@email.com,+91-7208373599,Pune,2023-04-09 06:00:00,Standard,45.0,Arjun Reddy,1107
CUST_04779,Pooja,Reddy,user4779@email.com,+91-9629725863,Hyderabad,2023-04-09 12:00:00,Basic,20.0,Pooja Reddy,1107
CUST_04780,Vikram,Singh,user4780@email.com,+91-9924984393,Kolkata,2023-04-09 18:00:00,Standard,30.0,Vikram Singh,1106
CUST_04781,Meera,Nair,user4781@email.com,+91-7852031611,Pune,2023-04-10 00:00:00,Premium,30.0,Meera Nair,1106
CUST_04782,Priya,Gupta,user4782@email.com,+91-7178811926,Pune,2023-04-10 06:00:00,Standard,30.0,Priya Gupta,1106
CUST_04783,Arjun,Sharma,user4783@email.com,+91-7045715937,Ahmedabad,2023-04-10 12:00:00,Premium,18.0,Arjun Sharma,1106
CUST_04784,Neha,Singh,user4784@email.com,+91-8112854121,Delhi,2023-04-10 18:00:00,Basic,57.0,Neha Singh,1105
CUST_04785,Sanjay,Sharma,user4785@email.com,+91-9409922214,Kolkata,2023-04-11 00:00:00,Basic,54.0,Sanjay Sharma,1105
CUST_04786,Aarav,Kumar,user4786@email.com,+91-7641377049,Delhi,2023-04-11 06:00:00,Basic,48.0,Aarav Kumar,1105
CUST_04787,Arjun,Shah,user4787@email.com,+91-9752555710,Ahmedabad,2023-04-11 12:00:00,Basic,69.0,Arjun Shah,1105
CUST_04788,Anjali,Singh,user4788@email.com,+91-8429456788,Bengaluru,2023-04-11 18:00:00,Premium,34.0,Anjali Singh,1104
CUST_04789,Meera,Kumar,user4789@email.com,+91-7823088719,Bengaluru,2023-04-12 00:00:00,Basic,26.0,Meera Kumar,1104
CUST_04790,Vikram,Joshi,user4790@email.com,+91-8436512259,Pune,2023-04-12 06:00:00,Basic,62.0,Vikram Joshi,1104
CUST_04791,Aarav,Singh,user4791@email.com,+91-7766962507,Pune,2023-04-12 12:00:00,Basic,30.0,Aarav Singh,1104
CUST_04792,Aarav,Nair,user4792@email.com,+91-7449569250,Mumbai,2023-04-12 18:00:00,Basic,54.0,Aarav Nair,1103
CUST_04793,Sanjay,Nair,user4793@email.com,+91-9779007581,Bengaluru,2023-04-13 00:00:00,Standard,31.0,Sanjay Nair,1103
CUST_04794,Pooja,Reddy,user4794@email.com,+91-7050092011,Hyderabad,2023-04-13 06:00:00,Standard,28.0,Pooja Reddy,1103
CUST_04795,Anjali,Joshi,user4795@email.com,+91-8999605942,Pune,2023-04-13 12:00:00,Basic,42.0,Anjali Joshi,1103
CUST_04796,Pooja,Reddy,user4796@email.com,+91-9320823951,Hyderabad,2023-04-13 18:00:00,Standard,48.0,Pooja Reddy,1102
CUST_04797,Vikram,Sharma,user4797@email.com,+91-9236004243,Pune,2023-04-14 00:00:00,Premium,31.0,Vikram Sharma,1102
CUST_04798,Aarav,Mehta,user4798@email.com,+91-7196933257,Ahmedabad,2023-04-14 06:00:00,Basic,24.0,Aarav Mehta,1102
CUST_04799,Anjali,Gupta,user4799@email.com,+91-9314584721,Hyderabad,2023-04-14 12:00:00,Standard,41.0,Anjali Gupta,1102
CUST_04800,Anjali,Joshi,user4800@email.com,+91-9936725655,Chennai,2023-04-14 18:00:00,Premium,66.0,Anjali Joshi,1101
CUST_04801,Rahul,Shah,user4801@email.com,+91-7802790277,Hyderabad,2023-04-15 00:00:00,Premium,53.0,Rahul Shah,1101
CUST_04802,Meera,Gupta,user4802@email.com,+91-8129425063,Kolkata,2023-04-15 06:00:00,Basic,59.0,Meera Gupta,1101
CUST_04803,Aarav,Gupta,user4803@email.com,+91-8902346755,Bengaluru,2023-04-15 12:00:00,Standard,59.0,Aarav Gupta,1101
CUST_04804,Aarav,Patel,user4804@email.com,+91-8751882445,Pune,2023-04-15 18:00:00,Basic,64.0,Aarav Patel,1100
CUST_04805,Anjali,Singh,user4805@email.com,+91-7216365536,Bengaluru,2023-04-16 00:00:00,Standard,69.0,Anjali Singh,1100
CUST_04806,Pooja,Shah,user4806@email.com,+91-9917099902,Kolkata,2023-04-16 06:00:00,Standard,61.0,Pooja Shah,1100
CUST_04807,Aarav,Joshi,user4807@email.com,+91-9977284563,Kolkata,2023-04-16 12:00:00,Standard,58.0,Aarav Joshi,1100
CUST_04808,Anjali,Reddy,user4808@email.com,+91-8684241930,Hyderabad,2023-04-16 18:00:00,Basic,20.0,Anjali Reddy,1099
CUST_04809,Aarav,Sharma,user4809@email.com,+91-7092224691,Delhi,2023-04-17 00:00:00,Standard,64.0,Aarav Sharma,1099
CUST_04810,Anjali,Singh,user4810@email.com,+91-7378787931,Delhi,2023-04-17 06:00:00,Standard,61.0,Anjali Singh,1099
CUST_04811,Rahul,Patel,user4811@email.com,+91-7392332272,Kolkata,2023-04-17 12:00:00,Basic,43.0,Rahul Patel,1099
CUST_04812,Meera,Sharma,user4812@email.com,+91-9412665915,Delhi,2023-04-17 18:00:00,Basic,64.0,Meera Sharma,1098
CUST_04813,Anjali,Joshi,user4813@email.com,+91-7414695059,Pune,2023-04-18 00:00:00,Basic,43.0,Anjali Joshi,1098
CUST_04814,Aarav,Mehta,user4814@email.com,+91-8596735211,Mumbai,2023-04-18 06:00:00,Standard,18.0,Aarav Mehta,1098
CUST_04815,Vikram,Gupta,user4815@email.com,+91-9719301266,Chennai,2023-04-18 12:00:00,Standard,32.0,Vikram Gupta,1098
CUST_04816,Meera,Patel,user4816@email.com,+91-7718449933,Hyderabad,2023-04-18 18:00:00,Basic,28.0,Meera Patel,1097
CUST_04817,Rahul,Sharma,user4817@email.com,+91-7896464850,Mumbai,2023-04-19 00:00:00,Basic,54.0,Rahul Sharma,1097
CUST_04818,Anjali,Reddy,user4818@email.com,+91-8909285055,Delhi,2023-04-19 06:00:00,Basic,24.0,Anjali Reddy,1097
CUST_04819,Vikram,Patel,user4819@email.com,+91-8474145574,Hyderabad,2023-04-19 12:00:00,Basic,29.0,Vikram Patel,1097
CUST_04820,Anjali,Sharma,user4820@email.com,+91-8924537693,Mumbai,2023-04-19 18:00:00,Standard,69.0,Anjali Sharma,1096
CUST_04821,Pooja,Patel,user4821@email.com,+91-7609791477,Bengaluru,2023-04-20 00:00:00,Standard,55.0,Pooja Patel,1096
CUST_04822,Aarav,Reddy,user4822@email.com,+91-8469319710,Delhi,2023-04-20 06:00:00,Basic,20.0,Aarav Reddy,1096
CUST_04823,Arjun,Reddy,user4823@email.com,+91-7905543248,Ahmedabad,2023-04-20 12:00:00,Basic,59.0,Arjun Reddy,1096
CUST_04824,Sanjay,Shah,user4824@email.com,+91-7583983081,Mumbai,2023-04-20 18:00:00,Basic,44.0,Sanjay Shah,1095
CUST_04825,Priya,Nair,user4825@email.com,+91-8203596322,Ahmedabad,2023-04-21 00:00:00,Standard,43.0,Priya Nair,1095
CUST_04826,Pooja,Gupta,user4826@email.com,+91-9668339597,Pune,2023-04-21 06:00:00,Basic,47.0,Pooja Gupta,1095
CUST_04827,Vikram,Singh,user4827@email.com,+91-7026599680,Bengaluru,2023-04-21 12:00:00,Basic,49.0,Vikram Singh,1095
CUST_04828,Pooja,Singh,user4828@email.com,+91-9075186650,Delhi,2023-04-21 18:00:00,Standard,53.0,Pooja Singh,1094
CUST_04829,Neha,Joshi,user4829@email.com,+91-7396407195,Chennai,2023-04-22 00:00:00,Basic,62.0,Neha Joshi,1094
CUST_04830,Anjali,Kumar,user4830@email.com,+91-8881603326,Kolkata,2023-04-22 06:00:00,Standard,68.0,Anjali Kumar,1094
CUST_04831,Anjali,Joshi,user4831@email.com,+91-9748894060,Delhi,2023-04-22 12:00:00,Standard,54.0,Anjali Joshi,1094
CUST_04832,Priya,Kumar,user4832@email.com,+91-7057833039,Ahmedabad,2023-04-22 18:00:00,Standard,35.0,Priya Kumar,1093
CUST_04833,Priya,Patel,user4833@email.com,+91-7822610415,Pune,2023-04-23 00:00:00,Standard,18.0,Priya Patel,1093
CUST_04834,Neha,Kumar,user4834@email.com,+91-7270437868,Chennai,2023-04-23 06:00:00,Standard,44.0,Neha Kumar,1093
CUST_04835,Aarav,Nair,user4835@email.com,+91-9049780353,Chennai,2023-04-23 12:00:00,Basic,38.0,Aarav Nair,1093
CUST_04836,Sanjay,Nair,user4836@email.com,+91-7524579053,Chennai,2023-04-23 18:00:00,Premium,45.0,Sanjay Nair,1092
CUST_04837,Arjun,Gupta,user4837@email.com,+91-7886590441,Hyderabad,2023-04-24 00:00:00,Basic,65.0,Arjun Gupta,1092
CUST_04838,Arjun,Sharma,user4838@email.com,+91-8039950482,Hyderabad,2023-04-24 06:00:00,Basic,33.0,Arjun Sharma,1092
CUST_04839,Rahul,Singh,user4839@email.com,+91-8951462297,Ahmedabad,2023-04-24 12:00:00,Basic,65.0,Rahul Singh,1092
CUST_04840,Rahul,Gupta,user4840@email.com,+91-7781174204,Kolkata,2023-04-24 18:00:00,Premium,45.0,Rahul Gupta,1091
CUST_04841,Aarav,Nair,user4841@email.com,+91-9189889260,Chennai,2023-04-25 00:00:00,Standard,39.0,Aarav Nair,1091
CUST_04842,Rahul,Sharma,user4842@email.com,+91-8529787758,Kolkata,2023-04-25 06:00:00,Basic,36.0,Rahul Sharma,1091
CUST_04843,Rahul,Joshi,user4843@email.com,+91-8986537594,Bengaluru,2023-04-25 12:00:00,Premium,65.0,Rahul Joshi,1091
CUST_04844,Neha,Singh,user4844@email.com,+91-8999899744,Chennai,2023-04-25 18:00:00,Premium,18.0,Neha Singh,1090
CUST_04845,Neha,Shah,user4845@email.com,+91-7660677839,Mumbai,2023-04-26 00:00:00,Premium,48.0,Neha Shah,1090
CUST_04846,Rahul,Singh,user4846@email.com,+91-7189570002,Chennai,2023-04-26 06:00:00,Basic,69.0,Rahul Singh,1090
CUST_04847,Pooja,Patel,user4847@email.com,+91-8628322654,Ahmedabad,2023-04-26 12:00:00,Premium,69.0,Pooja Patel,1090
CUST_04848,Meera,Mehta,user4848@email.com,+91-7949659421,Hyderabad,2023-04-26 18:00:00,Standard,59.0,Meera Mehta,1089
CUST_04849,Meera,Singh,user4849@email.com,+91-7781691525,Hyderabad,2023-04-27 00:00:00,Basic,51.0,Meera Singh,1089
CUST_04850,Aarav,Nair,user4850@email.com,+91-9399989228,Mumbai,2023-04-27 06:00:00,Standard,63.0,Aarav Nair,1089
CUST_04851,Arjun,Patel,user4851@email.com,+91-7425726509,Mumbai,2023-04-27 12:00:00,Basic,57.0,Arjun Patel,1089
CUST_04852,Priya,Reddy,user4852@email.com,+91-8008972125,Delhi,2023-04-27 18:00:00,Basic,23.0,Priya Reddy,1088
CUST_04853,Aarav,Kumar,user4853@email.com,+91-8321729627,Bengaluru,2023-04-28 00:00:00,Premium,45.0,Aarav Kumar,1088
CUST_04854,Rahul,Joshi,user4854@email.com,+91-9990449325,Bengaluru,2023-04-28 06:00:00,Basic,20.0,Rahul Joshi,1088
CUST_04855,Neha,Shah,user4855@email.com,+91-7561429808,Ahmedabad,2023-04-28 12:00:00,Standard,48.0,Neha Shah,1088
CUST_04856,Anjali,Joshi,user4856@email.com,+91-7031420755,Ahmedabad,2023-04-28 18:00:00,Standard,33.0,Anjali Joshi,1087
CUST_04857,Pooja,Reddy,user4857@email.com,+91-7906727416,Ahmedabad,2023-04-29 00:00:00,Basic,34.0,Pooja Reddy,1087
CUST_04858,Vikram,Mehta,user4858@email.com,+91-7547771299,Ahmedabad,2023-04-29 06:00:00,Premium,61.0,Vikram Mehta,1087
CUST_04859,Neha,Singh,user4859@email.com,+91-7597232009,Ahmedabad,2023-04-29 12:00:00,Standard,44.0,Neha Singh,1087
CUST_04860,Meera,Gupta,user4860@email.com,+91-9747005718,Ahmedabad,2023-04-29 18:00:00,Standard,68.0,Meera Gupta,1086
CUST_04861,Neha,Patel,user4861@email.com,+91-8863506002,Bengaluru,2023-04-30 00:00:00,Premium,41.0,Neha Patel,1086
CUST_04862,Pooja,Shah,user4862@email.com,+91-9111573585,Pune,2023-04-30 06:00:00,Basic,37.0,Pooja Shah,1086
CUST_04863,Priya,Reddy,user4863@email.com,+91-7286736620,Hyderabad,2023-04-30 12:00:00,Standard,49.0,Priya Reddy,1086
CUST_04864,Rahul,Mehta,user4864@email.com,+91-7031529177,Bengaluru,2023-04-30 18:00:00,Basic,52.0,Rahul Mehta,1085
CUST_04865,Anjali,Joshi,user4865@email.com,+91-8753063173,Ahmedabad,2023-05-01 00:00:00,Standard,30.0,Anjali Joshi,1085
CUST_04866,Meera,Reddy,user4866@email.com,+91-8741749193,Delhi,2023-05-01 06:00:00,Basic,65.0,Meera Reddy,1085
CUST_04867,Meera,Shah,user4867@email.com,+91-7922108605,Delhi,2023-05-01 12:00:00,Premium,60.0,Meera Shah,1085
CUST_04868,Sanjay,Shah,user4868@email.com,+91-8894194494,Bengaluru,2023-05-01 18:00:00,Standard,37.0,Sanjay Shah,1084
CUST_04869,Arjun,Mehta,user4869@email.com,+91-9676902691,Mumbai,2023-05-02 00:00:00,Standard,65.0,Arjun Mehta,1084
CUST_04870,Priya,Joshi,user4870@email.com,+91-7149732758,Delhi,2023-05-02 06:00:00,Premium,69.0,Priya Joshi,1084
CUST_04871,Meera,Nair,user4871@email.com,+91-9509416680,Kolkata,2023-05-02 12:00:00,Basic,19.0,Meera Nair,1084
CUST_04872,Arjun,Shah,user4872@email.com,+91-8496743432,Mumbai,2023-05-02 18:00:00,Standard,21.0,Arjun Shah,1083
CUST_04873,Meera,Patel,user4873@email.com,+91-7689145413,Kolkata,2023-05-03 00:00:00,Standard,44.0,Meera Patel,1083
CUST_04874,Rahul,Patel,user4874@email.com,+91-9763571320,Hyderabad,2023-05-03 06:00:00,Premium,42.0,Rahul Patel,1083
CUST_04875,Arjun,Kumar,user4875@email.com,+91-9385067110,Pune,2023-05-03 12:00:00,Basic,21.0,Arjun Kumar,1083
CUST_04876,Pooja,Joshi,user4876@email.com,+91-9713697120,Delhi,2023-05-03 18:00:00,Basic,49.0,Pooja Joshi,1082
CUST_04877,Sanjay,Reddy,user4877@email.com,+91-9707250306,Mumbai,2023-05-04 00:00:00,Standard,34.0,Sanjay Reddy,1082
CUST_04878,Rahul,Patel,user4878@email.com,+91-9783596744,Ahmedabad,2023-05-04 06:00:00,Standard,18.0,Rahul Patel,1082
CUST_04879,Pooja,Mehta,user4879@email.com,+91-9771059068,Kolkata,2023-05-04 12:00:00,Standard,50.0,Pooja Mehta,1082
CUST_04880,Anjali,Reddy,user4880@email.com,+91-7381457667,Bengaluru,2023-05-04 18:00:00,Basic,47.0,Anjali Reddy,1081
CUST_04881,Priya,Joshi,user4881@email.com,+91-8594887244,Kolkata,2023-05-05 00:00:00,Premium,22.0,Priya Joshi,1081
CUST_04882,Priya,Mehta,user4882@email.com,+91-8812412261,Kolkata,2023-05-05 06:00:00,Standard,29.0,Priya Mehta,1081
CUST_04883,Vikram,Singh,user4883@email.com,+91-8297881788,Hyderabad,2023-05-05 12:00:00,Basic,55.0,Vikram Singh,1081
CUST_04884,Vikram,Sharma,user4884@email.com,+91-7130239828,Chennai,2023-05-05 18:00:00,Basic,49.0,Vikram Sharma,1080
CUST_04885,Arjun,Patel,user4885@email.com,+91-7818742942,Chennai,2023-05-06 00:00:00,Standard,55.0,Arjun Patel,1080
CUST_04886,Priya,Patel,user4886@email.com,+91-7007591006,Bengaluru,2023-05-06 06:00:00,Basic,34.0,Priya Patel,1080
CUST_04887,Arjun,Kumar,user4887@email.com,+91-7273093012,Hyderabad,2023-05-06 12:00:00,Standard,62.0,Arjun Kumar,1080
CUST_04888,Vikram,Nair,user4888@email.com,+91-8658171504,Hyderabad,2023-05-06 18:00:00,Basic,57.0,Vikram Nair,1079
CUST_04889,Anjali,Kumar,user4889@email.com,+91-8301962418,Ahmedabad,2023-05-07 00:00:00,Standard,49.0,Anjali Kumar,1079
CUST_04890,Meera,Joshi,user4890@email.com,+91-7659271619,Hyderabad,2023-05-07 06:00:00,Standard,41.0,Meera Joshi,1079
CUST_04891,Pooja,Kumar,user4891@email.com,+91-8774062694,Hyderabad,2023-05-07 12:00:00,Basic,29.0,Pooja Kumar,1079
CUST_04892,Neha,Nair,user4892@email.com,+91-8679739435,Chennai,2023-05-07 18:00:00,Premium,64.0,Neha Nair,1078
CUST_04893,Arjun,Nair,user4893@email.com,+91-8521097748,Mumbai,2023-05-08 00:00:00,Premium,48.0,Arjun Nair,1078
CUST_04894,Anjali,Shah,user4894@email.com,+91-8486601318,Hyderabad,2023-05-08 06:00:00,Premium,36.0,Anjali Shah,1078
CUST_04895,Pooja,Shah,user4895@email.com,+91-9596002492,Mumbai,2023-05-08 12:00:00,Basic,46.0,Pooja Shah,1078
CUST_04896,Priya,Sharma,user4896@email.com,+91-9942735658,Kolkata,2023-05-08 18:00:00,Premium,38.0,Priya Sharma,1077
CUST_04897,Meera,Mehta,user4897@email.com,+91-9395556390,Kolkata,2023-05-09 00:00:00,Basic,43.0,Meera Mehta,1077
CUST_04898,Pooja,Singh,user4898@email.com,+91-7066646051,Hyderabad,2023-05-09 06:00:00,Standard,69.0,Pooja Singh,1077
CUST_04899,Sanjay,Nair,user4899@email.com,+91-7831252580,Delhi,2023-05-09 12:00:00,Premium,45.0,Sanjay Nair,1077
CUST_04900,Vikram,Singh,user4900@email.com,+91-7673229811,Pune,2023-05-09 18:00:00,Standard,34.0,Vikram Singh,1076
CUST_04901,Pooja,Patel,user4901@email.com,+91-8787814661,Delhi,2023-05-10 00:00:00,Premium,26.0,Pooja Patel,1076
CUST_04902,Neha,Gupta,user4902@email.com,+91-8579975332,Kolkata,2023-05-10 06:00:00,Basic,38.0,Neha Gupta,1076
CUST_04903,Anjali,Sharma,user4903@email.com,+91-7588511172,Pune,2023-05-10 12:00:00,Basic,67.0,Anjali Sharma,1076
CUST_04904,Meera,Joshi,user4904@email.com,+91-8121766466,Delhi,2023-05-10 18:00:00,Standard,51.0,Meera Joshi,1075
CUST_04905,Rahul,Reddy,user4905@email.com,+91-8393554116,Hyderabad,2023-05-11 00:00:00,Premium,28.0,Rahul Reddy,1075
CUST_04906,Pooja,Singh,user4906@email.com,+91-8877689524,Mumbai,2023-05-11 06:00:00,Basic,37.0,Pooja Singh,1075
CUST_04907,Aarav,Kumar,user4907@email.com,+91-9881717749,Pune,2023-05-11 12:00:00,Basic,66.0,Aarav Kumar,1075
CUST_04908,Neha,Nair,user4908@email.com,+91-7508936005,Chennai,2023-05-11 18:00:00,Basic,44.0,Neha Nair,1074
CUST_04909,Neha,Singh,user4909@email.com,+91-8818286889,Bengaluru,2023-05-12 00:00:00,Basic,67.0,Neha Singh,1074
CUST_04910,Aarav,Reddy,user4910@email.com,+91-9200265578,Pune,2023-05-12 06:00:00,Standard,64.0,Aarav Reddy,1074
CUST_04911,Sanjay,Nair,user4911@email.com,+91-9961724083,Pune,2023-05-12 12:00:00,Basic,56.0,Sanjay Nair,1074
CUST_04912,Rahul,Joshi,user4912@email.com,+91-8526873636,Chennai,2023-05-12 18:00:00,Standard,33.0,Rahul Joshi,1073
CUST_04913,Vikram,Gupta,user4913@email.com,+91-8145559189,Hyderabad,2023-05-13 00:00:00,Premium,46.0,Vikram Gupta,1073
CUST_04914,Anjali,Kumar,user4914@email.com,+91-8222742687,Delhi,2023-05-13 06:00:00,Basic,18.0,Anjali Kumar,1073
CUST_04915,Meera,Singh,user4915@email.com,+91-9039610432,Delhi,2023-05-13 12:00:00,Basic,35.0,Meera Singh,1073
CUST_04916,Anjali,Shah,user4916@email.com,+91-8724386994,Kolkata,2023-05-13 18:00:00,Basic,39.0,Anjali Shah,1072
CUST_04917,Rahul,Sharma,user4917@email.com,+91-9174953529,Mumbai,2023-05-14 00:00:00,Standard,25.0,Rahul Sharma,1072
CUST_04918,Anjali,Singh,user4918@email.com,+91-8954174619,Hyderabad,2023-05-14 06:00:00,Standard,24.0,Anjali Singh,1072
CUST_04919,Aarav,Singh,user4919@email.com,+91-9681839964,Chennai,2023-05-14 12:00:00,Standard,42.0,Aarav Singh,1072
CUST_04920,Neha,Reddy,user4920@email.com,+91-9078195687,Hyderabad,2023-05-14 18:00:00,Basic,47.0,Neha Reddy,1071
CUST_04921,Anjali,Reddy,user4921@email.com,+91-9018277139,Hyderabad,2023-05-15 00:00:00,Premium,51.0,Anjali Reddy,1071
CUST_04922,Arjun,Sharma,user4922@email.com,+91-9517559454,Delhi,2023-05-15 06:00:00,Basic,61.0,Arjun Sharma,1071
CUST_04923,Pooja,Singh,user4923@email.com,+91-7006915169,Chennai,2023-05-15 12:00:00,Standard,65.0,Pooja Singh,1071
CUST_04924,Rahul,Mehta,user4924@email.com,+91-9507013733,Ahmedabad,2023-05-15 18:00:00,Basic,58.0,Rahul Mehta,1070
CUST_04925,Sanjay,Joshi,user4925@email.com,+91-7116066659,Bengaluru,2023-05-16 00:00:00,Basic,69.0,Sanjay Joshi,1070
CUST_04926,Arjun,Reddy,user4926@email.com,+91-8401180393,Pune,2023-05-16 06:00:00,Standard,28.0,Arjun Reddy,1070
CUST_04927,Aarav,Reddy,user4927@email.com,+91-7869221664,Delhi,2023-05-16 12:00:00,Standard,32.0,Aarav Reddy,1070
CUST_04928,Priya,Mehta,user4928@email.com,+91-8966080855,Chennai,2023-05-16 18:00:00,Basic,52.0,Priya Mehta,1069
CUST_04929,Aarav,Nair,user4929@email.com,+91-7423048671,Mumbai,2023-05-17 00:00:00,Standard,40.0,Aarav Nair,1069
CUST_04930,Sanjay,Singh,user4930@email.com,+91-8702175831,Pune,2023-05-17 06:00:00,Basic,44.0,Sanjay Singh,1069
CUST_04931,Sanjay,Sharma,user4931@email.com,+91-8965106431,Pune,2023-05-17 12:00:00,Basic,62.0,Sanjay Sharma,1069
CUST_04932,Arjun,Reddy,user4932@email.com,+91-8613252174,Ahmedabad,2023-05-17 18:00:00,Premium,38.0,Arjun Reddy,1068
CUST_04933,Pooja,Sharma,user4933@email.com,+91-8335548258,Ahmedabad,2023-05-18 00:00:00,Basic,45.0,Pooja Sharma,1068
CUST_04934,Rahul,Sharma,user4934@email.com,+91-8856156235,Delhi,2023-05-18 06:00:00,Premium,30.0,Rahul Sharma,1068
CUST_04935,Vikram,Joshi,user4935@email.com,+91-7793499009,Kolkata,2023-05-18 12:00:00,Basic,51.0,Vikram Joshi,1068
CUST_04936,Neha,Shah,user4936@email.com,+91-9647108017,Mumbai,2023-05-18 18:00:00,Standard,55.0,Neha Shah,1067
CUST_04937,Arjun,Reddy,user4937@email.com,+91-7631554087,Delhi,2023-05-19 00:00:00,Basic,23.0,Arjun Reddy,1067
CUST_04938,Sanjay,Kumar,user4938@email.com,+91-7368849895,Hyderabad,2023-05-19 06:00:00,Standard,61.0,Sanjay Kumar,1067
CUST_04939,Priya,Nair,user4939@email.com,+91-8746303798,Kolkata,2023-05-19 12:00:00,Standard,21.0,Priya Nair,1067
CUST_04940,Meera,Sharma,user4940@email.com,+91-8622700051,Chennai,2023-05-19 18:00:00,Standard,22.0,Meera Sharma,1066
CUST_04941,Sanjay,Reddy,user4941@email.com,+91-9036659205,Ahmedabad,2023-05-20 00:00:00,Basic,57.0,Sanjay Reddy,1066
CUST_04942,Pooja,Nair,user4942@email.com,+91-7582146742,Mumbai,2023-05-20 06:00:00,Standard,23.0,Pooja Nair,1066
CUST_04943,Pooja,Kumar,user4943@email.com,+91-9868233218,Pune,2023-05-20 12:00:00,Basic,38.0,Pooja Kumar,1066
CUST_04944,Sanjay,Reddy,user4944@email.com,+91-8635782253,Delhi,2023-05-20 18:00:00,Standard,45.0,Sanjay Reddy,1065
CUST_04945,Pooja,Singh,user4945@email.com,+91-8251885695,Ahmedabad,2023-05-21 00:00:00,Basic,20.0,Pooja Singh,1065
CUST_04946,Arjun,Sharma,user4946@email.com,+91-9585252417,Pune,2023-05-21 06:00:00,Basic,40.0,Arjun Sharma,1065
CUST_04947,Sanjay,Kumar,user4947@email.com,+91-9167354363,Mumbai,2023-05-21 12:00:00,Premium,25.0,Sanjay Kumar,1065
CUST_04948,Sanjay,Singh,user4948@email.com,+91-8531962019,Ahmedabad,2023-05-21 18:00:00,Standard,36.0,Sanjay Singh,1064
CUST_04949,Rahul,Sharma,user4949@email.com,+91-7046910844,Ahmedabad,2023-05-22 00:00:00,Standard,44.0,Rahul Sharma,1064
CUST_04950,Neha,Patel,user4950@email.com,+91-7327484515,Pune,2023-05-22 06:00:00,Standard,28.0,Neha Patel,1064
CUST_04951,Priya,Gupta,user4951@email.com,+91-8485036353,Delhi,2023-05-22 12:00:00,Standard,67.0,Priya Gupta,1064
CUST_04952,Pooja,Mehta,user4952@email.com,+91-8582606284,Kolkata,2023-05-22 18:00:00,Basic,27.0,Pooja Mehta,1063
CUST_04953,Rahul,Sharma,user4953@email.com,+91-9710870662,Delhi,2023-05-23 00:00:00,Standard,45.0,Rahul Sharma,1063
CUST_04954,Vikram,Kumar,user4954@email.com,+91-9886863589,Bengaluru,2023-05-23 06:00:00,Basic,37.0,Vikram Kumar,1063
CUST_04955,Vikram,Kumar,user4955@email.com,+91-9721966863,Ahmedabad,2023-05-23 12:00:00,Basic,61.0,Vikram Kumar,1063
CUST_04956,Anjali,Gupta,user4956@email.com,+91-8707503283,Pune,2023-05-23 18:00:00,Standard,69.0,Anjali Gupta,1062
CUST_04957,Arjun,Reddy,user4957@email.com,+91-8792283579,Bengaluru,2023-05-24 00:00:00,Basic,45.0,Arjun Reddy,1062
CUST_04958,Arjun,Mehta,user4958@email.com,+91-8294952097,Kolkata,2023-05-24 06:00:00,Premium,46.0,Arjun Mehta,1062
CUST_04959,Aarav,Nair,user4959@email.com,+91-9144249424,Bengaluru,2023-05-24 12:00:00,Basic,25.0,Aarav Nair,1062
CUST_04960,Priya,Sharma,user4960@email.com,+91-8899270184,Pune,2023-05-24 18:00:00,Standard,36.0,Priya Sharma,1061
CUST_04961,Sanjay,Reddy,user4961@email.com,+91-7762034729,Mumbai,2023-05-25 00:00:00,Basic,44.0,Sanjay Reddy,1061
CUST_04962,Pooja,Singh,user4962@email.com,+91-8785774704,Hyderabad,2023-05-25 06:00:00,Standard,65.0,Pooja Singh,1061
CUST_04963,Priya,Nair,user4963@email.com,+91-7584664950,Kolkata,2023-05-25 12:00:00,Standard,38.0,Priya Nair,1061
CUST_04964,Anjali,Mehta,user4964@email.com,+91-7412107540,Delhi,2023-05-25 18:00:00,Basic,35.0,Anjali Mehta,1060
CUST_04965,Aarav,Reddy,user4965@email.com,+91-8459134732,Chennai,2023-05-26 00:00:00,Standard,26.0,Aarav Reddy,1060
CUST_04966,Rahul,Shah,user4966@email.com,+91-8974509341,Kolkata,2023-05-26 06:00:00,Premium,21.0,Rahul Shah,1060
CUST_04967,Priya,Nair,user4967@email.com,+91-9790473994,Bengaluru,2023-05-26 12:00:00,Basic,58.0,Priya Nair,1060
CUST_04968,Rahul,Joshi,user4968@email.com,+91-7173584696,Mumbai,2023-05-26 18:00:00,Premium,42.0,Rahul Joshi,1059
CUST_04969,Vikram,Joshi,user4969@email.com,+91-7248946173,Pune,2023-05-27 00:00:00,Basic,51.0,Vikram Joshi,1059
CUST_04970,Pooja,Sharma,user4970@email.com,+91-7570540331,Mumbai,2023-05-27 06:00:00,Premium,26.0,Pooja Sharma,1059
CUST_04971,Anjali,Sharma,user4971@email.com,+91-9844673865,Mumbai,2023-05-27 12:00:00,Basic,26.0,Anjali Sharma,1059
CUST_04972,Sanjay,Sharma,user4972@email.com,+91-9751283437,Pune,2023-05-27 18:00:00,Premium,35.0,Sanjay Sharma,1058
CUST_04973,Pooja,Mehta,user4973@email.com,+91-9890054398,Chennai,2023-05-28 00:00:00,Standard,28.0,Pooja Mehta,1058
CUST_04974,Neha,Shah,user4974@email.com,+91-7117395572,Pune,2023-05-28 06:00:00,Standard,30.0,Neha Shah,1058
CUST_04975,Arjun,Reddy,user4975@email.com,+91-9788528131,Chennai,2023-05-28 12:00:00,Standard,55.0,Arjun Reddy,1058
CUST_04976,Anjali,Singh,user4976@email.com,+91-8355273979,Pune,2023-05-28 18:00:00,Standard,26.0,Anjali Singh,1057
CUST_04977,Priya,Patel,user4977@email.com,+91-8507060718,Bengaluru,2023-05-29 00:00:00,Standard,33.0,Priya Patel,1057
CUST_04978,Pooja,Kumar,user4978@email.com,+91-9259761253,Chennai,2023-05-29 06:00:00,Standard,21.0,Pooja Kumar,1057
CUST_04979,Meera,Singh,user4979@email.com,+91-8703203386,Bengaluru,2023-05-29 12:00:00,Standard,51.0,Meera Singh,1057
CUST_04980,Arjun,Reddy,user4980@email.com,+91-8954783701,Kolkata,2023-05-29 18:00:00,Standard,24.0,Arjun Reddy,1056
CUST_04981,Arjun,Shah,user4981@email.com,+91-7034580817,Chennai,2023-05-30 00:00:00,Standard,32.0,Arjun Shah,1056
CUST_04982,Meera,Mehta,user4982@email.com,+91-8436288622,Chennai,2023-05-30 06:00:00,Standard,55.0,Meera Mehta,1056
CUST_04983,Aarav,Nair,user4983@email.com,+91-9402447451,Pune,2023-05-30 12:00:00,Standard,28.0,Aarav Nair,1056
CUST_04984,Aarav,Singh,user4984@email.com,+91-9952147073,Chennai,2023-05-30 18:00:00,Standard,49.0,Aarav Singh,1055
CUST_04985,Meera,Nair,user4985@email.com,+91-9410651276,Bengaluru,2023-05-31 00:00:00,Premium,44.0,Meera Nair,1055
CUST_04986,Neha,Patel,user4986@email.com,+91-9713335726,Ahmedabad,2023-05-31 06:00:00,Standard,47.0,Neha Patel,1055
CUST_04987,Vikram,Reddy,user4987@email.com,+91-8042590356,Kolkata,2023-05-31 12:00:00,Basic,69.0,Vikram Reddy,1055
CUST_04988,Meera,Shah,user4988@email.com,+91-7180134166,Ahmedabad,2023-05-31 18:00:00,Premium,34.0,Meera Shah,1054
CUST_04989,Vikram,Reddy,user4989@email.com,+91-8075681486,Pune,2023-06-01 00:00:00,Basic,53.0,Vikram Reddy,1054
CUST_04990,Pooja,Kumar,user4990@email.com,+91-9760694334,Delhi,2023-06-01 06:00:00,Standard,36.0,Pooja Kumar,1054
CUST_04991,Neha,Mehta,user4991@email.com,+91-7205671283,Kolkata,2023-06-01 12:00:00,Premium,24.0,Neha Mehta,1054
CUST_04992,Anjali,Kumar,user4992@email.com,+91-7901970759,Ahmedabad,2023-06-01 18:00:00,Basic,60.0,Anjali Kumar,1053
CUST_04993,Vikram,Reddy,user4993@email.com,+91-7249692677,Kolkata,2023-06-02 00:00:00,Standard,62.0,Vikram Reddy,1053
CUST_04994,Arjun,Kumar,user4994@email.com,+91-8411390006,Ahmedabad,2023-06-02 06:00:00,Standard,38.0,Arjun Kumar,1053
CUST_04995,Pooja,Gupta,user4995@email.com,+91-8542921065,Bengaluru,2023-06-02 12:00:00,Basic,45.0,Pooja Gupta,1053
CUST_04996,Arjun,Reddy,user4996@email.com,+91-7705401996,Ahmedabad,2023-06-02 18:00:00,Basic,20.0,Arjun Reddy,1052
CUST_04997,Neha,Shah,user4997@email.com,+91-7148117661,Kolkata,2023-06-03 00:00:00,Basic,31.0,Neha Shah,1052
CUST_04998,Vikram,Singh,user4998@email.com,+91-9370811576,Delhi,2023-06-03 06:00:00,Basic,19.0,Vikram Singh,1052
CUST_04999,Rahul,Shah,user4999@email.com,+91-8719468490,Mumbai,2023-06-03 12:00:00,Basic,46.0,Rahul Shah,1052
CUST_05000,Neha,Gupta,user5000@email.com,+91-8884145720,Pune,2023-06-03 18:00:00,Basic,35.0,Neha Gupta,1051
