ticket_id,customer_id,created_date,category,priority,resolution_days,csat_score
TKT_000001,CUST_02552,2022-06-26,Delivery,Medium,3,4
TKT_000002,CUST_03104,2023-11-12,Return,Medium,1,
TKT_000003,CUST_03307,2022-08-11,Account,Medium,2,4
TKT_000004,CUST_03725,2022-04-07,App Issue,Medium,3,5
TKT_000005,CUST_03864,2022-03-24,Return,Medium,3,
TKT_000006,CUST_03904,2022-10-15,Delivery,Medium,1,4
TKT_000007,CUST_01741,2023-10-25,Other,High,2,2
TKT_000008,CUST_01380,2022-07-20,App Issue,Low,5,3
TKT_000009,CUST_02247,2024-05-22,Other,Low,5,5
TKT_000010,CUST_01961,2024-05-31,Payment,Medium,7,3
TKT_000011,CUST_01776,2022-06-08,Account,Medium,2,3
TKT_000012,CUST_04461,2023-05-15,Return,Medium,3,3
TKT_000013,CUST_02411,2024-02-20,App Issue,High,3,5
TKT_000014,CUST_04359,2022-02-04,Return,Medium,1,3
TKT_000015,CUST_01868,2023-08-24,Other,Medium,1,2
TKT_000016,CUST_04239,2022-03-20,Product Quality,Medium,1,5
TKT_000017,CUST_01621,2023-09-17,Delivery,Medium,5,4
TKT_000018,CUST_02811,2024-05-28,App Issue,Low,5,3
TKT_000019,CUST_02687,2022-12-24,Product Quality,Medium,7,3
TKT_000020,CUST_03152,2022-07-28,Other,Medium,2,4
TKT_000021,CUST_03901,2023-07-25,Payment,Medium,5,3
TKT_000022,CUST_00471,2023-10-01,Payment,Low,2,5
TKT_000023,CUST_03450,2023-09-11,Other,High,,2
TKT_000024,CUST_00816,2023-03-21,Payment,Low,5,5
TKT_000025,CUST_00246,2023-01-12,Payment,High,7,4
TKT_000026,CUST_04811,2022-03-05,Return,Low,2,5
TKT_000027,CUST_00918,2023-04-10,Account,Medium,5,5
TKT_000028,CUST_04279,2022-06-20,Return,Medium,5,5
TKT_000029,CUST_04040,2022-08-05,Delivery,Medium,5,2
TKT_000030,CUST_02909,2024-06-18,Account,Low,1,5
TKT_000031,CUST_03050,2022-01-31,App Issue,High,1,4
TKT_000032,CUST_04865,2022-11-07,Delivery,Medium,2,5
TKT_000033,CUST_04503,2024-03-18,Account,Medium,3,4
TKT_000034,CUST_01997,2023-06-21,Payment,High,3,5
TKT_000035,CUST_02276,2024-05-25,Payment,Medium,1,5
TKT_000036,CUST_02370,2024-01-05,Payment,High,5,3
TKT_000037,CUST_01896,2023-06-08,App Issue,Low,5,5
TKT_000038,CUST_03081,2023-01-07,App Issue,Low,5,3
TKT_000039,CUST_01982,2022-09-01,Other,High,1,5
TKT_000040,CUST_00150,2024-04-22,Account,Low,2,3
TKT_000041,CUST_03750,2023-11-18,Payment,High,3,3
TKT_000042,CUST_01443,2023-05-18,Account,High,2,4
TKT_000043,CUST_00635,2024-05-27,Account,Low,1,4
TKT_000044,CUST_04288,2024-04-01,Other,Medium,5,2
TKT_000045,CUST_01461,2023-12-24,Other,Medium,2,4
TKT_000046,CUST_02685,2023-12-24,Return,Low,2,3
TKT_000047,CUST_02630,2022-01-11,Product Quality,High,10,5
TKT_000048,CUST_04009,2022-05-09,Payment,High,,5
TKT_000049,CUST_01520,2024-04-26,Other,Low,3,1
TKT_000050,CUST_01910,2022-06-09,Product Quality,Low,2,1
TKT_000051,CUST_02230,2023-07-26,Product Quality,Low,1,5
TKT_000052,CUST_02298,2024-01-13,Delivery,Low,2,4
TKT_000053,CUST_01361,2023-03-06,Product Quality,Medium,2,4
TKT_000054,CUST_03586,2022-07-31,App Issue,Medium,5,5
TKT_000055,CUST_01662,2023-07-17,Product Quality,High,5,
TKT_000056,CUST_02352,2023-05-26,Delivery,Medium,2,2
TKT_000057,CUST_04665,2023-07-18,Other,Low,3,3
TKT_000058,CUST_03163,2023-04-08,App Issue,Medium,3,5
TKT_000059,CUST_00130,2023-07-01,Return,Medium,1,3
TKT_000060,CUST_03295,2023-09-20,Delivery,Medium,5,5
TKT_000061,CUST_01544,2023-03-01,Other,Medium,2,4
TKT_000062,CUST_03781,2023-10-06,Delivery,Medium,7,5
TKT_000063,CUST_01846,2022-06-29,Return,Medium,7,5
TKT_000064,CUST_03881,2023-10-26,Return,Medium,2,2
TKT_000065,CUST_04687,2023-08-22,App Issue,Low,5,4
TKT_000066,CUST_02003,2022-12-18,Account,Medium,3,5
TKT_000067,CUST_02817,2022-02-28,Delivery,High,3,5
TKT_000068,CUST_03426,2022-11-20,Account,Medium,1,4
TKT_000069,CUST_03968,2022-08-21,Product Quality,High,10,
TKT_000070,CUST_04020,2022-02-18,Return,High,7,3
TKT_000071,CUST_00675,2022-03-09,Product Quality,High,2,2
TKT_000072,CUST_04355,2023-04-19,App Issue,Low,2,4
TKT_000073,CUST_03717,2024-06-15,Product Quality,Medium,5,2
TKT_000074,CUST_03973,2023-06-24,Account,Medium,3,5
TKT_000075,CUST_04747,2022-10-30,Delivery,Low,2,3
TKT_000076,CUST_04353,2023-08-28,Return,Low,3,5
TKT_000077,CUST_00312,2023-06-01,Product Quality,Low,2,3
TKT_000078,CUST_01031,2023-05-18,Other,Low,5,4
TKT_000079,CUST_02593,2022-07-26,Product Quality,Low,5,5
TKT_000080,CUST_04893,2022-02-25,App Issue,High,5,4
TKT_000081,CUST_02345,2022-05-01,Delivery,High,3,4
TKT_000082,CUST_00061,2023-12-02,Return,Low,3,2
TKT_000083,CUST_03799,2022-08-12,Account,Low,,3
TKT_000084,CUST_04938,2024-02-06,App Issue,Medium,,3
TKT_000085,CUST_02811,2022-01-16,Product Quality,Medium,7,5
TKT_000086,CUST_00223,2024-06-01,Delivery,Medium,3,2
TKT_000087,CUST_03157,2024-02-14,Return,High,10,4
TKT_000088,CUST_01324,2022-05-10,Delivery,Medium,3,5
TKT_000089,CUST_03543,2022-02-15,Account,Medium,2,3
TKT_000090,CUST_03303,2022-04-07,Payment,High,,3
TKT_000091,CUST_00612,2023-01-29,Other,Medium,3,5
TKT_000092,CUST_04902,2022-01-30,Product Quality,Low,1,4
TKT_000093,CUST_02375,2022-07-09,Product Quality,High,2,4
TKT_000094,CUST_00595,2023-07-13,Payment,Medium,2,4
TKT_000095,CUST_00328,2022-02-17,Delivery,Low,3,4
TKT_000096,CUST_04635,2022-01-05,Payment,High,2,3
TKT_000097,CUST_03794,2024-04-20,Account,High,3,1
TKT_000098,CUST_04637,2023-01-09,Payment,Low,3,4
TKT_000099,CUST_01560,2023-06-27,App Issue,Low,1,4
TKT_000100,CUST_00526,2024-02-13,Other,High,2,2
TKT_000101,CUST_04194,2024-05-02,Payment,Medium,2,4
TKT_000102,CUST_03237,2023-12-26,Product Quality,High,2,4
TKT_000103,CUST_02310,2023-07-25,Payment,High,3,1
TKT_000104,CUST_00319,2023-10-31,App Issue,Medium,5,1
TKT_000105,CUST_00843,2023-11-22,Payment,Medium,5,5
TKT_000106,CUST_01720,2023-10-31,Delivery,Medium,7,4
TKT_000107,CUST_04622,2022-01-20,Delivery,Medium,3,5
TKT_000108,CUST_01234,2024-03-20,Payment,Medium,,3
TKT_000109,CUST_00582,2023-06-07,Delivery,High,3,3
TKT_000110,CUST_01751,2023-05-18,Product Quality,Low,2,2
TKT_000111,CUST_02596,2024-05-31,App Issue,High,1,4
TKT_000112,CUST_01141,2024-06-09,App Issue,Low,2,4
TKT_000113,CUST_02746,2024-05-08,Delivery,Medium,3,3
TKT_000114,CUST_00719,2023-07-03,Payment,Medium,2,5
TKT_000115,CUST_01920,2023-03-03,Account,Low,3,5
TKT_000116,CUST_02081,2022-10-15,Return,High,,4
TKT_000117,CUST_03252,2023-05-15,Other,Medium,5,4
TKT_000118,CUST_01029,2022-08-31,Other,Medium,3,5
TKT_000119,CUST_04954,2024-03-06,Payment,Low,5,5
TKT_000120,CUST_00407,2023-08-23,Delivery,Medium,5,2
TKT_000121,CUST_00902,2022-01-30,Product Quality,High,,4
TKT_000122,CUST_00992,2022-03-02,Other,Medium,7,3
TKT_000123,CUST_03182,2022-05-04,Account,Medium,2,4
TKT_000124,CUST_02654,2022-11-10,Delivery,Low,1,4
TKT_000125,CUST_00991,2022-07-05,Account,Low,1,3
TKT_000126,CUST_01936,2023-07-08,Delivery,Medium,5,4
TKT_000127,CUST_04097,2023-02-25,Product Quality,Low,5,4
TKT_000128,CUST_01429,2023-08-04,Delivery,Low,1,5
TKT_000129,CUST_04197,2023-03-27,Payment,High,3,
TKT_000130,CUST_02428,2023-05-22,App Issue,Medium,2,5
TKT_000131,CUST_01955,2022-02-04,Return,Medium,7,5
TKT_000132,CUST_02240,2022-09-13,Product Quality,Low,2,4
TKT_000133,CUST_03088,2024-01-12,Return,Low,2,4
TKT_000134,CUST_00103,2023-04-30,Return,Medium,3,4
TKT_000135,CUST_03979,2023-05-05,Payment,Low,7,4
TKT_000136,CUST_02924,2022-10-10,Product Quality,Low,7,5
TKT_000137,CUST_00128,2022-12-16,Other,Low,5,3
TKT_000138,CUST_02513,2024-05-27,Return,High,5,4
TKT_000139,CUST_02295,2022-09-04,Other,Low,1,3
TKT_000140,CUST_01920,2022-03-20,Other,High,2,5
TKT_000141,CUST_03025,2023-12-13,Account,High,5,4
TKT_000142,CUST_01800,2022-09-17,App Issue,Medium,1,5
TKT_000143,CUST_01377,2022-06-05,Account,Medium,,2
TKT_000144,CUST_01239,2024-05-15,Product Quality,Low,1,5
TKT_000145,CUST_00159,2023-07-20,Payment,Medium,3,3
TKT_000146,CUST_04262,2022-02-21,App Issue,Medium,,1
TKT_000147,CUST_00604,2023-07-17,App Issue,Low,5,4
TKT_000148,CUST_01497,2023-11-28,Account,Medium,2,4
TKT_000149,CUST_00238,2022-03-19,Delivery,Medium,5,1
TKT_000150,CUST_03871,2022-06-29,Payment,High,10,5
TKT_000151,CUST_04683,2022-04-17,Delivery,Medium,2,1
TKT_000152,CUST_00154,2023-10-01,Account,Low,5,4
TKT_000153,CUST_00501,2024-01-23,Return,High,,5
TKT_000154,CUST_02204,2024-02-16,Other,High,5,5
TKT_000155,CUST_01781,2022-03-19,Other,High,2,5
TKT_000156,CUST_02399,2024-01-16,Product Quality,Medium,1,4
TKT_000157,CUST_02554,2022-01-01,App Issue,Medium,5,5
TKT_000158,CUST_04894,2023-04-23,App Issue,Low,1,4
TKT_000159,CUST_02544,2023-09-24,Other,High,3,3
TKT_000160,CUST_02181,2023-11-25,Other,Medium,5,5
TKT_000161,CUST_04257,2024-03-15,Product Quality,Medium,2,5
TKT_000162,CUST_02965,2022-12-21,Other,High,2,3
TKT_000163,CUST_03306,2023-02-03,Account,Medium,1,
TKT_000164,CUST_03979,2022-08-11,Return,High,3,1
TKT_000165,CUST_00342,2022-05-29,Account,Medium,1,2
TKT_000166,CUST_01102,2023-04-29,Other,High,7,5
TKT_000167,CUST_03264,2022-02-13,Return,Medium,,5
TKT_000168,CUST_04955,2023-01-03,App Issue,High,3,5
TKT_000169,CUST_02877,2024-04-08,Account,Medium,2,4
TKT_000170,CUST_04981,2023-08-03,Payment,Medium,7,4
TKT_000171,CUST_02823,2024-02-17,Return,High,7,1
TKT_000172,CUST_02743,2023-06-11,Payment,Medium,3,5
TKT_000173,CUST_04475,2022-12-13,Other,Medium,5,4
TKT_000174,CUST_01927,2024-01-19,Other,Medium,1,3
TKT_000175,CUST_03370,2022-08-08,Account,Medium,3,
TKT_000176,CUST_02328,2023-09-19,Account,Medium,7,5
TKT_000177,CUST_01198,2023-02-27,App Issue,High,7,5
TKT_000178,CUST_01314,2023-08-02,Product Quality,Medium,2,5
TKT_000179,CUST_02381,2022-12-04,App Issue,Low,3,3
TKT_000180,CUST_01423,2022-05-28,Product Quality,Low,1,4
TKT_000181,CUST_03248,2023-08-08,Payment,Medium,5,4
TKT_000182,CUST_01294,2023-11-28,Account,Medium,3,4
TKT_000183,CUST_01396,2023-01-01,Product Quality,Low,,5
TKT_000184,CUST_04084,2023-05-22,Payment,Medium,3,5
TKT_000185,CUST_04318,2023-07-15,Account,Medium,2,5
TKT_000186,CUST_03050,2023-10-18,Payment,Low,1,4
TKT_000187,CUST_02876,2023-03-31,Product Quality,Low,3,4
TKT_000188,CUST_00741,2022-10-21,Other,Medium,7,4
TKT_000189,CUST_02189,2023-09-03,Product Quality,Low,2,2
TKT_000190,CUST_04676,2023-04-16,Return,Medium,5,3
TKT_000191,CUST_04825,2022-08-21,Return,Medium,1,4
TKT_000192,CUST_00523,2024-01-21,Return,Medium,1,2
TKT_000193,CUST_00117,2024-04-21,App Issue,Medium,2,4
TKT_000194,CUST_01194,2023-04-14,Account,Low,2,4
TKT_000195,CUST_03984,2022-02-12,Product Quality,Low,2,5
TKT_000196,CUST_00082,2023-11-03,App Issue,Medium,5,5
TKT_000197,CUST_01935,2023-12-13,Account,Medium,1,2
TKT_000198,CUST_02389,2023-03-16,Return,Low,2,3
TKT_000199,CUST_02683,2022-03-12,Return,Medium,3,5
TKT_000200,CUST_03964,2024-03-18,Account,Medium,1,1
TKT_000201,CUST_00275,2022-02-11,Return,Low,1,4
TKT_000202,CUST_00765,2023-04-19,Return,High,5,4
TKT_000203,CUST_04759,2023-05-16,Product Quality,High,2,4
TKT_000204,CUST_04389,2022-08-05,Product Quality,Medium,3,5
TKT_000205,CUST_03735,2023-03-12,Delivery,Low,5,4
TKT_000206,CUST_04112,2023-05-30,App Issue,Medium,7,5
TKT_000207,CUST_04503,2022-01-15,Other,Low,10,3
TKT_000208,CUST_04202,2023-02-26,Other,Low,,4
TKT_000209,CUST_00669,2024-03-21,Account,High,7,5
TKT_000210,CUST_02446,2023-10-21,Product Quality,Medium,3,5
TKT_000211,CUST_01718,2024-04-27,Account,Medium,2,5
TKT_000212,CUST_02034,2022-07-15,Product Quality,Low,5,5
TKT_000213,CUST_03230,2023-05-24,Return,Medium,5,4
TKT_000214,CUST_01722,2022-04-30,App Issue,Low,2,5
TKT_000215,CUST_04387,2024-01-05,Account,Low,10,3
TKT_000216,CUST_04626,2022-07-10,Other,Medium,3,4
TKT_000217,CUST_03065,2023-05-21,App Issue,Low,5,4
TKT_000218,CUST_03549,2024-05-24,Other,Low,3,
TKT_000219,CUST_03369,2023-10-10,Return,High,3,4
TKT_000220,CUST_01353,2022-12-28,Payment,Low,1,4
TKT_000221,CUST_02795,2022-07-23,App Issue,Medium,1,5
TKT_000222,CUST_01079,2022-11-08,Product Quality,Medium,1,5
TKT_000223,CUST_04291,2022-07-09,App Issue,Low,2,5
TKT_000224,CUST_03220,2022-01-01,Return,Medium,3,5
TKT_000225,CUST_03783,2022-07-25,Account,Medium,5,4
TKT_000226,CUST_04912,2022-08-14,Product Quality,Medium,3,3
TKT_000227,CUST_01682,2022-04-11,Payment,Low,3,5
TKT_000228,CUST_03340,2023-05-05,Payment,Medium,5,4
TKT_000229,CUST_00084,2024-03-27,Return,Medium,1,5
TKT_000230,CUST_00375,2023-09-13,Payment,Low,3,1
TKT_000231,CUST_03682,2022-09-03,Account,Low,3,4
TKT_000232,CUST_01026,2023-10-13,Return,Medium,3,4
TKT_000233,CUST_03709,2023-04-25,Payment,Low,3,5
TKT_000234,CUST_02587,2022-06-28,Account,Medium,7,4
TKT_000235,CUST_02867,2023-06-07,Delivery,Medium,3,4
TKT_000236,CUST_01105,2023-10-14,Return,High,3,1
TKT_000237,CUST_04648,2022-08-08,Account,Low,3,2
TKT_000238,CUST_04883,2023-11-13,App Issue,High,1,3
TKT_000239,CUST_00867,2022-11-23,App Issue,Medium,2,
TKT_000240,CUST_01569,2024-02-29,Return,Medium,3,3
TKT_000241,CUST_02626,2023-01-03,Account,High,1,3
TKT_000242,CUST_00619,2024-05-04,Product Quality,Low,3,4
TKT_000243,CUST_04032,2023-12-26,Product Quality,Low,3,5
TKT_000244,CUST_02671,2023-04-28,Return,Medium,1,5
TKT_000245,CUST_04498,2023-11-25,Delivery,High,1,5
TKT_000246,CUST_03786,2023-03-14,Account,Medium,1,4
TKT_000247,CUST_02292,2024-04-16,Return,Low,10,3
TKT_000248,CUST_03729,2023-05-12,Return,Medium,7,1
TKT_000249,CUST_04847,2023-02-02,App Issue,Low,7,3
TKT_000250,CUST_02765,2024-04-20,Return,Medium,1,3
TKT_000251,CUST_01483,2024-05-10,Product Quality,Medium,3,4
TKT_000252,CUST_01040,2023-07-13,Other,Low,2,4
TKT_000253,CUST_04632,2023-06-01,Payment,Medium,2,2
TKT_000254,CUST_04851,2024-04-21,Product Quality,Medium,1,
TKT_000255,CUST_03111,2023-09-11,Delivery,Medium,3,4
TKT_000256,CUST_04035,2024-01-30,Delivery,Low,2,
TKT_000257,CUST_01443,2024-01-27,App Issue,Medium,1,5
TKT_000258,CUST_03233,2022-12-12,Other,Medium,5,3
TKT_000259,CUST_04245,2022-01-02,Return,Medium,3,4
TKT_000260,CUST_03932,2024-06-07,Return,Low,2,4
TKT_000261,CUST_01703,2023-09-28,Payment,Low,5,5
TKT_000262,CUST_00513,2023-05-19,App Issue,High,3,4
TKT_000263,CUST_04012,2023-11-01,App Issue,High,3,3
TKT_000264,CUST_01186,2022-06-18,Product Quality,Medium,2,5
TKT_000265,CUST_02864,2022-06-24,Other,Low,7,3
TKT_000266,CUST_04558,2022-10-15,Product Quality,High,1,4
TKT_000267,CUST_02318,2023-10-09,Account,Medium,1,3
TKT_000268,CUST_01426,2022-05-20,Product Quality,Low,3,1
TKT_000269,CUST_04637,2023-04-12,Payment,Low,2,4
TKT_000270,CUST_03442,2022-11-04,Payment,Medium,2,5
TKT_000271,CUST_04673,2022-02-28,Account,Medium,2,4
TKT_000272,CUST_03408,2022-11-08,Delivery,Low,3,5
TKT_000273,CUST_01891,2022-11-13,Return,High,1,5
TKT_000274,CUST_01612,2023-06-03,Product Quality,High,3,4
TKT_000275,CUST_00159,2022-03-21,App Issue,High,,2
TKT_000276,CUST_03621,2024-05-13,Return,Medium,3,5
TKT_000277,CUST_01440,2023-04-14,Account,Low,1,4
TKT_000278,CUST_02133,2023-06-06,Other,Medium,7,4
TKT_000279,CUST_01505,2024-04-13,Payment,Medium,2,5
TKT_000280,CUST_04143,2023-07-11,App Issue,Medium,1,
TKT_000281,CUST_01619,2023-09-01,Payment,Low,7,
TKT_000282,CUST_02947,2022-05-03,Return,Low,2,4
TKT_000283,CUST_03973,2023-07-25,Account,Medium,5,5
TKT_000284,CUST_02329,2023-06-09,Payment,Medium,10,5
TKT_000285,CUST_01967,2023-03-04,Delivery,Medium,3,4
TKT_000286,CUST_02857,2024-04-16,App Issue,Medium,2,2
TKT_000287,CUST_04123,2024-05-26,Return,Medium,5,5
TKT_000288,CUST_03176,2024-02-29,Return,Low,7,4
TKT_000289,CUST_00890,2024-04-03,Payment,Low,2,3
TKT_000290,CUST_02681,2022-04-20,Product Quality,Medium,7,4
TKT_000291,CUST_04794,2023-03-13,Account,Medium,2,5
TKT_000292,CUST_04445,2023-08-03,Account,Medium,1,4
TKT_000293,CUST_02747,2022-03-01,Return,Medium,7,4
TKT_000294,CUST_03972,2022-04-30,Account,High,10,5
TKT_000295,CUST_02358,2024-06-17,Payment,Medium,1,5
TKT_000296,CUST_04752,2023-06-30,Product Quality,Low,5,
TKT_000297,CUST_02013,2022-10-06,Delivery,High,1,3
TKT_000298,CUST_04793,2024-02-21,Other,Medium,3,4
TKT_000299,CUST_00883,2022-03-25,Other,Low,5,5
TKT_000300,CUST_04704,2022-06-07,Payment,Medium,2,5
TKT_000301,CUST_04378,2023-08-20,Other,Low,1,5
TKT_000302,CUST_03038,2022-12-28,Return,Low,2,3
TKT_000303,CUST_00396,2022-05-25,Payment,Medium,,4
TKT_000304,CUST_03482,2022-02-18,Other,High,1,3
TKT_000305,CUST_03295,2023-10-30,Payment,Medium,,5
TKT_000306,CUST_02979,2022-09-06,App Issue,High,2,2
TKT_000307,CUST_01458,2024-02-10,Delivery,Low,2,4
TKT_000308,CUST_03550,2023-01-11,Payment,High,1,3
TKT_000309,CUST_04703,2023-05-31,Product Quality,Medium,2,4
TKT_000310,CUST_04893,2022-02-18,Return,High,5,4
TKT_000311,CUST_00707,2023-11-25,App Issue,Medium,5,3
TKT_000312,CUST_02876,2022-05-17,Delivery,Medium,2,4
TKT_000313,CUST_01806,2023-12-02,Delivery,Medium,7,4
TKT_000314,CUST_03336,2023-02-05,Account,High,1,2
TKT_000315,CUST_03975,2023-03-30,Payment,Medium,2,5
TKT_000316,CUST_03214,2022-08-26,Other,Low,3,5
TKT_000317,CUST_01447,2023-05-14,Account,Low,2,5
TKT_000318,CUST_00088,2023-11-27,Product Quality,Medium,1,1
TKT_000319,CUST_00522,2024-02-17,Payment,Low,2,3
TKT_000320,CUST_03378,2022-10-21,Other,High,3,4
TKT_000321,CUST_01202,2023-09-12,Other,High,2,3
TKT_000322,CUST_01125,2022-03-21,Account,Medium,3,3
TKT_000323,CUST_02823,2022-10-13,Other,Medium,2,4
TKT_000324,CUST_00593,2022-07-06,App Issue,Low,2,5
TKT_000325,CUST_04682,2022-05-18,Other,Medium,2,4
TKT_000326,CUST_02947,2024-05-12,App Issue,High,3,4
TKT_000327,CUST_03308,2022-03-06,Delivery,Medium,1,3
TKT_000328,CUST_00675,2022-11-13,Other,Medium,2,3
TKT_000329,CUST_04609,2023-01-15,Payment,High,2,3
TKT_000330,CUST_04411,2023-01-22,Return,Medium,7,5
TKT_000331,CUST_04600,2022-11-18,Other,Medium,2,5
TKT_000332,CUST_03073,2023-11-24,Other,Low,2,5
TKT_000333,CUST_04663,2024-01-02,Product Quality,Medium,1,1
TKT_000334,CUST_01722,2024-04-28,Delivery,Medium,10,4
TKT_000335,CUST_04882,2023-05-17,Product Quality,Medium,3,4
TKT_000336,CUST_04923,2022-08-25,Other,Medium,10,5
TKT_000337,CUST_01032,2022-09-04,Account,Medium,1,4
TKT_000338,CUST_02420,2022-03-06,Payment,Medium,2,5
TKT_000339,CUST_02816,2022-04-22,Product Quality,Medium,1,4
TKT_000340,CUST_02331,2022-03-10,Return,Low,5,2
TKT_000341,CUST_00179,2022-10-29,App Issue,Medium,1,4
TKT_000342,CUST_00302,2022-04-27,Delivery,High,3,4
TKT_000343,CUST_01814,2022-01-23,Payment,Low,1,5
TKT_000344,CUST_00125,2023-11-11,Return,Low,2,4
TKT_000345,CUST_04151,2023-11-30,Payment,Medium,2,4
TKT_000346,CUST_01832,2023-06-06,Product Quality,High,3,4
TKT_000347,CUST_00047,2023-03-20,Return,Medium,,5
TKT_000348,CUST_01970,2022-04-09,Product Quality,Medium,3,
TKT_000349,CUST_03681,2022-11-02,Delivery,Medium,1,3
TKT_000350,CUST_02617,2023-05-20,Account,Medium,10,4
TKT_000351,CUST_01341,2022-11-11,App Issue,Medium,7,4
TKT_000352,CUST_02353,2022-12-10,App Issue,High,3,4
TKT_000353,CUST_03402,2022-06-14,Product Quality,High,1,2
TKT_000354,CUST_00111,2022-05-10,App Issue,Low,2,4
TKT_000355,CUST_03897,2023-04-02,Payment,Low,3,4
TKT_000356,CUST_02187,2024-01-07,App Issue,Medium,5,1
TKT_000357,CUST_01437,2022-03-28,Other,Low,5,5
TKT_000358,CUST_03126,2023-07-05,Return,Low,,5
TKT_000359,CUST_00459,2022-02-09,Other,Low,7,4
TKT_000360,CUST_04642,2023-11-21,Delivery,Low,2,3
TKT_000361,CUST_02607,2022-01-30,App Issue,Medium,2,3
TKT_000362,CUST_01972,2023-03-29,Account,High,3,3
TKT_000363,CUST_02523,2022-10-24,Delivery,Low,7,4
TKT_000364,CUST_01535,2022-09-18,Product Quality,High,10,4
TKT_000365,CUST_00188,2023-05-28,Other,Low,,4
TKT_000366,CUST_04855,2023-05-12,Account,Low,5,5
TKT_000367,CUST_04307,2023-06-13,App Issue,Medium,5,4
TKT_000368,CUST_02554,2023-12-28,Delivery,Medium,2,3
TKT_000369,CUST_01935,2022-03-09,Delivery,Low,2,2
TKT_000370,CUST_00880,2022-04-25,Product Quality,Medium,2,5
TKT_000371,CUST_00275,2024-04-27,Payment,Medium,1,5
TKT_000372,CUST_03493,2023-10-28,Delivery,High,2,3
TKT_000373,CUST_00840,2022-01-08,Payment,Medium,,3
TKT_000374,CUST_03839,2024-02-20,Return,Low,5,5
TKT_000375,CUST_04096,2022-04-15,App Issue,Medium,2,4
TKT_000376,CUST_03548,2023-03-31,App Issue,Medium,5,3
TKT_000377,CUST_02283,2023-05-26,Return,Medium,2,4
TKT_000378,CUST_03773,2023-08-27,Payment,Low,5,4
TKT_000379,CUST_04173,2022-11-27,App Issue,Low,1,5
TKT_000380,CUST_04649,2023-10-01,Delivery,Medium,5,2
TKT_000381,CUST_01574,2023-04-10,Other,Low,3,4
TKT_000382,CUST_01739,2024-02-02,Product Quality,Medium,2,2
TKT_000383,CUST_04730,2024-01-16,Other,Low,3,5
TKT_000384,CUST_01007,2023-06-22,Return,High,3,5
TKT_000385,CUST_03563,2023-05-16,Account,Medium,3,4
TKT_000386,CUST_03726,2022-10-11,Payment,Medium,7,5
TKT_000387,CUST_00986,2023-02-05,Other,Low,1,5
TKT_000388,CUST_01054,2022-10-21,App Issue,Medium,2,3
TKT_000389,CUST_02655,2022-03-01,Return,Medium,5,
TKT_000390,CUST_01021,2022-06-08,Product Quality,Low,3,5
TKT_000391,CUST_00321,2024-01-01,Return,High,3,5
TKT_000392,CUST_04279,2022-09-07,Account,Medium,1,5
TKT_000393,CUST_01966,2023-06-26,App Issue,Low,1,5
TKT_000394,CUST_00752,2022-08-06,Other,High,1,1
TKT_000395,CUST_00687,2022-11-30,Return,Medium,10,2
TKT_000396,CUST_04317,2023-02-11,Payment,Medium,3,3
TKT_000397,CUST_01308,2023-12-28,Other,High,,3
TKT_000398,CUST_04217,2022-08-26,Account,Low,5,3
TKT_000399,CUST_00364,2022-09-08,Delivery,Medium,3,4
TKT_000400,CUST_03344,2024-04-01,Product Quality,Low,3,4
TKT_000401,CUST_02299,2022-03-28,Other,Low,1,1
TKT_000402,CUST_03498,2024-03-06,Product Quality,High,2,5
TKT_000403,CUST_04951,2024-02-10,Account,Low,1,4
TKT_000404,CUST_01763,2024-06-01,Return,Medium,3,
TKT_000405,CUST_02774,2022-12-06,Other,High,3,4
TKT_000406,CUST_02864,2024-02-28,Other,High,5,4
TKT_000407,CUST_03841,2022-04-26,Account,Medium,5,5
TKT_000408,CUST_01338,2022-02-14,App Issue,Medium,5,2
TKT_000409,CUST_03656,2024-03-01,Other,Medium,2,4
TKT_000410,CUST_04248,2024-05-27,Delivery,Medium,3,5
TKT_000411,CUST_04913,2022-09-02,Delivery,Low,5,4
TKT_000412,CUST_00706,2023-12-24,Payment,High,3,3
TKT_000413,CUST_04131,2023-11-19,Return,Medium,1,5
TKT_000414,CUST_00205,2022-08-15,Payment,Low,5,
TKT_000415,CUST_02700,2022-02-01,Payment,High,2,4
TKT_000416,CUST_03330,2022-08-19,Delivery,High,1,5
TKT_000417,CUST_00076,2024-05-07,Account,High,5,3
TKT_000418,CUST_00059,2023-07-21,Account,Low,10,2
TKT_000419,CUST_02504,2022-05-31,Other,Medium,1,4
TKT_000420,CUST_02162,2023-07-31,Payment,Medium,2,3
TKT_000421,CUST_02875,2022-12-28,Other,Low,1,3
TKT_000422,CUST_03156,2022-11-07,Payment,Low,5,5
TKT_000423,CUST_03168,2022-10-13,Product Quality,Medium,2,5
TKT_000424,CUST_02360,2024-04-15,App Issue,Medium,,4
TKT_000425,CUST_01501,2024-03-30,Payment,Medium,2,1
TKT_000426,CUST_01899,2023-12-25,Return,Medium,3,5
TKT_000427,CUST_03049,2023-02-28,Account,Medium,1,5
TKT_000428,CUST_03480,2022-12-06,App Issue,Low,5,
TKT_000429,CUST_03444,2023-10-02,Payment,Medium,1,5
TKT_000430,CUST_03645,2024-01-31,Other,Medium,5,4
TKT_000431,CUST_01536,2022-03-20,Delivery,High,1,1
TKT_000432,CUST_01241,2023-05-30,Other,Medium,2,5
TKT_000433,CUST_00421,2023-07-14,Delivery,Low,3,5
TKT_000434,CUST_04784,2022-02-07,Return,High,1,5
TKT_000435,CUST_00414,2022-01-23,Return,Medium,1,5
TKT_000436,CUST_01647,2022-10-26,Delivery,High,1,3
TKT_000437,CUST_03743,2023-11-06,Payment,Medium,,3
TKT_000438,CUST_02236,2022-09-07,Account,High,1,3
TKT_000439,CUST_00630,2024-02-28,Other,High,5,4
TKT_000440,CUST_03926,2023-08-09,Payment,High,7,4
TKT_000441,CUST_00734,2022-07-05,App Issue,Medium,1,5
TKT_000442,CUST_01650,2023-02-07,Payment,High,5,5
TKT_000443,CUST_04790,2022-02-13,Account,Low,5,5
TKT_000444,CUST_01518,2023-09-29,Other,Medium,2,4
TKT_000445,CUST_00181,2022-04-15,Product Quality,Medium,2,5
TKT_000446,CUST_04932,2023-08-01,Delivery,High,7,4
TKT_000447,CUST_01439,2022-05-21,Other,Medium,1,5
TKT_000448,CUST_04926,2024-04-14,Other,Low,2,2
TKT_000449,CUST_03349,2024-02-15,Payment,Medium,5,2
TKT_000450,CUST_01617,2023-12-12,Delivery,Medium,3,3
TKT_000451,CUST_04603,2023-10-22,Payment,Low,5,4
TKT_000452,CUST_04468,2024-03-29,Delivery,Low,5,3
TKT_000453,CUST_04597,2022-06-25,Account,Medium,3,3
TKT_000454,CUST_00687,2023-08-02,Account,Medium,5,5
TKT_000455,CUST_00898,2024-05-22,Product Quality,Medium,1,4
TKT_000456,CUST_00069,2022-09-22,Payment,High,10,5
TKT_000457,CUST_04362,2023-01-25,App Issue,High,2,5
TKT_000458,CUST_02227,2024-02-02,Other,Low,2,3
TKT_000459,CUST_04609,2023-05-24,Return,Medium,7,3
TKT_000460,CUST_04269,2022-12-27,App Issue,High,7,5
TKT_000461,CUST_04727,2024-02-05,App Issue,Low,2,3
TKT_000462,CUST_00226,2024-02-16,App Issue,High,5,4
TKT_000463,CUST_00782,2022-01-01,Payment,Medium,1,5
TKT_000464,CUST_02376,2022-02-14,Other,Medium,3,4
TKT_000465,CUST_03231,2022-04-14,App Issue,Medium,1,4
TKT_000466,CUST_00020,2023-08-24,Payment,Medium,1,3
TKT_000467,CUST_01578,2024-05-04,App Issue,Low,2,3
TKT_000468,CUST_00726,2023-05-28,Other,Medium,2,4
TKT_000469,CUST_02086,2023-11-06,Delivery,Medium,3,3
TKT_000470,CUST_03642,2023-05-10,Payment,Low,1,4
TKT_000471,CUST_03917,2022-04-25,Other,High,2,1
TKT_000472,CUST_00407,2023-11-12,Delivery,High,3,2
TKT_000473,CUST_03874,2022-11-29,Return,Medium,1,3
TKT_000474,CUST_03560,2023-06-10,Other,High,3,4
TKT_000475,CUST_01644,2022-06-30,Product Quality,Low,7,5
TKT_000476,CUST_03161,2024-01-19,Payment,Low,3,5
TKT_000477,CUST_03584,2023-05-08,Delivery,Low,3,3
TKT_000478,CUST_00787,2022-11-02,Product Quality,Low,3,5
TKT_000479,CUST_04428,2023-02-23,Return,Medium,2,4
TKT_000480,CUST_03900,2022-12-07,Return,Medium,1,5
TKT_000481,CUST_00786,2022-04-30,Other,Low,5,2
TKT_000482,CUST_00269,2022-05-13,Product Quality,Medium,3,2
TKT_000483,CUST_02569,2023-12-10,Delivery,High,3,3
TKT_000484,CUST_01848,2022-11-26,Other,High,1,4
TKT_000485,CUST_03937,2023-03-03,Return,Low,3,1
TKT_000486,CUST_04793,2022-11-30,Product Quality,Low,5,4
TKT_000487,CUST_04211,2023-10-19,Product Quality,High,2,4
TKT_000488,CUST_00594,2023-04-14,Account,Low,,4
TKT_000489,CUST_00149,2023-08-07,Delivery,Medium,7,3
TKT_000490,CUST_04988,2022-10-10,Return,Medium,1,2
TKT_000491,CUST_00601,2022-02-26,Other,Medium,7,5
TKT_000492,CUST_03265,2022-01-26,Account,Low,2,4
TKT_000493,CUST_04584,2023-12-17,Payment,Medium,1,4
TKT_000494,CUST_03666,2022-11-04,App Issue,Low,10,5
TKT_000495,CUST_00431,2024-05-29,Account,Medium,3,4
TKT_000496,CUST_00332,2024-03-08,Return,High,7,4
TKT_000497,CUST_04310,2022-01-01,Payment,Medium,1,4
TKT_000498,CUST_02688,2022-05-10,Account,Medium,7,4
TKT_000499,CUST_02564,2023-10-22,Delivery,Low,2,3
TKT_000500,CUST_01801,2022-03-10,Other,High,5,5
TKT_000501,CUST_01923,2023-12-17,Account,High,2,3
TKT_000502,CUST_03699,2022-12-30,Product Quality,Medium,7,5
TKT_000503,CUST_03684,2023-06-01,Other,Medium,7,
TKT_000504,CUST_01230,2022-12-28,Payment,Medium,10,5
TKT_000505,CUST_04047,2023-05-17,Other,Low,2,1
TKT_000506,CUST_02317,2022-12-28,Account,Low,7,3
TKT_000507,CUST_02477,2022-01-17,Payment,Low,2,5
TKT_000508,CUST_01953,2024-04-26,App Issue,Medium,3,4
TKT_000509,CUST_00741,2022-03-01,Other,Low,5,5
TKT_000510,CUST_04221,2022-08-25,Account,Medium,3,5
TKT_000511,CUST_01541,2023-02-08,Payment,Medium,1,4
TKT_000512,CUST_02873,2022-01-04,Account,Medium,1,4
TKT_000513,CUST_04039,2023-02-15,Delivery,High,2,2
TKT_000514,CUST_00487,2022-06-12,Other,Medium,3,2
TKT_000515,CUST_02718,2023-09-15,Return,Medium,5,4
TKT_000516,CUST_03722,2023-02-03,Delivery,Low,5,4
TKT_000517,CUST_02165,2022-04-07,Delivery,Medium,10,5
TKT_000518,CUST_03656,2022-05-23,Product Quality,Low,3,5
TKT_000519,CUST_02021,2022-11-07,Delivery,High,2,2
TKT_000520,CUST_02277,2022-12-12,App Issue,Low,,3
TKT_000521,CUST_00580,2022-06-01,Payment,Low,1,4
TKT_000522,CUST_03637,2023-12-29,Delivery,Low,2,5
TKT_000523,CUST_04747,2024-04-20,Product Quality,Medium,3,
TKT_000524,CUST_02310,2022-12-01,Delivery,Medium,10,5
TKT_000525,CUST_04142,2023-07-26,Product Quality,Medium,2,5
TKT_000526,CUST_03701,2022-02-19,Delivery,Medium,2,4
TKT_000527,CUST_01778,2022-02-20,Delivery,Low,,4
TKT_000528,CUST_04844,2023-08-13,Payment,Medium,1,4
TKT_000529,CUST_02091,2023-09-16,Account,Medium,2,3
TKT_000530,CUST_00681,2024-03-30,Account,Low,3,3
TKT_000531,CUST_02842,2023-12-01,Product Quality,Low,5,4
TKT_000532,CUST_01722,2024-06-07,Other,Medium,7,4
TKT_000533,CUST_01946,2024-06-01,Return,High,3,4
TKT_000534,CUST_03330,2023-04-14,Delivery,Medium,2,4
TKT_000535,CUST_03347,2024-02-14,Delivery,Low,7,4
TKT_000536,CUST_04633,2023-06-28,Payment,Medium,3,5
TKT_000537,CUST_00515,2024-03-22,Return,Low,7,3
TKT_000538,CUST_03556,2022-07-07,Other,Medium,5,1
TKT_000539,CUST_01997,2024-04-14,Account,Low,5,4
TKT_000540,CUST_02084,2022-07-30,Other,High,7,2
TKT_000541,CUST_01079,2023-12-24,Delivery,High,7,3
TKT_000542,CUST_01044,2022-01-24,App Issue,High,2,4
TKT_000543,CUST_01905,2022-05-03,Account,Medium,2,5
TKT_000544,CUST_00178,2022-04-30,App Issue,High,1,
TKT_000545,CUST_04713,2022-11-15,Payment,Medium,3,4
TKT_000546,CUST_04672,2023-10-10,Payment,High,3,3
TKT_000547,CUST_03433,2023-06-07,Delivery,Low,3,2
TKT_000548,CUST_01393,2023-04-23,Delivery,Low,3,4
TKT_000549,CUST_01231,2022-03-05,Product Quality,Low,5,5
TKT_000550,CUST_01362,2023-10-27,Account,Medium,10,3
TKT_000551,CUST_03474,2023-08-09,Return,Low,1,2
TKT_000552,CUST_01736,2024-04-06,Other,Medium,3,5
TKT_000553,CUST_02500,2023-03-05,Return,Medium,1,3
TKT_000554,CUST_00004,2023-03-11,Payment,Medium,1,1
TKT_000555,CUST_00440,2023-01-07,Account,Medium,3,2
TKT_000556,CUST_02011,2023-05-20,Delivery,Medium,5,4
TKT_000557,CUST_02687,2024-01-01,Return,Low,1,1
TKT_000558,CUST_02114,2023-10-21,Payment,Medium,2,4
TKT_000559,CUST_02582,2022-02-01,Other,High,5,4
TKT_000560,CUST_03120,2022-04-15,Return,Medium,2,4
TKT_000561,CUST_04667,2024-01-30,Product Quality,Medium,5,4
TKT_000562,CUST_04628,2024-05-07,Return,Low,3,2
TKT_000563,CUST_03849,2022-07-19,Payment,Low,1,3
TKT_000564,CUST_03537,2023-04-25,Other,Medium,3,4
TKT_000565,CUST_04121,2022-03-25,Delivery,Medium,1,5
TKT_000566,CUST_03336,2022-07-16,App Issue,Low,2,3
TKT_000567,CUST_03131,2022-12-09,Payment,High,1,5
TKT_000568,CUST_01023,2024-04-24,Return,High,5,4
TKT_000569,CUST_02074,2022-12-21,Return,Medium,2,5
TKT_000570,CUST_01960,2023-07-06,Return,Medium,5,2
TKT_000571,CUST_02215,2024-05-21,Account,Medium,3,5
TKT_000572,CUST_01971,2022-05-11,Delivery,Medium,2,3
TKT_000573,CUST_00085,2023-12-10,Account,High,5,5
TKT_000574,CUST_01794,2023-10-24,Delivery,Medium,2,5
TKT_000575,CUST_04756,2022-01-30,Product Quality,Medium,1,4
TKT_000576,CUST_04047,2022-06-24,Account,High,2,4
TKT_000577,CUST_03776,2022-11-21,Account,Medium,2,4
TKT_000578,CUST_00930,2023-04-01,Account,High,3,4
TKT_000579,CUST_01381,2023-07-21,App Issue,Medium,1,5
TKT_000580,CUST_00915,2023-06-23,App Issue,Low,1,3
TKT_000581,CUST_02356,2023-07-26,Product Quality,Low,2,5
TKT_000582,CUST_01813,2023-12-09,Other,High,3,5
TKT_000583,CUST_04969,2023-05-26,Delivery,Low,3,5
TKT_000584,CUST_00508,2023-03-18,Account,High,5,5
TKT_000585,CUST_00141,2022-01-10,Return,Medium,5,4
TKT_000586,CUST_04923,2022-11-22,Delivery,Low,3,4
TKT_000587,CUST_02913,2022-10-09,Payment,Medium,5,4
TKT_000588,CUST_01102,2023-01-05,Payment,High,2,
TKT_000589,CUST_01683,2023-03-30,Product Quality,High,3,
TKT_000590,CUST_01311,2022-06-21,Return,Low,3,4
TKT_000591,CUST_01419,2023-10-27,Delivery,Medium,1,5
TKT_000592,CUST_03226,2024-01-21,Payment,Low,7,4
TKT_000593,CUST_04371,2024-01-19,Payment,Medium,10,5
TKT_000594,CUST_02953,2024-05-14,App Issue,High,2,4
TKT_000595,CUST_01729,2023-11-10,Return,Medium,3,4
TKT_000596,CUST_02109,2022-07-06,Account,High,1,1
TKT_000597,CUST_03466,2024-01-30,Product Quality,Medium,1,4
TKT_000598,CUST_01430,2023-05-22,Return,Medium,7,4
TKT_000599,CUST_04940,2023-08-30,Product Quality,Medium,5,4
TKT_000600,CUST_03443,2022-09-14,Account,Low,3,4
TKT_000601,CUST_03009,2024-05-30,App Issue,Medium,1,5
TKT_000602,CUST_03672,2024-04-01,Other,Low,7,4
TKT_000603,CUST_02140,2023-10-05,Other,High,5,5
TKT_000604,CUST_00413,2023-11-15,Payment,Low,7,4
TKT_000605,CUST_00146,2024-01-07,Other,Low,1,5
TKT_000606,CUST_02969,2022-05-28,Other,Medium,7,4
TKT_000607,CUST_02109,2023-04-16,Account,Low,1,5
TKT_000608,CUST_04351,2023-07-28,Delivery,Low,7,4
TKT_000609,CUST_03817,2023-11-11,Product Quality,Medium,3,4
TKT_000610,CUST_03700,2022-04-06,App Issue,Low,7,4
TKT_000611,CUST_02269,2023-07-17,Return,Low,5,4
TKT_000612,CUST_03252,2024-02-13,Payment,Medium,5,4
TKT_000613,CUST_03969,2023-01-01,Other,Low,2,4
TKT_000614,CUST_01975,2024-05-28,Account,High,5,5
TKT_000615,CUST_03769,2024-04-10,Account,Medium,5,4
TKT_000616,CUST_03944,2023-06-03,Product Quality,High,,4
TKT_000617,CUST_04277,2023-04-18,Return,Medium,5,2
TKT_000618,CUST_02171,2023-05-04,Account,Medium,1,3
TKT_000619,CUST_00338,2023-01-03,Payment,Medium,3,5
TKT_000620,CUST_02421,2022-06-30,Account,Low,2,5
TKT_000621,CUST_04009,2023-08-30,App Issue,Low,,5
TKT_000622,CUST_02555,2024-03-09,Delivery,Medium,1,4
TKT_000623,CUST_01082,2023-08-27,Product Quality,Medium,2,3
TKT_000624,CUST_03061,2022-07-18,Other,Low,2,2
TKT_000625,CUST_03564,2023-01-10,Product Quality,Medium,7,4
TKT_000626,CUST_02776,2024-06-05,Delivery,Medium,5,5
TKT_000627,CUST_04536,2022-09-27,Payment,Medium,10,5
TKT_000628,CUST_04748,2022-03-23,Account,Medium,2,4
TKT_000629,CUST_04975,2023-10-02,Product Quality,Medium,1,4
TKT_000630,CUST_02170,2024-02-24,Payment,High,2,5
TKT_000631,CUST_04855,2023-03-01,Account,High,1,3
TKT_000632,CUST_01800,2022-08-23,Delivery,High,2,3
TKT_000633,CUST_02983,2022-01-16,Other,Low,1,4
TKT_000634,CUST_02782,2022-09-27,Delivery,Medium,10,5
TKT_000635,CUST_01234,2023-11-25,Other,Medium,5,5
TKT_000636,CUST_03696,2023-10-16,Delivery,Low,1,3
TKT_000637,CUST_02441,2023-04-27,Product Quality,Medium,1,3
TKT_000638,CUST_02590,2023-06-11,Delivery,Medium,7,3
TKT_000639,CUST_03381,2022-12-16,App Issue,Medium,2,4
TKT_000640,CUST_00555,2023-02-25,Other,High,3,4
TKT_000641,CUST_04858,2022-03-24,Other,High,5,2
TKT_000642,CUST_01743,2022-08-02,Account,Medium,2,4
TKT_000643,CUST_01400,2023-04-06,Payment,High,1,5
TKT_000644,CUST_00191,2022-12-16,Account,High,2,3
TKT_000645,CUST_03226,2022-10-21,Payment,Medium,1,1
TKT_000646,CUST_03364,2024-02-13,Account,Medium,3,5
TKT_000647,CUST_02806,2023-03-03,Account,Low,3,3
TKT_000648,CUST_04254,2023-08-31,Payment,Low,1,4
TKT_000649,CUST_00004,2024-03-06,Product Quality,High,1,4
TKT_000650,CUST_01204,2023-07-21,Return,Low,2,5
TKT_000651,CUST_02888,2022-12-11,Delivery,Low,3,
TKT_000652,CUST_03984,2022-07-08,Return,Medium,7,4
TKT_000653,CUST_02426,2022-01-01,Product Quality,Medium,1,4
TKT_000654,CUST_02047,2022-09-15,Return,Low,2,4
TKT_000655,CUST_00662,2022-10-04,Return,Low,5,4
TKT_000656,CUST_01265,2024-06-10,Delivery,Low,5,4
TKT_000657,CUST_01973,2023-10-24,Payment,Medium,5,3
TKT_000658,CUST_02604,2023-08-09,Account,Medium,3,3
TKT_000659,CUST_02980,2023-07-01,Delivery,Medium,2,5
TKT_000660,CUST_00061,2023-03-24,Other,Low,10,5
TKT_000661,CUST_01463,2023-01-02,Account,Medium,,4
TKT_000662,CUST_00426,2022-03-27,Return,High,2,5
TKT_000663,CUST_01962,2023-08-14,Other,Medium,3,4
TKT_000664,CUST_04833,2023-01-29,Other,High,10,4
TKT_000665,CUST_01376,2023-03-29,Account,Low,3,5
TKT_000666,CUST_03935,2024-06-13,Return,Medium,,4
TKT_000667,CUST_00462,2024-02-14,Other,Medium,3,2
TKT_000668,CUST_02704,2022-07-16,Product Quality,High,2,5
TKT_000669,CUST_04460,2023-06-22,Delivery,Low,1,5
TKT_000670,CUST_02357,2023-01-12,Other,Low,2,4
TKT_000671,CUST_03185,2023-08-17,Delivery,High,1,3
TKT_000672,CUST_01910,2024-05-25,Delivery,Low,5,4
TKT_000673,CUST_04111,2024-04-25,Product Quality,Medium,2,5
TKT_000674,CUST_03198,2022-02-05,Account,Medium,5,3
TKT_000675,CUST_01631,2023-09-29,Return,Low,,5
TKT_000676,CUST_00720,2024-01-25,Return,High,1,5
TKT_000677,CUST_01342,2024-01-20,Account,Medium,2,3
TKT_000678,CUST_01373,2023-04-02,Other,Medium,5,1
TKT_000679,CUST_03110,2023-08-28,Return,Low,5,5
TKT_000680,CUST_00892,2022-06-19,Delivery,Medium,5,3
TKT_000681,CUST_04595,2022-10-07,Account,Medium,2,5
TKT_000682,CUST_04162,2022-11-25,Product Quality,Medium,10,4
TKT_000683,CUST_03295,2023-09-12,App Issue,Medium,1,5
TKT_000684,CUST_04640,2022-07-22,Other,Medium,3,4
TKT_000685,CUST_00085,2022-10-30,Account,Low,5,4
TKT_000686,CUST_03064,2022-11-29,Payment,Medium,1,3
TKT_000687,CUST_01045,2023-09-23,App Issue,Medium,3,5
TKT_000688,CUST_03978,2023-03-13,Delivery,Medium,1,3
TKT_000689,CUST_00096,2023-04-16,Product Quality,Medium,7,3
TKT_000690,CUST_00056,2022-08-18,Return,Medium,2,4
TKT_000691,CUST_01351,2023-05-08,Delivery,Low,2,1
TKT_000692,CUST_00808,2022-12-19,Return,High,5,2
TKT_000693,CUST_03216,2022-01-10,Other,High,3,1
TKT_000694,CUST_01466,2023-01-29,Product Quality,Medium,3,5
TKT_000695,CUST_04453,2022-12-14,Other,Low,1,3
TKT_000696,CUST_03620,2022-07-18,App Issue,Medium,2,4
TKT_000697,CUST_00351,2022-09-18,Account,Medium,10,3
TKT_000698,CUST_04797,2022-11-22,Other,High,2,4
TKT_000699,CUST_00246,2024-01-22,Account,Medium,1,2
TKT_000700,CUST_03322,2024-04-01,Delivery,Medium,1,4
TKT_000701,CUST_01387,2024-03-27,Product Quality,Low,1,4
TKT_000702,CUST_02634,2023-08-21,Payment,Medium,3,4
TKT_000703,CUST_03857,2022-01-18,Other,Low,2,5
TKT_000704,CUST_04174,2024-06-10,App Issue,Low,1,4
TKT_000705,CUST_00661,2024-02-01,Other,Medium,2,3
TKT_000706,CUST_00789,2024-05-04,Delivery,Medium,2,4
TKT_000707,CUST_00908,2024-05-28,Other,Medium,1,5
TKT_000708,CUST_00422,2022-04-29,Account,Low,2,5
TKT_000709,CUST_04693,2023-04-10,Delivery,High,1,2
TKT_000710,CUST_02425,2022-02-14,App Issue,Low,5,4
TKT_000711,CUST_04290,2022-11-10,Delivery,Medium,2,
TKT_000712,CUST_03910,2023-11-27,App Issue,Low,3,5
TKT_000713,CUST_01641,2022-12-09,Account,Low,3,4
TKT_000714,CUST_03952,2023-08-01,App Issue,Medium,2,4
TKT_000715,CUST_02323,2022-06-21,Payment,Medium,3,4
TKT_000716,CUST_01495,2023-01-29,Account,Low,7,4
TKT_000717,CUST_01935,2024-06-08,App Issue,Medium,1,3
TKT_000718,CUST_01732,2022-07-30,Other,Low,3,4
TKT_000719,CUST_01520,2022-11-24,Other,High,5,5
TKT_000720,CUST_04277,2024-05-15,Other,Medium,3,4
TKT_000721,CUST_00323,2022-12-03,Product Quality,Medium,3,3
TKT_000722,CUST_04811,2023-09-16,Delivery,Low,2,5
TKT_000723,CUST_00415,2022-02-04,Account,Medium,1,4
TKT_000724,CUST_00844,2023-09-21,Account,Medium,10,3
TKT_000725,CUST_00375,2022-04-10,Return,Medium,10,5
TKT_000726,CUST_02078,2023-05-01,Delivery,Low,3,5
TKT_000727,CUST_04434,2024-06-17,Return,Medium,7,5
TKT_000728,CUST_01196,2023-12-07,Return,Medium,3,2
TKT_000729,CUST_03960,2022-06-15,Delivery,Medium,3,4
TKT_000730,CUST_02861,2022-05-28,Return,Medium,7,4
TKT_000731,CUST_03728,2022-07-21,Payment,Low,,4
TKT_000732,CUST_00111,2022-07-22,Product Quality,Low,5,3
TKT_000733,CUST_03670,2023-08-28,Return,Medium,3,1
TKT_000734,CUST_01873,2022-08-03,Payment,Medium,7,4
TKT_000735,CUST_02692,2022-05-18,Return,High,1,5
TKT_000736,CUST_01763,2023-09-14,Other,Medium,2,5
TKT_000737,CUST_02950,2023-08-16,Delivery,Medium,,4
TKT_000738,CUST_03291,2022-11-05,Product Quality,High,,3
TKT_000739,CUST_02603,2022-08-20,Return,Medium,2,4
TKT_000740,CUST_03163,2024-05-23,Product Quality,Low,3,4
TKT_000741,CUST_02786,2022-05-14,Product Quality,Low,3,5
TKT_000742,CUST_03880,2024-03-27,Payment,Medium,3,3
TKT_000743,CUST_03220,2023-01-31,Product Quality,Medium,1,
TKT_000744,CUST_03483,2022-07-23,App Issue,High,,5
TKT_000745,CUST_03268,2022-03-09,App Issue,High,1,5
TKT_000746,CUST_03179,2022-05-18,App Issue,Low,10,5
TKT_000747,CUST_03390,2023-01-09,Delivery,Medium,5,5
TKT_000748,CUST_01189,2024-04-09,App Issue,High,1,4
TKT_000749,CUST_01484,2023-02-04,Return,High,2,4
TKT_000750,CUST_01915,2022-02-06,Product Quality,Medium,1,3
TKT_000751,CUST_02235,2022-01-17,Payment,Medium,2,5
TKT_000752,CUST_00472,2023-03-31,Return,Medium,1,5
TKT_000753,CUST_03233,2022-04-18,Delivery,Medium,2,3
TKT_000754,CUST_03531,2023-02-28,Account,Low,2,3
TKT_000755,CUST_00339,2023-04-29,Delivery,Medium,1,1
TKT_000756,CUST_02892,2023-09-06,Payment,Low,2,4
TKT_000757,CUST_01082,2024-06-05,Return,High,7,4
TKT_000758,CUST_03766,2022-10-29,App Issue,Medium,5,5
TKT_000759,CUST_04215,2022-11-12,Product Quality,High,2,5
TKT_000760,CUST_02055,2023-08-05,Payment,Medium,7,4
TKT_000761,CUST_04114,2022-10-17,Return,Medium,1,4
TKT_000762,CUST_00911,2023-04-18,Product Quality,Medium,1,5
TKT_000763,CUST_02130,2023-04-21,Other,High,1,3
TKT_000764,CUST_02703,2022-08-24,Other,Low,3,5
TKT_000765,CUST_04833,2024-06-12,Other,Medium,,5
TKT_000766,CUST_03648,2022-08-21,Payment,Medium,3,3
TKT_000767,CUST_02625,2022-07-22,Product Quality,Medium,3,5
TKT_000768,CUST_04741,2022-07-11,App Issue,Low,3,4
TKT_000769,CUST_03001,2024-02-12,Account,High,3,4
TKT_000770,CUST_00812,2023-05-27,Return,Medium,7,4
TKT_000771,CUST_04538,2022-05-03,App Issue,Medium,7,5
TKT_000772,CUST_01289,2022-09-20,Other,Low,1,4
TKT_000773,CUST_02672,2023-12-12,Product Quality,High,3,
TKT_000774,CUST_04683,2022-11-01,Delivery,Medium,7,4
TKT_000775,CUST_02144,2022-08-20,Payment,Medium,3,3
TKT_000776,CUST_03063,2022-12-07,Return,Low,3,5
TKT_000777,CUST_04924,2024-01-25,Product Quality,Medium,5,4
TKT_000778,CUST_00374,2022-06-02,Account,Low,3,4
TKT_000779,CUST_00308,2023-05-31,Payment,Medium,3,3
TKT_000780,CUST_04680,2022-10-31,Account,Low,,5
TKT_000781,CUST_01285,2022-09-14,Product Quality,Low,7,4
TKT_000782,CUST_04795,2024-04-19,Other,High,2,5
TKT_000783,CUST_04915,2022-04-21,Other,High,10,4
TKT_000784,CUST_00436,2022-02-25,Account,Low,10,4
TKT_000785,CUST_02023,2022-03-28,Account,Medium,5,4
TKT_000786,CUST_00384,2022-10-10,Delivery,Medium,1,5
TKT_000787,CUST_01567,2024-03-28,App Issue,Medium,5,4
TKT_000788,CUST_01040,2022-05-15,Delivery,Medium,10,4
TKT_000789,CUST_04458,2024-01-25,Other,High,2,4
TKT_000790,CUST_03706,2023-07-14,Account,Medium,3,4
TKT_000791,CUST_02108,2022-09-25,Return,Low,2,4
TKT_000792,CUST_00467,2022-11-02,Other,Low,2,3
TKT_000793,CUST_00428,2024-01-12,Account,Medium,1,4
TKT_000794,CUST_02737,2023-07-12,Product Quality,Low,3,4
TKT_000795,CUST_01392,2023-04-20,Delivery,Medium,2,2
TKT_000796,CUST_03876,2023-04-29,Return,Medium,1,5
TKT_000797,CUST_01224,2023-01-28,Return,Medium,10,5
TKT_000798,CUST_02316,2023-11-12,Return,Medium,7,5
TKT_000799,CUST_02027,2022-12-07,Product Quality,Medium,5,4
TKT_000800,CUST_01060,2022-09-21,Payment,Medium,2,5
TKT_000801,CUST_01567,2023-01-18,Account,Medium,2,4
TKT_000802,CUST_02331,2023-09-25,Account,Medium,5,3
TKT_000803,CUST_04487,2024-05-27,Payment,Low,5,3
TKT_000804,CUST_03097,2023-05-05,Payment,Low,5,2
TKT_000805,CUST_01810,2022-11-11,Other,High,,4
TKT_000806,CUST_02323,2023-03-08,Delivery,Medium,3,4
TKT_000807,CUST_04041,2022-09-05,Payment,Low,1,3
TKT_000808,CUST_01376,2022-12-21,Product Quality,Low,7,3
TKT_000809,CUST_00427,2022-04-03,Account,Medium,7,3
TKT_000810,CUST_02149,2023-05-01,Product Quality,Medium,1,4
TKT_000811,CUST_03703,2023-02-04,Delivery,High,5,4
TKT_000812,CUST_01474,2022-10-13,Other,Medium,3,2
TKT_000813,CUST_00144,2023-08-04,Return,Medium,5,5
TKT_000814,CUST_02973,2024-02-10,Product Quality,Medium,5,1
TKT_000815,CUST_01262,2023-09-16,Account,Medium,1,4
TKT_000816,CUST_01863,2024-04-18,Payment,Low,7,4
TKT_000817,CUST_02775,2022-05-17,Other,Low,10,3
TKT_000818,CUST_02192,2023-06-21,Return,Medium,3,4
TKT_000819,CUST_01439,2022-01-29,Delivery,High,5,4
TKT_000820,CUST_01443,2022-01-24,Return,Medium,5,3
TKT_000821,CUST_01793,2022-03-21,Return,High,3,4
TKT_000822,CUST_01947,2023-09-25,App Issue,Medium,5,3
TKT_000823,CUST_03984,2022-08-02,Account,Medium,3,4
TKT_000824,CUST_01285,2023-01-17,Payment,Medium,5,4
TKT_000825,CUST_03270,2022-10-08,Payment,Medium,5,2
TKT_000826,CUST_03418,2022-11-07,Payment,Low,1,2
TKT_000827,CUST_01088,2022-03-25,Delivery,High,1,2
TKT_000828,CUST_00775,2022-11-09,App Issue,Medium,5,2
TKT_000829,CUST_02900,2022-04-17,Product Quality,High,3,2
TKT_000830,CUST_04533,2022-03-21,Product Quality,Medium,2,5
TKT_000831,CUST_03118,2022-09-14,Delivery,Medium,2,4
TKT_000832,CUST_02896,2023-01-18,Delivery,Medium,1,3
TKT_000833,CUST_01491,2022-02-28,Account,High,2,5
TKT_000834,CUST_02045,2022-05-09,App Issue,Medium,2,4
TKT_000835,CUST_00325,2023-06-09,Other,Low,1,
TKT_000836,CUST_02161,2023-08-30,Delivery,High,1,5
TKT_000837,CUST_01147,2022-10-28,Delivery,Medium,2,
TKT_000838,CUST_02438,2023-12-28,Other,Medium,2,1
TKT_000839,CUST_02712,2022-06-01,App Issue,Medium,2,5
TKT_000840,CUST_04746,2024-01-20,Other,Medium,5,
TKT_000841,CUST_04234,2023-07-17,Delivery,Low,2,5
TKT_000842,CUST_04076,2024-05-18,Product Quality,Medium,7,5
TKT_000843,CUST_02975,2022-06-25,Return,High,10,5
TKT_000844,CUST_02939,2023-06-09,Product Quality,Low,1,5
TKT_000845,CUST_04353,2023-01-14,Payment,Medium,2,5
TKT_000846,CUST_00359,2022-03-30,Payment,Medium,7,5
TKT_000847,CUST_04655,2022-01-18,App Issue,Medium,7,4
TKT_000848,CUST_04043,2022-11-11,Account,Medium,2,5
TKT_000849,CUST_00466,2022-03-15,Delivery,Low,7,5
TKT_000850,CUST_04624,2022-02-10,Product Quality,Medium,3,3
TKT_000851,CUST_03276,2023-12-26,Account,Medium,3,4
TKT_000852,CUST_04195,2024-03-23,Product Quality,Medium,1,5
TKT_000853,CUST_04803,2023-08-18,Payment,High,7,5
TKT_000854,CUST_00201,2022-05-06,Other,Medium,,1
TKT_000855,CUST_02407,2024-01-10,Payment,Low,2,
TKT_000856,CUST_00838,2022-04-03,Payment,Medium,2,5
TKT_000857,CUST_04634,2023-04-11,Return,High,1,4
TKT_000858,CUST_02544,2024-05-23,Other,Low,3,5
TKT_000859,CUST_00518,2023-03-04,Return,High,5,5
TKT_000860,CUST_03277,2023-07-19,Payment,Medium,2,
TKT_000861,CUST_00708,2022-09-18,Return,Medium,2,4
TKT_000862,CUST_01463,2023-12-26,Payment,Low,5,4
TKT_000863,CUST_00640,2022-08-20,Return,Medium,7,2
TKT_000864,CUST_04099,2022-03-24,Return,High,2,3
TKT_000865,CUST_00528,2022-12-13,Other,Medium,2,4
TKT_000866,CUST_04999,2022-09-26,Return,Medium,7,4
TKT_000867,CUST_03418,2022-11-09,App Issue,Low,5,3
TKT_000868,CUST_01495,2022-01-13,Account,Medium,7,5
TKT_000869,CUST_01130,2022-02-19,Payment,Low,10,2
TKT_000870,CUST_00085,2022-08-09,App Issue,Medium,1,5
TKT_000871,CUST_03898,2022-06-07,App Issue,Medium,5,4
TKT_000872,CUST_00689,2024-01-23,Account,Low,10,4
TKT_000873,CUST_02284,2023-06-21,Account,Medium,7,1
TKT_000874,CUST_02194,2023-01-24,Product Quality,Medium,5,
TKT_000875,CUST_03382,2023-06-14,Account,Medium,3,3
TKT_000876,CUST_01641,2024-05-01,Delivery,Medium,2,5
TKT_000877,CUST_01869,2022-11-15,Account,Low,2,3
TKT_000878,CUST_03883,2022-05-02,App Issue,Medium,3,5
TKT_000879,CUST_04700,2023-01-19,Delivery,Low,7,3
TKT_000880,CUST_02887,2023-10-17,Return,High,7,5
TKT_000881,CUST_04140,2023-03-27,Return,Medium,2,4
TKT_000882,CUST_02470,2024-01-20,Account,Low,2,5
TKT_000883,CUST_00967,2024-05-22,App Issue,Medium,3,4
TKT_000884,CUST_01004,2024-05-30,Delivery,Medium,1,5
TKT_000885,CUST_00409,2023-11-13,Delivery,Low,,3
TKT_000886,CUST_02386,2023-05-11,Account,Medium,3,3
TKT_000887,CUST_04306,2023-02-07,Return,Medium,2,5
TKT_000888,CUST_01271,2022-08-29,Payment,Low,7,3
TKT_000889,CUST_01336,2022-03-28,Return,Low,1,
TKT_000890,CUST_02240,2022-06-24,Product Quality,Medium,3,5
TKT_000891,CUST_02264,2022-04-01,Payment,Medium,,3
TKT_000892,CUST_02945,2022-05-14,Delivery,Low,7,
TKT_000893,CUST_00927,2023-06-17,Product Quality,Low,2,5
TKT_000894,CUST_00910,2024-02-22,Return,Medium,7,1
TKT_000895,CUST_02550,2023-02-05,Account,Medium,5,4
TKT_000896,CUST_02544,2023-02-23,Delivery,Medium,3,4
TKT_000897,CUST_02833,2023-05-11,Other,Medium,5,3
TKT_000898,CUST_00881,2022-11-10,App Issue,Medium,1,1
TKT_000899,CUST_00845,2023-12-11,Account,High,10,4
TKT_000900,CUST_00171,2023-03-02,Other,Medium,1,4
TKT_000901,CUST_03395,2023-12-29,Payment,Low,5,4
TKT_000902,CUST_00600,2022-10-18,Return,Medium,10,4
TKT_000903,CUST_01663,2023-04-02,Account,High,1,4
TKT_000904,CUST_02990,2022-11-15,Account,Medium,7,4
TKT_000905,CUST_02799,2022-03-01,Payment,Low,1,1
TKT_000906,CUST_01024,2022-11-26,Product Quality,High,,4
TKT_000907,CUST_01300,2022-01-18,App Issue,High,2,3
TKT_000908,CUST_04971,2024-02-10,App Issue,Medium,1,3
TKT_000909,CUST_04271,2024-03-21,App Issue,Medium,5,5
TKT_000910,CUST_00015,2022-08-03,App Issue,Medium,5,4
TKT_000911,CUST_02681,2023-03-10,Delivery,High,3,4
TKT_000912,CUST_00788,2023-04-05,Product Quality,Low,5,4
TKT_000913,CUST_00962,2022-02-20,Return,Medium,3,5
TKT_000914,CUST_01417,2022-08-11,Return,High,10,3
TKT_000915,CUST_01674,2023-01-13,Account,Medium,10,3
TKT_000916,CUST_00218,2023-04-04,Other,Low,2,3
TKT_000917,CUST_00361,2024-05-06,Delivery,Low,3,2
TKT_000918,CUST_02262,2023-11-15,Payment,Medium,3,5
TKT_000919,CUST_04652,2024-01-01,Return,Medium,3,4
TKT_000920,CUST_04909,2022-08-13,Payment,High,7,4
TKT_000921,CUST_00903,2022-12-02,Delivery,High,1,
TKT_000922,CUST_00773,2023-04-18,Return,High,2,1
TKT_000923,CUST_03984,2022-11-06,Product Quality,Medium,2,4
TKT_000924,CUST_01181,2023-01-02,App Issue,Medium,5,4
TKT_000925,CUST_03884,2022-04-29,Other,High,3,4
TKT_000926,CUST_01561,2023-05-14,Account,Medium,3,3
TKT_000927,CUST_02586,2022-04-02,Return,Medium,2,5
TKT_000928,CUST_02853,2024-01-23,Payment,Medium,7,5
TKT_000929,CUST_01879,2023-06-13,Payment,Low,2,1
TKT_000930,CUST_03347,2023-04-02,App Issue,Medium,5,3
TKT_000931,CUST_00073,2024-04-26,Account,Medium,5,4
TKT_000932,CUST_00824,2023-12-03,Payment,High,3,1
TKT_000933,CUST_04295,2022-05-10,Product Quality,Low,3,4
TKT_000934,CUST_01132,2024-01-03,Payment,Medium,10,5
TKT_000935,CUST_01869,2023-05-27,Product Quality,Medium,7,1
TKT_000936,CUST_04956,2022-07-02,Payment,High,3,4
TKT_000937,CUST_02066,2023-10-16,Account,Medium,7,5
TKT_000938,CUST_01661,2023-03-31,App Issue,High,1,5
TKT_000939,CUST_04557,2022-01-06,Delivery,Low,1,5
TKT_000940,CUST_00515,2023-04-11,Payment,Medium,1,1
TKT_000941,CUST_04458,2024-03-29,App Issue,Medium,2,3
TKT_000942,CUST_02816,2022-10-11,Return,Medium,5,5
TKT_000943,CUST_03503,2023-03-12,Account,Low,3,4
TKT_000944,CUST_03320,2023-02-09,Payment,Medium,2,3
TKT_000945,CUST_02616,2022-02-19,App Issue,Medium,5,5
TKT_000946,CUST_02330,2023-07-02,Product Quality,Medium,3,4
TKT_000947,CUST_03623,2023-05-07,Other,High,3,4
TKT_000948,CUST_01712,2023-11-21,Delivery,Medium,3,3
TKT_000949,CUST_00162,2024-04-12,App Issue,Medium,2,5
TKT_000950,CUST_02187,2022-05-16,Return,Low,7,2
TKT_000951,CUST_01896,2024-01-28,App Issue,Low,1,2
TKT_000952,CUST_01254,2023-12-24,Return,Medium,7,3
TKT_000953,CUST_03004,2022-07-17,App Issue,Medium,2,5
TKT_000954,CUST_02470,2022-09-28,Payment,High,3,3
TKT_000955,CUST_03796,2023-04-25,Return,Medium,,5
TKT_000956,CUST_03421,2023-10-15,Product Quality,Medium,2,2
TKT_000957,CUST_02435,2022-11-05,Delivery,Low,2,5
TKT_000958,CUST_04739,2022-03-02,Other,Medium,1,5
TKT_000959,CUST_03083,2024-02-05,Other,Low,1,3
TKT_000960,CUST_02500,2022-02-22,App Issue,Medium,2,4
TKT_000961,CUST_02591,2023-11-01,Account,High,2,4
TKT_000962,CUST_01257,2022-03-02,Other,Low,7,5
TKT_000963,CUST_02958,2022-06-29,Product Quality,High,2,5
TKT_000964,CUST_04144,2023-02-15,Other,Medium,,4
TKT_000965,CUST_02569,2023-04-24,Delivery,Medium,10,5
TKT_000966,CUST_02496,2022-09-30,Payment,Low,5,4
TKT_000967,CUST_04739,2023-07-13,Product Quality,High,1,5
TKT_000968,CUST_01510,2022-10-24,App Issue,High,10,4
TKT_000969,CUST_02060,2022-11-20,App Issue,High,3,3
TKT_000970,CUST_03434,2022-05-04,Return,High,7,
TKT_000971,CUST_04464,2023-02-12,Delivery,Low,5,4
TKT_000972,CUST_02343,2023-12-27,Delivery,Medium,1,5
TKT_000973,CUST_03924,2023-05-13,Product Quality,High,3,4
TKT_000974,CUST_01820,2023-10-13,App Issue,High,5,5
TKT_000975,CUST_00382,2023-10-03,Delivery,High,3,5
TKT_000976,CUST_03188,2022-08-15,Other,Medium,5,3
TKT_000977,CUST_01058,2022-08-16,Delivery,Medium,10,3
TKT_000978,CUST_01065,2024-03-17,Delivery,Low,7,5
TKT_000979,CUST_00360,2023-03-12,Product Quality,Low,1,4
TKT_000980,CUST_03436,2022-04-10,Other,Low,5,5
TKT_000981,CUST_01308,2023-10-16,Delivery,Low,2,2
TKT_000982,CUST_02918,2023-03-02,Account,High,7,5
TKT_000983,CUST_00324,2023-09-26,Account,Medium,2,2
TKT_000984,CUST_01240,2023-07-01,Delivery,Medium,2,3
TKT_000985,CUST_02128,2023-07-27,Return,High,1,5
TKT_000986,CUST_04574,2022-12-05,Delivery,Medium,7,4
TKT_000987,CUST_00441,2024-03-08,Payment,Low,7,2
TKT_000988,CUST_01160,2024-03-24,Other,Low,5,
TKT_000989,CUST_00615,2023-05-28,Delivery,Medium,2,3
TKT_000990,CUST_00267,2023-05-28,App Issue,Low,7,
TKT_000991,CUST_02474,2022-09-26,App Issue,Medium,3,3
TKT_000992,CUST_00750,2022-03-19,Account,Medium,1,5
TKT_000993,CUST_03703,2022-07-31,Other,Low,3,3
TKT_000994,CUST_04983,2022-04-14,Payment,High,1,4
TKT_000995,CUST_02735,2022-08-05,Product Quality,Medium,7,4
TKT_000996,CUST_02446,2023-08-07,Other,Medium,2,5
TKT_000997,CUST_03675,2024-06-09,App Issue,High,7,4
TKT_000998,CUST_00639,2023-07-13,Return,High,5,5
TKT_000999,CUST_03818,2024-04-05,App Issue,Medium,1,5
TKT_001000,CUST_04626,2022-10-23,Delivery,Low,1,4
TKT_001001,CUST_01390,2022-02-08,Delivery,Medium,5,5
TKT_001002,CUST_00186,2023-12-27,Product Quality,Low,1,3
TKT_001003,CUST_02647,2023-04-18,Delivery,High,2,
TKT_001004,CUST_01211,2022-01-19,Return,Medium,5,4
TKT_001005,CUST_00377,2023-03-22,Return,Medium,,4
TKT_001006,CUST_00069,2022-11-27,Product Quality,Medium,,4
TKT_001007,CUST_02779,2022-12-05,App Issue,Medium,3,4
TKT_001008,CUST_01897,2022-01-29,Product Quality,Medium,5,4
TKT_001009,CUST_04168,2023-09-03,Product Quality,Medium,2,4
TKT_001010,CUST_03212,2024-01-05,Return,Medium,2,3
TKT_001011,CUST_04787,2023-12-18,Product Quality,Low,1,4
TKT_001012,CUST_00991,2023-07-02,Account,Medium,7,3
TKT_001013,CUST_02001,2022-07-10,Payment,Low,5,3
TKT_001014,CUST_02666,2023-05-02,Product Quality,Medium,10,5
TKT_001015,CUST_03223,2022-07-27,Delivery,Medium,5,5
TKT_001016,CUST_04024,2024-02-12,Return,Medium,3,5
TKT_001017,CUST_04331,2022-08-15,Return,Low,1,4
TKT_001018,CUST_04014,2023-04-22,Payment,Low,3,4
TKT_001019,CUST_01759,2023-07-06,Return,Medium,2,3
TKT_001020,CUST_01134,2024-06-08,App Issue,Medium,10,5
TKT_001021,CUST_01530,2023-08-22,Delivery,Low,2,1
TKT_001022,CUST_04765,2023-11-17,Payment,Medium,1,4
TKT_001023,CUST_01954,2022-06-05,Delivery,Low,1,4
TKT_001024,CUST_04151,2023-05-05,Delivery,High,2,2
TKT_001025,CUST_00202,2022-05-13,App Issue,Medium,3,1
TKT_001026,CUST_01272,2022-09-13,Other,High,2,4
TKT_001027,CUST_04943,2022-12-08,Delivery,Medium,5,4
TKT_001028,CUST_03214,2024-05-06,Account,Medium,2,5
TKT_001029,CUST_00076,2024-03-02,Return,High,5,4
TKT_001030,CUST_04542,2022-12-19,Delivery,Medium,5,5
TKT_001031,CUST_03955,2022-11-20,App Issue,Medium,2,3
TKT_001032,CUST_02436,2024-04-26,Product Quality,Medium,7,4
TKT_001033,CUST_03160,2022-09-05,Payment,Low,3,4
TKT_001034,CUST_04584,2022-07-05,Delivery,High,5,4
TKT_001035,CUST_02115,2024-01-31,Return,Medium,2,1
TKT_001036,CUST_01874,2022-04-20,Account,Medium,3,2
TKT_001037,CUST_02330,2022-03-05,Other,Medium,2,5
TKT_001038,CUST_01266,2023-12-11,Payment,Medium,2,2
TKT_001039,CUST_04054,2024-03-15,Account,Medium,,5
TKT_001040,CUST_03986,2024-04-27,Account,Medium,5,5
TKT_001041,CUST_01477,2023-09-09,App Issue,High,1,5
TKT_001042,CUST_02138,2022-03-12,Return,High,3,3
TKT_001043,CUST_00898,2024-02-27,Return,High,2,4
TKT_001044,CUST_04104,2023-09-07,Other,High,2,3
TKT_001045,CUST_03676,2022-04-04,App Issue,High,1,5
TKT_001046,CUST_01601,2022-03-09,App Issue,Medium,7,4
TKT_001047,CUST_03443,2023-06-04,Payment,Low,2,4
TKT_001048,CUST_03864,2024-02-09,Product Quality,Medium,,3
TKT_001049,CUST_02879,2022-01-08,App Issue,Medium,2,4
TKT_001050,CUST_04753,2022-11-07,Account,Medium,1,5
TKT_001051,CUST_00681,2022-10-11,Payment,Medium,7,3
TKT_001052,CUST_02517,2022-07-21,Return,Low,,4
TKT_001053,CUST_00971,2024-05-28,Other,Medium,3,5
TKT_001054,CUST_01878,2023-07-31,Delivery,Medium,1,3
TKT_001055,CUST_03135,2023-03-04,Other,High,1,2
TKT_001056,CUST_04570,2024-03-09,Payment,Low,1,5
TKT_001057,CUST_04191,2022-09-02,Delivery,Low,2,5
TKT_001058,CUST_02181,2023-01-31,Account,Low,,1
TKT_001059,CUST_01329,2024-01-15,App Issue,Medium,,5
TKT_001060,CUST_03550,2024-04-04,App Issue,Low,2,4
TKT_001061,CUST_01295,2024-04-09,Payment,High,3,5
TKT_001062,CUST_00064,2022-09-29,Product Quality,Medium,2,4
TKT_001063,CUST_01124,2023-09-29,App Issue,High,1,3
TKT_001064,CUST_01449,2023-09-29,App Issue,Medium,3,4
TKT_001065,CUST_02452,2023-09-12,App Issue,Low,2,1
TKT_001066,CUST_02180,2024-03-17,Other,Low,10,4
TKT_001067,CUST_00270,2024-06-03,Other,High,1,2
TKT_001068,CUST_00329,2022-09-20,Payment,Low,3,4
TKT_001069,CUST_02374,2023-10-09,App Issue,Low,5,4
TKT_001070,CUST_03156,2023-05-07,Other,Low,,2
TKT_001071,CUST_01645,2022-10-23,Delivery,Medium,2,4
TKT_001072,CUST_00837,2022-04-05,App Issue,Medium,3,5
TKT_001073,CUST_02875,2022-08-11,Product Quality,Low,3,5
TKT_001074,CUST_01900,2023-10-13,Product Quality,Medium,3,1
TKT_001075,CUST_02380,2023-04-10,App Issue,High,3,3
TKT_001076,CUST_01408,2022-02-17,App Issue,High,1,
TKT_001077,CUST_02149,2023-03-02,Delivery,Medium,5,
TKT_001078,CUST_02812,2022-02-12,Delivery,High,5,4
TKT_001079,CUST_04851,2023-02-26,Product Quality,Medium,2,3
TKT_001080,CUST_00687,2023-08-19,Return,Medium,2,4
TKT_001081,CUST_00921,2023-11-17,Other,Medium,5,4
TKT_001082,CUST_00262,2023-07-18,App Issue,Medium,2,5
TKT_001083,CUST_04773,2023-04-13,Delivery,Medium,5,5
TKT_001084,CUST_04625,2023-01-14,Delivery,High,2,4
TKT_001085,CUST_02369,2023-02-20,Payment,High,3,1
TKT_001086,CUST_02179,2023-10-07,Product Quality,Medium,3,5
TKT_001087,CUST_00661,2022-02-03,Other,High,2,4
TKT_001088,CUST_04729,2023-06-12,Product Quality,Low,3,5
TKT_001089,CUST_01595,2022-11-06,Return,High,2,5
TKT_001090,CUST_03826,2023-09-13,Product Quality,High,7,4
TKT_001091,CUST_04411,2022-12-04,Payment,Medium,,2
TKT_001092,CUST_01447,2023-06-05,Payment,Low,1,4
TKT_001093,CUST_00250,2024-04-04,Delivery,High,1,3
TKT_001094,CUST_00932,2023-08-17,Payment,Low,1,4
TKT_001095,CUST_00584,2022-06-07,Account,High,2,5
TKT_001096,CUST_03685,2022-01-24,Other,Medium,2,5
TKT_001097,CUST_03236,2023-08-28,Other,Medium,2,4
TKT_001098,CUST_03065,2024-02-26,Delivery,Medium,10,3
TKT_001099,CUST_00884,2023-08-31,Product Quality,Low,,4
TKT_001100,CUST_01319,2022-03-19,Payment,Medium,10,3
TKT_001101,CUST_04074,2023-06-15,Payment,Medium,1,4
TKT_001102,CUST_03037,2024-06-11,Account,Medium,3,5
TKT_001103,CUST_02989,2023-07-09,Product Quality,High,2,5
TKT_001104,CUST_02491,2024-04-18,Other,Medium,2,2
TKT_001105,CUST_02215,2022-12-18,Payment,Medium,3,2
TKT_001106,CUST_01039,2023-03-03,Payment,Low,1,5
TKT_001107,CUST_00888,2023-04-19,Payment,Low,,3
TKT_001108,CUST_00931,2022-10-10,Delivery,Medium,5,4
TKT_001109,CUST_02850,2022-04-19,Return,Medium,10,4
TKT_001110,CUST_03217,2022-02-01,Account,Medium,2,5
TKT_001111,CUST_02028,2022-08-16,App Issue,Low,,5
TKT_001112,CUST_02867,2022-08-07,Payment,Medium,2,1
TKT_001113,CUST_04787,2023-04-24,Account,Medium,2,3
TKT_001114,CUST_02632,2024-05-12,Other,Medium,,4
TKT_001115,CUST_02456,2022-01-13,Payment,Low,1,
TKT_001116,CUST_02593,2024-04-24,Payment,Low,,4
TKT_001117,CUST_04452,2024-02-10,Other,High,2,4
TKT_001118,CUST_00479,2023-04-10,Return,Low,5,4
TKT_001119,CUST_04033,2022-02-26,Account,Low,,3
TKT_001120,CUST_04662,2022-07-18,Delivery,Medium,1,1
TKT_001121,CUST_01661,2022-11-26,App Issue,Medium,7,
TKT_001122,CUST_04986,2022-08-22,Return,Medium,1,4
TKT_001123,CUST_00791,2023-04-21,Delivery,High,5,4
TKT_001124,CUST_01134,2023-08-31,Delivery,Low,5,3
TKT_001125,CUST_04097,2022-10-28,Return,Medium,5,4
TKT_001126,CUST_00592,2023-10-29,Product Quality,Medium,1,4
TKT_001127,CUST_00631,2023-11-08,App Issue,Medium,1,
TKT_001128,CUST_03311,2022-12-24,Account,Low,1,4
TKT_001129,CUST_01572,2023-02-19,Other,Low,2,4
TKT_001130,CUST_02763,2023-06-16,Payment,Medium,3,3
TKT_001131,CUST_01435,2022-05-28,Account,Medium,3,1
TKT_001132,CUST_01346,2023-08-01,Delivery,Medium,3,5
TKT_001133,CUST_03434,2023-01-31,Product Quality,Medium,3,4
TKT_001134,CUST_02155,2024-03-02,Product Quality,Low,2,3
TKT_001135,CUST_00079,2022-03-22,Return,High,5,3
TKT_001136,CUST_03570,2023-06-04,Delivery,High,2,4
TKT_001137,CUST_04332,2023-12-11,Payment,Medium,2,5
TKT_001138,CUST_01962,2023-10-18,Account,Medium,2,4
TKT_001139,CUST_00127,2022-12-19,Return,Low,5,5
TKT_001140,CUST_02686,2022-04-05,Delivery,Medium,2,
TKT_001141,CUST_02320,2023-05-01,Other,Medium,3,3
TKT_001142,CUST_03062,2024-02-19,Other,Medium,1,5
TKT_001143,CUST_01143,2023-09-24,Payment,Medium,5,3
TKT_001144,CUST_01628,2024-03-09,Return,Medium,1,4
TKT_001145,CUST_01884,2024-05-11,Payment,Medium,,1
TKT_001146,CUST_03626,2024-05-14,Account,Medium,7,3
TKT_001147,CUST_00941,2024-06-08,Account,Low,10,5
TKT_001148,CUST_03071,2022-08-22,Payment,High,7,4
TKT_001149,CUST_03568,2022-08-30,Payment,Medium,5,5
TKT_001150,CUST_00686,2022-04-17,Return,High,3,3
TKT_001151,CUST_03517,2023-04-15,Product Quality,Low,5,5
TKT_001152,CUST_02247,2024-03-14,Return,Medium,2,1
TKT_001153,CUST_02485,2022-10-08,Product Quality,Medium,1,5
TKT_001154,CUST_01480,2023-02-08,App Issue,Medium,1,4
TKT_001155,CUST_04582,2022-05-29,Delivery,Medium,2,5
TKT_001156,CUST_04899,2022-05-10,Product Quality,Low,2,3
TKT_001157,CUST_04078,2024-02-15,Product Quality,Low,7,5
TKT_001158,CUST_00990,2023-11-14,Payment,Low,10,5
TKT_001159,CUST_02196,2022-07-23,App Issue,Low,3,4
TKT_001160,CUST_00146,2024-02-19,Other,High,2,4
TKT_001161,CUST_04288,2023-02-12,Delivery,Medium,3,4
TKT_001162,CUST_02460,2023-12-11,Other,High,2,4
TKT_001163,CUST_00214,2024-01-14,App Issue,Low,3,5
TKT_001164,CUST_00451,2022-02-27,Account,Low,1,5
TKT_001165,CUST_04998,2023-07-28,App Issue,Low,3,5
TKT_001166,CUST_02742,2023-04-03,App Issue,Low,2,5
TKT_001167,CUST_04975,2024-03-31,Account,High,5,4
TKT_001168,CUST_04489,2023-10-25,Other,Low,3,4
TKT_001169,CUST_04055,2023-01-25,Account,Low,1,2
TKT_001170,CUST_01988,2022-06-14,Other,Low,5,2
TKT_001171,CUST_03029,2022-10-29,App Issue,Medium,5,2
TKT_001172,CUST_02201,2023-11-21,Account,Medium,2,5
TKT_001173,CUST_04964,2023-12-15,Account,Medium,2,
TKT_001174,CUST_03917,2022-04-29,Return,Medium,2,3
TKT_001175,CUST_01091,2022-01-26,Account,Medium,7,4
TKT_001176,CUST_01217,2022-02-02,Other,Low,7,4
TKT_001177,CUST_02415,2024-03-07,App Issue,Low,3,5
TKT_001178,CUST_02694,2022-12-29,Return,Low,7,3
TKT_001179,CUST_01568,2023-03-23,Return,Medium,7,1
TKT_001180,CUST_01222,2023-08-23,Account,Medium,7,3
TKT_001181,CUST_00365,2022-01-18,Account,Medium,3,5
TKT_001182,CUST_01462,2022-09-11,Delivery,Low,2,4
TKT_001183,CUST_01713,2024-05-23,Payment,Medium,1,3
TKT_001184,CUST_01765,2022-02-23,Account,Low,7,5
TKT_001185,CUST_00158,2023-08-11,Other,High,,4
TKT_001186,CUST_02039,2023-11-27,Return,Medium,2,5
TKT_001187,CUST_00118,2022-01-11,Other,Medium,1,4
TKT_001188,CUST_02003,2022-01-28,Payment,Medium,2,4
TKT_001189,CUST_01326,2024-06-15,Other,Low,5,4
TKT_001190,CUST_03473,2023-08-21,Delivery,Medium,2,4
TKT_001191,CUST_02576,2023-09-26,Delivery,Low,10,5
TKT_001192,CUST_02635,2023-12-26,Product Quality,High,3,2
TKT_001193,CUST_03576,2022-12-20,Payment,High,1,3
TKT_001194,CUST_03391,2022-11-29,Delivery,Medium,3,1
TKT_001195,CUST_00140,2023-04-20,App Issue,Medium,2,4
TKT_001196,CUST_04840,2022-07-05,Other,Medium,2,2
TKT_001197,CUST_04663,2023-12-03,Delivery,Low,2,4
TKT_001198,CUST_04106,2024-01-10,Delivery,High,5,4
TKT_001199,CUST_02107,2023-02-11,Return,Medium,3,3
TKT_001200,CUST_00536,2022-02-13,Product Quality,Low,10,4
TKT_001201,CUST_03352,2023-05-28,Return,Medium,2,5
TKT_001202,CUST_03700,2024-05-06,Return,Medium,5,3
TKT_001203,CUST_02209,2023-05-11,Return,High,3,4
TKT_001204,CUST_03000,2022-01-08,Product Quality,Medium,2,4
TKT_001205,CUST_02739,2023-01-07,Other,High,3,4
TKT_001206,CUST_01844,2022-09-13,Product Quality,Medium,3,4
TKT_001207,CUST_03064,2023-04-26,App Issue,Medium,3,3
TKT_001208,CUST_02865,2023-10-05,Return,Low,1,1
TKT_001209,CUST_00322,2024-05-01,Product Quality,High,2,
TKT_001210,CUST_01482,2024-02-15,Return,Low,5,5
TKT_001211,CUST_01821,2022-12-10,App Issue,Medium,1,3
TKT_001212,CUST_02790,2022-07-26,Account,High,7,4
TKT_001213,CUST_01290,2024-04-12,Payment,Medium,1,2
TKT_001214,CUST_03119,2022-05-08,Product Quality,High,5,4
TKT_001215,CUST_03526,2024-01-09,Delivery,Medium,,4
TKT_001216,CUST_01378,2024-03-27,Other,Medium,1,5
TKT_001217,CUST_04893,2024-02-23,Payment,Medium,7,2
TKT_001218,CUST_01066,2023-05-07,App Issue,High,1,2
TKT_001219,CUST_00445,2023-01-06,App Issue,Medium,2,1
TKT_001220,CUST_02298,2022-01-01,Return,High,1,1
TKT_001221,CUST_01518,2023-06-28,Delivery,Low,7,2
TKT_001222,CUST_03842,2023-01-31,Payment,Medium,2,
TKT_001223,CUST_03917,2022-11-24,Account,Low,5,4
TKT_001224,CUST_02180,2023-05-16,Other,Medium,3,5
TKT_001225,CUST_02365,2022-05-07,Product Quality,Medium,2,3
TKT_001226,CUST_03861,2022-09-12,Other,Medium,5,4
TKT_001227,CUST_03228,2024-04-30,App Issue,Medium,3,3
TKT_001228,CUST_03153,2023-08-27,Payment,Low,7,3
TKT_001229,CUST_03727,2022-09-14,App Issue,Medium,3,
TKT_001230,CUST_03856,2023-01-14,Return,High,10,4
TKT_001231,CUST_00209,2023-10-18,Account,High,1,3
TKT_001232,CUST_04343,2024-05-06,Account,Medium,1,3
TKT_001233,CUST_03443,2022-06-06,Account,Medium,5,4
TKT_001234,CUST_03085,2022-03-15,Other,Medium,7,5
TKT_001235,CUST_04536,2022-06-27,Delivery,Medium,2,1
TKT_001236,CUST_03956,2023-12-31,Account,Low,3,5
TKT_001237,CUST_02808,2023-04-13,Payment,Medium,2,4
TKT_001238,CUST_02509,2024-05-10,Payment,Medium,3,4
TKT_001239,CUST_04257,2023-07-11,App Issue,Low,5,2
TKT_001240,CUST_00609,2024-05-05,App Issue,Medium,5,5
TKT_001241,CUST_01531,2023-03-14,Product Quality,Medium,3,3
TKT_001242,CUST_04085,2023-04-04,Delivery,Low,7,5
TKT_001243,CUST_00644,2023-11-27,Product Quality,Medium,3,2
TKT_001244,CUST_02717,2022-10-06,Return,High,5,4
TKT_001245,CUST_03429,2022-05-10,Payment,High,2,
TKT_001246,CUST_02770,2022-11-30,Product Quality,Medium,7,1
TKT_001247,CUST_01824,2024-05-06,App Issue,Medium,2,5
TKT_001248,CUST_02679,2023-10-01,Other,Low,1,4
TKT_001249,CUST_00061,2023-02-02,Account,Medium,2,4
TKT_001250,CUST_04981,2024-01-21,Delivery,High,,5
TKT_001251,CUST_01247,2023-10-19,Product Quality,Medium,5,5
TKT_001252,CUST_00828,2023-06-29,Product Quality,Medium,7,3
TKT_001253,CUST_02854,2024-01-29,Product Quality,Medium,1,3
TKT_001254,CUST_02485,2023-04-15,App Issue,Low,,3
TKT_001255,CUST_02919,2022-11-11,Payment,Medium,,5
TKT_001256,CUST_01366,2024-03-01,Account,Low,10,3
TKT_001257,CUST_03523,2022-11-08,Product Quality,Low,5,4
TKT_001258,CUST_04218,2022-02-24,Product Quality,Low,1,2
TKT_001259,CUST_04915,2022-10-03,Return,Low,2,5
TKT_001260,CUST_04930,2022-09-27,Payment,High,2,3
TKT_001261,CUST_00259,2022-09-08,Return,Low,5,4
TKT_001262,CUST_02968,2023-12-17,Account,Low,5,5
TKT_001263,CUST_04185,2023-10-15,Delivery,Low,2,
TKT_001264,CUST_00881,2024-05-07,Payment,Medium,5,4
TKT_001265,CUST_00522,2022-11-25,Delivery,Low,7,3
TKT_001266,CUST_03029,2024-05-17,Return,Medium,1,1
TKT_001267,CUST_03501,2022-03-28,Delivery,Medium,3,4
TKT_001268,CUST_04301,2023-07-02,Delivery,Medium,7,5
TKT_001269,CUST_04764,2023-11-22,Product Quality,Medium,1,5
TKT_001270,CUST_02240,2023-11-10,App Issue,Medium,5,4
TKT_001271,CUST_01764,2022-03-03,Account,High,10,1
TKT_001272,CUST_00685,2024-01-23,App Issue,Medium,1,4
TKT_001273,CUST_03170,2023-01-23,Delivery,High,2,4
TKT_001274,CUST_01213,2022-09-10,Return,Medium,1,2
TKT_001275,CUST_00548,2022-02-24,Delivery,High,5,3
TKT_001276,CUST_00504,2023-10-27,Other,Low,5,3
TKT_001277,CUST_02087,2024-01-18,Product Quality,Medium,10,5
TKT_001278,CUST_01069,2024-05-18,App Issue,Medium,1,4
TKT_001279,CUST_02869,2024-05-10,Product Quality,Medium,1,4
TKT_001280,CUST_01706,2022-05-13,App Issue,Medium,1,3
TKT_001281,CUST_03925,2022-02-26,Account,Medium,1,5
TKT_001282,CUST_04375,2024-01-19,Account,Medium,10,5
TKT_001283,CUST_03844,2022-12-30,App Issue,High,7,4
TKT_001284,CUST_01186,2023-12-17,Delivery,High,1,2
TKT_001285,CUST_04800,2023-10-18,Account,Medium,1,3
TKT_001286,CUST_03776,2023-09-09,Account,Medium,2,4
TKT_001287,CUST_00342,2023-09-26,App Issue,Medium,1,5
TKT_001288,CUST_02224,2023-03-22,Return,Medium,,5
TKT_001289,CUST_03750,2022-01-13,Payment,High,5,4
TKT_001290,CUST_01036,2024-05-27,Return,Low,3,1
TKT_001291,CUST_04780,2024-03-30,App Issue,Medium,3,5
TKT_001292,CUST_04645,2023-11-10,Other,Low,1,4
TKT_001293,CUST_02060,2024-03-17,Delivery,Medium,1,
TKT_001294,CUST_01599,2023-01-21,App Issue,Medium,10,4
TKT_001295,CUST_02199,2024-02-06,Account,Medium,2,
TKT_001296,CUST_04231,2022-11-18,Account,Medium,1,3
TKT_001297,CUST_01719,2023-01-16,Product Quality,High,5,5
TKT_001298,CUST_01432,2023-04-03,Return,Low,,5
TKT_001299,CUST_03198,2024-03-27,Other,Medium,5,5
TKT_001300,CUST_03130,2022-09-27,Account,Medium,2,4
TKT_001301,CUST_04924,2022-03-25,Product Quality,Medium,2,4
TKT_001302,CUST_02596,2023-03-14,App Issue,High,3,4
TKT_001303,CUST_02520,2022-03-08,Return,Medium,7,5
TKT_001304,CUST_04897,2022-12-09,Product Quality,Medium,2,5
TKT_001305,CUST_02227,2023-09-08,Return,High,1,5
TKT_001306,CUST_01395,2022-04-03,App Issue,High,1,2
TKT_001307,CUST_00389,2022-03-30,App Issue,Medium,3,4
TKT_001308,CUST_04173,2022-04-28,Product Quality,Low,2,5
TKT_001309,CUST_01939,2022-08-08,Account,Medium,5,4
TKT_001310,CUST_04272,2024-01-20,App Issue,High,3,3
TKT_001311,CUST_00717,2024-03-02,Return,Low,10,3
TKT_001312,CUST_04589,2022-08-02,Return,Medium,5,4
TKT_001313,CUST_03639,2022-05-05,Other,Medium,2,3
TKT_001314,CUST_01340,2022-01-26,App Issue,Medium,3,5
TKT_001315,CUST_01664,2023-11-21,App Issue,Medium,2,5
TKT_001316,CUST_02010,2023-12-27,Account,Medium,7,4
TKT_001317,CUST_01027,2023-09-07,Payment,Medium,2,4
TKT_001318,CUST_01776,2022-03-14,Account,High,2,3
TKT_001319,CUST_02925,2023-07-18,Return,Low,1,4
TKT_001320,CUST_02827,2022-03-12,App Issue,High,3,5
TKT_001321,CUST_00311,2023-04-23,Other,Medium,5,2
TKT_001322,CUST_01675,2022-05-16,App Issue,High,7,3
TKT_001323,CUST_04555,2024-01-22,Payment,Medium,3,2
TKT_001324,CUST_01492,2022-03-28,App Issue,Low,3,3
TKT_001325,CUST_03227,2023-07-30,App Issue,Medium,2,1
TKT_001326,CUST_01291,2023-04-10,Product Quality,Medium,5,5
TKT_001327,CUST_00290,2024-03-10,Payment,High,1,
TKT_001328,CUST_00101,2022-05-30,Product Quality,Medium,1,5
TKT_001329,CUST_02732,2023-12-25,Delivery,Medium,1,4
TKT_001330,CUST_01218,2022-01-09,App Issue,Medium,2,3
TKT_001331,CUST_03329,2023-01-21,Return,Medium,2,3
TKT_001332,CUST_04121,2022-05-07,Payment,Medium,5,4
TKT_001333,CUST_04805,2023-10-21,App Issue,High,,4
TKT_001334,CUST_04068,2024-03-11,App Issue,Low,2,3
TKT_001335,CUST_04661,2023-04-01,Return,High,2,1
TKT_001336,CUST_04906,2023-09-01,Return,Medium,2,5
TKT_001337,CUST_00953,2023-06-16,Account,Medium,7,4
TKT_001338,CUST_04941,2022-04-09,Delivery,Medium,5,4
TKT_001339,CUST_04228,2023-03-21,Account,Low,2,
TKT_001340,CUST_04114,2023-07-29,Delivery,High,10,2
TKT_001341,CUST_04185,2024-03-08,Product Quality,High,2,
TKT_001342,CUST_01399,2023-01-21,Delivery,Medium,7,5
TKT_001343,CUST_02703,2023-05-07,Delivery,High,1,2
TKT_001344,CUST_00882,2022-06-25,App Issue,Medium,3,4
TKT_001345,CUST_02624,2022-01-30,Account,Low,2,1
TKT_001346,CUST_03196,2023-06-23,Payment,Medium,1,4
TKT_001347,CUST_02345,2022-11-20,Payment,Low,3,5
TKT_001348,CUST_01745,2023-05-10,Payment,Medium,2,
TKT_001349,CUST_00232,2024-05-07,Account,Medium,3,4
TKT_001350,CUST_01702,2022-04-09,App Issue,Medium,7,2
TKT_001351,CUST_02105,2023-09-25,Product Quality,Medium,10,4
TKT_001352,CUST_04883,2023-06-19,Payment,Medium,7,4
TKT_001353,CUST_04059,2024-05-25,Other,Low,1,5
TKT_001354,CUST_02333,2022-09-09,App Issue,Medium,2,5
TKT_001355,CUST_03007,2022-03-31,Account,Low,2,2
TKT_001356,CUST_00927,2022-08-12,Return,Low,2,4
TKT_001357,CUST_04235,2023-10-19,Return,Medium,5,
TKT_001358,CUST_00607,2023-12-02,Other,Low,7,5
TKT_001359,CUST_04904,2022-03-20,Account,High,3,5
TKT_001360,CUST_02637,2023-10-10,Product Quality,Medium,2,4
TKT_001361,CUST_02364,2023-07-14,Payment,Medium,1,2
TKT_001362,CUST_04233,2024-01-09,Account,Medium,,4
TKT_001363,CUST_04718,2024-02-06,Other,High,1,5
TKT_001364,CUST_04986,2023-04-27,Other,Medium,2,5
TKT_001365,CUST_02413,2023-12-07,Account,Medium,2,3
TKT_001366,CUST_03257,2022-06-27,Product Quality,High,2,5
TKT_001367,CUST_01702,2022-04-17,Product Quality,Medium,7,4
TKT_001368,CUST_00209,2023-06-27,Payment,Low,2,4
TKT_001369,CUST_01005,2023-10-15,Return,Medium,5,5
TKT_001370,CUST_01101,2023-10-21,Payment,Low,2,4
TKT_001371,CUST_03075,2023-05-25,Payment,Medium,1,5
TKT_001372,CUST_02052,2024-04-03,Payment,Low,2,4
TKT_001373,CUST_01624,2022-03-04,App Issue,Medium,2,3
TKT_001374,CUST_03325,2022-03-10,Product Quality,Low,2,5
TKT_001375,CUST_01782,2022-02-22,Return,Low,3,5
TKT_001376,CUST_03490,2023-05-09,Delivery,Low,5,4
TKT_001377,CUST_00671,2023-05-15,Other,Medium,2,5
TKT_001378,CUST_01463,2022-08-28,Account,Medium,5,5
TKT_001379,CUST_04888,2023-07-29,Product Quality,Low,,5
TKT_001380,CUST_03466,2023-07-14,App Issue,Medium,7,5
TKT_001381,CUST_04077,2023-12-10,Account,Medium,7,4
TKT_001382,CUST_02552,2024-05-25,Account,Medium,1,4
TKT_001383,CUST_03024,2023-08-05,Other,Medium,5,4
TKT_001384,CUST_03374,2024-02-04,Other,High,1,4
TKT_001385,CUST_00118,2024-02-01,Product Quality,Low,5,5
TKT_001386,CUST_00983,2022-03-03,Delivery,Medium,3,4
TKT_001387,CUST_04623,2023-11-14,Payment,Low,7,4
TKT_001388,CUST_00854,2022-08-13,Account,Low,7,3
TKT_001389,CUST_03697,2023-08-28,Other,Medium,3,4
TKT_001390,CUST_02269,2023-12-22,App Issue,Medium,10,4
TKT_001391,CUST_01888,2022-04-29,App Issue,Low,3,5
TKT_001392,CUST_02706,2024-06-14,Delivery,Medium,7,4
TKT_001393,CUST_00120,2023-09-24,Delivery,High,2,5
TKT_001394,CUST_00212,2024-02-16,App Issue,High,1,3
TKT_001395,CUST_02745,2023-10-04,Return,High,10,4
TKT_001396,CUST_00986,2023-11-03,Account,Medium,3,3
TKT_001397,CUST_03896,2022-10-17,Delivery,Low,5,5
TKT_001398,CUST_02563,2022-10-11,App Issue,Medium,,5
TKT_001399,CUST_02379,2024-06-06,Account,Low,2,2
TKT_001400,CUST_04116,2023-11-04,Other,High,3,2
TKT_001401,CUST_04088,2023-02-25,Delivery,Medium,2,5
TKT_001402,CUST_01982,2022-08-23,Account,Low,1,3
TKT_001403,CUST_01141,2023-07-17,App Issue,Low,3,5
TKT_001404,CUST_02566,2022-02-26,Payment,Low,2,3
TKT_001405,CUST_04345,2022-09-22,Delivery,Medium,7,2
TKT_001406,CUST_01334,2022-02-25,Return,Medium,1,5
TKT_001407,CUST_01612,2023-08-31,Payment,Medium,1,1
TKT_001408,CUST_02942,2022-01-19,Other,Low,1,4
TKT_001409,CUST_02917,2022-03-02,Payment,Low,1,
TKT_001410,CUST_00169,2023-01-24,Payment,Medium,1,4
TKT_001411,CUST_04915,2022-07-10,App Issue,High,2,4
TKT_001412,CUST_01154,2022-11-14,Return,Low,3,3
TKT_001413,CUST_01451,2023-03-11,Return,High,1,4
TKT_001414,CUST_04128,2023-08-09,Product Quality,Medium,3,3
TKT_001415,CUST_02528,2024-05-15,Delivery,Medium,5,5
TKT_001416,CUST_00282,2023-10-05,Return,High,2,4
TKT_001417,CUST_04458,2023-01-31,Other,Low,2,5
TKT_001418,CUST_01630,2022-09-04,Delivery,Medium,3,5
TKT_001419,CUST_03763,2024-03-16,Account,Medium,3,3
TKT_001420,CUST_02282,2023-12-26,Payment,High,2,4
TKT_001421,CUST_03273,2022-09-09,Return,High,5,4
TKT_001422,CUST_03834,2022-12-03,App Issue,Low,2,5
TKT_001423,CUST_04858,2024-02-21,Account,Low,5,5
TKT_001424,CUST_04710,2023-03-14,Account,Medium,,5
TKT_001425,CUST_01842,2023-03-22,Delivery,Low,2,2
TKT_001426,CUST_00595,2022-09-06,Payment,Low,1,5
TKT_001427,CUST_00128,2023-10-14,Delivery,Low,1,3
TKT_001428,CUST_00053,2023-05-17,Payment,Low,2,4
TKT_001429,CUST_04355,2024-02-19,App Issue,Medium,2,4
TKT_001430,CUST_03566,2024-01-21,Other,High,2,3
TKT_001431,CUST_00896,2023-08-08,Return,Low,3,4
TKT_001432,CUST_00562,2022-08-02,Account,Medium,1,2
TKT_001433,CUST_03546,2023-04-23,Product Quality,High,1,3
TKT_001434,CUST_04336,2023-09-07,Return,Medium,1,
TKT_001435,CUST_04977,2023-05-12,Payment,Medium,1,3
TKT_001436,CUST_04733,2023-11-29,Other,Medium,3,4
TKT_001437,CUST_04265,2022-02-23,Product Quality,Medium,2,4
TKT_001438,CUST_02804,2023-09-05,Other,Low,7,3
TKT_001439,CUST_04575,2024-02-13,Product Quality,Low,7,5
TKT_001440,CUST_00574,2023-06-26,Return,Low,3,5
TKT_001441,CUST_02852,2022-09-29,App Issue,Low,5,3
TKT_001442,CUST_00723,2023-12-18,Delivery,Medium,10,
TKT_001443,CUST_02452,2023-12-16,Payment,Medium,3,4
TKT_001444,CUST_03625,2024-01-12,App Issue,Low,5,4
TKT_001445,CUST_03764,2023-06-19,App Issue,Medium,,5
TKT_001446,CUST_02543,2022-03-04,Return,Low,1,2
TKT_001447,CUST_02364,2023-10-19,Delivery,Medium,3,5
TKT_001448,CUST_04667,2023-04-19,Delivery,Medium,2,4
TKT_001449,CUST_00985,2024-06-02,Payment,Medium,2,5
TKT_001450,CUST_04028,2023-07-11,Delivery,High,2,5
TKT_001451,CUST_00430,2022-12-20,Account,Low,3,5
TKT_001452,CUST_01090,2023-11-16,Delivery,Medium,3,4
TKT_001453,CUST_04976,2022-01-15,Delivery,Medium,2,2
TKT_001454,CUST_02213,2024-01-06,Account,Medium,7,3
TKT_001455,CUST_04744,2022-09-15,Return,High,5,4
TKT_001456,CUST_02400,2023-11-04,Account,Low,3,5
TKT_001457,CUST_01383,2023-01-15,Return,Low,3,3
TKT_001458,CUST_02110,2023-07-15,Other,Low,1,3
TKT_001459,CUST_01419,2023-11-18,Product Quality,Medium,2,5
TKT_001460,CUST_00279,2024-02-04,Delivery,Low,1,3
TKT_001461,CUST_02055,2022-09-11,Payment,Medium,1,4
TKT_001462,CUST_03783,2023-06-13,Account,Low,3,5
TKT_001463,CUST_00841,2022-05-22,Product Quality,High,3,2
TKT_001464,CUST_03645,2023-12-03,Account,Low,1,4
TKT_001465,CUST_03726,2024-02-13,Account,High,3,5
TKT_001466,CUST_01419,2023-02-03,Other,Medium,2,5
TKT_001467,CUST_04915,2023-08-02,Other,High,5,4
TKT_001468,CUST_02951,2024-05-30,Account,High,5,3
TKT_001469,CUST_02612,2022-11-18,Product Quality,High,3,4
TKT_001470,CUST_01426,2024-03-21,Payment,Low,1,4
TKT_001471,CUST_04211,2023-04-11,Delivery,Low,7,4
TKT_001472,CUST_04638,2023-09-07,Delivery,Medium,1,5
TKT_001473,CUST_04108,2022-04-10,Return,Low,1,1
TKT_001474,CUST_01031,2023-09-19,Payment,High,1,3
TKT_001475,CUST_03056,2022-05-28,Other,High,7,
TKT_001476,CUST_04653,2023-05-23,App Issue,Medium,7,3
TKT_001477,CUST_04623,2022-03-21,Account,High,7,3
TKT_001478,CUST_03035,2022-05-22,Payment,Low,5,5
TKT_001479,CUST_01420,2022-05-07,Return,Medium,3,5
TKT_001480,CUST_04070,2024-05-11,Delivery,Low,7,5
TKT_001481,CUST_03083,2023-12-23,Payment,Medium,1,5
TKT_001482,CUST_02521,2023-12-07,Return,Medium,3,4
TKT_001483,CUST_02645,2023-11-23,Account,Medium,3,4
TKT_001484,CUST_03032,2024-04-07,Other,Medium,10,4
TKT_001485,CUST_02383,2024-01-18,App Issue,Medium,3,4
TKT_001486,CUST_02308,2022-07-18,App Issue,Medium,7,4
TKT_001487,CUST_01549,2022-05-22,Product Quality,Low,5,5
TKT_001488,CUST_00862,2022-01-11,Return,Medium,2,4
TKT_001489,CUST_02835,2022-11-09,Delivery,Low,3,3
TKT_001490,CUST_00371,2023-05-16,Product Quality,Low,,4
TKT_001491,CUST_04121,2022-05-23,Delivery,Low,,5
TKT_001492,CUST_00101,2022-05-13,Payment,High,7,4
TKT_001493,CUST_03899,2023-04-25,Payment,High,1,3
TKT_001494,CUST_00751,2023-09-16,Payment,Medium,2,4
TKT_001495,CUST_02701,2022-03-09,Other,Medium,7,1
TKT_001496,CUST_04202,2023-08-24,App Issue,Low,3,5
TKT_001497,CUST_03057,2022-06-04,Delivery,Low,,3
TKT_001498,CUST_02919,2024-06-16,Account,Low,2,5
TKT_001499,CUST_01961,2023-04-22,Account,Medium,3,3
TKT_001500,CUST_00618,2023-12-16,App Issue,Medium,1,5
TKT_001501,CUST_01920,2024-02-11,App Issue,Medium,3,1
TKT_001502,CUST_01967,2022-12-03,Product Quality,Medium,,4
TKT_001503,CUST_00483,2024-01-23,Other,High,2,5
TKT_001504,CUST_00335,2022-11-14,Delivery,Low,5,5
TKT_001505,CUST_02324,2023-07-28,Other,Medium,2,5
TKT_001506,CUST_04248,2022-12-16,App Issue,Low,1,5
TKT_001507,CUST_04059,2023-03-13,Delivery,Medium,3,2
TKT_001508,CUST_03636,2023-11-03,Account,Low,3,4
TKT_001509,CUST_03677,2023-09-21,Other,Medium,5,
TKT_001510,CUST_03852,2023-08-02,Other,Medium,5,5
TKT_001511,CUST_04828,2022-10-13,Payment,Low,3,4
TKT_001512,CUST_02478,2023-03-26,App Issue,Medium,5,4
TKT_001513,CUST_04337,2023-02-02,App Issue,Low,3,2
TKT_001514,CUST_02862,2022-08-03,Payment,High,2,5
TKT_001515,CUST_01373,2024-02-29,Return,Medium,1,4
TKT_001516,CUST_03612,2024-03-29,Delivery,Medium,2,4
TKT_001517,CUST_01879,2024-01-28,Account,Low,3,5
TKT_001518,CUST_02831,2022-01-10,Payment,Low,2,4
TKT_001519,CUST_02968,2022-06-21,Delivery,Medium,10,4
TKT_001520,CUST_03315,2023-05-10,App Issue,High,2,5
TKT_001521,CUST_04200,2023-05-01,Payment,High,5,3
TKT_001522,CUST_03516,2024-02-18,Return,Low,2,3
TKT_001523,CUST_04136,2022-12-06,Account,High,7,3
TKT_001524,CUST_02703,2024-06-12,Delivery,Medium,3,4
TKT_001525,CUST_04355,2024-01-02,Payment,High,3,4
TKT_001526,CUST_04278,2022-07-05,App Issue,Low,7,5
TKT_001527,CUST_00704,2022-09-07,Product Quality,Medium,7,3
TKT_001528,CUST_04669,2022-12-31,App Issue,Medium,10,4
TKT_001529,CUST_02600,2022-01-26,Account,Low,7,1
TKT_001530,CUST_00770,2024-02-02,Delivery,Low,1,3
TKT_001531,CUST_03256,2023-04-29,Delivery,Low,1,4
TKT_001532,CUST_00759,2023-02-12,Account,High,1,5
TKT_001533,CUST_00934,2024-01-27,Product Quality,Medium,5,3
TKT_001534,CUST_04108,2023-10-16,Account,Medium,5,3
TKT_001535,CUST_04616,2022-10-22,Product Quality,Medium,2,5
TKT_001536,CUST_00952,2022-03-17,Account,High,1,5
TKT_001537,CUST_04667,2022-10-03,Other,High,5,5
TKT_001538,CUST_03632,2023-11-22,Return,Medium,5,4
TKT_001539,CUST_01397,2022-01-15,Delivery,Medium,7,4
TKT_001540,CUST_03188,2024-03-21,Other,Low,2,4
TKT_001541,CUST_04995,2023-02-10,Payment,Medium,7,3
TKT_001542,CUST_00069,2023-05-06,Delivery,Medium,3,
TKT_001543,CUST_04859,2023-03-19,App Issue,Medium,3,4
TKT_001544,CUST_03658,2023-08-02,Payment,Medium,3,4
TKT_001545,CUST_04468,2022-07-21,Payment,Low,2,4
TKT_001546,CUST_03693,2023-02-03,Delivery,Medium,10,5
TKT_001547,CUST_01437,2023-05-11,Return,Medium,2,3
TKT_001548,CUST_02010,2023-01-19,Product Quality,High,1,
TKT_001549,CUST_02127,2023-01-24,Account,High,2,4
TKT_001550,CUST_00629,2022-10-05,Account,Low,1,5
TKT_001551,CUST_04708,2022-11-16,Return,Low,10,4
TKT_001552,CUST_01698,2023-04-21,Account,Medium,2,3
TKT_001553,CUST_03087,2022-04-18,Product Quality,Low,5,3
TKT_001554,CUST_00624,2023-11-15,Other,Medium,7,5
TKT_001555,CUST_04896,2022-08-24,Account,High,1,3
TKT_001556,CUST_01088,2022-02-20,Account,High,10,3
TKT_001557,CUST_00201,2023-09-28,Payment,Medium,,4
TKT_001558,CUST_00408,2024-05-26,Other,Medium,5,3
TKT_001559,CUST_03355,2023-05-12,Product Quality,Medium,2,4
TKT_001560,CUST_03195,2023-10-22,Payment,Medium,1,4
TKT_001561,CUST_03856,2024-03-16,App Issue,Medium,10,4
TKT_001562,CUST_02006,2024-01-06,Product Quality,Low,5,5
TKT_001563,CUST_04647,2023-05-08,Account,Low,5,
TKT_001564,CUST_00163,2023-03-09,App Issue,High,3,4
TKT_001565,CUST_03364,2023-08-29,Return,Medium,3,3
TKT_001566,CUST_00742,2024-03-14,Account,Medium,1,5
TKT_001567,CUST_04001,2023-05-25,Account,Low,1,5
TKT_001568,CUST_03207,2022-04-17,Payment,Low,1,3
TKT_001569,CUST_03444,2022-04-05,App Issue,High,1,5
TKT_001570,CUST_02783,2022-12-29,Return,Low,2,5
TKT_001571,CUST_00436,2024-04-10,Other,High,2,4
TKT_001572,CUST_01298,2023-11-06,App Issue,High,2,4
TKT_001573,CUST_03220,2022-09-14,Other,Medium,3,4
TKT_001574,CUST_00286,2022-09-12,Payment,Low,1,4
TKT_001575,CUST_01366,2024-06-16,Return,Medium,3,2
TKT_001576,CUST_02007,2024-03-05,Payment,Medium,3,2
TKT_001577,CUST_02550,2024-05-15,Other,Medium,2,4
TKT_001578,CUST_03713,2023-05-06,Product Quality,Medium,3,5
TKT_001579,CUST_01041,2022-10-25,Account,Low,5,5
TKT_001580,CUST_00841,2023-10-27,Other,Medium,1,3
TKT_001581,CUST_02872,2022-07-12,Product Quality,Low,7,3
TKT_001582,CUST_03496,2022-05-27,Return,Medium,1,4
TKT_001583,CUST_01276,2023-12-10,Payment,Medium,2,4
TKT_001584,CUST_00148,2022-01-12,Payment,Low,3,5
TKT_001585,CUST_04340,2023-07-22,App Issue,High,3,4
TKT_001586,CUST_02195,2022-01-21,Return,Medium,5,5
TKT_001587,CUST_04567,2023-11-21,Account,Low,7,5
TKT_001588,CUST_03531,2022-11-19,Product Quality,Medium,5,4
TKT_001589,CUST_02228,2023-01-09,Payment,High,,4
TKT_001590,CUST_03518,2022-08-27,App Issue,Medium,2,3
TKT_001591,CUST_01709,2022-12-11,Payment,Medium,3,2
TKT_001592,CUST_01610,2022-09-14,Other,Medium,3,4
TKT_001593,CUST_00483,2022-06-15,Other,Low,7,5
TKT_001594,CUST_01975,2024-03-25,Payment,High,1,2
TKT_001595,CUST_01934,2022-04-15,Payment,Medium,10,4
TKT_001596,CUST_01483,2023-02-23,App Issue,Low,2,5
TKT_001597,CUST_01837,2022-07-18,Other,High,3,
TKT_001598,CUST_03297,2022-11-02,Account,High,2,3
TKT_001599,CUST_00798,2022-12-18,Payment,High,5,2
TKT_001600,CUST_00327,2023-11-19,Account,Medium,1,5
TKT_001601,CUST_02609,2024-03-30,Payment,Low,2,4
TKT_001602,CUST_04946,2022-09-30,Payment,Low,3,4
TKT_001603,CUST_00614,2023-07-24,Return,Medium,1,2
TKT_001604,CUST_03302,2022-06-05,Account,Low,2,4
TKT_001605,CUST_02850,2022-10-17,Product Quality,Medium,1,4
TKT_001606,CUST_03384,2024-05-12,Other,Medium,5,3
TKT_001607,CUST_04308,2023-01-13,Other,Medium,5,5
TKT_001608,CUST_04744,2022-08-07,Delivery,Medium,2,5
TKT_001609,CUST_03293,2023-02-05,Other,Medium,3,4
TKT_001610,CUST_02441,2024-02-13,Account,Medium,5,3
TKT_001611,CUST_03165,2022-02-22,Delivery,High,2,3
TKT_001612,CUST_00117,2024-02-01,App Issue,Medium,3,5
TKT_001613,CUST_04496,2023-11-25,App Issue,High,2,2
TKT_001614,CUST_02794,2022-04-30,App Issue,Medium,1,4
TKT_001615,CUST_01718,2022-12-19,Payment,Low,3,3
TKT_001616,CUST_01337,2023-11-12,Other,Medium,3,4
TKT_001617,CUST_00157,2024-03-15,Delivery,Medium,1,3
TKT_001618,CUST_00304,2023-07-13,Product Quality,Medium,5,3
TKT_001619,CUST_02352,2022-03-31,Account,High,2,5
TKT_001620,CUST_01429,2024-06-12,Account,Medium,2,4
TKT_001621,CUST_04638,2022-04-08,Delivery,Low,1,4
TKT_001622,CUST_00462,2023-05-04,Payment,Medium,2,4
TKT_001623,CUST_04038,2022-02-21,Other,Low,2,4
TKT_001624,CUST_04162,2023-12-20,Other,Low,1,5
TKT_001625,CUST_02589,2023-04-06,Payment,Medium,3,5
TKT_001626,CUST_02832,2022-02-26,App Issue,High,1,5
TKT_001627,CUST_01872,2023-02-14,Other,High,1,4
TKT_001628,CUST_03763,2023-11-11,Other,Medium,2,4
TKT_001629,CUST_03456,2023-07-03,Other,High,7,5
TKT_001630,CUST_01539,2022-11-25,Payment,Medium,5,5
TKT_001631,CUST_02829,2023-07-20,Payment,Medium,7,4
TKT_001632,CUST_04799,2024-05-05,Return,Low,1,5
TKT_001633,CUST_01239,2022-01-18,Delivery,Medium,7,5
TKT_001634,CUST_01540,2022-08-04,Payment,Medium,7,2
TKT_001635,CUST_03094,2023-02-22,Other,Medium,1,5
TKT_001636,CUST_04175,2024-02-03,Account,Low,2,4
TKT_001637,CUST_03809,2023-03-17,Payment,Low,7,2
TKT_001638,CUST_02576,2024-02-11,Payment,Low,10,5
TKT_001639,CUST_00107,2024-06-03,Other,Low,2,4
TKT_001640,CUST_03403,2022-02-27,Product Quality,Medium,5,3
TKT_001641,CUST_01027,2023-04-29,Return,Low,5,3
TKT_001642,CUST_01956,2023-02-14,Return,Medium,,4
TKT_001643,CUST_03813,2024-05-28,Return,High,3,5
TKT_001644,CUST_02147,2024-03-29,Return,High,5,1
TKT_001645,CUST_01317,2022-11-14,Delivery,Low,5,4
TKT_001646,CUST_03310,2024-05-19,Account,Medium,3,4
TKT_001647,CUST_02862,2023-01-30,Product Quality,High,5,4
TKT_001648,CUST_03207,2023-06-18,Product Quality,Medium,2,4
TKT_001649,CUST_02932,2022-03-01,Return,High,1,
TKT_001650,CUST_01493,2022-04-20,Payment,Low,5,4
TKT_001651,CUST_03772,2023-08-19,Account,High,1,4
TKT_001652,CUST_03413,2024-03-03,Return,Medium,3,4
TKT_001653,CUST_00742,2024-04-29,Payment,Medium,3,4
TKT_001654,CUST_01600,2024-03-01,Delivery,Medium,1,3
TKT_001655,CUST_04347,2023-12-23,App Issue,High,10,5
TKT_001656,CUST_03137,2023-04-05,Product Quality,Medium,1,5
TKT_001657,CUST_04795,2022-07-21,Payment,Low,3,5
TKT_001658,CUST_01502,2022-04-25,Other,Low,5,1
TKT_001659,CUST_04743,2022-08-31,Account,Low,3,3
TKT_001660,CUST_00933,2022-08-19,Product Quality,Medium,1,3
TKT_001661,CUST_03151,2022-10-28,Payment,Low,1,3
TKT_001662,CUST_03269,2023-10-21,App Issue,Medium,5,3
TKT_001663,CUST_01001,2024-03-02,Delivery,Low,1,3
TKT_001664,CUST_04842,2023-06-02,Delivery,Medium,5,4
TKT_001665,CUST_04632,2024-04-23,Other,High,1,5
TKT_001666,CUST_02764,2022-12-10,Return,Low,,4
TKT_001667,CUST_02518,2022-05-13,App Issue,Medium,,4
TKT_001668,CUST_01306,2024-06-14,Account,Medium,1,1
TKT_001669,CUST_03834,2023-10-08,Return,Medium,1,5
TKT_001670,CUST_01564,2024-02-14,App Issue,Medium,1,3
TKT_001671,CUST_01344,2023-10-16,Other,Medium,7,
TKT_001672,CUST_03375,2024-06-17,Account,High,2,5
TKT_001673,CUST_01442,2022-09-22,Product Quality,Low,5,4
TKT_001674,CUST_04368,2022-04-20,Product Quality,Medium,5,4
TKT_001675,CUST_00264,2023-07-05,Product Quality,Medium,5,5
TKT_001676,CUST_03918,2022-06-24,Return,Low,2,5
TKT_001677,CUST_01113,2023-03-01,App Issue,High,3,1
TKT_001678,CUST_01756,2024-01-01,Other,Low,5,4
TKT_001679,CUST_04721,2022-07-08,Account,Medium,1,3
TKT_001680,CUST_01896,2023-06-04,Return,High,2,5
TKT_001681,CUST_03432,2024-03-01,Payment,High,2,5
TKT_001682,CUST_04753,2022-06-27,Return,Low,7,5
TKT_001683,CUST_00800,2024-05-19,Other,Low,3,2
TKT_001684,CUST_04707,2022-02-24,Payment,Low,1,5
TKT_001685,CUST_02271,2022-10-29,Other,Low,2,4
TKT_001686,CUST_00863,2022-03-19,Payment,Low,7,3
TKT_001687,CUST_04359,2023-12-01,App Issue,Low,1,4
TKT_001688,CUST_02355,2024-01-19,App Issue,Medium,2,4
TKT_001689,CUST_03209,2023-08-25,Delivery,Low,,5
TKT_001690,CUST_03091,2023-12-06,Payment,Low,2,5
TKT_001691,CUST_03022,2023-04-05,App Issue,Medium,,5
TKT_001692,CUST_00429,2022-06-20,Payment,Medium,5,5
TKT_001693,CUST_00962,2024-02-27,App Issue,Medium,1,4
TKT_001694,CUST_04557,2022-12-04,App Issue,Low,3,5
TKT_001695,CUST_03623,2024-02-18,Other,Low,1,4
TKT_001696,CUST_00342,2023-10-01,Product Quality,Low,7,2
TKT_001697,CUST_00586,2022-12-22,Payment,Low,3,4
TKT_001698,CUST_02900,2023-06-06,Account,Low,10,5
TKT_001699,CUST_00803,2023-11-13,App Issue,Low,2,2
TKT_001700,CUST_00006,2023-11-24,Payment,Medium,5,5
TKT_001701,CUST_04634,2024-05-22,Delivery,Low,5,4
TKT_001702,CUST_01445,2023-10-07,Account,Low,7,2
TKT_001703,CUST_01810,2022-01-14,Product Quality,Medium,2,4
TKT_001704,CUST_00233,2023-01-27,Payment,Low,3,4
TKT_001705,CUST_01974,2022-09-27,Return,High,2,3
TKT_001706,CUST_02865,2022-08-14,Product Quality,Medium,2,5
TKT_001707,CUST_03816,2023-09-07,Other,Low,1,5
TKT_001708,CUST_00999,2022-05-28,Return,Medium,5,4
TKT_001709,CUST_03423,2022-03-08,Delivery,Low,7,4
TKT_001710,CUST_02657,2022-12-16,Account,High,7,4
TKT_001711,CUST_03171,2023-06-22,Product Quality,High,5,2
TKT_001712,CUST_02327,2023-04-30,Payment,Medium,3,5
TKT_001713,CUST_03269,2022-02-03,Payment,Low,10,4
TKT_001714,CUST_04035,2022-11-16,App Issue,Medium,3,4
TKT_001715,CUST_00934,2022-01-31,Other,Medium,2,3
TKT_001716,CUST_04814,2023-06-21,App Issue,Medium,1,5
TKT_001717,CUST_03670,2023-10-25,App Issue,High,1,4
TKT_001718,CUST_00332,2024-04-21,Account,Low,7,5
TKT_001719,CUST_02772,2024-04-18,Payment,Medium,2,5
TKT_001720,CUST_00783,2023-09-01,Account,High,1,5
TKT_001721,CUST_03622,2022-08-21,App Issue,Low,2,5
TKT_001722,CUST_01761,2023-08-29,App Issue,Low,2,2
TKT_001723,CUST_02129,2023-06-18,Return,Medium,2,2
TKT_001724,CUST_02154,2022-07-01,Delivery,Medium,5,1
TKT_001725,CUST_02046,2022-08-07,App Issue,Low,3,4
TKT_001726,CUST_04888,2022-04-22,Delivery,Medium,10,3
TKT_001727,CUST_04372,2023-01-05,Product Quality,High,2,5
TKT_001728,CUST_02775,2022-10-29,Account,Medium,,4
TKT_001729,CUST_01811,2023-05-30,Payment,Medium,1,4
TKT_001730,CUST_01526,2024-05-26,Delivery,Low,2,5
TKT_001731,CUST_03422,2023-12-04,Other,Medium,,4
TKT_001732,CUST_04747,2024-03-05,Return,Low,2,4
TKT_001733,CUST_01940,2022-03-07,Return,Medium,2,5
TKT_001734,CUST_02345,2022-08-18,Delivery,Medium,3,4
TKT_001735,CUST_00800,2023-06-04,Delivery,High,2,4
TKT_001736,CUST_00868,2022-01-31,Payment,Medium,2,
TKT_001737,CUST_00087,2024-03-31,Account,Medium,3,4
TKT_001738,CUST_02699,2022-03-02,App Issue,High,7,3
TKT_001739,CUST_00612,2022-03-25,Account,Low,1,1
TKT_001740,CUST_01130,2024-03-05,Return,High,3,3
TKT_001741,CUST_03856,2023-01-27,App Issue,High,1,5
TKT_001742,CUST_04527,2023-09-08,Account,Low,2,4
TKT_001743,CUST_04187,2023-06-10,Delivery,Medium,1,1
TKT_001744,CUST_03261,2023-05-19,Account,High,2,2
TKT_001745,CUST_04747,2024-04-22,Account,Medium,3,2
TKT_001746,CUST_04268,2023-08-05,App Issue,Low,1,4
TKT_001747,CUST_03244,2024-05-08,Product Quality,Low,2,4
TKT_001748,CUST_02277,2023-02-26,App Issue,Medium,3,3
TKT_001749,CUST_02560,2023-06-01,Delivery,Low,2,3
TKT_001750,CUST_03560,2023-12-29,Payment,Medium,5,4
TKT_001751,CUST_03595,2022-01-20,Return,Medium,3,4
TKT_001752,CUST_01950,2023-01-11,App Issue,Medium,1,2
TKT_001753,CUST_04116,2023-01-04,Payment,Low,1,4
TKT_001754,CUST_04896,2023-10-16,Product Quality,High,10,4
TKT_001755,CUST_01884,2023-07-31,Other,Low,3,
TKT_001756,CUST_02344,2023-07-13,Return,Medium,10,4
TKT_001757,CUST_00067,2023-03-11,Other,Low,2,
TKT_001758,CUST_04407,2023-08-27,Delivery,Medium,7,4
TKT_001759,CUST_01613,2023-03-15,Delivery,Low,2,4
TKT_001760,CUST_04461,2023-09-12,Account,Medium,2,5
TKT_001761,CUST_03685,2024-05-01,Product Quality,High,1,3
TKT_001762,CUST_00892,2022-01-14,App Issue,Medium,2,5
TKT_001763,CUST_01272,2024-04-29,Other,Medium,5,5
TKT_001764,CUST_01802,2023-11-13,Payment,Medium,5,3
TKT_001765,CUST_03678,2023-10-07,Account,Low,2,5
TKT_001766,CUST_02523,2023-12-07,Product Quality,Medium,2,5
TKT_001767,CUST_04107,2023-04-08,Delivery,Low,3,4
TKT_001768,CUST_04137,2022-02-23,Payment,Low,1,3
TKT_001769,CUST_01883,2022-01-29,Account,Low,2,4
TKT_001770,CUST_04852,2024-04-28,Product Quality,Low,2,4
TKT_001771,CUST_04712,2023-06-15,Product Quality,Low,1,4
TKT_001772,CUST_00553,2022-09-23,Other,Low,1,4
TKT_001773,CUST_04468,2024-01-09,Delivery,High,10,2
TKT_001774,CUST_00636,2022-08-24,Product Quality,High,10,2
TKT_001775,CUST_00286,2024-02-01,Return,Medium,1,3
TKT_001776,CUST_04354,2022-01-17,Return,Low,2,
TKT_001777,CUST_02544,2022-05-02,Other,Medium,5,5
TKT_001778,CUST_00163,2023-05-12,Payment,Medium,7,5
TKT_001779,CUST_04764,2023-03-01,Return,High,3,2
TKT_001780,CUST_00288,2023-08-27,Account,Low,3,3
TKT_001781,CUST_01359,2022-09-29,Other,Low,3,3
TKT_001782,CUST_04785,2022-02-16,Return,Low,,2
TKT_001783,CUST_01690,2023-09-23,Payment,High,5,4
TKT_001784,CUST_04886,2023-07-28,Return,High,3,5
TKT_001785,CUST_01485,2022-05-22,Delivery,Low,7,2
TKT_001786,CUST_03100,2023-09-18,Product Quality,Medium,3,1
TKT_001787,CUST_02659,2022-01-25,Delivery,High,2,4
TKT_001788,CUST_02531,2023-09-15,Payment,Medium,7,3
TKT_001789,CUST_03438,2023-08-01,Account,Medium,3,3
TKT_001790,CUST_02260,2023-09-14,Payment,Low,3,5
TKT_001791,CUST_04317,2022-10-06,Return,Low,3,2
TKT_001792,CUST_00605,2024-05-13,Account,Medium,5,3
TKT_001793,CUST_00032,2022-12-03,Return,Medium,5,4
TKT_001794,CUST_04631,2022-03-31,Payment,Low,,4
TKT_001795,CUST_00187,2023-07-27,Return,Medium,2,3
TKT_001796,CUST_02072,2022-06-02,App Issue,Medium,2,3
TKT_001797,CUST_01315,2022-06-19,Account,High,3,1
TKT_001798,CUST_00023,2022-07-01,Other,High,2,5
TKT_001799,CUST_02181,2023-01-25,App Issue,Low,3,5
TKT_001800,CUST_03159,2022-10-30,Product Quality,Medium,5,4
TKT_001801,CUST_04902,2022-01-29,Other,High,2,1
TKT_001802,CUST_03553,2022-12-29,Other,Medium,2,3
TKT_001803,CUST_04535,2022-03-08,Account,High,5,5
TKT_001804,CUST_04718,2023-03-10,Delivery,Low,2,3
TKT_001805,CUST_03732,2023-07-10,Delivery,High,3,5
TKT_001806,CUST_02248,2023-02-10,Account,Low,5,4
TKT_001807,CUST_02974,2023-06-03,App Issue,High,10,5
TKT_001808,CUST_04966,2023-10-10,Other,High,2,5
TKT_001809,CUST_04831,2024-03-31,Other,Medium,10,
TKT_001810,CUST_00878,2022-03-17,Account,Medium,2,3
TKT_001811,CUST_04809,2024-03-19,Other,Medium,10,4
TKT_001812,CUST_01671,2023-10-31,Payment,Low,10,4
TKT_001813,CUST_04094,2023-10-04,Delivery,Low,3,1
TKT_001814,CUST_00703,2023-02-23,Account,Low,5,3
TKT_001815,CUST_01859,2023-10-11,App Issue,High,2,3
TKT_001816,CUST_04231,2024-04-20,Other,Low,,5
TKT_001817,CUST_02361,2023-07-12,Other,Medium,,1
TKT_001818,CUST_02870,2024-02-10,Product Quality,Low,3,4
TKT_001819,CUST_04175,2023-02-27,Delivery,Low,3,5
TKT_001820,CUST_03588,2022-10-22,Product Quality,Low,5,5
TKT_001821,CUST_04356,2023-11-17,Payment,Medium,1,1
TKT_001822,CUST_04415,2022-08-17,Account,Medium,3,2
TKT_001823,CUST_00282,2024-02-07,Delivery,Low,5,5
TKT_001824,CUST_04825,2023-10-30,Payment,Low,7,4
TKT_001825,CUST_04984,2023-01-20,Account,High,3,5
TKT_001826,CUST_04924,2023-07-09,App Issue,Medium,10,3
TKT_001827,CUST_03404,2024-05-28,Payment,Low,3,5
TKT_001828,CUST_00303,2024-04-06,App Issue,Low,10,5
TKT_001829,CUST_04797,2023-09-09,Product Quality,High,3,5
TKT_001830,CUST_01584,2023-05-12,Other,Low,,5
TKT_001831,CUST_00533,2023-06-16,Other,Low,2,4
TKT_001832,CUST_04771,2022-08-13,Account,Low,1,3
TKT_001833,CUST_00609,2024-05-09,Product Quality,Medium,7,3
TKT_001834,CUST_01857,2023-05-06,Delivery,Medium,3,4
TKT_001835,CUST_01537,2022-08-08,Payment,High,1,1
TKT_001836,CUST_00137,2022-07-22,Other,High,3,4
TKT_001837,CUST_00319,2022-08-29,Other,Medium,7,1
TKT_001838,CUST_01461,2024-02-03,Delivery,High,2,5
TKT_001839,CUST_04274,2022-03-14,Account,Low,7,1
TKT_001840,CUST_01755,2022-06-17,Return,Low,1,5
TKT_001841,CUST_00305,2023-12-22,App Issue,Medium,10,5
TKT_001842,CUST_01581,2022-03-14,App Issue,High,3,3
TKT_001843,CUST_03223,2024-01-25,Account,Medium,3,
TKT_001844,CUST_04777,2024-01-31,Payment,Low,10,2
TKT_001845,CUST_04287,2022-09-29,Account,Medium,7,4
TKT_001846,CUST_02916,2023-02-06,Payment,Low,7,5
TKT_001847,CUST_03417,2022-10-20,Payment,Medium,2,5
TKT_001848,CUST_01864,2022-08-11,Delivery,Medium,1,3
TKT_001849,CUST_01904,2022-07-25,Other,High,3,3
TKT_001850,CUST_01672,2022-05-08,Return,Low,2,4
TKT_001851,CUST_03151,2023-06-03,Product Quality,Medium,2,4
TKT_001852,CUST_02530,2023-06-10,Product Quality,Medium,1,2
TKT_001853,CUST_03223,2023-01-28,Payment,Medium,2,4
TKT_001854,CUST_00783,2022-11-21,Return,Medium,7,5
TKT_001855,CUST_04282,2023-07-10,Product Quality,High,1,2
TKT_001856,CUST_02389,2024-06-01,Product Quality,High,1,5
TKT_001857,CUST_02310,2023-02-03,Return,Low,,5
TKT_001858,CUST_01388,2024-01-18,Other,High,3,5
TKT_001859,CUST_02980,2022-04-06,App Issue,High,2,5
TKT_001860,CUST_03904,2023-05-25,Other,Low,2,5
TKT_001861,CUST_01153,2023-07-26,Payment,High,3,5
TKT_001862,CUST_01638,2023-12-06,Account,High,1,3
TKT_001863,CUST_01587,2024-04-26,Product Quality,Low,5,5
TKT_001864,CUST_00811,2023-03-07,App Issue,Low,5,5
TKT_001865,CUST_00770,2024-01-12,Account,Low,2,2
TKT_001866,CUST_01592,2022-04-16,Product Quality,High,5,5
TKT_001867,CUST_02027,2024-04-26,Other,Low,,5
TKT_001868,CUST_00940,2022-02-17,Delivery,High,1,3
TKT_001869,CUST_00450,2022-11-20,Other,Medium,3,2
TKT_001870,CUST_00070,2024-01-01,App Issue,Low,3,4
TKT_001871,CUST_01970,2022-11-03,Other,Low,10,5
TKT_001872,CUST_00092,2023-07-16,Other,Medium,2,5
TKT_001873,CUST_01008,2024-01-23,Product Quality,Medium,7,5
TKT_001874,CUST_03585,2024-03-29,Delivery,Medium,3,4
TKT_001875,CUST_01529,2022-04-27,Product Quality,Low,2,1
TKT_001876,CUST_00980,2023-07-20,App Issue,High,2,5
TKT_001877,CUST_01024,2024-04-15,Other,Medium,2,5
TKT_001878,CUST_04246,2022-01-15,Product Quality,High,2,5
TKT_001879,CUST_01951,2023-07-15,Payment,Medium,3,4
TKT_001880,CUST_04845,2022-12-31,Delivery,Low,2,
TKT_001881,CUST_00462,2023-11-08,App Issue,Medium,,
TKT_001882,CUST_00752,2023-10-11,App Issue,Medium,3,4
TKT_001883,CUST_00147,2023-11-09,Payment,High,2,4
TKT_001884,CUST_02182,2023-03-30,Delivery,Medium,2,2
TKT_001885,CUST_01768,2024-06-08,Return,Low,5,4
TKT_001886,CUST_01476,2023-11-29,App Issue,Medium,2,5
TKT_001887,CUST_00765,2024-01-24,Account,Medium,2,3
TKT_001888,CUST_00360,2022-08-31,Return,High,2,
TKT_001889,CUST_00582,2023-08-18,Account,Medium,7,4
TKT_001890,CUST_02251,2023-04-19,App Issue,Low,5,3
TKT_001891,CUST_00298,2023-12-16,Account,Low,2,2
TKT_001892,CUST_04363,2023-08-14,Other,Low,1,5
TKT_001893,CUST_00925,2024-05-29,Other,Low,3,4
TKT_001894,CUST_04739,2023-04-07,App Issue,Low,7,4
TKT_001895,CUST_02016,2024-03-06,Return,Medium,,4
TKT_001896,CUST_04147,2023-12-05,Other,Low,2,5
TKT_001897,CUST_00691,2023-05-15,Payment,Low,10,4
TKT_001898,CUST_00503,2024-05-21,Account,Low,2,5
TKT_001899,CUST_04364,2022-10-21,Account,Medium,10,4
TKT_001900,CUST_00968,2022-05-17,App Issue,Medium,5,4
TKT_001901,CUST_00964,2022-10-18,Return,Medium,2,5
TKT_001902,CUST_01351,2023-03-03,Other,Low,3,2
TKT_001903,CUST_01256,2023-05-10,Return,Medium,2,5
TKT_001904,CUST_03657,2023-11-10,Payment,Low,2,5
TKT_001905,CUST_03059,2023-06-04,Return,Medium,5,5
TKT_001906,CUST_02474,2023-03-01,Product Quality,Medium,1,5
TKT_001907,CUST_02010,2022-01-26,Return,Medium,1,3
TKT_001908,CUST_00473,2023-01-29,Return,High,10,5
TKT_001909,CUST_00476,2023-08-25,Product Quality,Medium,5,5
TKT_001910,CUST_01847,2023-04-29,Other,Low,1,4
TKT_001911,CUST_03145,2022-03-20,Other,Medium,7,
TKT_001912,CUST_02519,2024-03-30,Account,High,3,1
TKT_001913,CUST_02231,2022-09-23,Return,Medium,3,
TKT_001914,CUST_04547,2022-05-22,Other,Medium,1,3
TKT_001915,CUST_03821,2024-02-04,Account,Medium,10,3
TKT_001916,CUST_04719,2024-04-23,Other,High,1,4
TKT_001917,CUST_04297,2024-05-06,Return,High,2,2
TKT_001918,CUST_00383,2023-08-13,App Issue,Low,1,3
TKT_001919,CUST_01328,2024-05-09,Return,Medium,10,3
TKT_001920,CUST_03870,2024-04-25,App Issue,High,5,4
TKT_001921,CUST_00897,2023-04-03,Return,Medium,2,3
TKT_001922,CUST_04502,2022-12-19,Return,Low,7,5
TKT_001923,CUST_02462,2024-02-09,Delivery,High,3,4
TKT_001924,CUST_01845,2024-03-10,Delivery,Low,3,5
TKT_001925,CUST_03477,2022-12-26,Payment,Medium,5,3
TKT_001926,CUST_01456,2022-07-01,Product Quality,Medium,1,4
TKT_001927,CUST_02887,2024-04-23,Return,Low,2,5
TKT_001928,CUST_02933,2024-02-24,Payment,High,7,3
TKT_001929,CUST_02868,2022-10-25,Other,Low,2,3
TKT_001930,CUST_01850,2022-07-17,Return,High,2,
TKT_001931,CUST_04547,2023-06-09,Delivery,High,3,5
TKT_001932,CUST_01262,2022-08-17,Return,Low,2,5
TKT_001933,CUST_01405,2023-02-07,Account,Medium,5,4
TKT_001934,CUST_03911,2022-09-28,Delivery,Medium,1,4
TKT_001935,CUST_01239,2022-06-15,Other,Low,5,5
TKT_001936,CUST_00292,2022-08-11,Account,High,3,5
TKT_001937,CUST_02921,2022-07-13,Return,Low,10,3
TKT_001938,CUST_04566,2022-03-04,Return,High,1,5
TKT_001939,CUST_01432,2022-06-10,Other,High,3,4
TKT_001940,CUST_03046,2022-04-04,Delivery,Medium,5,4
TKT_001941,CUST_00140,2022-12-18,Product Quality,High,5,4
TKT_001942,CUST_00295,2022-11-09,Return,Low,2,4
TKT_001943,CUST_00232,2024-05-14,Other,High,1,2
TKT_001944,CUST_04232,2022-12-22,App Issue,High,7,3
TKT_001945,CUST_01487,2022-10-17,App Issue,High,3,3
TKT_001946,CUST_00427,2023-10-18,Delivery,Medium,3,5
TKT_001947,CUST_03509,2022-10-03,Product Quality,Medium,5,4
TKT_001948,CUST_02684,2022-09-08,Product Quality,Medium,2,5
TKT_001949,CUST_01464,2023-03-09,Product Quality,Low,2,4
TKT_001950,CUST_04543,2022-07-22,Return,Low,,4
TKT_001951,CUST_02501,2022-09-24,Return,Low,3,5
TKT_001952,CUST_02747,2023-04-23,Delivery,Medium,5,5
TKT_001953,CUST_00833,2023-03-05,Delivery,Medium,5,1
TKT_001954,CUST_00041,2022-05-13,Product Quality,Medium,2,3
TKT_001955,CUST_02732,2024-01-26,App Issue,Medium,3,4
TKT_001956,CUST_01024,2022-07-12,Product Quality,High,5,4
TKT_001957,CUST_04673,2022-08-26,App Issue,Medium,5,4
TKT_001958,CUST_04883,2023-05-26,Product Quality,Medium,2,5
TKT_001959,CUST_04850,2023-02-10,Delivery,Low,1,4
TKT_001960,CUST_02788,2022-06-27,Return,Medium,7,4
TKT_001961,CUST_04565,2023-10-09,App Issue,Low,1,1
TKT_001962,CUST_00494,2023-05-02,App Issue,Low,2,3
TKT_001963,CUST_02691,2023-06-01,Other,Medium,1,2
TKT_001964,CUST_04523,2024-04-08,Payment,Low,5,4
TKT_001965,CUST_02366,2022-12-22,Account,Medium,2,4
TKT_001966,CUST_03486,2022-09-03,App Issue,Medium,2,5
TKT_001967,CUST_04643,2022-03-13,Return,Medium,3,2
TKT_001968,CUST_03917,2024-02-14,Payment,Medium,2,3
TKT_001969,CUST_01493,2024-04-01,Account,Medium,3,5
TKT_001970,CUST_02602,2023-10-25,Product Quality,Medium,3,
TKT_001971,CUST_00314,2022-06-16,Other,Medium,7,
TKT_001972,CUST_04883,2022-03-30,App Issue,Low,10,4
TKT_001973,CUST_00394,2023-03-17,App Issue,Low,1,4
TKT_001974,CUST_04530,2022-01-18,Other,Medium,3,5
TKT_001975,CUST_02336,2023-06-03,Other,Medium,7,4
TKT_001976,CUST_04910,2023-07-11,Account,High,2,
TKT_001977,CUST_01826,2022-02-17,Delivery,Medium,7,1
TKT_001978,CUST_01635,2023-09-11,App Issue,Medium,10,3
TKT_001979,CUST_01758,2022-05-11,Other,Medium,3,4
TKT_001980,CUST_02673,2023-11-14,Return,Medium,2,4
TKT_001981,CUST_01624,2024-05-28,Product Quality,Low,2,5
TKT_001982,CUST_01155,2022-03-20,Product Quality,Low,3,4
TKT_001983,CUST_00184,2024-02-23,Product Quality,Low,2,3
TKT_001984,CUST_04796,2022-02-13,Delivery,Low,2,5
TKT_001985,CUST_01043,2022-12-21,Return,Medium,3,5
TKT_001986,CUST_01305,2023-11-10,Return,Low,1,2
TKT_001987,CUST_01509,2023-07-01,Account,Medium,1,4
TKT_001988,CUST_02377,2023-08-03,Return,Medium,3,
TKT_001989,CUST_00954,2022-06-19,Payment,High,7,3
TKT_001990,CUST_01762,2022-11-17,Return,Medium,3,4
TKT_001991,CUST_03267,2023-09-21,Account,Medium,2,3
TKT_001992,CUST_01755,2022-06-06,Product Quality,Medium,2,5
TKT_001993,CUST_00146,2023-11-22,Other,Medium,3,4
TKT_001994,CUST_01188,2023-07-25,App Issue,High,5,1
TKT_001995,CUST_04718,2023-06-10,Product Quality,Medium,3,4
TKT_001996,CUST_02918,2022-08-07,Other,Medium,1,4
TKT_001997,CUST_04150,2022-03-01,Delivery,High,2,3
TKT_001998,CUST_02125,2022-05-05,Product Quality,High,5,5
TKT_001999,CUST_03162,2023-10-04,Return,Low,10,2
TKT_002000,CUST_04502,2024-05-18,Account,Low,2,5
TKT_002001,CUST_00747,2022-11-16,Account,Low,2,4
TKT_002002,CUST_03263,2022-05-31,Delivery,Medium,2,4
TKT_002003,CUST_04336,2024-01-19,Other,Medium,3,4
TKT_002004,CUST_02659,2024-03-31,Payment,Low,5,4
TKT_002005,CUST_01295,2023-05-30,Product Quality,Medium,1,2
TKT_002006,CUST_03496,2022-03-25,Other,Low,1,5
TKT_002007,CUST_01232,2023-02-03,Other,Low,3,4
TKT_002008,CUST_04328,2022-05-24,Delivery,High,2,5
TKT_002009,CUST_02649,2022-01-03,Return,Medium,10,3
TKT_002010,CUST_00372,2022-02-12,Return,Medium,2,3
TKT_002011,CUST_04862,2022-08-16,Product Quality,Medium,5,5
TKT_002012,CUST_03456,2023-04-09,Account,Medium,5,2
TKT_002013,CUST_03112,2022-11-07,App Issue,Medium,2,1
TKT_002014,CUST_00483,2022-01-29,Return,Low,3,4
TKT_002015,CUST_01438,2023-01-01,Product Quality,Low,1,5
TKT_002016,CUST_04635,2023-11-24,App Issue,Low,3,5
TKT_002017,CUST_04550,2023-07-09,Account,Low,1,4
TKT_002018,CUST_03441,2024-02-22,Payment,High,10,3
TKT_002019,CUST_03927,2023-10-06,Return,Medium,3,2
TKT_002020,CUST_03992,2022-05-28,Account,Medium,2,4
TKT_002021,CUST_01487,2022-10-12,Product Quality,High,3,4
TKT_002022,CUST_01803,2022-06-24,Other,Medium,3,2
TKT_002023,CUST_02704,2023-06-29,Payment,Medium,3,4
TKT_002024,CUST_03283,2023-06-15,Product Quality,High,1,5
TKT_002025,CUST_02830,2022-01-08,Account,High,10,4
TKT_002026,CUST_01341,2022-12-16,Delivery,Low,3,5
TKT_002027,CUST_01386,2022-09-09,Account,High,2,4
TKT_002028,CUST_00407,2023-07-26,Delivery,Medium,1,5
TKT_002029,CUST_01733,2022-01-14,App Issue,Medium,1,2
TKT_002030,CUST_02844,2024-02-25,Delivery,Low,5,4
TKT_002031,CUST_01008,2023-10-23,Product Quality,Low,7,5
TKT_002032,CUST_04165,2023-02-05,Return,Medium,2,3
TKT_002033,CUST_02743,2022-05-27,Product Quality,Low,2,4
TKT_002034,CUST_03632,2024-03-03,Return,Low,5,2
TKT_002035,CUST_01375,2023-01-19,Product Quality,Medium,2,5
TKT_002036,CUST_00346,2022-08-08,Delivery,Medium,2,5
TKT_002037,CUST_03190,2023-11-11,App Issue,Medium,2,5
TKT_002038,CUST_04744,2022-04-23,App Issue,Medium,7,4
TKT_002039,CUST_03282,2023-11-20,Return,Medium,2,5
TKT_002040,CUST_00566,2022-08-06,Other,Medium,5,5
TKT_002041,CUST_00286,2022-01-15,Account,High,1,3
TKT_002042,CUST_04246,2023-11-30,Product Quality,Medium,2,3
TKT_002043,CUST_03637,2022-11-26,Account,Medium,5,5
TKT_002044,CUST_02914,2023-04-08,Payment,High,1,3
TKT_002045,CUST_00886,2022-04-22,App Issue,Medium,7,5
TKT_002046,CUST_03978,2022-04-13,Other,High,1,4
TKT_002047,CUST_04523,2023-11-14,Product Quality,Medium,5,3
TKT_002048,CUST_01700,2023-08-11,Return,Medium,7,3
TKT_002049,CUST_02482,2022-05-25,Delivery,Medium,5,3
TKT_002050,CUST_03254,2022-01-20,App Issue,Low,1,2
TKT_002051,CUST_01523,2023-07-19,Payment,Medium,3,5
TKT_002052,CUST_02576,2022-01-13,Other,Medium,,4
TKT_002053,CUST_03145,2023-06-10,Delivery,High,5,4
TKT_002054,CUST_00254,2022-08-08,Payment,Low,1,4
TKT_002055,CUST_03697,2023-04-04,Account,Low,1,5
TKT_002056,CUST_03222,2023-03-27,Return,High,10,4
TKT_002057,CUST_00256,2022-04-11,Product Quality,High,5,4
TKT_002058,CUST_02521,2024-04-15,Other,Medium,2,4
TKT_002059,CUST_00947,2023-09-14,Return,High,5,5
TKT_002060,CUST_03185,2022-07-10,Payment,High,1,4
TKT_002061,CUST_03679,2023-11-30,Account,Low,5,3
TKT_002062,CUST_04523,2022-03-14,Other,Low,2,2
TKT_002063,CUST_00122,2023-03-10,Delivery,Medium,2,5
TKT_002064,CUST_00647,2022-06-19,Payment,Medium,7,5
TKT_002065,CUST_00215,2024-05-22,Return,Low,3,5
TKT_002066,CUST_03287,2023-03-06,Payment,Medium,5,
TKT_002067,CUST_00649,2022-06-22,App Issue,Medium,2,3
TKT_002068,CUST_02142,2022-04-16,App Issue,Low,10,3
TKT_002069,CUST_00801,2023-12-14,Payment,Medium,7,3
TKT_002070,CUST_04622,2023-09-10,Account,Medium,1,3
TKT_002071,CUST_02143,2022-04-27,Return,Medium,10,5
TKT_002072,CUST_02008,2023-11-19,Payment,Medium,7,4
TKT_002073,CUST_04904,2024-04-09,Payment,Medium,2,4
TKT_002074,CUST_01782,2023-12-23,Product Quality,Medium,7,5
TKT_002075,CUST_00258,2023-08-15,Return,Medium,1,4
TKT_002076,CUST_00809,2023-12-15,Return,High,2,1
TKT_002077,CUST_02492,2023-12-02,Delivery,Medium,2,5
TKT_002078,CUST_04723,2023-06-13,Account,Medium,,4
TKT_002079,CUST_04215,2023-09-12,Account,Medium,1,4
TKT_002080,CUST_03500,2023-01-16,Other,Medium,2,4
TKT_002081,CUST_03121,2022-11-03,Account,High,2,4
TKT_002082,CUST_04410,2024-04-04,Delivery,High,3,2
TKT_002083,CUST_04311,2022-03-15,App Issue,Medium,3,4
TKT_002084,CUST_01132,2022-10-07,Payment,Low,10,5
TKT_002085,CUST_00312,2022-08-21,Return,Low,1,5
TKT_002086,CUST_03742,2023-11-22,Account,Low,2,5
TKT_002087,CUST_00123,2023-06-05,Product Quality,Medium,2,4
TKT_002088,CUST_01257,2023-11-15,Payment,Low,3,
TKT_002089,CUST_01317,2022-03-30,Delivery,Medium,3,3
TKT_002090,CUST_00966,2022-09-07,App Issue,Medium,,5
TKT_002091,CUST_01389,2022-05-31,Return,Low,1,4
TKT_002092,CUST_00131,2023-10-13,Return,Medium,2,5
TKT_002093,CUST_00442,2023-06-12,Other,Medium,2,4
TKT_002094,CUST_00513,2024-03-02,App Issue,High,2,4
TKT_002095,CUST_01074,2022-04-03,Account,Medium,5,3
TKT_002096,CUST_03907,2022-06-01,Payment,Medium,7,4
TKT_002097,CUST_02023,2023-07-04,App Issue,High,3,5
TKT_002098,CUST_02290,2023-09-15,Return,High,2,4
TKT_002099,CUST_01882,2023-08-28,Payment,Low,7,1
TKT_002100,CUST_03131,2022-02-16,Return,High,1,4
TKT_002101,CUST_03902,2023-02-21,Payment,High,2,2
TKT_002102,CUST_03973,2023-03-22,Account,Medium,5,5
TKT_002103,CUST_04191,2024-03-10,Return,High,2,5
TKT_002104,CUST_01675,2022-01-29,Delivery,High,7,3
TKT_002105,CUST_00240,2022-02-15,Payment,Medium,2,5
TKT_002106,CUST_03251,2022-08-23,Other,Medium,7,2
TKT_002107,CUST_03802,2023-10-11,Return,Medium,7,5
TKT_002108,CUST_02227,2023-12-27,Delivery,Medium,2,4
TKT_002109,CUST_03362,2022-03-29,App Issue,Low,2,4
TKT_002110,CUST_02720,2023-03-10,Other,Medium,2,5
TKT_002111,CUST_01378,2023-07-28,Payment,High,5,3
TKT_002112,CUST_02270,2023-04-13,Delivery,Medium,1,5
TKT_002113,CUST_04525,2022-12-17,Account,Low,2,4
TKT_002114,CUST_02243,2024-04-08,App Issue,Low,5,3
TKT_002115,CUST_00244,2023-07-15,Account,Low,2,5
TKT_002116,CUST_03224,2023-07-07,App Issue,Medium,7,5
TKT_002117,CUST_02955,2024-02-02,Product Quality,Medium,3,1
TKT_002118,CUST_01872,2023-03-05,Product Quality,Low,5,4
TKT_002119,CUST_01857,2023-09-09,Product Quality,Low,5,5
TKT_002120,CUST_01906,2022-08-11,Account,Low,,5
TKT_002121,CUST_03469,2023-02-16,App Issue,Medium,1,4
TKT_002122,CUST_02543,2022-09-05,Payment,Medium,3,5
TKT_002123,CUST_02000,2023-04-29,Return,High,3,2
TKT_002124,CUST_02255,2024-01-26,Other,High,2,5
TKT_002125,CUST_00133,2022-08-14,App Issue,High,3,5
TKT_002126,CUST_04496,2023-10-19,Product Quality,Medium,3,4
TKT_002127,CUST_03507,2023-12-07,Other,Medium,2,2
TKT_002128,CUST_00465,2023-12-21,Return,Medium,3,3
TKT_002129,CUST_01339,2023-10-06,Delivery,Low,,5
TKT_002130,CUST_03546,2023-12-29,App Issue,Medium,10,5
TKT_002131,CUST_02821,2022-05-26,Product Quality,Medium,5,4
TKT_002132,CUST_04355,2022-03-01,Payment,Low,5,4
TKT_002133,CUST_01365,2022-10-14,App Issue,Medium,7,5
TKT_002134,CUST_04761,2022-03-28,Other,Medium,5,2
TKT_002135,CUST_01620,2023-09-06,Delivery,Medium,10,5
TKT_002136,CUST_02950,2022-06-03,Delivery,Low,7,3
TKT_002137,CUST_00077,2022-12-14,Other,Medium,2,5
TKT_002138,CUST_03111,2024-01-29,Account,Low,7,4
TKT_002139,CUST_00262,2024-01-22,Other,Medium,7,1
TKT_002140,CUST_01513,2023-12-26,Return,Low,,4
TKT_002141,CUST_03376,2022-12-23,App Issue,Low,10,5
TKT_002142,CUST_04448,2024-05-12,Delivery,Low,5,1
TKT_002143,CUST_03088,2024-03-24,App Issue,High,2,4
TKT_002144,CUST_00451,2023-04-17,Payment,Medium,2,4
TKT_002145,CUST_01821,2022-02-23,Product Quality,Low,3,2
TKT_002146,CUST_00869,2024-05-01,Delivery,High,5,5
TKT_002147,CUST_04407,2022-11-21,Payment,High,3,4
TKT_002148,CUST_01555,2022-08-24,Delivery,Low,,4
TKT_002149,CUST_04947,2022-05-19,Product Quality,Medium,5,1
TKT_002150,CUST_01446,2023-10-28,Delivery,Low,1,1
TKT_002151,CUST_00824,2023-11-21,Other,Medium,5,
TKT_002152,CUST_00954,2023-12-02,App Issue,Low,3,5
TKT_002153,CUST_01467,2023-12-04,Account,Medium,2,5
TKT_002154,CUST_01245,2023-05-30,Product Quality,Medium,3,5
TKT_002155,CUST_01063,2023-06-08,App Issue,Medium,2,4
TKT_002156,CUST_00665,2023-05-06,App Issue,Medium,5,1
TKT_002157,CUST_03844,2024-03-19,Account,Medium,,4
TKT_002158,CUST_02996,2022-12-29,Account,Medium,1,5
TKT_002159,CUST_03166,2022-10-10,Account,Low,1,4
TKT_002160,CUST_01695,2023-08-19,App Issue,High,1,4
TKT_002161,CUST_04275,2022-03-17,App Issue,Low,1,4
TKT_002162,CUST_02774,2023-03-12,App Issue,Low,7,3
TKT_002163,CUST_01661,2022-04-10,App Issue,Medium,2,5
TKT_002164,CUST_02524,2023-02-18,Delivery,Medium,1,4
TKT_002165,CUST_01686,2023-06-04,Delivery,Medium,5,4
TKT_002166,CUST_03279,2024-01-15,Payment,Medium,1,5
TKT_002167,CUST_02843,2022-04-23,Other,High,2,5
TKT_002168,CUST_02658,2023-12-26,App Issue,High,1,4
TKT_002169,CUST_03429,2024-02-26,Other,High,3,4
TKT_002170,CUST_04070,2023-01-04,Delivery,Low,2,5
TKT_002171,CUST_04365,2022-05-26,Return,Low,2,5
TKT_002172,CUST_02928,2022-01-18,Return,High,3,5
TKT_002173,CUST_04652,2022-02-06,Other,Medium,2,
TKT_002174,CUST_01164,2022-06-08,Payment,Medium,7,4
TKT_002175,CUST_04104,2023-03-21,Product Quality,Low,1,4
TKT_002176,CUST_02317,2023-09-02,Product Quality,Medium,1,3
TKT_002177,CUST_00655,2023-01-04,Account,Medium,3,4
TKT_002178,CUST_02841,2022-06-21,Other,High,5,4
TKT_002179,CUST_04433,2022-09-24,Account,Medium,2,2
TKT_002180,CUST_01088,2023-10-07,Product Quality,Medium,2,3
TKT_002181,CUST_02150,2024-03-16,Product Quality,Medium,,5
TKT_002182,CUST_02874,2024-04-10,Payment,High,2,1
TKT_002183,CUST_04143,2022-09-15,Payment,Low,1,5
TKT_002184,CUST_03198,2022-03-27,Payment,Low,2,5
TKT_002185,CUST_04303,2022-09-12,Product Quality,Medium,7,5
TKT_002186,CUST_01541,2023-05-28,Product Quality,Low,3,5
TKT_002187,CUST_04223,2024-02-12,Product Quality,Medium,1,4
TKT_002188,CUST_04565,2023-10-12,Delivery,Medium,1,4
TKT_002189,CUST_02708,2024-05-16,Product Quality,High,2,5
TKT_002190,CUST_03356,2023-04-30,Account,Low,2,1
TKT_002191,CUST_04462,2022-04-04,Payment,Medium,2,4
TKT_002192,CUST_02825,2023-06-14,Product Quality,Low,1,
TKT_002193,CUST_02562,2024-05-03,Return,Low,5,4
TKT_002194,CUST_03646,2022-10-07,Payment,Low,5,5
TKT_002195,CUST_04673,2024-06-18,Payment,High,1,5
TKT_002196,CUST_01569,2022-06-09,Other,Medium,3,5
TKT_002197,CUST_01617,2023-04-06,Delivery,Low,2,4
TKT_002198,CUST_00233,2023-02-15,Product Quality,Medium,2,2
TKT_002199,CUST_04181,2023-09-10,Product Quality,Medium,3,5
TKT_002200,CUST_03701,2022-01-13,Delivery,High,7,5
TKT_002201,CUST_02198,2022-06-03,Return,High,2,4
TKT_002202,CUST_02253,2023-05-08,Other,Medium,3,4
TKT_002203,CUST_04760,2023-12-29,Delivery,High,5,4
TKT_002204,CUST_04340,2023-06-29,Return,Medium,3,5
TKT_002205,CUST_00755,2023-10-03,Other,Medium,7,5
TKT_002206,CUST_04738,2023-06-13,Payment,Medium,2,4
TKT_002207,CUST_01344,2022-03-22,Payment,Medium,2,5
TKT_002208,CUST_03714,2022-02-21,Other,Low,2,4
TKT_002209,CUST_00015,2024-03-07,Product Quality,Medium,7,5
TKT_002210,CUST_01131,2023-11-25,Other,Medium,1,5
TKT_002211,CUST_04670,2024-02-22,App Issue,Medium,7,4
TKT_002212,CUST_03425,2024-01-27,Delivery,Medium,2,4
TKT_002213,CUST_01589,2022-11-22,Other,Medium,3,1
TKT_002214,CUST_03547,2024-01-20,App Issue,High,1,1
TKT_002215,CUST_01417,2022-02-09,Payment,Medium,3,3
TKT_002216,CUST_02947,2023-03-01,Account,Low,2,5
TKT_002217,CUST_00104,2024-02-24,Payment,Medium,1,2
TKT_002218,CUST_04809,2023-08-05,Product Quality,High,5,3
TKT_002219,CUST_03817,2023-02-27,Return,High,1,4
TKT_002220,CUST_04796,2024-01-20,Payment,Medium,1,4
TKT_002221,CUST_00964,2022-05-15,Account,Low,3,4
TKT_002222,CUST_01986,2023-05-04,Product Quality,Low,2,2
TKT_002223,CUST_01224,2024-01-31,Return,Medium,3,2
TKT_002224,CUST_02091,2022-07-23,Payment,Medium,5,2
TKT_002225,CUST_04712,2022-05-22,Other,High,2,4
TKT_002226,CUST_03178,2024-04-14,Return,Medium,3,2
TKT_002227,CUST_03206,2022-03-24,Other,Medium,7,4
TKT_002228,CUST_03494,2023-05-15,Return,High,2,5
TKT_002229,CUST_00320,2023-12-25,Account,Medium,1,5
TKT_002230,CUST_01442,2023-08-04,Product Quality,High,,5
TKT_002231,CUST_04956,2022-04-24,Other,Medium,3,5
TKT_002232,CUST_02007,2022-04-15,Product Quality,Low,1,4
TKT_002233,CUST_01917,2022-04-12,App Issue,Low,7,5
TKT_002234,CUST_03701,2022-12-26,Other,Medium,5,3
TKT_002235,CUST_02744,2024-04-03,Other,Low,2,4
TKT_002236,CUST_04233,2022-03-02,Account,Medium,5,4
TKT_002237,CUST_04022,2022-10-06,App Issue,Medium,7,5
TKT_002238,CUST_00142,2023-12-27,App Issue,Medium,,3
TKT_002239,CUST_00465,2022-09-13,Delivery,Medium,5,4
TKT_002240,CUST_03895,2023-04-25,Other,Medium,1,5
TKT_002241,CUST_02735,2022-03-15,Return,Medium,3,4
TKT_002242,CUST_01561,2022-07-07,App Issue,High,2,4
TKT_002243,CUST_01784,2023-02-24,Return,Medium,3,4
TKT_002244,CUST_01369,2022-05-08,Payment,High,2,4
TKT_002245,CUST_03584,2022-05-21,Payment,Medium,1,3
TKT_002246,CUST_00694,2022-07-23,Other,Low,2,1
TKT_002247,CUST_03980,2023-09-08,Account,Medium,3,4
TKT_002248,CUST_01247,2023-01-16,Return,Low,5,4
TKT_002249,CUST_03336,2023-03-30,Account,Low,5,1
TKT_002250,CUST_02619,2024-01-23,Return,Low,1,5
TKT_002251,CUST_01249,2022-02-28,Return,Low,2,4
TKT_002252,CUST_02760,2023-11-07,Product Quality,Medium,,4
TKT_002253,CUST_03934,2022-05-18,Account,High,2,
TKT_002254,CUST_03749,2023-06-11,Account,Medium,1,4
TKT_002255,CUST_00899,2022-06-17,Payment,Medium,7,3
TKT_002256,CUST_01845,2023-01-14,App Issue,High,2,
TKT_002257,CUST_02644,2022-06-06,App Issue,Low,1,4
TKT_002258,CUST_04433,2023-07-25,Return,Medium,3,5
TKT_002259,CUST_03130,2022-07-15,Delivery,Low,1,3
TKT_002260,CUST_00152,2022-02-01,Payment,Low,2,5
TKT_002261,CUST_01396,2024-02-17,Return,Medium,7,1
TKT_002262,CUST_01423,2023-01-01,Account,Low,1,4
TKT_002263,CUST_03854,2023-06-30,Product Quality,Low,1,3
TKT_002264,CUST_02249,2023-01-07,Account,Medium,1,5
TKT_002265,CUST_01733,2022-03-04,Product Quality,High,2,2
TKT_002266,CUST_01465,2023-10-05,Delivery,Low,7,3
TKT_002267,CUST_02127,2023-08-10,Other,Medium,2,5
TKT_002268,CUST_00779,2023-06-13,Return,Low,2,4
TKT_002269,CUST_04568,2024-03-10,Other,Low,3,3
TKT_002270,CUST_02614,2023-05-24,Return,Medium,5,1
TKT_002271,CUST_04525,2022-11-19,Delivery,Low,1,4
TKT_002272,CUST_04237,2023-11-04,Return,Medium,2,1
TKT_002273,CUST_01240,2022-12-03,Delivery,Low,3,5
TKT_002274,CUST_02154,2023-01-20,Return,High,1,4
TKT_002275,CUST_01175,2022-05-11,Return,Medium,5,
TKT_002276,CUST_04754,2022-08-15,Return,Medium,1,4
TKT_002277,CUST_03366,2022-06-04,App Issue,Medium,7,5
TKT_002278,CUST_01487,2024-02-06,Payment,Medium,1,4
TKT_002279,CUST_03182,2023-11-02,Product Quality,Medium,2,1
TKT_002280,CUST_01178,2023-04-30,Delivery,Medium,1,4
TKT_002281,CUST_02685,2022-05-29,Other,Medium,2,1
TKT_002282,CUST_02164,2022-05-08,App Issue,Medium,7,4
TKT_002283,CUST_03253,2022-01-06,Other,Medium,2,4
TKT_002284,CUST_02473,2022-12-30,Product Quality,Medium,2,3
TKT_002285,CUST_02004,2023-03-14,Other,High,3,4
TKT_002286,CUST_03013,2023-12-24,Delivery,Medium,7,3
TKT_002287,CUST_01257,2022-09-02,Product Quality,Low,5,4
TKT_002288,CUST_01834,2023-09-16,Account,Medium,7,4
TKT_002289,CUST_03888,2023-01-11,Product Quality,Low,7,5
TKT_002290,CUST_00532,2024-04-16,App Issue,Medium,3,4
TKT_002291,CUST_04249,2022-11-13,Payment,Medium,2,4
TKT_002292,CUST_00114,2023-07-18,App Issue,Low,10,2
TKT_002293,CUST_02256,2022-04-09,Payment,Low,2,4
TKT_002294,CUST_03290,2022-10-14,Product Quality,Medium,10,3
TKT_002295,CUST_00788,2022-04-22,Other,Low,3,3
TKT_002296,CUST_02709,2023-02-10,Return,Medium,10,
TKT_002297,CUST_01126,2023-07-27,Payment,Low,5,5
TKT_002298,CUST_01085,2022-12-25,Payment,Medium,1,4
TKT_002299,CUST_00967,2024-04-10,Other,Medium,2,5
TKT_002300,CUST_02205,2023-04-17,Return,Medium,5,4
TKT_002301,CUST_03313,2022-04-19,App Issue,Medium,10,2
TKT_002302,CUST_02969,2023-07-23,Other,Medium,10,1
TKT_002303,CUST_03267,2022-10-24,App Issue,Low,2,4
TKT_002304,CUST_00162,2024-06-08,App Issue,Low,2,3
TKT_002305,CUST_02808,2024-05-02,Return,Medium,1,3
TKT_002306,CUST_00507,2022-04-17,Other,Medium,7,4
TKT_002307,CUST_00066,2022-04-09,Account,Low,5,5
TKT_002308,CUST_00338,2022-12-17,App Issue,Medium,3,3
TKT_002309,CUST_00799,2022-04-22,Return,Medium,1,
TKT_002310,CUST_03860,2024-02-04,Other,High,2,4
TKT_002311,CUST_00981,2024-02-10,Payment,Medium,2,2
TKT_002312,CUST_00015,2023-12-07,Delivery,Low,7,2
TKT_002313,CUST_04782,2022-09-18,Account,Medium,7,5
TKT_002314,CUST_04794,2022-08-20,Other,Medium,5,
TKT_002315,CUST_02654,2024-02-23,Account,High,3,4
TKT_002316,CUST_02834,2023-06-02,App Issue,Medium,5,3
TKT_002317,CUST_01619,2024-03-21,Delivery,Medium,2,4
TKT_002318,CUST_02322,2023-01-01,Delivery,Low,2,5
TKT_002319,CUST_00602,2022-05-09,Product Quality,Medium,3,4
TKT_002320,CUST_00231,2022-11-28,Return,Medium,3,1
TKT_002321,CUST_02723,2023-06-14,Payment,Medium,7,5
TKT_002322,CUST_04815,2023-11-30,Account,High,10,4
TKT_002323,CUST_04871,2022-04-03,Other,Medium,,3
TKT_002324,CUST_02925,2024-03-02,Account,Medium,2,4
TKT_002325,CUST_00177,2022-02-04,Payment,Low,2,5
TKT_002326,CUST_00468,2023-11-20,Payment,Low,2,5
TKT_002327,CUST_04968,2023-05-04,Account,High,3,5
TKT_002328,CUST_00817,2023-08-08,Payment,Medium,,4
TKT_002329,CUST_01147,2023-10-19,Other,Medium,3,4
TKT_002330,CUST_00879,2023-12-13,Other,Medium,3,4
TKT_002331,CUST_03527,2022-09-25,Other,Medium,5,4
TKT_002332,CUST_02804,2023-08-16,Return,Medium,1,5
TKT_002333,CUST_03179,2023-11-02,Account,Medium,1,5
TKT_002334,CUST_02070,2022-10-19,Delivery,Low,,4
TKT_002335,CUST_00708,2024-06-18,Payment,Medium,2,1
TKT_002336,CUST_01544,2023-03-22,Return,Low,3,3
TKT_002337,CUST_01067,2024-03-15,App Issue,Medium,2,3
TKT_002338,CUST_03355,2023-03-23,App Issue,Medium,3,3
TKT_002339,CUST_04089,2022-04-03,Payment,Low,5,4
TKT_002340,CUST_03998,2024-04-16,Other,Low,3,4
TKT_002341,CUST_03475,2024-01-21,Delivery,High,2,5
TKT_002342,CUST_04254,2024-03-23,App Issue,Low,10,5
TKT_002343,CUST_00102,2022-03-21,Payment,Low,3,5
TKT_002344,CUST_04342,2023-10-20,Other,Low,2,4
TKT_002345,CUST_00023,2023-08-14,Return,High,3,5
TKT_002346,CUST_01175,2023-07-26,Delivery,Medium,7,5
TKT_002347,CUST_02632,2023-04-15,Account,High,3,3
TKT_002348,CUST_03859,2022-05-26,Other,Medium,2,4
TKT_002349,CUST_02837,2023-07-29,Other,Medium,2,5
TKT_002350,CUST_03683,2024-01-22,Delivery,Medium,2,1
TKT_002351,CUST_01410,2024-03-27,Payment,Medium,2,4
TKT_002352,CUST_04567,2022-07-15,Payment,Medium,3,3
TKT_002353,CUST_02719,2023-07-23,Return,Medium,1,5
TKT_002354,CUST_03788,2023-08-13,Product Quality,Low,2,5
TKT_002355,CUST_02976,2024-03-04,Payment,Medium,,4
TKT_002356,CUST_04762,2023-12-31,Product Quality,High,2,4
TKT_002357,CUST_00845,2023-10-16,Payment,Low,3,3
TKT_002358,CUST_02303,2023-06-26,App Issue,Medium,2,4
TKT_002359,CUST_00641,2023-07-19,Other,Medium,2,5
TKT_002360,CUST_04187,2024-05-09,Payment,Low,3,3
TKT_002361,CUST_03497,2022-07-26,Payment,High,7,3
TKT_002362,CUST_03541,2023-03-04,Other,Medium,2,4
TKT_002363,CUST_00440,2022-05-17,Account,Low,7,4
TKT_002364,CUST_03830,2022-12-05,Account,Medium,1,4
TKT_002365,CUST_02430,2024-03-18,Other,High,5,2
TKT_002366,CUST_03911,2024-02-06,Product Quality,Low,1,
TKT_002367,CUST_01183,2023-07-29,Payment,Low,5,5
TKT_002368,CUST_02792,2023-04-09,Product Quality,Low,3,5
TKT_002369,CUST_04272,2022-02-21,Account,Low,2,4
TKT_002370,CUST_03190,2022-06-18,Return,Medium,2,4
TKT_002371,CUST_04989,2024-05-08,Product Quality,High,2,2
TKT_002372,CUST_00330,2024-05-07,Account,High,1,1
TKT_002373,CUST_04777,2023-03-09,Delivery,Medium,5,5
TKT_002374,CUST_02262,2023-12-03,Account,Medium,5,5
TKT_002375,CUST_04189,2024-02-14,Return,Medium,5,
TKT_002376,CUST_03855,2022-01-19,Payment,High,1,5
TKT_002377,CUST_00466,2023-10-08,Delivery,Medium,3,5
TKT_002378,CUST_01046,2022-03-08,Return,Medium,1,4
TKT_002379,CUST_00088,2022-01-03,Return,High,3,1
TKT_002380,CUST_00464,2023-10-01,Delivery,High,1,3
TKT_002381,CUST_01289,2023-01-24,Product Quality,Low,3,4
TKT_002382,CUST_04449,2023-04-03,Product Quality,Low,2,5
TKT_002383,CUST_01168,2022-04-25,Payment,High,2,3
TKT_002384,CUST_03016,2023-05-07,Product Quality,Medium,7,3
TKT_002385,CUST_04954,2022-08-02,App Issue,High,2,4
TKT_002386,CUST_02273,2022-09-05,Product Quality,Medium,,2
TKT_002387,CUST_03068,2022-11-15,Product Quality,Medium,5,
TKT_002388,CUST_02252,2024-03-08,Delivery,Medium,10,4
TKT_002389,CUST_03509,2022-03-06,Other,Medium,2,3
TKT_002390,CUST_00228,2022-07-18,Other,Medium,1,3
TKT_002391,CUST_01543,2022-05-25,App Issue,Medium,1,5
TKT_002392,CUST_00909,2024-01-05,Return,Low,1,4
TKT_002393,CUST_00670,2022-07-20,Product Quality,High,1,5
TKT_002394,CUST_00378,2022-10-09,Delivery,Low,1,5
TKT_002395,CUST_04888,2023-12-04,Product Quality,Low,2,3
TKT_002396,CUST_01226,2023-02-15,Account,Low,5,5
TKT_002397,CUST_03782,2022-06-18,App Issue,High,1,4
TKT_002398,CUST_02478,2022-05-01,Return,High,3,5
TKT_002399,CUST_00951,2023-05-12,Payment,Low,3,4
TKT_002400,CUST_02019,2023-10-09,Account,Low,3,5
TKT_002401,CUST_03902,2023-03-01,Delivery,Medium,10,5
TKT_002402,CUST_02529,2023-08-28,Return,Low,3,5
TKT_002403,CUST_00314,2023-01-18,App Issue,Low,,4
TKT_002404,CUST_00766,2024-06-06,Return,Medium,5,4
TKT_002405,CUST_01378,2022-05-21,Product Quality,Low,1,5
TKT_002406,CUST_04035,2023-12-15,Return,Medium,3,4
TKT_002407,CUST_01252,2023-04-11,Payment,Medium,1,4
TKT_002408,CUST_03811,2023-07-16,App Issue,High,7,5
TKT_002409,CUST_01125,2022-10-10,Delivery,Medium,7,3
TKT_002410,CUST_00629,2022-12-02,Return,High,3,3
TKT_002411,CUST_02812,2022-02-11,Account,High,3,
TKT_002412,CUST_04748,2022-02-20,Delivery,Medium,3,3
TKT_002413,CUST_00498,2023-03-05,Other,Medium,1,5
TKT_002414,CUST_04238,2023-09-15,Delivery,Low,1,5
TKT_002415,CUST_02633,2024-01-16,Payment,Medium,2,4
TKT_002416,CUST_03232,2022-05-17,Account,High,5,5
TKT_002417,CUST_01757,2023-10-23,App Issue,Medium,2,4
TKT_002418,CUST_00195,2022-03-04,Account,High,7,5
TKT_002419,CUST_00683,2022-08-24,Account,High,3,5
TKT_002420,CUST_03751,2022-01-18,Product Quality,Medium,1,3
TKT_002421,CUST_02408,2023-11-22,Account,Low,5,4
TKT_002422,CUST_04478,2022-01-29,Return,Low,10,5
TKT_002423,CUST_01320,2023-12-09,Other,High,5,4
TKT_002424,CUST_01501,2023-03-22,Return,Medium,3,4
TKT_002425,CUST_04268,2024-01-09,Payment,High,1,4
TKT_002426,CUST_03491,2022-09-22,Product Quality,Low,,5
TKT_002427,CUST_04156,2022-08-01,Product Quality,Medium,5,4
TKT_002428,CUST_01338,2024-01-23,Delivery,Medium,3,1
TKT_002429,CUST_01537,2023-05-10,Other,Medium,2,5
TKT_002430,CUST_03383,2024-05-29,Return,Medium,2,5
TKT_002431,CUST_00350,2022-03-31,Payment,Medium,3,5
TKT_002432,CUST_04607,2023-12-06,Delivery,High,3,4
TKT_002433,CUST_03246,2023-10-22,Payment,Medium,1,3
TKT_002434,CUST_02943,2023-02-25,Payment,High,,2
TKT_002435,CUST_02877,2022-10-16,Account,Low,2,5
TKT_002436,CUST_04696,2023-06-15,App Issue,Medium,7,
TKT_002437,CUST_03535,2022-09-08,Account,Low,10,5
TKT_002438,CUST_04225,2022-06-03,Product Quality,Medium,5,4
TKT_002439,CUST_03442,2022-05-20,Account,High,,3
TKT_002440,CUST_01837,2024-03-17,Delivery,Low,5,1
TKT_002441,CUST_04381,2023-05-05,Return,Low,1,1
TKT_002442,CUST_03811,2023-11-12,App Issue,High,1,4
TKT_002443,CUST_00557,2023-09-13,App Issue,High,2,3
TKT_002444,CUST_02164,2022-03-03,Return,High,7,4
TKT_002445,CUST_01654,2022-03-25,Other,Low,1,5
TKT_002446,CUST_00747,2023-09-07,Return,Medium,1,5
TKT_002447,CUST_01619,2023-07-04,Delivery,Low,7,4
TKT_002448,CUST_04245,2022-08-07,Payment,Low,3,4
TKT_002449,CUST_00379,2022-04-22,Account,Low,3,
TKT_002450,CUST_00394,2022-08-07,Product Quality,Low,5,5
TKT_002451,CUST_02729,2022-08-03,Other,Medium,,3
TKT_002452,CUST_04000,2022-03-07,Account,Low,2,5
TKT_002453,CUST_01065,2022-09-20,Delivery,Medium,1,3
TKT_002454,CUST_01866,2023-06-04,Return,Medium,2,2
TKT_002455,CUST_04540,2024-04-16,Other,High,1,5
TKT_002456,CUST_00875,2022-07-15,Account,Low,5,4
TKT_002457,CUST_04266,2024-02-23,Return,Low,1,5
TKT_002458,CUST_00300,2022-05-08,Account,Medium,1,3
TKT_002459,CUST_02081,2024-02-26,Account,Medium,3,3
TKT_002460,CUST_02611,2023-08-22,Payment,Medium,2,4
TKT_002461,CUST_01299,2022-01-08,Account,High,3,4
TKT_002462,CUST_00558,2023-04-23,Delivery,High,2,5
TKT_002463,CUST_03302,2023-02-07,Delivery,Medium,5,3
TKT_002464,CUST_01201,2024-03-07,Delivery,Low,2,4
TKT_002465,CUST_02189,2022-09-21,Payment,Medium,2,3
TKT_002466,CUST_02643,2022-03-31,Account,Medium,3,5
TKT_002467,CUST_01829,2023-10-06,Account,Medium,2,5
TKT_002468,CUST_00064,2023-04-21,Other,Medium,2,4
TKT_002469,CUST_04694,2023-02-25,Other,Low,,4
TKT_002470,CUST_02827,2024-03-26,App Issue,Medium,10,2
TKT_002471,CUST_01709,2023-12-16,Return,Medium,1,5
TKT_002472,CUST_03846,2024-06-11,Product Quality,Medium,3,
TKT_002473,CUST_00941,2022-11-03,Other,Low,1,4
TKT_002474,CUST_01493,2023-06-09,Return,High,2,2
TKT_002475,CUST_04944,2024-04-08,Payment,Medium,1,4
TKT_002476,CUST_00725,2023-04-28,Product Quality,High,5,5
TKT_002477,CUST_01215,2024-04-30,Other,Medium,1,1
TKT_002478,CUST_02573,2022-12-02,Delivery,Low,1,5
TKT_002479,CUST_04805,2022-05-13,Payment,Medium,5,5
TKT_002480,CUST_03127,2023-06-21,App Issue,Low,3,5
TKT_002481,CUST_01709,2023-06-15,App Issue,Medium,,4
TKT_002482,CUST_02573,2022-07-15,App Issue,Low,,2
TKT_002483,CUST_03972,2023-04-23,App Issue,Medium,1,4
TKT_002484,CUST_03749,2024-05-31,Product Quality,Medium,5,3
TKT_002485,CUST_01229,2023-04-06,Return,Medium,2,
TKT_002486,CUST_01828,2023-01-06,Other,High,,3
TKT_002487,CUST_03193,2023-01-07,Product Quality,High,3,2
TKT_002488,CUST_02355,2022-02-20,App Issue,Medium,10,4
TKT_002489,CUST_04904,2023-06-03,Return,High,10,3
TKT_002490,CUST_02179,2022-07-05,Other,High,1,4
TKT_002491,CUST_00082,2023-06-22,Payment,High,2,3
TKT_002492,CUST_04373,2022-10-23,Product Quality,Medium,2,1
TKT_002493,CUST_04516,2022-03-29,App Issue,Low,5,2
TKT_002494,CUST_03067,2023-05-30,Other,Medium,2,3
TKT_002495,CUST_00792,2022-01-12,Delivery,Low,,1
TKT_002496,CUST_03561,2023-08-14,Account,Low,5,5
TKT_002497,CUST_04671,2023-09-12,Account,Medium,3,3
TKT_002498,CUST_04236,2023-06-27,Other,High,3,3
TKT_002499,CUST_02552,2022-01-21,Delivery,Medium,1,5
TKT_002500,CUST_01456,2023-06-16,Other,Medium,2,4
TKT_002501,CUST_04678,2022-10-08,Account,Medium,10,3
TKT_002502,CUST_01267,2024-06-01,Payment,Medium,2,3
TKT_002503,CUST_01404,2022-04-21,Other,Medium,2,5
TKT_002504,CUST_03577,2023-04-01,Delivery,Low,2,3
TKT_002505,CUST_01703,2023-02-19,Product Quality,Medium,2,3
TKT_002506,CUST_00573,2022-07-03,Return,Medium,5,5
TKT_002507,CUST_03165,2022-12-17,Payment,High,2,4
TKT_002508,CUST_00546,2024-06-01,Product Quality,Medium,10,3
TKT_002509,CUST_03577,2023-06-02,Product Quality,Low,3,5
TKT_002510,CUST_01078,2024-01-02,Product Quality,Medium,3,5
TKT_002511,CUST_04982,2022-12-13,Return,High,3,2
TKT_002512,CUST_00389,2022-07-06,Product Quality,Medium,1,4
TKT_002513,CUST_03441,2022-08-10,Account,High,2,3
TKT_002514,CUST_02450,2024-06-01,Product Quality,Medium,1,5
TKT_002515,CUST_01009,2023-05-27,App Issue,Low,5,5
TKT_002516,CUST_02265,2022-05-09,Payment,Low,3,2
TKT_002517,CUST_01448,2022-06-18,Product Quality,Low,5,
TKT_002518,CUST_01472,2022-05-02,Other,Medium,5,5
TKT_002519,CUST_04110,2023-03-28,Return,Low,1,3
TKT_002520,CUST_01873,2022-04-13,Account,Medium,5,5
TKT_002521,CUST_02049,2022-09-19,App Issue,High,2,4
TKT_002522,CUST_00639,2023-07-31,Payment,Medium,1,5
TKT_002523,CUST_03678,2022-08-28,Product Quality,Low,3,4
TKT_002524,CUST_01610,2023-11-02,App Issue,Low,1,5
TKT_002525,CUST_00989,2022-09-08,Account,Low,2,
TKT_002526,CUST_00365,2023-08-04,Delivery,Low,7,4
TKT_002527,CUST_01215,2022-05-10,Payment,High,2,5
TKT_002528,CUST_01067,2023-04-28,Delivery,High,5,5
TKT_002529,CUST_01416,2022-10-27,Account,Low,10,4
TKT_002530,CUST_02189,2023-06-25,Return,Low,1,4
TKT_002531,CUST_01860,2022-07-16,Other,High,5,5
TKT_002532,CUST_01569,2022-03-26,Payment,Medium,5,5
TKT_002533,CUST_01079,2023-07-03,Return,Low,2,1
TKT_002534,CUST_00045,2024-05-09,Product Quality,High,3,3
TKT_002535,CUST_02202,2023-03-29,Account,Low,5,5
TKT_002536,CUST_04842,2023-12-17,Account,Low,3,4
TKT_002537,CUST_02045,2022-06-27,Payment,Medium,10,4
TKT_002538,CUST_04168,2023-03-07,Account,Low,3,5
TKT_002539,CUST_01429,2023-04-29,Other,Medium,2,5
TKT_002540,CUST_04394,2022-11-14,Payment,Low,1,4
TKT_002541,CUST_00718,2023-11-17,Product Quality,High,3,4
TKT_002542,CUST_00817,2024-04-04,Delivery,Medium,1,5
TKT_002543,CUST_01532,2023-12-13,Account,High,5,4
TKT_002544,CUST_04441,2024-05-01,Delivery,Low,1,4
TKT_002545,CUST_01083,2022-07-23,Delivery,Low,7,5
TKT_002546,CUST_01279,2022-09-09,Payment,Medium,1,5
TKT_002547,CUST_02194,2022-02-26,Product Quality,Low,2,3
TKT_002548,CUST_01978,2023-06-21,Delivery,Low,7,2
TKT_002549,CUST_02880,2022-02-17,Payment,High,1,4
TKT_002550,CUST_00519,2022-04-01,Account,Low,1,5
TKT_002551,CUST_00835,2022-11-19,Other,High,5,3
TKT_002552,CUST_01736,2023-07-15,App Issue,Medium,7,1
TKT_002553,CUST_02408,2024-06-17,Payment,Medium,3,2
TKT_002554,CUST_04428,2024-02-14,Delivery,Medium,2,4
TKT_002555,CUST_02302,2023-12-25,Product Quality,High,5,3
TKT_002556,CUST_02514,2023-03-31,Delivery,Low,5,5
TKT_002557,CUST_04695,2022-06-13,Product Quality,Medium,5,5
TKT_002558,CUST_03161,2023-04-23,Delivery,High,7,4
TKT_002559,CUST_01447,2023-01-01,Other,Low,3,2
TKT_002560,CUST_04791,2024-05-24,App Issue,Medium,2,5
TKT_002561,CUST_02152,2022-12-03,Other,Medium,,5
TKT_002562,CUST_04456,2022-11-27,Delivery,Medium,1,5
TKT_002563,CUST_01191,2023-05-30,Payment,Low,1,5
TKT_002564,CUST_03008,2023-11-01,App Issue,Medium,1,2
TKT_002565,CUST_01665,2022-05-22,App Issue,Low,3,4
TKT_002566,CUST_00090,2023-08-09,App Issue,High,2,4
TKT_002567,CUST_00554,2023-06-25,Return,Low,2,2
TKT_002568,CUST_01261,2023-08-28,Other,Medium,7,5
TKT_002569,CUST_02209,2022-08-21,Product Quality,Medium,,3
TKT_002570,CUST_04626,2023-01-21,Payment,Medium,3,5
TKT_002571,CUST_03258,2022-12-12,Account,Medium,2,1
TKT_002572,CUST_01797,2023-06-01,Other,Medium,1,5
TKT_002573,CUST_00526,2023-03-31,Delivery,Low,3,5
TKT_002574,CUST_01748,2022-07-21,Product Quality,Low,1,4
TKT_002575,CUST_00898,2023-12-09,Payment,High,2,4
TKT_002576,CUST_00496,2023-10-23,Return,Medium,3,1
TKT_002577,CUST_03402,2023-09-11,Payment,Medium,2,4
TKT_002578,CUST_04476,2024-04-09,Return,Medium,2,3
TKT_002579,CUST_03084,2024-03-17,Return,Low,2,5
TKT_002580,CUST_03603,2022-05-11,Delivery,Low,7,4
TKT_002581,CUST_01244,2023-12-16,Payment,Medium,3,3
TKT_002582,CUST_04218,2022-04-23,Product Quality,Medium,2,5
TKT_002583,CUST_01795,2023-07-02,Payment,Medium,2,5
TKT_002584,CUST_02902,2023-03-09,Account,Medium,5,5
TKT_002585,CUST_00106,2024-04-22,Account,Low,,4
TKT_002586,CUST_00347,2024-06-04,Delivery,Medium,5,2
TKT_002587,CUST_01387,2023-11-08,Account,High,2,4
TKT_002588,CUST_03467,2022-03-10,App Issue,Low,1,4
TKT_002589,CUST_04104,2024-01-22,App Issue,Low,5,3
TKT_002590,CUST_01027,2022-06-20,Payment,Low,5,4
TKT_002591,CUST_02234,2022-02-26,Delivery,Low,2,3
TKT_002592,CUST_01385,2022-02-02,Payment,Low,5,2
TKT_002593,CUST_03587,2023-02-20,Payment,Medium,2,
TKT_002594,CUST_00958,2022-06-17,Return,Low,,5
TKT_002595,CUST_02242,2023-05-10,Account,Low,,4
TKT_002596,CUST_03814,2022-05-22,App Issue,Medium,1,5
TKT_002597,CUST_02698,2024-01-02,Payment,Medium,2,3
TKT_002598,CUST_01197,2024-06-06,Payment,Low,5,3
TKT_002599,CUST_00499,2024-03-29,Other,Low,2,3
TKT_002600,CUST_04767,2023-01-23,Product Quality,Medium,2,5
TKT_002601,CUST_00157,2022-01-27,Payment,Medium,2,5
TKT_002602,CUST_04068,2024-01-04,App Issue,Low,1,5
TKT_002603,CUST_04317,2023-09-02,Account,Medium,2,4
TKT_002604,CUST_00250,2022-05-06,Product Quality,Low,10,4
TKT_002605,CUST_03916,2023-04-13,Product Quality,Medium,,5
TKT_002606,CUST_00097,2022-08-21,Payment,High,5,4
TKT_002607,CUST_04722,2022-08-28,Product Quality,Medium,1,5
TKT_002608,CUST_04683,2024-05-24,App Issue,Low,3,3
TKT_002609,CUST_01213,2023-08-23,App Issue,Medium,1,2
TKT_002610,CUST_04213,2022-03-17,Delivery,Low,1,4
TKT_002611,CUST_01282,2024-05-03,Payment,Medium,3,5
TKT_002612,CUST_04273,2022-05-28,Other,Medium,3,3
TKT_002613,CUST_01715,2024-02-28,Other,Low,5,5
TKT_002614,CUST_01336,2024-02-09,Other,High,1,4
TKT_002615,CUST_04510,2023-10-03,App Issue,Medium,2,5
TKT_002616,CUST_01484,2023-12-13,Account,Medium,5,4
TKT_002617,CUST_01035,2024-04-22,App Issue,Medium,3,1
TKT_002618,CUST_01274,2022-01-30,Account,Medium,5,
TKT_002619,CUST_00187,2022-04-28,Other,Medium,2,5
TKT_002620,CUST_02805,2023-08-03,App Issue,Medium,2,4
TKT_002621,CUST_00505,2023-07-25,Product Quality,Low,7,2
TKT_002622,CUST_00660,2022-08-05,Account,Medium,1,5
TKT_002623,CUST_00937,2024-04-20,Product Quality,Medium,1,5
TKT_002624,CUST_01557,2023-02-04,Product Quality,Medium,,5
TKT_002625,CUST_02123,2024-05-14,Product Quality,Low,2,5
TKT_002626,CUST_03315,2022-01-28,App Issue,Medium,1,4
TKT_002627,CUST_04700,2023-12-21,Payment,Medium,2,4
TKT_002628,CUST_01453,2024-03-19,Payment,Medium,3,2
TKT_002629,CUST_02160,2022-11-26,Payment,Low,3,
TKT_002630,CUST_03349,2024-01-25,Other,High,2,3
TKT_002631,CUST_02558,2024-02-25,Delivery,Medium,1,3
TKT_002632,CUST_04965,2023-09-16,Return,Medium,10,5
TKT_002633,CUST_03172,2022-05-13,Product Quality,Medium,2,5
TKT_002634,CUST_04050,2023-01-19,Payment,Medium,7,4
TKT_002635,CUST_00072,2022-11-26,App Issue,Low,2,5
TKT_002636,CUST_02534,2022-02-20,Other,Low,3,4
TKT_002637,CUST_00156,2023-08-22,Return,Low,2,4
TKT_002638,CUST_02413,2022-06-14,Account,Medium,1,5
TKT_002639,CUST_00264,2022-01-19,Return,High,2,4
TKT_002640,CUST_00406,2022-03-20,Other,Low,3,5
TKT_002641,CUST_03402,2022-01-03,Payment,High,5,5
TKT_002642,CUST_00414,2024-02-27,App Issue,Medium,2,4
TKT_002643,CUST_03764,2023-02-03,Return,Medium,1,4
TKT_002644,CUST_01777,2023-11-27,Payment,Medium,1,5
TKT_002645,CUST_02584,2022-07-28,Payment,Medium,2,2
TKT_002646,CUST_02455,2023-04-21,Return,Low,1,5
TKT_002647,CUST_01408,2023-08-05,Product Quality,Low,7,3
TKT_002648,CUST_01426,2024-02-29,Product Quality,Medium,2,1
TKT_002649,CUST_01880,2023-03-27,Payment,Medium,5,2
TKT_002650,CUST_02311,2022-05-25,Delivery,Medium,2,4
TKT_002651,CUST_03261,2023-02-08,Product Quality,High,,4
TKT_002652,CUST_02027,2023-04-17,Other,Medium,2,3
TKT_002653,CUST_01133,2022-01-23,App Issue,Medium,10,2
TKT_002654,CUST_03886,2023-05-19,Other,Low,2,4
TKT_002655,CUST_01338,2022-06-09,Product Quality,Medium,10,
TKT_002656,CUST_01828,2023-07-17,Product Quality,High,5,4
TKT_002657,CUST_02835,2022-04-18,App Issue,High,3,5
TKT_002658,CUST_01210,2022-08-12,Other,Medium,7,5
TKT_002659,CUST_02249,2023-11-15,Payment,Medium,2,5
TKT_002660,CUST_02207,2024-01-15,Return,Medium,1,5
TKT_002661,CUST_03292,2023-07-27,Account,High,5,3
TKT_002662,CUST_04069,2023-10-31,Delivery,Medium,,4
TKT_002663,CUST_01118,2022-08-07,Account,High,3,4
TKT_002664,CUST_01906,2023-06-02,Delivery,Low,5,1
TKT_002665,CUST_04393,2022-03-11,Payment,Medium,10,3
TKT_002666,CUST_03512,2022-05-05,Account,Low,1,1
TKT_002667,CUST_00700,2023-06-02,Account,High,10,4
TKT_002668,CUST_01171,2024-04-11,Product Quality,Low,1,4
TKT_002669,CUST_02098,2022-02-06,Payment,High,2,5
TKT_002670,CUST_01756,2023-09-27,Delivery,Low,5,2
TKT_002671,CUST_02413,2022-02-21,App Issue,Low,3,1
TKT_002672,CUST_00347,2024-01-20,Return,High,5,2
TKT_002673,CUST_00115,2022-11-15,Product Quality,Medium,2,4
TKT_002674,CUST_00247,2022-05-02,Payment,Low,2,3
TKT_002675,CUST_04501,2024-04-05,App Issue,Low,5,5
TKT_002676,CUST_04468,2024-04-03,Delivery,Medium,5,5
TKT_002677,CUST_00563,2023-02-27,App Issue,Medium,7,4
TKT_002678,CUST_00881,2022-02-28,Account,Low,2,4
TKT_002679,CUST_02402,2023-09-20,Other,Low,1,4
TKT_002680,CUST_01278,2023-09-17,Other,Low,5,1
TKT_002681,CUST_00721,2022-03-31,Delivery,Low,1,4
TKT_002682,CUST_02344,2022-07-26,Delivery,Medium,3,4
TKT_002683,CUST_03465,2022-08-29,Other,Low,3,5
TKT_002684,CUST_00061,2022-01-14,Other,High,1,5
TKT_002685,CUST_02073,2023-06-13,Product Quality,Medium,5,5
TKT_002686,CUST_00192,2024-01-22,Product Quality,Low,5,1
TKT_002687,CUST_03269,2022-05-05,App Issue,Low,1,5
TKT_002688,CUST_04161,2023-11-22,Account,Low,,4
TKT_002689,CUST_02834,2023-10-28,Payment,Low,5,3
TKT_002690,CUST_02703,2022-06-29,Delivery,High,1,3
TKT_002691,CUST_01440,2023-11-30,Other,Low,2,1
TKT_002692,CUST_01871,2023-05-25,Payment,High,1,4
TKT_002693,CUST_04448,2022-03-04,Account,Medium,3,4
TKT_002694,CUST_00293,2024-04-26,App Issue,Medium,5,3
TKT_002695,CUST_04310,2022-03-25,Other,Low,3,2
TKT_002696,CUST_00014,2023-12-18,Product Quality,Medium,1,5
TKT_002697,CUST_01818,2023-09-21,Account,Low,1,5
TKT_002698,CUST_00056,2022-01-04,Delivery,Medium,1,5
TKT_002699,CUST_03992,2023-08-07,App Issue,Medium,2,4
TKT_002700,CUST_02731,2022-09-21,Account,High,2,4
TKT_002701,CUST_01665,2022-05-11,Product Quality,Medium,1,4
TKT_002702,CUST_00132,2023-05-05,Other,Medium,2,4
TKT_002703,CUST_02251,2024-05-26,Other,Medium,7,5
TKT_002704,CUST_03004,2023-07-13,Payment,Low,2,3
TKT_002705,CUST_00244,2023-02-08,Product Quality,Medium,3,3
TKT_002706,CUST_03726,2022-02-18,Return,Medium,1,5
TKT_002707,CUST_03079,2023-07-10,Return,Medium,1,2
TKT_002708,CUST_03718,2022-06-28,Payment,Medium,2,5
TKT_002709,CUST_00273,2023-04-27,Other,Medium,1,5
TKT_002710,CUST_03518,2022-06-20,Return,Medium,7,2
TKT_002711,CUST_00335,2023-11-07,Other,Medium,3,5
TKT_002712,CUST_02788,2022-06-04,Product Quality,Medium,2,4
TKT_002713,CUST_01667,2023-01-04,Other,High,2,5
TKT_002714,CUST_02241,2023-04-30,Payment,Medium,7,3
TKT_002715,CUST_01296,2022-08-04,App Issue,High,2,1
TKT_002716,CUST_03878,2023-02-11,Return,Medium,1,2
TKT_002717,CUST_01993,2022-02-07,Payment,Medium,2,3
TKT_002718,CUST_03332,2022-08-28,Product Quality,Low,1,4
TKT_002719,CUST_02430,2022-03-05,Other,Medium,3,5
TKT_002720,CUST_02467,2022-05-17,App Issue,High,,3
TKT_002721,CUST_02098,2024-01-07,Account,Low,7,1
TKT_002722,CUST_04626,2022-03-23,Product Quality,Medium,2,4
TKT_002723,CUST_00437,2024-04-24,Account,Medium,7,
TKT_002724,CUST_04150,2024-03-19,Account,High,10,4
TKT_002725,CUST_02385,2022-03-03,Delivery,Medium,3,4
TKT_002726,CUST_02433,2022-06-17,Return,Medium,1,3
TKT_002727,CUST_01359,2022-03-07,Payment,High,1,3
TKT_002728,CUST_01601,2022-01-31,Account,High,1,3
TKT_002729,CUST_00595,2022-01-08,App Issue,Low,3,5
TKT_002730,CUST_03305,2023-09-03,App Issue,Medium,3,3
TKT_002731,CUST_03934,2022-04-17,Return,Low,2,5
TKT_002732,CUST_01225,2022-05-06,Return,Low,7,4
TKT_002733,CUST_04982,2022-12-30,Delivery,High,2,3
TKT_002734,CUST_04254,2022-11-01,Other,Medium,7,3
TKT_002735,CUST_04125,2023-01-12,Account,High,2,4
TKT_002736,CUST_00638,2022-11-28,Delivery,High,3,3
TKT_002737,CUST_02914,2023-11-08,Payment,Low,5,3
TKT_002738,CUST_04845,2022-12-21,Payment,Medium,5,3
TKT_002739,CUST_03600,2023-06-02,Account,Medium,1,4
TKT_002740,CUST_04507,2022-01-11,Product Quality,Low,3,4
TKT_002741,CUST_01455,2023-05-05,Other,Low,3,4
TKT_002742,CUST_02067,2023-11-16,Product Quality,Medium,1,5
TKT_002743,CUST_03418,2023-10-20,Other,Medium,2,5
TKT_002744,CUST_03027,2023-07-03,App Issue,Low,1,4
TKT_002745,CUST_03100,2024-01-15,Delivery,Low,3,4
TKT_002746,CUST_02617,2022-09-08,Payment,Medium,1,5
TKT_002747,CUST_04293,2023-04-18,Account,Medium,5,4
TKT_002748,CUST_01951,2022-12-28,Delivery,Medium,1,3
TKT_002749,CUST_00292,2023-06-01,Payment,Medium,3,4
TKT_002750,CUST_04319,2022-02-16,App Issue,Medium,1,
TKT_002751,CUST_03144,2023-06-16,Other,Low,2,4
TKT_002752,CUST_02811,2024-05-17,Delivery,High,10,2
TKT_002753,CUST_04130,2024-04-19,Product Quality,Medium,10,4
TKT_002754,CUST_03764,2024-01-07,Product Quality,Medium,10,3
TKT_002755,CUST_01037,2023-02-14,Product Quality,High,3,3
TKT_002756,CUST_03064,2022-04-07,Account,Medium,5,1
TKT_002757,CUST_03289,2023-12-05,App Issue,Low,1,5
TKT_002758,CUST_02556,2024-01-07,Other,Medium,1,4
TKT_002759,CUST_02662,2022-05-29,Payment,High,7,5
TKT_002760,CUST_02584,2023-04-28,Product Quality,Medium,2,3
TKT_002761,CUST_02029,2023-04-25,Other,Low,3,4
TKT_002762,CUST_01784,2023-05-15,Account,Medium,1,4
TKT_002763,CUST_03894,2023-01-13,Payment,High,,
TKT_002764,CUST_03616,2024-03-16,Account,Medium,3,1
TKT_002765,CUST_00938,2023-05-12,Other,Low,3,4
TKT_002766,CUST_01301,2023-12-25,Delivery,High,,4
TKT_002767,CUST_01348,2022-10-16,App Issue,High,2,5
TKT_002768,CUST_01952,2022-12-22,Other,Medium,3,4
TKT_002769,CUST_01386,2022-11-24,Account,Low,10,2
TKT_002770,CUST_01182,2022-01-09,Return,Medium,2,3
TKT_002771,CUST_00389,2023-01-11,Return,Medium,10,3
TKT_002772,CUST_02107,2023-07-26,Account,Medium,1,5
TKT_002773,CUST_01970,2024-05-26,Other,High,2,5
TKT_002774,CUST_04991,2024-05-02,App Issue,Medium,1,3
TKT_002775,CUST_04018,2022-08-13,App Issue,Low,2,4
TKT_002776,CUST_04539,2024-02-14,Delivery,Medium,1,4
TKT_002777,CUST_04859,2022-03-07,Product Quality,Low,2,3
TKT_002778,CUST_02917,2022-01-21,Other,Low,1,4
TKT_002779,CUST_02114,2022-02-24,Account,Low,3,2
TKT_002780,CUST_01998,2023-07-26,App Issue,High,1,5
TKT_002781,CUST_04455,2024-03-24,Return,High,1,3
TKT_002782,CUST_03099,2023-10-02,Account,Medium,10,3
TKT_002783,CUST_00965,2024-05-10,Product Quality,Medium,1,4
TKT_002784,CUST_00927,2023-01-05,App Issue,Medium,1,4
TKT_002785,CUST_03912,2023-01-15,Return,Low,1,4
TKT_002786,CUST_02777,2022-03-15,Product Quality,High,3,5
TKT_002787,CUST_02395,2022-03-14,Product Quality,High,1,4
TKT_002788,CUST_00250,2022-01-29,Delivery,Low,2,5
TKT_002789,CUST_04953,2023-08-02,Account,High,5,2
TKT_002790,CUST_00229,2023-02-09,Payment,Medium,5,4
TKT_002791,CUST_00873,2022-04-19,App Issue,Medium,7,4
TKT_002792,CUST_00125,2024-02-27,Account,Medium,3,3
TKT_002793,CUST_04479,2023-01-10,App Issue,High,1,5
TKT_002794,CUST_02533,2023-03-06,Product Quality,High,5,4
TKT_002795,CUST_03638,2022-05-28,Other,High,2,5
TKT_002796,CUST_03818,2023-03-23,Account,High,1,4
TKT_002797,CUST_01173,2023-12-19,Product Quality,Medium,2,5
TKT_002798,CUST_02664,2022-01-12,Product Quality,High,3,4
TKT_002799,CUST_02966,2023-02-27,Product Quality,Medium,2,4
TKT_002800,CUST_04400,2024-05-18,App Issue,Low,5,4
TKT_002801,CUST_04213,2022-06-01,Product Quality,Medium,3,3
TKT_002802,CUST_02990,2022-04-22,Other,Medium,2,4
TKT_002803,CUST_02558,2022-01-10,Return,Medium,3,5
TKT_002804,CUST_03912,2023-03-18,Return,Low,3,4
TKT_002805,CUST_03389,2023-10-10,Delivery,Low,3,4
TKT_002806,CUST_00421,2022-07-18,App Issue,High,1,5
TKT_002807,CUST_03661,2023-08-20,Other,Low,1,4
TKT_002808,CUST_00387,2022-12-31,Payment,Low,1,5
TKT_002809,CUST_04693,2022-01-08,App Issue,Medium,2,5
TKT_002810,CUST_00253,2022-10-26,Account,Medium,3,
TKT_002811,CUST_00169,2023-04-05,Account,Low,2,5
TKT_002812,CUST_03942,2023-09-09,App Issue,Low,1,4
TKT_002813,CUST_00049,2022-05-18,Product Quality,Medium,5,1
TKT_002814,CUST_01800,2022-07-23,Product Quality,Medium,3,5
TKT_002815,CUST_00389,2023-05-08,App Issue,High,3,4
TKT_002816,CUST_04097,2023-02-02,App Issue,Medium,1,5
TKT_002817,CUST_00112,2024-06-05,App Issue,Low,7,4
TKT_002818,CUST_04089,2022-08-31,Payment,Medium,1,3
TKT_002819,CUST_01913,2023-07-12,Delivery,Medium,2,5
TKT_002820,CUST_02318,2022-01-18,Other,Low,3,4
TKT_002821,CUST_03647,2022-03-17,Return,Low,3,5
TKT_002822,CUST_04918,2023-04-23,Payment,High,,5
TKT_002823,CUST_02744,2024-01-09,Payment,Medium,7,1
TKT_002824,CUST_03860,2023-05-23,Delivery,Low,2,4
TKT_002825,CUST_00972,2023-02-24,Account,Low,3,3
TKT_002826,CUST_04329,2023-11-30,Return,Medium,3,5
TKT_002827,CUST_02500,2023-02-21,Payment,Medium,3,4
TKT_002828,CUST_00103,2024-04-14,Payment,Medium,7,5
TKT_002829,CUST_02716,2023-01-05,Return,Medium,7,4
TKT_002830,CUST_02606,2022-02-28,Account,Low,1,3
TKT_002831,CUST_04172,2022-12-24,Return,Medium,2,4
TKT_002832,CUST_00798,2022-02-12,Account,High,7,4
TKT_002833,CUST_01181,2024-03-13,Other,Low,1,4
TKT_002834,CUST_00568,2022-07-25,Delivery,Medium,3,3
TKT_002835,CUST_04713,2022-08-03,Delivery,Medium,10,5
TKT_002836,CUST_01468,2023-03-17,Other,Medium,3,4
TKT_002837,CUST_02961,2022-09-03,Return,Medium,1,3
TKT_002838,CUST_01704,2023-01-02,Return,Medium,2,4
TKT_002839,CUST_00632,2023-09-29,Delivery,Medium,2,5
TKT_002840,CUST_02380,2023-07-27,Payment,Medium,,5
TKT_002841,CUST_04065,2024-01-25,Product Quality,Low,2,4
TKT_002842,CUST_03488,2022-11-28,Product Quality,Medium,3,3
TKT_002843,CUST_02714,2022-10-01,Delivery,Medium,5,3
TKT_002844,CUST_01607,2023-06-26,App Issue,Medium,2,5
TKT_002845,CUST_00954,2022-10-31,App Issue,High,3,4
TKT_002846,CUST_02241,2023-09-12,Return,Low,5,2
TKT_002847,CUST_02541,2024-02-04,Payment,High,3,5
TKT_002848,CUST_02566,2022-05-06,App Issue,High,1,5
TKT_002849,CUST_02530,2023-10-24,Delivery,Medium,10,5
TKT_002850,CUST_02547,2023-08-22,Other,Low,5,3
TKT_002851,CUST_00294,2024-04-12,Delivery,Low,1,1
TKT_002852,CUST_00146,2023-06-21,App Issue,Medium,1,2
TKT_002853,CUST_03569,2023-12-29,Return,Low,5,4
TKT_002854,CUST_03399,2022-11-04,Return,High,2,
TKT_002855,CUST_00830,2022-06-13,Return,Medium,2,3
TKT_002856,CUST_00306,2023-12-10,App Issue,Medium,7,4
TKT_002857,CUST_04793,2023-11-20,Other,Low,,4
TKT_002858,CUST_02020,2023-09-27,App Issue,Medium,1,4
TKT_002859,CUST_03849,2023-08-07,Delivery,High,3,1
TKT_002860,CUST_02796,2023-11-21,Account,Low,5,4
TKT_002861,CUST_03956,2023-08-02,Product Quality,Medium,3,1
TKT_002862,CUST_00928,2022-08-23,Product Quality,Low,3,2
TKT_002863,CUST_02531,2022-06-12,Delivery,Medium,3,4
TKT_002864,CUST_00650,2022-07-21,Delivery,Medium,5,5
TKT_002865,CUST_04991,2023-05-02,Payment,Low,2,4
TKT_002866,CUST_01880,2022-03-02,Delivery,Medium,7,3
TKT_002867,CUST_03363,2024-02-12,Other,Low,5,5
TKT_002868,CUST_02333,2023-04-27,Other,Medium,2,5
TKT_002869,CUST_01165,2024-02-27,Account,Medium,7,4
TKT_002870,CUST_03747,2022-01-02,App Issue,Medium,3,4
TKT_002871,CUST_00980,2022-06-16,Delivery,Low,3,4
TKT_002872,CUST_00490,2023-03-29,Payment,Medium,5,2
TKT_002873,CUST_01881,2024-01-17,App Issue,Low,1,5
TKT_002874,CUST_03568,2024-01-25,Account,Medium,1,4
TKT_002875,CUST_00099,2024-01-23,Delivery,Medium,7,4
TKT_002876,CUST_02975,2023-12-27,Delivery,Low,7,4
TKT_002877,CUST_03679,2024-04-16,Account,Low,1,3
TKT_002878,CUST_03640,2022-05-25,Product Quality,Medium,3,4
TKT_002879,CUST_02997,2023-07-28,Account,Medium,5,
TKT_002880,CUST_04997,2024-04-16,Product Quality,Medium,1,3
TKT_002881,CUST_03827,2023-06-24,Return,High,,1
TKT_002882,CUST_02973,2022-09-16,App Issue,Medium,2,4
TKT_002883,CUST_04713,2023-07-08,Account,Low,5,4
TKT_002884,CUST_02774,2023-01-16,Account,Medium,3,3
TKT_002885,CUST_03222,2023-02-01,Product Quality,Low,2,4
TKT_002886,CUST_01506,2024-04-09,Product Quality,Medium,5,4
TKT_002887,CUST_01340,2022-04-10,Product Quality,Low,1,4
TKT_002888,CUST_04672,2024-06-04,Account,High,2,5
TKT_002889,CUST_01306,2022-06-04,Return,Medium,5,3
TKT_002890,CUST_04661,2022-07-01,Account,Medium,3,4
TKT_002891,CUST_03904,2022-12-17,Other,Medium,2,4
TKT_002892,CUST_01275,2024-06-06,Delivery,High,10,5
TKT_002893,CUST_00558,2023-09-14,Other,High,1,4
TKT_002894,CUST_01179,2022-12-05,Other,Medium,3,3
TKT_002895,CUST_03934,2022-01-22,Other,Medium,3,
TKT_002896,CUST_03862,2024-05-03,Account,Medium,3,5
TKT_002897,CUST_02548,2022-05-16,Account,High,3,
TKT_002898,CUST_02718,2022-08-19,Product Quality,Medium,10,5
TKT_002899,CUST_00909,2022-12-30,Payment,Low,2,5
TKT_002900,CUST_00046,2023-08-25,Other,Medium,10,5
TKT_002901,CUST_04553,2022-09-05,App Issue,Low,2,4
TKT_002902,CUST_02843,2022-07-16,Product Quality,Low,3,2
TKT_002903,CUST_01899,2023-02-02,Account,Medium,1,4
TKT_002904,CUST_01543,2023-12-16,Return,High,10,5
TKT_002905,CUST_04827,2022-06-24,Delivery,Medium,1,5
TKT_002906,CUST_03966,2023-09-17,Other,Low,,4
TKT_002907,CUST_01965,2023-03-24,Other,Medium,3,2
TKT_002908,CUST_04772,2023-05-06,Delivery,Medium,1,4
TKT_002909,CUST_00191,2023-09-21,Delivery,Medium,3,5
TKT_002910,CUST_00922,2023-10-30,Product Quality,Medium,2,4
TKT_002911,CUST_03633,2022-12-08,Delivery,Low,2,4
TKT_002912,CUST_02381,2022-01-01,Account,Medium,3,5
TKT_002913,CUST_00174,2022-01-05,Delivery,High,2,4
TKT_002914,CUST_01110,2022-05-19,Other,High,7,1
TKT_002915,CUST_01122,2024-02-28,Other,Low,1,3
TKT_002916,CUST_04716,2022-02-21,Delivery,High,,4
TKT_002917,CUST_03108,2022-05-31,App Issue,High,2,3
TKT_002918,CUST_03079,2022-04-12,Return,Medium,5,5
TKT_002919,CUST_04490,2023-04-14,Return,Medium,7,3
TKT_002920,CUST_00377,2024-06-08,Delivery,Medium,3,3
TKT_002921,CUST_03206,2022-08-09,Return,Medium,1,4
TKT_002922,CUST_00800,2023-05-19,Other,High,7,2
TKT_002923,CUST_01602,2022-11-05,Account,Medium,2,4
TKT_002924,CUST_00649,2023-03-25,Payment,Medium,1,4
TKT_002925,CUST_00880,2023-08-01,Return,Medium,1,2
TKT_002926,CUST_01796,2023-03-01,App Issue,Low,3,4
TKT_002927,CUST_04004,2023-12-17,Other,Medium,7,5
TKT_002928,CUST_01022,2024-02-08,Delivery,Medium,1,
TKT_002929,CUST_01648,2024-02-17,App Issue,Medium,2,
TKT_002930,CUST_00462,2022-07-17,Delivery,High,2,
TKT_002931,CUST_01372,2022-09-12,Product Quality,Medium,5,4
TKT_002932,CUST_01187,2023-07-14,Account,Low,2,4
TKT_002933,CUST_02421,2022-07-22,Product Quality,Low,3,4
TKT_002934,CUST_01374,2023-11-29,Return,High,10,5
TKT_002935,CUST_03507,2022-02-13,Return,Medium,5,5
TKT_002936,CUST_00487,2022-05-07,Account,Medium,7,2
TKT_002937,CUST_04012,2022-08-23,Other,Low,2,3
TKT_002938,CUST_04614,2022-04-23,App Issue,Medium,7,3
TKT_002939,CUST_02651,2024-06-08,Return,Medium,1,5
TKT_002940,CUST_04500,2022-06-27,Delivery,Medium,2,
TKT_002941,CUST_03369,2023-03-01,App Issue,High,3,3
TKT_002942,CUST_03657,2024-05-31,Other,Low,1,4
TKT_002943,CUST_02211,2024-01-27,Other,Medium,3,5
TKT_002944,CUST_00349,2024-03-14,Other,High,3,4
TKT_002945,CUST_01299,2023-08-26,Account,Low,1,3
TKT_002946,CUST_00823,2024-01-07,Return,Low,2,4
TKT_002947,CUST_03065,2022-06-07,Payment,Medium,1,1
TKT_002948,CUST_02607,2022-06-18,Return,Medium,3,4
TKT_002949,CUST_04864,2023-03-02,Other,Medium,1,4
TKT_002950,CUST_01695,2022-02-10,App Issue,Medium,1,5
TKT_002951,CUST_03669,2023-09-03,Payment,Low,2,4
TKT_002952,CUST_02480,2023-12-18,Return,Medium,7,2
TKT_002953,CUST_04262,2023-10-01,Other,Medium,2,5
TKT_002954,CUST_03586,2022-09-01,Other,Medium,1,5
TKT_002955,CUST_00329,2023-11-26,App Issue,Medium,7,4
TKT_002956,CUST_03747,2022-03-26,Product Quality,High,5,5
TKT_002957,CUST_02408,2022-01-07,Account,Medium,3,4
TKT_002958,CUST_02891,2022-02-05,Product Quality,Medium,10,5
TKT_002959,CUST_04217,2022-07-11,Account,High,3,5
TKT_002960,CUST_00042,2022-08-19,Other,Low,7,4
TKT_002961,CUST_01793,2023-02-13,Account,High,3,2
TKT_002962,CUST_01796,2023-07-15,Return,High,2,3
TKT_002963,CUST_01492,2022-04-28,Payment,Low,3,4
TKT_002964,CUST_03849,2024-05-09,Return,High,1,4
TKT_002965,CUST_03882,2023-01-29,Product Quality,Low,3,2
TKT_002966,CUST_03464,2023-07-05,Delivery,Medium,5,5
TKT_002967,CUST_02065,2023-08-06,Delivery,Low,5,3
TKT_002968,CUST_01296,2022-08-18,Other,Low,,3
TKT_002969,CUST_01078,2023-12-05,Account,Low,2,2
TKT_002970,CUST_01406,2022-07-06,App Issue,Medium,1,3
TKT_002971,CUST_00224,2023-01-26,Payment,Medium,1,3
TKT_002972,CUST_03715,2023-12-18,Product Quality,Low,1,4
TKT_002973,CUST_01705,2024-02-09,Account,Medium,2,3
TKT_002974,CUST_02084,2023-09-05,Delivery,Medium,7,2
TKT_002975,CUST_01694,2023-11-10,Payment,Medium,1,3
TKT_002976,CUST_00106,2023-11-20,App Issue,Medium,1,3
TKT_002977,CUST_00690,2023-10-24,Delivery,Medium,1,2
TKT_002978,CUST_01944,2023-02-09,App Issue,Medium,1,4
TKT_002979,CUST_00161,2024-03-23,Product Quality,High,2,2
TKT_002980,CUST_00780,2022-07-02,Account,Low,1,1
TKT_002981,CUST_03038,2024-02-27,Account,Low,10,1
TKT_002982,CUST_01258,2022-05-15,Account,Medium,7,4
TKT_002983,CUST_03827,2022-06-22,Other,High,2,2
TKT_002984,CUST_04178,2024-03-14,Payment,Medium,2,3
TKT_002985,CUST_02848,2022-02-26,Other,Low,10,5
TKT_002986,CUST_03043,2022-12-03,Payment,Medium,10,4
TKT_002987,CUST_01771,2024-06-04,Product Quality,High,5,4
TKT_002988,CUST_03096,2023-08-29,Payment,High,1,5
TKT_002989,CUST_00993,2022-07-01,Payment,Medium,1,3
TKT_002990,CUST_01874,2024-02-03,Payment,Low,2,3
TKT_002991,CUST_04623,2022-01-08,Other,Medium,10,5
TKT_002992,CUST_04329,2022-12-25,Other,High,1,3
TKT_002993,CUST_04101,2022-10-04,Account,High,3,4
TKT_002994,CUST_03968,2023-11-02,App Issue,Low,3,2
TKT_002995,CUST_04586,2024-03-25,Other,Medium,1,5
TKT_002996,CUST_04820,2023-04-13,Product Quality,Medium,1,3
TKT_002997,CUST_00434,2022-08-05,Other,Medium,5,3
TKT_002998,CUST_03976,2023-11-01,App Issue,High,3,3
TKT_002999,CUST_04560,2023-02-10,App Issue,Low,5,3
TKT_003000,CUST_00308,2024-06-04,Other,High,3,4
TKT_003001,CUST_04397,2022-06-15,Account,Medium,2,4
TKT_003002,CUST_01219,2023-07-13,Return,Low,3,3
TKT_003003,CUST_02703,2023-09-17,Account,Low,1,4
TKT_003004,CUST_00662,2023-03-20,Product Quality,High,1,3
TKT_003005,CUST_01723,2023-11-08,Delivery,Medium,1,2
TKT_003006,CUST_00720,2023-03-07,Return,Medium,1,4
TKT_003007,CUST_02390,2024-03-21,Delivery,Low,3,4
TKT_003008,CUST_03580,2023-12-05,Payment,Low,2,4
TKT_003009,CUST_04847,2024-05-15,Delivery,High,2,4
TKT_003010,CUST_01187,2024-01-14,App Issue,Low,3,5
TKT_003011,CUST_03713,2022-08-06,Return,Medium,2,5
TKT_003012,CUST_00091,2023-11-09,Other,Low,1,5
TKT_003013,CUST_02340,2023-05-17,Product Quality,Low,2,4
TKT_003014,CUST_00347,2023-06-02,Return,High,10,5
TKT_003015,CUST_03647,2024-02-24,Payment,Medium,2,5
TKT_003016,CUST_01170,2023-02-08,Account,High,1,4
TKT_003017,CUST_04773,2023-02-26,Payment,Medium,5,5
TKT_003018,CUST_01328,2022-09-10,Payment,Medium,3,5
TKT_003019,CUST_00899,2022-08-30,App Issue,Medium,1,3
TKT_003020,CUST_00375,2023-10-13,App Issue,Medium,10,5
TKT_003021,CUST_03422,2024-02-17,Payment,High,3,4
TKT_003022,CUST_04735,2024-04-21,Other,Medium,3,5
TKT_003023,CUST_04749,2023-11-18,Account,High,3,5
TKT_003024,CUST_04381,2022-08-06,Account,High,3,2
TKT_003025,CUST_01594,2024-01-27,Product Quality,Medium,2,3
TKT_003026,CUST_01023,2022-04-19,Return,Medium,2,5
TKT_003027,CUST_04559,2024-01-29,App Issue,Medium,2,3
TKT_003028,CUST_01269,2022-06-28,Product Quality,High,7,4
TKT_003029,CUST_04472,2023-01-30,Product Quality,Medium,5,3
TKT_003030,CUST_02631,2022-10-04,Delivery,Low,,5
TKT_003031,CUST_01910,2024-04-21,Payment,Medium,2,3
TKT_003032,CUST_02160,2022-11-20,Account,High,5,3
TKT_003033,CUST_02655,2023-01-10,Payment,Low,7,5
TKT_003034,CUST_02879,2023-04-06,Payment,Medium,3,3
TKT_003035,CUST_03386,2023-08-11,Return,Medium,5,5
TKT_003036,CUST_03589,2024-02-18,Other,Low,2,5
TKT_003037,CUST_00181,2022-10-04,Product Quality,Low,2,5
TKT_003038,CUST_01198,2023-01-20,Other,Medium,1,4
TKT_003039,CUST_02239,2023-07-22,Account,Low,7,4
TKT_003040,CUST_01758,2022-05-05,Other,Medium,1,5
TKT_003041,CUST_00882,2023-11-12,App Issue,Low,3,3
TKT_003042,CUST_03424,2023-11-18,App Issue,Medium,1,3
TKT_003043,CUST_00859,2023-12-21,Account,Medium,2,3
TKT_003044,CUST_02834,2022-01-09,Product Quality,Low,5,3
TKT_003045,CUST_04699,2022-01-11,Delivery,Medium,2,
TKT_003046,CUST_04719,2023-03-12,Return,High,2,5
TKT_003047,CUST_03697,2023-11-12,Payment,Low,1,5
TKT_003048,CUST_00819,2022-03-10,Product Quality,Medium,7,5
TKT_003049,CUST_03941,2022-12-13,Return,High,3,3
TKT_003050,CUST_03230,2022-12-27,App Issue,High,1,4
TKT_003051,CUST_04764,2024-04-14,Payment,Low,1,5
TKT_003052,CUST_02065,2022-12-18,Delivery,Low,1,3
TKT_003053,CUST_02493,2022-03-25,Return,Medium,7,5
TKT_003054,CUST_02282,2022-04-16,Product Quality,Medium,1,5
TKT_003055,CUST_03868,2023-03-02,Payment,High,7,2
TKT_003056,CUST_03912,2022-02-22,Return,High,2,4
TKT_003057,CUST_03397,2024-06-14,App Issue,Low,,5
TKT_003058,CUST_00748,2024-04-04,Delivery,High,2,5
TKT_003059,CUST_00273,2023-03-13,Return,Low,3,4
TKT_003060,CUST_02215,2023-01-26,Payment,Medium,7,4
TKT_003061,CUST_01291,2022-01-26,Payment,Medium,1,2
TKT_003062,CUST_04896,2022-03-04,Return,High,5,2
TKT_003063,CUST_01462,2022-05-31,Product Quality,Low,2,5
TKT_003064,CUST_02481,2022-10-25,App Issue,Medium,3,5
TKT_003065,CUST_02132,2022-07-15,Account,Medium,,5
TKT_003066,CUST_02078,2023-03-20,Payment,Medium,1,2
TKT_003067,CUST_01151,2023-08-26,Other,Low,5,4
TKT_003068,CUST_04653,2022-03-09,App Issue,Low,3,5
TKT_003069,CUST_00902,2023-01-09,App Issue,Low,3,4
TKT_003070,CUST_00591,2023-03-20,Account,Medium,2,1
TKT_003071,CUST_01217,2023-09-30,Product Quality,Low,,5
TKT_003072,CUST_02307,2023-10-04,Return,Low,2,4
TKT_003073,CUST_04531,2022-03-06,Other,Medium,2,5
TKT_003074,CUST_01386,2024-04-16,Payment,Medium,7,1
TKT_003075,CUST_00953,2023-09-16,Return,High,2,3
TKT_003076,CUST_02876,2022-08-27,Delivery,Medium,1,3
TKT_003077,CUST_02907,2023-06-02,Account,Medium,7,5
TKT_003078,CUST_04557,2023-02-24,Payment,High,2,5
TKT_003079,CUST_04790,2022-04-29,Other,Medium,1,5
TKT_003080,CUST_02214,2022-08-16,Product Quality,Low,10,4
TKT_003081,CUST_04876,2023-06-25,Other,High,3,3
TKT_003082,CUST_03414,2023-05-04,Account,Medium,5,2
TKT_003083,CUST_01763,2022-05-02,Other,Low,5,4
TKT_003084,CUST_04506,2022-06-17,Other,Medium,7,1
TKT_003085,CUST_01814,2022-05-28,Payment,Low,1,4
TKT_003086,CUST_00184,2022-10-24,Account,Medium,7,4
TKT_003087,CUST_04111,2024-05-21,Other,Medium,10,5
TKT_003088,CUST_04005,2022-05-04,Product Quality,Low,2,5
TKT_003089,CUST_02109,2022-09-04,Delivery,Low,5,1
TKT_003090,CUST_04601,2022-08-16,Delivery,Medium,1,5
TKT_003091,CUST_01163,2024-06-13,App Issue,Medium,3,4
TKT_003092,CUST_04202,2022-02-24,Product Quality,Low,10,4
TKT_003093,CUST_01109,2023-02-03,Return,Medium,2,5
TKT_003094,CUST_02648,2022-12-16,App Issue,Low,2,3
TKT_003095,CUST_04033,2023-10-12,App Issue,Medium,7,
TKT_003096,CUST_02774,2023-07-04,Product Quality,Medium,2,4
TKT_003097,CUST_04140,2023-10-01,App Issue,Medium,3,5
TKT_003098,CUST_04816,2023-10-25,Other,Medium,2,5
TKT_003099,CUST_01019,2024-05-06,Product Quality,High,3,4
TKT_003100,CUST_01675,2022-03-06,Account,Medium,1,4
TKT_003101,CUST_01799,2024-06-02,Account,Medium,1,4
TKT_003102,CUST_02138,2023-08-29,Account,Medium,1,3
TKT_003103,CUST_03401,2022-11-16,Other,Low,10,4
TKT_003104,CUST_03011,2022-01-22,Return,Medium,7,5
TKT_003105,CUST_02212,2023-12-19,Account,Medium,1,4
TKT_003106,CUST_00171,2022-12-30,Delivery,Medium,1,4
TKT_003107,CUST_00846,2022-12-21,Return,Medium,2,3
TKT_003108,CUST_01557,2024-05-17,Other,High,2,5
TKT_003109,CUST_00448,2024-01-03,Product Quality,High,2,3
TKT_003110,CUST_04799,2023-05-07,Payment,High,5,4
TKT_003111,CUST_03078,2022-02-15,App Issue,High,2,4
TKT_003112,CUST_00527,2023-03-31,App Issue,Medium,3,4
TKT_003113,CUST_00651,2023-10-27,App Issue,Medium,2,5
TKT_003114,CUST_04876,2022-05-27,Delivery,Low,5,5
TKT_003115,CUST_00726,2022-04-17,Return,High,2,3
TKT_003116,CUST_02648,2022-02-03,Delivery,Low,3,5
TKT_003117,CUST_01528,2023-12-03,Product Quality,Medium,7,3
TKT_003118,CUST_04508,2023-06-15,Other,Low,2,4
TKT_003119,CUST_00273,2022-01-22,Return,Medium,2,4
TKT_003120,CUST_02174,2022-05-18,Other,Medium,1,5
TKT_003121,CUST_03138,2023-09-23,Product Quality,Medium,5,3
TKT_003122,CUST_01179,2023-03-22,Account,High,10,4
TKT_003123,CUST_00228,2024-05-09,App Issue,Medium,7,4
TKT_003124,CUST_02598,2024-01-26,Other,High,1,3
TKT_003125,CUST_02179,2022-08-06,Account,Medium,7,3
TKT_003126,CUST_03140,2022-07-21,Product Quality,Medium,7,3
TKT_003127,CUST_03875,2022-01-16,Payment,Medium,3,3
TKT_003128,CUST_03513,2022-05-19,Account,Low,7,4
TKT_003129,CUST_03931,2023-10-29,Other,High,3,5
TKT_003130,CUST_04554,2022-03-14,Account,Medium,1,5
TKT_003131,CUST_00610,2023-10-12,Delivery,Medium,5,3
TKT_003132,CUST_02809,2023-11-03,Account,Medium,3,3
TKT_003133,CUST_00094,2023-11-27,Other,Medium,,4
TKT_003134,CUST_03414,2022-03-02,Payment,Medium,,5
TKT_003135,CUST_04958,2022-09-03,Return,Medium,2,4
TKT_003136,CUST_00716,2022-05-20,Account,Medium,3,3
TKT_003137,CUST_02250,2024-01-28,Return,Low,3,5
TKT_003138,CUST_02086,2022-10-20,Other,Medium,3,4
TKT_003139,CUST_04936,2022-01-23,App Issue,Low,7,5
TKT_003140,CUST_04464,2023-06-06,App Issue,High,10,2
TKT_003141,CUST_02245,2023-06-05,App Issue,Medium,3,2
TKT_003142,CUST_01798,2023-12-17,Other,High,3,4
TKT_003143,CUST_00944,2023-10-30,App Issue,Low,1,3
TKT_003144,CUST_00634,2023-08-06,App Issue,High,3,3
TKT_003145,CUST_02069,2022-03-02,Other,Low,,5
TKT_003146,CUST_00593,2022-10-18,Other,Medium,3,
TKT_003147,CUST_03099,2024-02-08,Return,Low,10,3
TKT_003148,CUST_01952,2022-01-15,Payment,Medium,5,4
TKT_003149,CUST_04493,2023-03-12,Account,Low,5,4
TKT_003150,CUST_01477,2022-08-02,Account,High,1,3
TKT_003151,CUST_01477,2023-05-04,Return,High,5,4
TKT_003152,CUST_03515,2023-02-08,Product Quality,Medium,2,4
TKT_003153,CUST_02007,2024-01-12,App Issue,Medium,5,3
TKT_003154,CUST_02210,2023-12-06,Payment,Low,1,5
TKT_003155,CUST_02053,2023-08-12,App Issue,Medium,2,4
TKT_003156,CUST_00763,2024-01-14,Delivery,High,5,4
TKT_003157,CUST_02614,2023-01-14,Other,High,,5
TKT_003158,CUST_03923,2022-09-27,App Issue,Medium,1,
TKT_003159,CUST_03908,2022-06-18,App Issue,High,7,3
TKT_003160,CUST_03387,2022-03-24,Other,High,2,4
TKT_003161,CUST_02339,2023-10-25,Payment,Low,2,5
TKT_003162,CUST_04581,2022-05-21,App Issue,High,1,4
TKT_003163,CUST_03052,2023-08-15,Account,High,7,4
TKT_003164,CUST_03305,2023-01-09,Product Quality,Medium,2,4
TKT_003165,CUST_04111,2023-10-16,Product Quality,Low,2,4
TKT_003166,CUST_01981,2023-02-20,Delivery,Medium,1,4
TKT_003167,CUST_03001,2023-06-16,Delivery,Medium,,4
TKT_003168,CUST_02266,2023-01-12,App Issue,High,10,1
TKT_003169,CUST_02278,2024-02-06,Account,Low,3,3
TKT_003170,CUST_00609,2024-04-10,Product Quality,Low,2,5
TKT_003171,CUST_01823,2024-05-30,Account,Low,2,4
TKT_003172,CUST_03251,2022-12-25,App Issue,Low,10,4
TKT_003173,CUST_03339,2023-08-07,Product Quality,Medium,7,4
TKT_003174,CUST_02820,2022-03-11,Account,Low,,3
TKT_003175,CUST_03243,2024-06-13,Delivery,High,3,4
TKT_003176,CUST_04248,2023-05-02,Delivery,Medium,1,1
TKT_003177,CUST_04911,2022-11-02,App Issue,Low,7,
TKT_003178,CUST_02129,2023-03-14,Account,High,2,4
TKT_003179,CUST_00151,2022-06-18,Other,Low,1,4
TKT_003180,CUST_04095,2023-09-28,App Issue,Low,3,2
TKT_003181,CUST_00013,2023-06-17,Product Quality,High,3,3
TKT_003182,CUST_02845,2023-04-19,Delivery,Low,7,1
TKT_003183,CUST_03378,2022-06-17,Return,Medium,2,4
TKT_003184,CUST_01187,2023-04-18,Account,Low,1,5
TKT_003185,CUST_04883,2023-08-16,Other,High,1,5
TKT_003186,CUST_03145,2023-08-20,Return,Medium,5,
TKT_003187,CUST_03265,2022-02-09,Product Quality,Medium,2,4
TKT_003188,CUST_01085,2022-02-15,Return,Low,1,2
TKT_003189,CUST_03818,2022-10-05,Account,High,1,
TKT_003190,CUST_01226,2023-05-20,App Issue,High,1,5
TKT_003191,CUST_01973,2023-08-03,Return,Medium,2,4
TKT_003192,CUST_01858,2024-05-24,App Issue,Medium,2,2
TKT_003193,CUST_03772,2022-02-19,App Issue,Low,3,5
TKT_003194,CUST_02379,2023-04-23,Other,Low,3,5
TKT_003195,CUST_03893,2023-08-26,Payment,High,2,4
TKT_003196,CUST_04076,2023-11-08,Product Quality,Medium,,5
TKT_003197,CUST_02022,2023-04-12,Other,Medium,7,5
TKT_003198,CUST_03216,2022-09-01,Return,Medium,2,4
TKT_003199,CUST_01039,2024-02-12,Payment,High,1,4
TKT_003200,CUST_04235,2023-12-09,Other,Low,5,5
TKT_003201,CUST_03934,2022-11-30,Return,Medium,1,3
TKT_003202,CUST_03843,2023-04-26,Account,Medium,7,3
TKT_003203,CUST_03971,2024-05-04,Payment,Low,3,5
TKT_003204,CUST_04653,2022-07-25,Product Quality,Medium,5,5
TKT_003205,CUST_01065,2022-04-30,App Issue,Low,2,4
TKT_003206,CUST_03150,2022-09-27,App Issue,High,7,4
TKT_003207,CUST_01857,2023-11-30,Other,Low,1,5
TKT_003208,CUST_03843,2024-04-03,Account,Medium,2,5
TKT_003209,CUST_04427,2024-06-04,Return,Medium,,4
TKT_003210,CUST_03009,2023-01-24,Delivery,Medium,2,4
TKT_003211,CUST_03185,2022-12-28,Product Quality,Low,2,5
TKT_003212,CUST_04330,2023-05-04,Delivery,Medium,5,5
TKT_003213,CUST_00919,2022-04-24,Other,Low,3,5
TKT_003214,CUST_01688,2024-06-17,Product Quality,High,5,4
TKT_003215,CUST_04609,2022-01-10,Return,High,1,3
TKT_003216,CUST_01907,2022-10-05,Return,Medium,3,5
TKT_003217,CUST_01710,2023-11-21,Return,Low,3,5
TKT_003218,CUST_03985,2023-11-29,Payment,Medium,3,4
TKT_003219,CUST_01426,2022-11-29,Product Quality,Medium,2,4
TKT_003220,CUST_01189,2022-02-14,Account,Medium,3,5
TKT_003221,CUST_03132,2022-06-24,Return,Low,5,5
TKT_003222,CUST_01459,2022-12-25,Other,Medium,5,5
TKT_003223,CUST_01343,2024-05-07,Other,High,5,4
TKT_003224,CUST_04407,2022-05-11,App Issue,Low,3,3
TKT_003225,CUST_02733,2024-02-10,Account,Medium,1,5
TKT_003226,CUST_02577,2023-07-02,Delivery,Medium,5,5
TKT_003227,CUST_00008,2024-05-09,Return,High,2,4
TKT_003228,CUST_01953,2023-02-28,Return,High,10,5
TKT_003229,CUST_02483,2024-01-12,App Issue,Medium,3,4
TKT_003230,CUST_03538,2022-12-05,Product Quality,Medium,7,5
TKT_003231,CUST_04284,2022-11-02,Return,Low,2,3
TKT_003232,CUST_02763,2023-10-08,Payment,Medium,2,1
TKT_003233,CUST_02572,2024-04-28,App Issue,Medium,3,5
TKT_003234,CUST_04830,2023-03-28,Return,High,7,4
TKT_003235,CUST_04919,2023-10-29,Payment,Medium,2,5
TKT_003236,CUST_02792,2024-03-14,App Issue,Low,1,
TKT_003237,CUST_00898,2023-10-23,Account,Medium,5,4
TKT_003238,CUST_04564,2023-12-11,App Issue,High,1,4
TKT_003239,CUST_00323,2022-01-04,Payment,Low,3,5
TKT_003240,CUST_04617,2024-04-30,Delivery,Medium,7,3
TKT_003241,CUST_03116,2022-11-16,Other,High,7,3
TKT_003242,CUST_00879,2022-05-29,Return,Medium,,4
TKT_003243,CUST_03343,2024-03-28,Other,Low,1,2
TKT_003244,CUST_00080,2023-04-21,Payment,High,3,3
TKT_003245,CUST_00984,2024-04-22,Account,High,2,
TKT_003246,CUST_01087,2022-08-12,Account,Medium,2,3
TKT_003247,CUST_02522,2023-12-22,Other,Medium,2,5
TKT_003248,CUST_02632,2022-11-06,Delivery,Low,7,4
TKT_003249,CUST_03242,2023-05-22,Payment,Low,5,5
TKT_003250,CUST_02406,2024-03-01,Account,Medium,7,5
TKT_003251,CUST_01697,2022-04-05,Payment,High,5,4
TKT_003252,CUST_04327,2022-05-01,App Issue,Medium,1,
TKT_003253,CUST_01611,2022-07-07,Account,Low,2,5
TKT_003254,CUST_00727,2023-01-28,Return,Low,3,5
TKT_003255,CUST_01213,2023-12-23,Product Quality,High,1,3
TKT_003256,CUST_03347,2022-04-29,Product Quality,Medium,3,5
TKT_003257,CUST_03261,2023-07-05,Return,Medium,5,5
TKT_003258,CUST_04173,2023-06-03,App Issue,Low,5,4
TKT_003259,CUST_04014,2024-01-24,Account,Low,10,
TKT_003260,CUST_04662,2023-07-06,Delivery,Low,3,5
TKT_003261,CUST_03212,2024-01-06,Account,Medium,7,3
TKT_003262,CUST_04492,2022-01-05,Account,Medium,2,4
TKT_003263,CUST_03491,2023-05-07,Return,High,1,4
TKT_003264,CUST_02632,2023-05-13,Delivery,Medium,,4
TKT_003265,CUST_00101,2023-05-31,Other,High,1,4
TKT_003266,CUST_00363,2023-11-27,Account,Medium,,4
TKT_003267,CUST_04625,2024-01-29,Account,Low,2,3
TKT_003268,CUST_03097,2023-07-18,Delivery,Low,3,4
TKT_003269,CUST_02785,2022-04-15,Other,Low,7,3
TKT_003270,CUST_00449,2023-08-09,Delivery,Low,5,4
TKT_003271,CUST_01549,2022-05-01,Account,High,5,4
TKT_003272,CUST_04261,2022-12-08,Return,Medium,7,5
TKT_003273,CUST_04203,2024-01-06,Account,Low,3,5
TKT_003274,CUST_04186,2023-07-31,Account,Medium,7,4
TKT_003275,CUST_02144,2023-08-07,Other,Medium,5,4
TKT_003276,CUST_02076,2022-02-22,Payment,High,2,5
TKT_003277,CUST_02818,2022-02-15,App Issue,Medium,5,5
TKT_003278,CUST_04929,2022-09-06,Payment,Low,,2
TKT_003279,CUST_02620,2022-01-27,Return,Medium,7,
TKT_003280,CUST_04915,2023-10-13,Other,Medium,2,4
TKT_003281,CUST_00043,2024-06-07,Delivery,Medium,10,4
TKT_003282,CUST_04860,2023-02-26,Product Quality,Medium,7,3
TKT_003283,CUST_00462,2022-09-30,Delivery,Medium,3,1
TKT_003284,CUST_04491,2022-09-17,Other,Medium,3,
TKT_003285,CUST_00567,2022-04-06,Delivery,High,7,3
TKT_003286,CUST_04402,2023-09-17,Other,Medium,1,5
TKT_003287,CUST_04132,2022-08-02,Account,High,3,3
TKT_003288,CUST_01538,2022-10-31,Payment,Low,7,5
TKT_003289,CUST_04929,2022-11-24,Delivery,Medium,7,3
TKT_003290,CUST_00971,2023-02-04,App Issue,High,1,5
TKT_003291,CUST_04263,2023-09-19,Payment,Low,2,5
TKT_003292,CUST_01004,2022-10-19,Account,Medium,2,1
TKT_003293,CUST_00910,2024-01-19,Other,Medium,1,5
TKT_003294,CUST_03646,2022-10-18,Return,Medium,1,4
TKT_003295,CUST_02915,2023-07-14,Payment,High,5,5
TKT_003296,CUST_02487,2024-05-08,Return,Medium,2,5
TKT_003297,CUST_04073,2022-03-26,Product Quality,Low,1,
TKT_003298,CUST_02754,2022-06-12,Other,Medium,7,4
TKT_003299,CUST_04707,2023-09-05,App Issue,Medium,7,5
TKT_003300,CUST_01630,2023-05-02,App Issue,High,,2
TKT_003301,CUST_02781,2022-01-31,Return,Medium,3,4
TKT_003302,CUST_03630,2023-11-06,App Issue,Medium,,3
TKT_003303,CUST_03764,2022-06-20,Product Quality,High,2,5
TKT_003304,CUST_03329,2022-09-27,Delivery,Medium,2,5
TKT_003305,CUST_02536,2023-04-08,Return,Medium,10,3
TKT_003306,CUST_01235,2022-10-19,App Issue,Low,3,3
TKT_003307,CUST_03310,2023-06-22,App Issue,Low,2,4
TKT_003308,CUST_00774,2023-06-21,Other,Medium,2,4
TKT_003309,CUST_00543,2023-02-05,Account,Low,1,4
TKT_003310,CUST_00116,2022-08-14,Delivery,High,1,2
TKT_003311,CUST_00274,2023-06-17,Account,Medium,5,1
TKT_003312,CUST_04192,2022-11-28,Account,Low,2,4
TKT_003313,CUST_04036,2024-04-18,App Issue,High,3,4
TKT_003314,CUST_03369,2024-05-04,App Issue,Medium,2,4
TKT_003315,CUST_03004,2022-02-11,Account,Medium,1,4
TKT_003316,CUST_03670,2023-10-06,App Issue,High,2,5
TKT_003317,CUST_00177,2024-02-26,Account,High,5,3
TKT_003318,CUST_04933,2022-02-01,Other,High,2,4
TKT_003319,CUST_02320,2023-12-22,Payment,Medium,2,1
TKT_003320,CUST_03259,2024-02-14,Product Quality,Low,7,4
TKT_003321,CUST_03838,2024-02-20,Delivery,Medium,2,2
TKT_003322,CUST_01879,2024-06-07,Account,Medium,5,5
TKT_003323,CUST_00652,2023-08-06,Account,Low,10,3
TKT_003324,CUST_00192,2024-06-08,App Issue,Medium,3,
TKT_003325,CUST_04301,2023-02-16,Other,Medium,3,4
TKT_003326,CUST_03250,2024-04-03,Payment,Medium,3,1
TKT_003327,CUST_00748,2024-06-06,Return,Medium,3,5
TKT_003328,CUST_02227,2023-04-16,App Issue,Medium,2,
TKT_003329,CUST_03523,2022-06-17,Return,Low,,
TKT_003330,CUST_01789,2022-05-25,Product Quality,Medium,1,5
TKT_003331,CUST_00252,2023-02-28,Payment,Medium,3,5
TKT_003332,CUST_00158,2022-03-15,App Issue,Medium,3,5
TKT_003333,CUST_00078,2023-03-04,Delivery,Medium,2,4
TKT_003334,CUST_02733,2022-10-22,Account,Medium,1,4
TKT_003335,CUST_01504,2022-08-21,Account,Low,7,3
TKT_003336,CUST_00213,2023-10-03,Product Quality,Low,3,4
TKT_003337,CUST_02961,2023-08-23,Delivery,Low,1,4
TKT_003338,CUST_04714,2023-05-25,Delivery,Low,,3
TKT_003339,CUST_04831,2022-12-20,Product Quality,Low,1,2
TKT_003340,CUST_00632,2022-11-22,Other,High,5,5
TKT_003341,CUST_01992,2023-10-09,Product Quality,High,5,4
TKT_003342,CUST_03276,2022-10-27,Payment,Low,7,5
TKT_003343,CUST_02886,2023-05-02,Delivery,Medium,2,5
TKT_003344,CUST_01603,2022-01-03,Return,Medium,5,1
TKT_003345,CUST_04412,2024-01-20,Payment,Low,3,3
TKT_003346,CUST_00232,2022-01-11,App Issue,Medium,3,4
TKT_003347,CUST_03554,2022-02-28,Payment,Low,7,1
TKT_003348,CUST_01590,2024-01-25,Return,High,5,5
TKT_003349,CUST_00428,2024-01-31,Payment,Medium,2,2
TKT_003350,CUST_00837,2022-02-03,Account,Medium,,3
TKT_003351,CUST_00118,2022-05-17,Return,High,2,5
TKT_003352,CUST_02490,2023-03-06,App Issue,Low,7,5
TKT_003353,CUST_03692,2022-07-11,Product Quality,Medium,2,5
TKT_003354,CUST_01838,2023-05-07,App Issue,Medium,10,4
TKT_003355,CUST_02984,2023-11-26,Other,Medium,1,5
TKT_003356,CUST_04911,2023-02-05,Account,Medium,1,4
TKT_003357,CUST_02591,2022-10-10,Product Quality,Medium,3,4
TKT_003358,CUST_04703,2022-05-06,Other,Medium,3,5
TKT_003359,CUST_01856,2024-01-13,Account,Medium,2,4
TKT_003360,CUST_02713,2022-02-13,Product Quality,Low,1,2
TKT_003361,CUST_03872,2023-06-23,Payment,High,7,5
TKT_003362,CUST_01201,2022-06-22,Account,Medium,2,3
TKT_003363,CUST_04401,2022-03-20,Product Quality,Low,2,4
TKT_003364,CUST_04881,2022-03-19,Payment,Medium,2,5
TKT_003365,CUST_02351,2024-01-22,Payment,High,2,3
TKT_003366,CUST_01636,2023-08-30,Product Quality,Medium,1,2
TKT_003367,CUST_00753,2022-02-28,Product Quality,Low,1,4
TKT_003368,CUST_03660,2022-11-11,Delivery,Low,1,5
TKT_003369,CUST_03132,2022-04-27,Delivery,Medium,1,5
TKT_003370,CUST_03022,2022-11-06,App Issue,Low,5,5
TKT_003371,CUST_04652,2022-11-12,Product Quality,Low,,4
TKT_003372,CUST_03257,2023-02-18,Return,Low,10,3
TKT_003373,CUST_00366,2023-06-04,Product Quality,Low,2,5
TKT_003374,CUST_01757,2022-07-15,Return,Medium,2,5
TKT_003375,CUST_02679,2024-01-12,Other,Low,1,4
TKT_003376,CUST_02767,2022-11-14,App Issue,Low,2,5
TKT_003377,CUST_03160,2023-05-03,Payment,Medium,3,3
TKT_003378,CUST_01246,2023-04-05,Return,High,7,5
TKT_003379,CUST_04209,2024-03-05,Product Quality,Medium,3,2
TKT_003380,CUST_04061,2022-06-19,Account,Medium,2,1
TKT_003381,CUST_01742,2022-06-02,Other,Low,2,3
TKT_003382,CUST_00404,2024-05-08,App Issue,Medium,3,1
TKT_003383,CUST_02170,2022-06-30,Return,Medium,7,3
TKT_003384,CUST_04046,2023-08-10,Product Quality,Medium,3,2
TKT_003385,CUST_03318,2022-03-14,Payment,Low,3,5
TKT_003386,CUST_04720,2022-05-14,Other,High,1,4
TKT_003387,CUST_01275,2023-03-21,Other,Medium,5,2
TKT_003388,CUST_03785,2023-10-05,Delivery,Medium,3,3
TKT_003389,CUST_02890,2022-08-01,Payment,High,,4
TKT_003390,CUST_01816,2023-11-26,Other,Low,3,4
TKT_003391,CUST_02331,2023-07-17,Delivery,Medium,,2
TKT_003392,CUST_02069,2022-08-07,Product Quality,Medium,,3
TKT_003393,CUST_02813,2022-01-06,Product Quality,High,3,3
TKT_003394,CUST_02822,2023-01-05,App Issue,Low,5,4
TKT_003395,CUST_01493,2024-04-06,Return,Low,2,4
TKT_003396,CUST_02473,2024-03-18,Product Quality,Medium,3,4
TKT_003397,CUST_04608,2022-12-01,Account,Medium,5,4
TKT_003398,CUST_03544,2023-12-30,Other,Medium,3,5
TKT_003399,CUST_02381,2023-03-21,Account,Medium,2,5
TKT_003400,CUST_04812,2023-10-28,Other,High,3,4
TKT_003401,CUST_01668,2022-06-02,App Issue,Medium,7,3
TKT_003402,CUST_03856,2023-02-22,Payment,Medium,1,4
TKT_003403,CUST_00062,2022-12-18,Delivery,Low,10,5
TKT_003404,CUST_04474,2023-09-18,Product Quality,Medium,1,5
TKT_003405,CUST_00737,2024-05-28,Product Quality,Low,,4
TKT_003406,CUST_00515,2022-02-13,Account,Medium,3,5
TKT_003407,CUST_03204,2023-11-08,Product Quality,Low,3,4
TKT_003408,CUST_01542,2023-06-11,Return,Medium,2,4
TKT_003409,CUST_02794,2023-02-10,Payment,High,2,3
TKT_003410,CUST_00264,2022-01-02,App Issue,High,1,5
TKT_003411,CUST_00388,2023-01-31,Other,Medium,7,
TKT_003412,CUST_04306,2022-08-06,Delivery,Medium,3,4
TKT_003413,CUST_02413,2022-06-07,Payment,Low,,4
TKT_003414,CUST_02871,2022-11-10,App Issue,Medium,3,5
TKT_003415,CUST_02467,2023-07-17,Other,Medium,5,4
TKT_003416,CUST_04860,2022-03-07,Return,Low,2,4
TKT_003417,CUST_03433,2022-02-04,Delivery,High,7,4
TKT_003418,CUST_04487,2024-04-24,Other,Low,2,4
TKT_003419,CUST_01668,2022-05-05,Return,Low,3,5
TKT_003420,CUST_02653,2023-04-29,Product Quality,Medium,5,4
TKT_003421,CUST_00571,2023-12-16,Product Quality,Medium,3,5
TKT_003422,CUST_00012,2023-03-12,Account,Medium,2,4
TKT_003423,CUST_03709,2022-11-18,Payment,Medium,1,5
TKT_003424,CUST_01438,2022-01-02,App Issue,High,7,5
TKT_003425,CUST_02908,2022-01-05,App Issue,High,2,5
TKT_003426,CUST_01659,2023-08-11,Other,Medium,3,4
TKT_003427,CUST_03778,2023-07-14,Product Quality,Medium,2,3
TKT_003428,CUST_00441,2022-04-25,Delivery,Medium,10,4
TKT_003429,CUST_02894,2022-12-12,Other,Medium,2,5
TKT_003430,CUST_04702,2022-09-20,Delivery,Low,2,4
TKT_003431,CUST_03256,2023-03-02,Other,Medium,3,2
TKT_003432,CUST_00816,2022-05-26,Other,Low,2,5
TKT_003433,CUST_04699,2023-04-24,App Issue,Medium,2,4
TKT_003434,CUST_03441,2024-01-25,App Issue,High,1,2
TKT_003435,CUST_00264,2023-03-17,Delivery,High,5,4
TKT_003436,CUST_04337,2022-07-12,Product Quality,Medium,1,5
TKT_003437,CUST_01831,2023-11-17,App Issue,Medium,10,4
TKT_003438,CUST_01616,2024-01-29,Product Quality,Low,3,4
TKT_003439,CUST_01107,2023-11-03,Payment,Medium,2,3
TKT_003440,CUST_01036,2024-04-28,Payment,Medium,2,5
TKT_003441,CUST_00030,2023-08-29,Other,Medium,1,
TKT_003442,CUST_00115,2023-10-07,Payment,High,1,2
TKT_003443,CUST_02483,2024-04-21,Delivery,Low,2,3
TKT_003444,CUST_02497,2022-03-22,Account,Medium,,4
TKT_003445,CUST_04713,2022-12-06,Return,Low,3,3
TKT_003446,CUST_02157,2024-05-24,Product Quality,Medium,2,4
TKT_003447,CUST_03760,2023-11-27,Delivery,Low,7,5
TKT_003448,CUST_02542,2023-06-28,App Issue,Low,3,4
TKT_003449,CUST_04090,2022-03-28,Return,High,1,2
TKT_003450,CUST_03420,2022-09-28,Product Quality,Medium,,4
TKT_003451,CUST_02724,2024-06-06,Return,High,2,4
TKT_003452,CUST_02022,2024-05-07,Account,Low,1,5
TKT_003453,CUST_01812,2022-02-28,Return,Low,1,5
TKT_003454,CUST_04622,2022-01-06,Delivery,Medium,2,4
TKT_003455,CUST_02809,2022-03-03,App Issue,Low,3,3
TKT_003456,CUST_03050,2023-10-04,Product Quality,Low,2,3
TKT_003457,CUST_04649,2023-02-03,Delivery,Low,2,3
TKT_003458,CUST_02149,2024-04-09,Other,Low,2,4
TKT_003459,CUST_01181,2022-09-24,Other,Low,10,3
TKT_003460,CUST_00521,2023-11-13,Delivery,Medium,7,5
TKT_003461,CUST_00006,2023-06-06,App Issue,Medium,2,4
TKT_003462,CUST_01165,2023-01-27,Return,Low,,5
TKT_003463,CUST_03142,2023-08-04,Account,Medium,2,4
TKT_003464,CUST_03048,2023-04-25,Return,Medium,10,5
TKT_003465,CUST_02941,2022-04-02,App Issue,High,2,5
TKT_003466,CUST_03224,2023-09-11,Return,Medium,2,2
TKT_003467,CUST_04848,2023-01-13,Product Quality,Medium,5,3
TKT_003468,CUST_02498,2023-08-15,App Issue,Medium,2,4
TKT_003469,CUST_04954,2024-06-03,Return,Medium,2,4
TKT_003470,CUST_01095,2024-04-12,App Issue,Medium,5,4
TKT_003471,CUST_03935,2023-09-13,Other,Low,3,4
TKT_003472,CUST_02634,2023-02-18,App Issue,High,1,3
TKT_003473,CUST_03147,2022-11-29,Product Quality,High,2,
TKT_003474,CUST_01515,2022-04-19,App Issue,Low,5,4
TKT_003475,CUST_03719,2024-06-12,Return,Medium,5,4
TKT_003476,CUST_00882,2022-12-07,Payment,Medium,3,5
TKT_003477,CUST_00673,2024-04-22,App Issue,Medium,3,2
TKT_003478,CUST_01125,2023-07-18,Product Quality,Medium,3,2
TKT_003479,CUST_01867,2022-07-14,Account,Low,5,2
TKT_003480,CUST_04895,2022-07-25,Product Quality,Medium,3,4
TKT_003481,CUST_04433,2023-09-15,Delivery,Medium,,4
TKT_003482,CUST_04484,2023-02-07,Product Quality,Medium,1,3
TKT_003483,CUST_03740,2022-06-03,Return,Medium,1,2
TKT_003484,CUST_03221,2023-04-12,Return,Medium,10,2
TKT_003485,CUST_01782,2022-11-09,Payment,Low,1,2
TKT_003486,CUST_01102,2023-12-21,Payment,High,,5
TKT_003487,CUST_02479,2022-03-26,App Issue,Low,1,1
TKT_003488,CUST_00859,2023-08-31,Payment,Low,1,2
TKT_003489,CUST_03785,2022-11-15,App Issue,Medium,3,5
TKT_003490,CUST_04173,2023-11-05,Delivery,High,1,5
TKT_003491,CUST_02240,2022-03-22,Return,High,5,4
TKT_003492,CUST_04941,2024-01-06,Product Quality,Low,1,5
TKT_003493,CUST_02715,2022-02-09,Return,Medium,7,1
TKT_003494,CUST_01629,2022-11-23,Return,High,1,3
TKT_003495,CUST_02689,2022-01-01,Delivery,Low,,
TKT_003496,CUST_00714,2024-05-22,Delivery,Medium,2,3
TKT_003497,CUST_04164,2023-02-07,Payment,Medium,5,5
TKT_003498,CUST_01475,2022-11-20,Product Quality,Low,3,
TKT_003499,CUST_04546,2022-11-29,Other,High,5,5
TKT_003500,CUST_01071,2024-04-07,Product Quality,Medium,7,3
TKT_003501,CUST_04116,2023-11-30,App Issue,Low,1,3
TKT_003502,CUST_01566,2022-06-03,Return,Low,3,4
TKT_003503,CUST_03066,2022-04-23,Delivery,Medium,1,
TKT_003504,CUST_01789,2023-06-23,Delivery,Medium,5,5
TKT_003505,CUST_03563,2024-02-16,Delivery,High,2,
TKT_003506,CUST_00208,2024-01-15,Payment,Low,3,3
TKT_003507,CUST_01122,2023-01-24,Account,Low,2,4
TKT_003508,CUST_00926,2022-10-30,Product Quality,Medium,3,
TKT_003509,CUST_04703,2023-07-30,Account,Medium,5,3
TKT_003510,CUST_00194,2024-04-06,Delivery,High,3,4
TKT_003511,CUST_00177,2023-02-05,Product Quality,Medium,,4
TKT_003512,CUST_01187,2023-03-08,Product Quality,Low,1,1
TKT_003513,CUST_04310,2022-09-07,App Issue,High,5,5
TKT_003514,CUST_03396,2023-10-25,Other,Low,2,3
TKT_003515,CUST_02439,2022-07-24,Return,High,,3
TKT_003516,CUST_01258,2023-01-08,Other,Medium,7,5
TKT_003517,CUST_04702,2024-02-16,App Issue,Low,2,4
TKT_003518,CUST_00821,2023-06-05,Delivery,Low,7,4
TKT_003519,CUST_03141,2023-12-12,Payment,Low,10,4
TKT_003520,CUST_04356,2022-01-31,Payment,Medium,2,5
TKT_003521,CUST_03995,2023-09-13,Payment,Medium,1,4
TKT_003522,CUST_03707,2022-10-09,Return,Medium,5,3
TKT_003523,CUST_04631,2022-07-11,Other,Low,2,4
TKT_003524,CUST_03970,2023-01-31,Delivery,High,3,2
TKT_003525,CUST_03117,2023-09-10,Return,High,2,2
TKT_003526,CUST_01597,2023-01-28,Account,Low,5,4
TKT_003527,CUST_01248,2022-09-06,Delivery,Medium,3,4
TKT_003528,CUST_00919,2023-02-06,Other,Medium,1,4
TKT_003529,CUST_00554,2022-01-23,App Issue,Low,3,4
TKT_003530,CUST_03185,2023-11-28,Return,Medium,1,
TKT_003531,CUST_01351,2022-04-04,Return,Medium,3,2
TKT_003532,CUST_02912,2023-10-24,Product Quality,High,10,5
TKT_003533,CUST_01198,2023-02-18,Return,Low,7,4
TKT_003534,CUST_02389,2023-06-15,Payment,Low,5,4
TKT_003535,CUST_04327,2022-08-13,Product Quality,Medium,2,5
TKT_003536,CUST_02852,2023-10-22,Other,Medium,1,4
TKT_003537,CUST_02862,2023-08-26,Product Quality,Low,7,4
TKT_003538,CUST_04739,2024-01-17,Account,High,7,4
TKT_003539,CUST_03555,2022-05-24,Return,Low,7,5
TKT_003540,CUST_04094,2022-03-18,Product Quality,Medium,2,5
TKT_003541,CUST_02198,2024-06-11,App Issue,Medium,2,5
TKT_003542,CUST_04484,2023-12-08,Return,Medium,5,3
TKT_003543,CUST_04363,2022-07-31,Payment,Medium,3,5
TKT_003544,CUST_04637,2024-05-08,App Issue,Medium,2,5
TKT_003545,CUST_04553,2022-01-14,Account,High,5,4
TKT_003546,CUST_03330,2022-02-21,Payment,Medium,7,4
TKT_003547,CUST_02562,2022-01-05,Other,Medium,5,3
TKT_003548,CUST_02666,2022-06-02,App Issue,Low,2,5
TKT_003549,CUST_02001,2023-11-13,Account,Low,5,5
TKT_003550,CUST_00835,2023-07-06,Payment,Medium,2,
TKT_003551,CUST_03579,2022-10-28,Payment,Medium,5,4
TKT_003552,CUST_04974,2024-02-28,Delivery,Medium,5,2
TKT_003553,CUST_00968,2023-11-26,Product Quality,Medium,3,
TKT_003554,CUST_02550,2022-04-21,Product Quality,Medium,1,5
TKT_003555,CUST_00481,2023-07-21,Account,Low,1,4
TKT_003556,CUST_04239,2023-01-16,Payment,Medium,3,4
TKT_003557,CUST_03348,2024-05-17,Product Quality,Medium,1,4
TKT_003558,CUST_00558,2024-05-16,Payment,Low,5,5
TKT_003559,CUST_00565,2023-05-22,App Issue,Low,1,
TKT_003560,CUST_03540,2024-04-23,Other,Medium,7,2
TKT_003561,CUST_03930,2024-06-13,Product Quality,Medium,5,5
TKT_003562,CUST_02582,2024-06-09,Delivery,High,2,
TKT_003563,CUST_00069,2023-07-13,Other,Low,10,3
TKT_003564,CUST_02289,2023-11-21,Delivery,Medium,,2
TKT_003565,CUST_04872,2022-01-17,Payment,Low,7,4
TKT_003566,CUST_04590,2022-05-14,Payment,Medium,5,2
TKT_003567,CUST_00100,2022-12-07,Product Quality,Medium,1,5
TKT_003568,CUST_04116,2022-11-07,Delivery,Medium,1,5
TKT_003569,CUST_03492,2022-10-03,App Issue,Medium,1,5
TKT_003570,CUST_00421,2023-04-17,Return,High,3,3
TKT_003571,CUST_04957,2023-06-30,Account,Medium,5,4
TKT_003572,CUST_03699,2024-01-08,Product Quality,High,1,
TKT_003573,CUST_00707,2023-06-23,App Issue,Low,5,5
TKT_003574,CUST_03791,2023-11-11,Return,Medium,7,5
TKT_003575,CUST_01321,2023-01-20,Delivery,Medium,1,5
TKT_003576,CUST_01418,2024-01-10,App Issue,Medium,2,5
TKT_003577,CUST_00103,2024-01-17,Account,Medium,1,1
TKT_003578,CUST_03246,2023-05-09,Product Quality,Medium,1,2
TKT_003579,CUST_00522,2022-11-01,Payment,Low,3,4
TKT_003580,CUST_00825,2022-01-27,Product Quality,Medium,2,4
TKT_003581,CUST_02504,2023-10-17,Return,High,5,5
TKT_003582,CUST_03347,2022-08-17,Payment,Low,1,3
TKT_003583,CUST_03919,2022-12-15,Delivery,Low,3,3
TKT_003584,CUST_04448,2023-03-01,Product Quality,Medium,3,
TKT_003585,CUST_01417,2022-03-03,Account,Low,7,4
TKT_003586,CUST_03993,2022-11-22,App Issue,Medium,7,2
TKT_003587,CUST_03214,2022-07-16,App Issue,Low,2,3
TKT_003588,CUST_01309,2024-02-26,Other,Medium,1,2
TKT_003589,CUST_00751,2024-02-16,Account,High,2,4
TKT_003590,CUST_01380,2023-05-16,Account,High,2,5
TKT_003591,CUST_03404,2023-08-16,Payment,Low,7,3
TKT_003592,CUST_02126,2022-04-30,Account,Low,3,5
TKT_003593,CUST_04369,2024-04-09,App Issue,Medium,2,4
TKT_003594,CUST_03910,2024-05-05,Payment,Low,2,4
TKT_003595,CUST_00262,2024-04-15,Other,Low,2,5
TKT_003596,CUST_02787,2022-02-27,Other,Low,1,4
TKT_003597,CUST_00038,2022-12-29,Account,High,10,5
TKT_003598,CUST_03611,2022-11-01,Product Quality,High,7,5
TKT_003599,CUST_03255,2022-07-25,Product Quality,High,10,3
TKT_003600,CUST_02528,2023-04-22,Delivery,Medium,5,3
TKT_003601,CUST_03738,2022-10-28,Return,Low,5,4
TKT_003602,CUST_00174,2024-05-25,App Issue,Medium,3,5
TKT_003603,CUST_02967,2023-03-26,Product Quality,Low,2,2
TKT_003604,CUST_04339,2024-02-24,Return,Low,1,4
TKT_003605,CUST_01235,2022-09-23,Return,Medium,3,4
TKT_003606,CUST_00752,2022-03-04,Return,High,2,3
TKT_003607,CUST_04845,2023-07-19,Payment,Medium,3,
TKT_003608,CUST_04259,2022-10-10,Payment,Medium,3,2
TKT_003609,CUST_02748,2022-01-19,Account,High,3,4
TKT_003610,CUST_03759,2023-02-25,Payment,Low,2,4
TKT_003611,CUST_02304,2022-08-21,Delivery,High,2,
TKT_003612,CUST_01638,2022-03-06,App Issue,Medium,1,4
TKT_003613,CUST_00297,2023-03-12,Other,Medium,2,5
TKT_003614,CUST_04823,2022-04-19,Account,Low,3,1
TKT_003615,CUST_01031,2022-01-19,Return,Low,7,4
TKT_003616,CUST_03496,2022-11-20,Payment,High,2,3
TKT_003617,CUST_00133,2022-09-14,Payment,Medium,1,4
TKT_003618,CUST_00171,2024-05-22,App Issue,Medium,3,2
TKT_003619,CUST_02802,2022-04-07,Other,Low,1,1
TKT_003620,CUST_02834,2024-04-11,Payment,Low,3,1
TKT_003621,CUST_03125,2022-11-05,Account,Medium,5,
TKT_003622,CUST_04689,2024-06-10,Delivery,Low,5,4
TKT_003623,CUST_00695,2022-11-29,Return,Medium,3,3
TKT_003624,CUST_00205,2022-04-27,Product Quality,High,3,5
TKT_003625,CUST_00890,2022-03-16,Return,Medium,2,1
TKT_003626,CUST_03090,2022-12-15,App Issue,High,7,5
TKT_003627,CUST_00619,2023-11-30,Product Quality,Medium,2,3
TKT_003628,CUST_01174,2022-05-15,Payment,Medium,1,5
TKT_003629,CUST_00540,2022-07-25,Payment,Medium,3,4
TKT_003630,CUST_04909,2022-08-24,App Issue,Medium,5,4
TKT_003631,CUST_02571,2022-05-07,Delivery,Low,5,5
TKT_003632,CUST_00977,2023-03-21,Account,Low,5,4
TKT_003633,CUST_01795,2023-11-28,Payment,Medium,5,4
TKT_003634,CUST_03061,2022-05-06,Account,Low,3,4
TKT_003635,CUST_02335,2023-02-12,Product Quality,Low,7,4
TKT_003636,CUST_04374,2022-10-27,Other,High,,
TKT_003637,CUST_01619,2023-06-24,App Issue,Medium,7,5
TKT_003638,CUST_01190,2023-12-01,Delivery,Medium,2,5
TKT_003639,CUST_01392,2024-05-19,App Issue,High,2,4
TKT_003640,CUST_02547,2023-02-20,Return,High,5,4
TKT_003641,CUST_03544,2022-12-20,Account,Low,2,4
TKT_003642,CUST_04170,2022-03-31,Other,Low,7,4
TKT_003643,CUST_01982,2022-10-07,Other,High,2,2
TKT_003644,CUST_03834,2022-08-20,Product Quality,High,2,5
TKT_003645,CUST_03332,2022-07-30,Payment,Medium,2,3
TKT_003646,CUST_00612,2023-11-02,Product Quality,Low,2,4
TKT_003647,CUST_01954,2022-04-18,Delivery,Low,2,5
TKT_003648,CUST_00059,2022-03-29,Delivery,Medium,2,5
TKT_003649,CUST_01985,2024-01-22,App Issue,Medium,,4
TKT_003650,CUST_02855,2024-03-19,Other,Low,3,
TKT_003651,CUST_01761,2022-06-08,Payment,Medium,7,5
TKT_003652,CUST_01344,2023-07-02,Other,Low,5,3
TKT_003653,CUST_01873,2022-10-19,Payment,High,5,5
TKT_003654,CUST_04205,2024-04-09,Delivery,Medium,2,1
TKT_003655,CUST_03465,2022-12-03,Product Quality,Low,7,5
TKT_003656,CUST_04760,2024-03-11,Return,Medium,10,2
TKT_003657,CUST_03379,2022-11-03,Other,Medium,1,5
TKT_003658,CUST_03275,2023-01-22,Product Quality,Low,7,5
TKT_003659,CUST_04672,2024-02-27,Delivery,Medium,2,3
TKT_003660,CUST_04013,2022-07-16,Delivery,Low,7,1
TKT_003661,CUST_02455,2022-08-04,App Issue,Medium,3,5
TKT_003662,CUST_04297,2023-06-01,Delivery,Low,3,4
TKT_003663,CUST_00398,2023-12-20,Return,Medium,,5
TKT_003664,CUST_00361,2022-11-25,Product Quality,Medium,1,2
TKT_003665,CUST_04704,2023-04-24,Account,Low,,3
TKT_003666,CUST_01549,2022-07-12,Payment,Low,3,1
TKT_003667,CUST_01774,2023-02-04,Payment,High,,4
TKT_003668,CUST_00389,2022-10-28,Product Quality,Low,2,4
TKT_003669,CUST_03838,2023-07-07,Delivery,Medium,,5
TKT_003670,CUST_03988,2022-03-19,Product Quality,Low,3,
TKT_003671,CUST_00944,2024-06-02,Account,Low,1,2
TKT_003672,CUST_02101,2022-03-10,Account,Low,1,3
TKT_003673,CUST_00367,2022-03-31,Other,High,7,2
TKT_003674,CUST_00767,2023-02-19,Other,Low,5,5
TKT_003675,CUST_04530,2023-03-13,App Issue,Medium,5,4
TKT_003676,CUST_03270,2022-06-06,Other,Medium,7,4
TKT_003677,CUST_00207,2022-09-01,Product Quality,High,1,4
TKT_003678,CUST_04668,2022-07-15,Product Quality,Medium,10,4
TKT_003679,CUST_01740,2023-12-31,Return,Medium,3,3
TKT_003680,CUST_03892,2022-06-16,Delivery,Medium,7,4
TKT_003681,CUST_02281,2023-06-24,Other,High,1,5
TKT_003682,CUST_03123,2023-08-10,Delivery,High,2,5
TKT_003683,CUST_02692,2022-07-08,Return,Medium,5,5
TKT_003684,CUST_04056,2023-05-25,Return,High,2,4
TKT_003685,CUST_01146,2023-03-27,Delivery,Low,1,5
TKT_003686,CUST_03525,2023-12-09,Product Quality,Medium,3,5
TKT_003687,CUST_00544,2024-03-12,Other,Medium,2,4
TKT_003688,CUST_04674,2024-06-10,Payment,Medium,1,5
TKT_003689,CUST_01735,2023-04-10,Delivery,Low,2,5
TKT_003690,CUST_01189,2022-08-18,Account,Low,10,3
TKT_003691,CUST_00686,2023-02-11,Other,Low,1,5
TKT_003692,CUST_04567,2023-09-05,Other,Medium,3,5
TKT_003693,CUST_04017,2022-10-25,Payment,Low,1,4
TKT_003694,CUST_01026,2022-06-17,Other,High,1,4
TKT_003695,CUST_00117,2022-12-22,App Issue,Medium,,3
TKT_003696,CUST_02880,2022-03-21,Return,Medium,1,4
TKT_003697,CUST_04852,2023-01-16,Product Quality,Medium,2,3
TKT_003698,CUST_02834,2023-05-25,Product Quality,Medium,3,2
TKT_003699,CUST_04516,2023-12-29,Return,Medium,2,4
TKT_003700,CUST_03575,2022-02-01,Product Quality,Medium,3,4
TKT_003701,CUST_00456,2022-07-04,Payment,Medium,7,4
TKT_003702,CUST_04909,2022-10-17,Product Quality,High,3,5
TKT_003703,CUST_04715,2024-03-10,Product Quality,Low,1,3
TKT_003704,CUST_03397,2023-04-16,Return,Medium,1,1
TKT_003705,CUST_01014,2024-03-26,Product Quality,Low,2,4
TKT_003706,CUST_03214,2023-06-13,App Issue,Medium,3,4
TKT_003707,CUST_03194,2023-07-11,Payment,Medium,1,1
TKT_003708,CUST_03174,2023-03-12,Delivery,Medium,3,1
TKT_003709,CUST_00246,2022-07-07,Account,Medium,3,5
TKT_003710,CUST_00040,2022-03-14,Return,Low,3,4
TKT_003711,CUST_00987,2023-07-02,Return,Medium,2,5
TKT_003712,CUST_04482,2023-01-07,Account,Low,2,4
TKT_003713,CUST_00964,2022-07-21,Delivery,Medium,2,2
TKT_003714,CUST_03503,2022-01-09,Account,High,7,5
TKT_003715,CUST_02292,2022-09-28,Delivery,Low,2,5
TKT_003716,CUST_00202,2022-07-03,Delivery,Low,3,5
TKT_003717,CUST_04322,2023-01-06,Payment,Medium,3,4
TKT_003718,CUST_00202,2022-03-17,App Issue,Medium,2,3
TKT_003719,CUST_04614,2024-02-29,Payment,High,2,5
TKT_003720,CUST_00313,2022-04-09,Account,Low,7,5
TKT_003721,CUST_00290,2022-02-03,App Issue,Medium,2,4
TKT_003722,CUST_01803,2022-01-12,Account,High,3,4
TKT_003723,CUST_02461,2023-06-08,Return,High,1,5
TKT_003724,CUST_02095,2022-07-30,Product Quality,Low,3,5
TKT_003725,CUST_03554,2023-04-03,Product Quality,Medium,7,3
TKT_003726,CUST_02027,2023-04-23,Other,High,2,5
TKT_003727,CUST_02724,2023-05-10,Other,High,1,4
TKT_003728,CUST_01345,2022-06-07,Other,Medium,7,4
TKT_003729,CUST_03852,2024-02-04,Product Quality,High,2,4
TKT_003730,CUST_00311,2023-06-23,Delivery,Medium,1,
TKT_003731,CUST_01399,2023-11-19,Delivery,High,2,5
TKT_003732,CUST_02300,2023-11-27,Delivery,Medium,1,4
TKT_003733,CUST_03353,2022-02-14,Product Quality,Medium,2,4
TKT_003734,CUST_02830,2023-12-11,Other,High,5,5
TKT_003735,CUST_04678,2024-06-05,Delivery,Medium,5,1
TKT_003736,CUST_02497,2022-09-05,Delivery,Low,1,2
TKT_003737,CUST_03765,2023-12-16,Delivery,Low,7,5
TKT_003738,CUST_01402,2023-09-27,Delivery,Medium,2,2
TKT_003739,CUST_02353,2022-11-18,Payment,Medium,2,5
TKT_003740,CUST_00166,2022-12-27,Account,Low,3,
TKT_003741,CUST_01160,2022-05-22,Account,High,3,4
TKT_003742,CUST_01924,2022-08-25,Payment,Low,2,5
TKT_003743,CUST_00776,2023-01-03,App Issue,Medium,2,4
TKT_003744,CUST_04714,2023-07-18,Delivery,High,2,4
TKT_003745,CUST_00557,2024-03-02,Other,High,5,2
TKT_003746,CUST_00366,2024-03-24,Delivery,Low,7,4
TKT_003747,CUST_02659,2024-03-08,Return,Low,10,5
TKT_003748,CUST_00710,2023-07-31,Product Quality,Medium,10,4
TKT_003749,CUST_02331,2023-05-21,Return,Medium,7,3
TKT_003750,CUST_01821,2023-05-17,Product Quality,Low,,4
TKT_003751,CUST_03223,2023-02-13,Product Quality,Medium,1,3
TKT_003752,CUST_04882,2022-02-17,Other,High,3,5
TKT_003753,CUST_03409,2022-04-18,App Issue,High,1,5
TKT_003754,CUST_01545,2022-01-15,Payment,High,7,
TKT_003755,CUST_03754,2023-03-07,Delivery,Medium,7,4
TKT_003756,CUST_00599,2022-02-14,Return,Medium,2,5
TKT_003757,CUST_00072,2024-03-25,Payment,High,5,4
TKT_003758,CUST_04465,2022-02-14,Other,Medium,7,2
TKT_003759,CUST_03963,2023-10-23,Delivery,Medium,10,5
TKT_003760,CUST_03262,2024-06-03,Return,Medium,5,5
TKT_003761,CUST_04110,2022-03-03,Account,Low,3,
TKT_003762,CUST_00398,2022-07-17,Account,Medium,1,4
TKT_003763,CUST_00037,2022-08-11,Payment,Medium,2,3
TKT_003764,CUST_00655,2023-03-07,Delivery,Medium,1,
TKT_003765,CUST_03643,2023-08-31,Return,Medium,2,2
TKT_003766,CUST_01098,2023-11-05,Product Quality,Medium,7,5
TKT_003767,CUST_04061,2024-01-19,Other,Medium,1,5
TKT_003768,CUST_04912,2023-01-26,Other,Medium,1,3
TKT_003769,CUST_04658,2024-01-20,Product Quality,Medium,3,4
TKT_003770,CUST_01621,2023-02-16,Return,Medium,10,2
TKT_003771,CUST_03053,2022-11-02,App Issue,Low,10,4
TKT_003772,CUST_04209,2023-03-02,Other,Low,7,4
TKT_003773,CUST_00883,2022-05-26,Product Quality,High,5,5
TKT_003774,CUST_00838,2023-08-07,Product Quality,Medium,2,5
TKT_003775,CUST_04489,2022-04-10,Product Quality,Low,1,
TKT_003776,CUST_03261,2022-09-08,Return,High,5,5
TKT_003777,CUST_04889,2023-12-18,Payment,Low,2,5
TKT_003778,CUST_04865,2023-02-05,Payment,High,2,3
TKT_003779,CUST_01206,2022-09-26,App Issue,Low,1,5
TKT_003780,CUST_03858,2023-08-13,Return,Medium,3,4
TKT_003781,CUST_03521,2022-01-04,Return,High,2,4
TKT_003782,CUST_04570,2022-07-12,Delivery,High,2,4
TKT_003783,CUST_03900,2023-04-13,Other,Low,5,3
TKT_003784,CUST_00276,2024-06-13,Return,Medium,5,
TKT_003785,CUST_03778,2023-05-22,Return,Medium,1,3
TKT_003786,CUST_03010,2022-04-27,Other,Medium,1,1
TKT_003787,CUST_02626,2024-04-17,Payment,Medium,,3
TKT_003788,CUST_02005,2022-06-24,Product Quality,Low,5,5
TKT_003789,CUST_04340,2022-03-18,Return,Medium,7,5
TKT_003790,CUST_03563,2022-08-11,Other,Medium,1,4
TKT_003791,CUST_00832,2022-07-20,Other,High,3,4
TKT_003792,CUST_00466,2023-01-29,Other,High,3,4
TKT_003793,CUST_00980,2022-10-01,Delivery,Medium,3,5
TKT_003794,CUST_00459,2024-04-09,Product Quality,Low,2,3
TKT_003795,CUST_00279,2023-09-01,Other,Low,,4
TKT_003796,CUST_01956,2024-05-12,Account,Medium,10,4
TKT_003797,CUST_03946,2022-08-10,Return,Medium,1,4
TKT_003798,CUST_02875,2023-05-14,App Issue,Medium,10,3
TKT_003799,CUST_04855,2022-02-22,App Issue,Medium,,2
TKT_003800,CUST_01016,2023-03-03,Account,Medium,10,4
TKT_003801,CUST_04999,2023-08-03,Other,Medium,5,3
TKT_003802,CUST_02490,2023-10-27,Other,High,5,5
TKT_003803,CUST_01682,2022-01-03,Account,Medium,5,3
TKT_003804,CUST_01664,2022-12-04,App Issue,Medium,2,2
TKT_003805,CUST_00083,2024-06-12,Other,Low,10,4
TKT_003806,CUST_00354,2023-07-12,Product Quality,Medium,2,4
TKT_003807,CUST_00686,2023-04-11,Payment,Medium,10,3
TKT_003808,CUST_00507,2023-11-23,Account,Low,2,5
TKT_003809,CUST_00830,2022-05-16,App Issue,Medium,1,5
TKT_003810,CUST_02576,2023-08-07,Delivery,Low,1,2
TKT_003811,CUST_04416,2023-04-30,Account,Low,10,4
TKT_003812,CUST_03261,2022-07-24,Payment,Low,7,2
TKT_003813,CUST_03496,2024-05-17,Return,High,3,3
TKT_003814,CUST_00554,2022-11-25,Product Quality,Medium,10,3
TKT_003815,CUST_03834,2023-09-11,App Issue,Medium,3,4
TKT_003816,CUST_02011,2022-04-11,Other,High,2,5
TKT_003817,CUST_01431,2022-12-29,Account,High,1,5
TKT_003818,CUST_04071,2024-04-11,Product Quality,Low,3,2
TKT_003819,CUST_04256,2024-04-15,Other,Low,2,4
TKT_003820,CUST_00668,2023-07-23,Other,Medium,,4
TKT_003821,CUST_00513,2024-04-02,Account,High,7,5
TKT_003822,CUST_01177,2024-01-19,Account,Medium,7,4
TKT_003823,CUST_01550,2022-03-30,Delivery,Medium,1,4
TKT_003824,CUST_01632,2023-11-05,Delivery,High,3,4
TKT_003825,CUST_00342,2022-02-07,Product Quality,Medium,3,
TKT_003826,CUST_03178,2023-03-02,Other,Medium,10,4
TKT_003827,CUST_02810,2023-03-29,Product Quality,Medium,1,4
TKT_003828,CUST_03209,2023-03-28,Other,Medium,2,3
TKT_003829,CUST_04552,2024-03-04,Other,Low,2,
TKT_003830,CUST_02870,2023-03-24,Product Quality,Medium,3,4
TKT_003831,CUST_04033,2023-06-11,Delivery,Medium,1,3
TKT_003832,CUST_01536,2023-10-21,App Issue,High,3,5
TKT_003833,CUST_02465,2022-03-03,Other,Low,7,4
TKT_003834,CUST_04097,2024-01-05,App Issue,Low,10,5
TKT_003835,CUST_03296,2022-03-15,Payment,Low,2,5
TKT_003836,CUST_03060,2024-06-10,Other,Medium,1,5
TKT_003837,CUST_01645,2023-10-06,App Issue,Low,3,2
TKT_003838,CUST_04121,2022-09-02,Product Quality,Medium,7,5
TKT_003839,CUST_04238,2024-01-13,App Issue,Low,1,1
TKT_003840,CUST_01723,2024-01-29,Return,Medium,3,5
TKT_003841,CUST_04472,2023-10-20,Delivery,High,3,3
TKT_003842,CUST_03073,2023-01-03,Account,High,3,3
TKT_003843,CUST_00527,2022-02-02,Account,Medium,1,3
TKT_003844,CUST_03760,2024-01-30,Payment,Medium,7,3
TKT_003845,CUST_04869,2024-02-09,Payment,High,1,5
TKT_003846,CUST_00804,2023-11-03,Product Quality,Low,2,2
TKT_003847,CUST_03268,2022-11-03,Account,Medium,7,4
TKT_003848,CUST_03548,2022-07-18,Return,Medium,3,5
TKT_003849,CUST_04025,2022-06-04,App Issue,Medium,7,4
TKT_003850,CUST_03801,2022-12-16,App Issue,Medium,1,4
TKT_003851,CUST_04347,2023-04-28,Delivery,High,2,5
TKT_003852,CUST_03894,2022-04-03,Product Quality,Medium,5,
TKT_003853,CUST_02039,2022-09-17,Account,High,1,
TKT_003854,CUST_01340,2022-03-16,Return,Medium,5,3
TKT_003855,CUST_00637,2022-07-28,Account,Low,3,4
TKT_003856,CUST_03657,2022-12-31,Account,Medium,7,4
TKT_003857,CUST_00896,2023-09-10,Product Quality,High,1,5
TKT_003858,CUST_02298,2022-10-25,App Issue,Low,3,5
TKT_003859,CUST_03097,2023-09-17,Payment,Medium,3,5
TKT_003860,CUST_00334,2022-03-27,Return,Medium,1,4
TKT_003861,CUST_04672,2023-12-31,Account,High,3,4
TKT_003862,CUST_04185,2022-11-10,Return,Medium,2,4
TKT_003863,CUST_03779,2023-08-11,App Issue,Low,1,5
TKT_003864,CUST_03058,2023-06-12,Other,Medium,1,4
TKT_003865,CUST_03367,2023-02-10,Other,Medium,7,4
TKT_003866,CUST_04624,2023-08-13,Return,Medium,3,1
TKT_003867,CUST_01997,2023-06-24,Product Quality,Medium,10,4
TKT_003868,CUST_01098,2022-08-12,Product Quality,Low,2,4
TKT_003869,CUST_01345,2022-06-15,Payment,Low,7,4
TKT_003870,CUST_01516,2024-02-16,App Issue,Medium,5,5
TKT_003871,CUST_04043,2022-01-12,Return,Medium,2,4
TKT_003872,CUST_00131,2023-07-13,Account,High,3,5
TKT_003873,CUST_01810,2024-02-11,Other,High,10,4
TKT_003874,CUST_04339,2022-05-08,Delivery,Medium,2,4
TKT_003875,CUST_02998,2022-12-25,Delivery,Medium,2,5
TKT_003876,CUST_04612,2022-03-28,Other,Medium,7,4
TKT_003877,CUST_01434,2023-08-20,Payment,Medium,5,4
TKT_003878,CUST_03064,2022-02-05,Delivery,Medium,3,5
TKT_003879,CUST_00961,2024-04-13,Payment,Medium,2,2
TKT_003880,CUST_01214,2022-11-21,App Issue,Low,1,4
TKT_003881,CUST_02304,2022-04-04,Delivery,Medium,3,2
TKT_003882,CUST_01424,2023-12-18,Product Quality,Low,3,
TKT_003883,CUST_02114,2023-07-14,App Issue,Medium,2,5
TKT_003884,CUST_02409,2023-08-09,Product Quality,Low,1,1
TKT_003885,CUST_00155,2022-05-15,Other,Low,3,2
TKT_003886,CUST_00693,2024-06-10,Product Quality,Medium,1,4
TKT_003887,CUST_00467,2023-05-14,Account,Medium,3,3
TKT_003888,CUST_02956,2023-01-26,Return,Low,1,2
TKT_003889,CUST_02780,2022-06-06,Account,Low,3,4
TKT_003890,CUST_00149,2023-10-10,App Issue,High,1,3
TKT_003891,CUST_02351,2023-12-25,Account,Low,1,3
TKT_003892,CUST_04514,2024-02-02,Account,Low,3,4
TKT_003893,CUST_02433,2022-10-06,Payment,High,5,5
TKT_003894,CUST_03474,2023-11-18,Delivery,High,5,5
TKT_003895,CUST_03000,2022-05-24,Other,Low,1,3
TKT_003896,CUST_04519,2022-08-23,App Issue,Medium,2,1
TKT_003897,CUST_01670,2022-01-03,Other,High,1,3
TKT_003898,CUST_03773,2022-12-17,Account,High,5,5
TKT_003899,CUST_03209,2024-02-08,Delivery,Low,3,3
TKT_003900,CUST_02761,2024-01-18,Return,Medium,3,3
TKT_003901,CUST_01386,2022-09-12,Delivery,Medium,,2
TKT_003902,CUST_00443,2022-09-07,Payment,Low,1,5
TKT_003903,CUST_03397,2023-10-13,App Issue,Medium,1,1
TKT_003904,CUST_00812,2022-08-01,App Issue,Medium,2,4
TKT_003905,CUST_02902,2022-01-31,Payment,Low,2,4
TKT_003906,CUST_02823,2023-12-10,Return,Medium,3,
TKT_003907,CUST_00848,2022-11-12,Return,Medium,1,3
TKT_003908,CUST_01686,2023-06-28,Account,High,7,5
TKT_003909,CUST_04462,2022-01-05,Other,Low,1,5
TKT_003910,CUST_02977,2023-11-09,Return,Medium,10,5
TKT_003911,CUST_00502,2023-12-11,Return,Medium,3,
TKT_003912,CUST_04842,2022-09-22,App Issue,Medium,7,3
TKT_003913,CUST_01377,2023-12-08,Delivery,Low,3,5
TKT_003914,CUST_02537,2023-07-04,Payment,Medium,1,5
TKT_003915,CUST_03173,2023-10-30,App Issue,Medium,1,5
TKT_003916,CUST_03478,2024-06-13,Delivery,High,2,5
TKT_003917,CUST_01340,2024-01-02,Payment,High,5,2
TKT_003918,CUST_04212,2024-05-25,Other,High,2,4
TKT_003919,CUST_04093,2022-03-13,Delivery,Medium,3,5
TKT_003920,CUST_03142,2023-02-23,Payment,High,1,4
TKT_003921,CUST_01660,2024-03-01,Account,Medium,1,4
TKT_003922,CUST_04487,2022-12-30,App Issue,Medium,3,4
TKT_003923,CUST_00014,2024-01-13,Other,Medium,5,4
TKT_003924,CUST_00713,2022-04-08,Return,Medium,5,4
TKT_003925,CUST_02576,2023-01-05,Account,Low,2,1
TKT_003926,CUST_04387,2022-09-01,Return,Medium,1,4
TKT_003927,CUST_02747,2023-10-21,Account,High,7,4
TKT_003928,CUST_02138,2022-04-13,Account,Low,2,3
TKT_003929,CUST_00516,2022-01-23,Product Quality,Medium,3,3
TKT_003930,CUST_04304,2023-09-27,Delivery,Low,3,5
TKT_003931,CUST_02594,2022-08-04,Product Quality,Medium,2,4
TKT_003932,CUST_03870,2022-09-02,Delivery,Medium,5,4
TKT_003933,CUST_02291,2023-04-16,Payment,Low,7,4
TKT_003934,CUST_00853,2022-02-03,Product Quality,Low,1,5
TKT_003935,CUST_01751,2023-05-03,Account,Low,3,3
TKT_003936,CUST_03563,2023-08-26,Payment,Low,5,5
TKT_003937,CUST_04950,2023-05-12,Delivery,Low,3,4
TKT_003938,CUST_03114,2023-02-19,Product Quality,Low,10,2
TKT_003939,CUST_04758,2024-04-19,Product Quality,Medium,5,2
TKT_003940,CUST_00912,2023-08-24,Account,Medium,2,2
TKT_003941,CUST_01340,2024-06-06,Account,High,2,5
TKT_003942,CUST_03888,2024-04-16,App Issue,Low,2,
TKT_003943,CUST_01494,2023-08-06,Other,Medium,10,4
TKT_003944,CUST_04233,2022-04-30,Account,Low,7,5
TKT_003945,CUST_02306,2024-05-20,App Issue,Low,5,4
TKT_003946,CUST_01633,2024-01-25,App Issue,Medium,3,5
TKT_003947,CUST_02301,2022-11-10,Product Quality,Low,2,3
TKT_003948,CUST_01158,2023-08-08,App Issue,Medium,3,5
TKT_003949,CUST_03355,2022-04-12,Payment,Medium,3,5
TKT_003950,CUST_01651,2023-02-26,Account,Low,,4
TKT_003951,CUST_04016,2022-06-12,Payment,Medium,2,5
TKT_003952,CUST_04467,2022-07-29,Delivery,Medium,3,5
TKT_003953,CUST_04446,2024-06-17,Other,Low,7,5
TKT_003954,CUST_04676,2022-08-09,Payment,Low,1,3
TKT_003955,CUST_01758,2023-01-15,Payment,Medium,5,4
TKT_003956,CUST_01375,2022-04-10,Other,Medium,1,4
TKT_003957,CUST_00501,2023-11-26,Account,Medium,5,4
TKT_003958,CUST_01508,2022-11-16,App Issue,High,1,3
TKT_003959,CUST_02946,2022-05-12,Return,Medium,10,4
TKT_003960,CUST_04376,2022-12-08,Other,Low,3,4
TKT_003961,CUST_01950,2023-10-22,Other,Medium,2,4
TKT_003962,CUST_01145,2023-11-28,Payment,Low,5,4
TKT_003963,CUST_04344,2023-01-25,Product Quality,Medium,2,5
TKT_003964,CUST_00196,2022-07-31,Payment,Medium,3,5
TKT_003965,CUST_02689,2024-03-16,Delivery,High,3,4
TKT_003966,CUST_01050,2023-04-05,Other,Medium,3,5
TKT_003967,CUST_01635,2024-02-06,Other,Low,3,5
TKT_003968,CUST_00716,2024-05-12,App Issue,Low,1,5
TKT_003969,CUST_03934,2023-05-12,Product Quality,Low,3,3
TKT_003970,CUST_00644,2024-05-07,Other,Low,2,3
TKT_003971,CUST_04379,2022-04-22,Return,Low,7,5
TKT_003972,CUST_00215,2023-10-24,Return,Medium,7,5
TKT_003973,CUST_02621,2024-04-10,Product Quality,Low,1,4
TKT_003974,CUST_01762,2023-03-26,Return,Low,2,1
TKT_003975,CUST_04587,2023-07-24,Payment,Low,3,2
TKT_003976,CUST_02013,2024-02-13,Return,Low,2,
TKT_003977,CUST_02529,2022-11-09,Product Quality,High,3,2
TKT_003978,CUST_00603,2022-02-19,Product Quality,Medium,2,4
TKT_003979,CUST_04980,2023-08-16,Account,Medium,2,5
TKT_003980,CUST_00846,2022-07-02,Account,High,3,1
TKT_003981,CUST_00248,2024-02-14,Other,High,5,2
TKT_003982,CUST_00708,2024-03-03,Product Quality,Medium,5,5
TKT_003983,CUST_00436,2023-12-29,Other,Low,7,5
TKT_003984,CUST_04601,2023-08-26,App Issue,Medium,1,5
TKT_003985,CUST_02218,2022-03-29,App Issue,High,10,3
TKT_003986,CUST_04877,2022-02-04,Account,Medium,3,4
TKT_003987,CUST_01359,2023-07-16,Account,Low,,5
TKT_003988,CUST_03398,2022-11-23,Payment,Medium,5,5
TKT_003989,CUST_00832,2023-07-14,Delivery,Low,7,4
TKT_003990,CUST_00557,2023-09-18,Other,Medium,1,4
TKT_003991,CUST_00394,2022-03-07,App Issue,Low,5,5
TKT_003992,CUST_02053,2023-10-21,Delivery,Medium,3,4
TKT_003993,CUST_02444,2022-05-13,Delivery,Medium,2,4
TKT_003994,CUST_04890,2022-09-25,Other,Medium,3,
TKT_003995,CUST_03842,2022-11-15,App Issue,Low,1,5
TKT_003996,CUST_03839,2023-05-26,Payment,Medium,5,4
TKT_003997,CUST_00551,2023-05-25,Return,Medium,3,5
TKT_003998,CUST_03403,2022-09-19,Payment,Low,2,4
TKT_003999,CUST_04085,2024-06-18,Other,Low,5,5
TKT_004000,CUST_03975,2024-02-03,Account,Medium,2,2
TKT_004001,CUST_04673,2023-04-18,Return,Medium,2,5
TKT_004002,CUST_03856,2022-07-25,Product Quality,High,1,5
TKT_004003,CUST_01603,2022-07-29,Other,Low,3,5
TKT_004004,CUST_00555,2023-11-16,Payment,Medium,2,1
TKT_004005,CUST_04362,2023-11-18,Return,High,5,4
TKT_004006,CUST_04665,2022-03-28,Account,High,,4
TKT_004007,CUST_00769,2023-12-12,App Issue,Medium,5,3
TKT_004008,CUST_01679,2023-10-19,Product Quality,Medium,7,1
TKT_004009,CUST_03795,2023-03-01,Product Quality,High,1,5
TKT_004010,CUST_02995,2022-10-12,Product Quality,Low,1,5
TKT_004011,CUST_02649,2022-01-04,Return,Medium,2,3
TKT_004012,CUST_01476,2022-03-20,Delivery,Low,1,4
TKT_004013,CUST_01649,2023-02-13,Account,Medium,2,1
TKT_004014,CUST_03032,2022-08-01,Product Quality,Medium,3,2
TKT_004015,CUST_04719,2023-02-21,Delivery,Medium,3,2
TKT_004016,CUST_04675,2023-12-06,Delivery,High,7,5
TKT_004017,CUST_02996,2023-06-03,Return,Medium,3,
TKT_004018,CUST_03764,2023-08-01,Other,Medium,1,4
TKT_004019,CUST_00618,2023-02-01,Payment,High,7,2
TKT_004020,CUST_04093,2023-09-12,Product Quality,Medium,10,5
TKT_004021,CUST_03868,2022-12-14,App Issue,Medium,2,
TKT_004022,CUST_02481,2023-04-28,Payment,High,5,2
TKT_004023,CUST_04420,2023-07-13,Account,Medium,5,3
TKT_004024,CUST_02462,2023-07-31,Account,Low,5,3
TKT_004025,CUST_00009,2022-01-02,Product Quality,High,1,5
TKT_004026,CUST_03110,2022-12-04,App Issue,Medium,2,3
TKT_004027,CUST_02098,2024-01-27,Other,Low,1,4
TKT_004028,CUST_02587,2022-05-24,Product Quality,Medium,5,
TKT_004029,CUST_03772,2023-04-22,Payment,Medium,10,4
TKT_004030,CUST_03826,2022-02-12,Return,Low,3,4
TKT_004031,CUST_02364,2024-02-10,Payment,Low,2,3
TKT_004032,CUST_03791,2024-02-23,Return,Medium,7,1
TKT_004033,CUST_02580,2022-04-01,Account,Medium,1,3
TKT_004034,CUST_04312,2023-04-20,Payment,High,2,2
TKT_004035,CUST_00462,2022-12-07,Delivery,Medium,5,5
TKT_004036,CUST_02456,2023-10-19,Other,Medium,1,4
TKT_004037,CUST_04522,2024-02-12,Delivery,Low,2,5
TKT_004038,CUST_01105,2024-05-07,Delivery,Low,7,4
TKT_004039,CUST_02996,2024-05-02,Payment,High,5,4
TKT_004040,CUST_01554,2023-09-21,Delivery,Medium,2,4
TKT_004041,CUST_00166,2024-01-05,Account,Medium,2,5
TKT_004042,CUST_00884,2022-07-17,App Issue,Medium,7,5
TKT_004043,CUST_03985,2022-09-30,Other,Low,2,4
TKT_004044,CUST_02977,2022-01-14,Payment,Medium,7,4
TKT_004045,CUST_04885,2022-05-30,App Issue,High,7,5
TKT_004046,CUST_03462,2022-05-31,Account,Low,5,5
TKT_004047,CUST_02087,2023-09-11,Account,Low,1,5
TKT_004048,CUST_02877,2024-06-08,App Issue,Medium,3,4
TKT_004049,CUST_03067,2023-04-15,Account,Low,,4
TKT_004050,CUST_01354,2023-07-27,Account,Low,2,4
TKT_004051,CUST_03154,2023-09-13,Account,High,7,5
TKT_004052,CUST_00556,2023-08-04,Account,High,2,3
TKT_004053,CUST_02698,2022-03-28,Delivery,Low,1,4
TKT_004054,CUST_04970,2022-07-19,Return,Low,3,4
TKT_004055,CUST_01745,2022-10-25,Product Quality,Medium,7,4
TKT_004056,CUST_01274,2022-02-08,Account,Medium,1,
TKT_004057,CUST_01256,2022-08-26,Account,Medium,5,
TKT_004058,CUST_04658,2022-02-22,Payment,Low,5,4
TKT_004059,CUST_00416,2022-07-04,Return,Medium,3,5
TKT_004060,CUST_02006,2023-06-22,Delivery,Medium,1,4
TKT_004061,CUST_04909,2024-01-26,App Issue,High,2,5
TKT_004062,CUST_04037,2023-10-15,Product Quality,High,10,4
TKT_004063,CUST_00884,2024-04-23,Delivery,Low,1,4
TKT_004064,CUST_01425,2023-07-05,Other,High,3,4
TKT_004065,CUST_00943,2022-02-18,Delivery,Medium,2,3
TKT_004066,CUST_04872,2023-01-09,Payment,High,2,
TKT_004067,CUST_03500,2023-10-30,Delivery,Medium,1,2
TKT_004068,CUST_04807,2023-10-16,App Issue,Low,5,3
TKT_004069,CUST_00574,2023-05-20,Delivery,Low,2,5
TKT_004070,CUST_01871,2024-03-01,Other,Medium,10,
TKT_004071,CUST_03874,2022-02-17,Account,Medium,7,
TKT_004072,CUST_01263,2022-03-18,Product Quality,Low,,4
TKT_004073,CUST_02132,2023-05-14,Payment,High,5,5
TKT_004074,CUST_01112,2022-07-29,Return,Medium,3,5
TKT_004075,CUST_00243,2022-11-29,App Issue,High,1,5
TKT_004076,CUST_03604,2024-05-22,Product Quality,Low,3,3
TKT_004077,CUST_01458,2023-07-05,App Issue,High,3,1
TKT_004078,CUST_03972,2023-12-08,Other,Medium,7,5
TKT_004079,CUST_01490,2024-04-27,Product Quality,Medium,3,3
TKT_004080,CUST_03390,2023-06-17,App Issue,Low,5,3
TKT_004081,CUST_00488,2023-03-01,App Issue,Medium,3,4
TKT_004082,CUST_02694,2024-05-30,Payment,High,,5
TKT_004083,CUST_03608,2024-05-20,Product Quality,Medium,3,3
TKT_004084,CUST_02346,2023-05-26,Account,Low,2,2
TKT_004085,CUST_04193,2024-01-11,Other,Medium,3,4
TKT_004086,CUST_02802,2023-04-20,Account,Medium,2,
TKT_004087,CUST_01186,2022-05-04,Return,Low,5,4
TKT_004088,CUST_04966,2022-11-26,Payment,High,5,
TKT_004089,CUST_00842,2022-07-04,Other,Medium,5,5
TKT_004090,CUST_01657,2022-05-30,Return,Low,2,4
TKT_004091,CUST_03185,2022-11-28,App Issue,Medium,1,5
TKT_004092,CUST_03578,2022-05-22,App Issue,Medium,2,1
TKT_004093,CUST_00519,2023-08-06,Payment,Low,2,4
TKT_004094,CUST_04509,2023-03-31,Account,Low,5,3
TKT_004095,CUST_01448,2022-11-18,Payment,Medium,5,4
TKT_004096,CUST_02386,2022-05-04,Return,High,2,5
TKT_004097,CUST_01237,2023-11-15,App Issue,Low,2,4
TKT_004098,CUST_03068,2023-07-29,Product Quality,High,1,4
TKT_004099,CUST_01694,2023-06-27,Payment,Medium,1,5
TKT_004100,CUST_01454,2022-03-25,Product Quality,High,2,2
TKT_004101,CUST_00892,2022-07-10,Account,Low,2,4
TKT_004102,CUST_02331,2023-04-05,Account,Medium,7,3
TKT_004103,CUST_04947,2023-05-26,Payment,High,2,2
TKT_004104,CUST_03304,2022-02-19,Return,High,3,3
TKT_004105,CUST_00764,2022-04-06,Account,Low,3,4
TKT_004106,CUST_01528,2023-03-04,Other,High,3,5
TKT_004107,CUST_00207,2023-03-10,App Issue,Medium,3,3
TKT_004108,CUST_00903,2022-03-03,App Issue,Low,5,4
TKT_004109,CUST_01776,2022-10-29,Return,Medium,2,3
TKT_004110,CUST_00476,2022-05-29,App Issue,High,7,1
TKT_004111,CUST_03678,2024-02-24,App Issue,Medium,5,3
TKT_004112,CUST_02597,2022-08-25,Delivery,Medium,1,4
TKT_004113,CUST_04722,2024-02-28,Account,Low,1,5
TKT_004114,CUST_01899,2024-05-26,Product Quality,Medium,1,4
TKT_004115,CUST_01992,2023-05-04,App Issue,Low,3,1
TKT_004116,CUST_01847,2024-06-11,App Issue,Medium,2,3
TKT_004117,CUST_00386,2022-10-06,App Issue,Low,2,4
TKT_004118,CUST_02125,2023-08-31,Other,Medium,3,4
TKT_004119,CUST_00423,2024-04-03,App Issue,Medium,3,5
TKT_004120,CUST_00949,2022-01-20,Return,Medium,7,4
TKT_004121,CUST_02027,2022-11-04,Return,Medium,2,4
TKT_004122,CUST_03073,2022-11-26,Product Quality,Medium,2,4
TKT_004123,CUST_00226,2023-10-19,Delivery,High,2,4
TKT_004124,CUST_00153,2023-10-30,Account,Medium,2,4
TKT_004125,CUST_01097,2022-07-02,Other,Low,3,5
TKT_004126,CUST_03286,2024-02-01,Product Quality,Medium,1,5
TKT_004127,CUST_04109,2024-06-02,App Issue,High,3,5
TKT_004128,CUST_00618,2022-12-15,Payment,Low,5,2
TKT_004129,CUST_04106,2024-02-07,Product Quality,Medium,3,4
TKT_004130,CUST_03445,2022-11-28,Account,Medium,3,5
TKT_004131,CUST_03166,2023-01-02,Product Quality,Medium,1,4
TKT_004132,CUST_04116,2022-02-16,Account,Medium,1,3
TKT_004133,CUST_04607,2023-07-14,Return,Low,3,5
TKT_004134,CUST_03910,2022-08-08,Other,Low,2,5
TKT_004135,CUST_02841,2022-04-04,Return,Low,5,5
TKT_004136,CUST_03607,2024-03-22,Return,Medium,2,2
TKT_004137,CUST_04099,2022-01-25,App Issue,High,7,5
TKT_004138,CUST_01016,2022-05-11,Payment,Medium,2,4
TKT_004139,CUST_04202,2023-06-03,App Issue,Medium,7,5
TKT_004140,CUST_03174,2022-08-22,Other,Medium,5,5
TKT_004141,CUST_01292,2022-05-29,Other,Medium,,4
TKT_004142,CUST_00927,2023-01-23,Return,High,7,5
TKT_004143,CUST_00134,2022-06-29,Other,Low,2,
TKT_004144,CUST_01346,2022-02-26,Account,High,2,2
TKT_004145,CUST_01391,2022-10-18,Delivery,Medium,3,4
TKT_004146,CUST_04926,2023-02-07,App Issue,Medium,1,3
TKT_004147,CUST_02242,2022-01-14,App Issue,High,2,4
TKT_004148,CUST_00121,2022-01-30,Delivery,High,2,
TKT_004149,CUST_04311,2022-07-08,Return,Low,7,5
TKT_004150,CUST_02189,2022-09-24,Payment,Low,7,4
TKT_004151,CUST_02584,2024-04-10,Delivery,Medium,5,4
TKT_004152,CUST_00867,2023-12-06,Product Quality,Medium,5,5
TKT_004153,CUST_00254,2023-07-11,Other,Low,2,5
TKT_004154,CUST_00564,2022-09-30,Payment,Medium,3,4
TKT_004155,CUST_00744,2022-12-19,Return,Medium,2,5
TKT_004156,CUST_03700,2022-01-11,Return,Low,1,5
TKT_004157,CUST_02128,2022-12-05,Account,Medium,7,
TKT_004158,CUST_01523,2023-05-10,App Issue,Medium,5,3
TKT_004159,CUST_01381,2024-05-14,Other,Medium,1,5
TKT_004160,CUST_02939,2022-01-24,Return,Medium,3,3
TKT_004161,CUST_01938,2022-11-30,Delivery,Medium,10,5
TKT_004162,CUST_00021,2022-03-29,Other,Low,5,5
TKT_004163,CUST_01623,2023-10-15,App Issue,Medium,3,5
TKT_004164,CUST_02984,2024-06-18,App Issue,Medium,3,4
TKT_004165,CUST_04580,2022-02-08,Return,High,5,3
TKT_004166,CUST_01360,2023-08-13,Delivery,Low,2,5
TKT_004167,CUST_00002,2023-03-09,App Issue,Medium,3,4
TKT_004168,CUST_01446,2024-05-16,Other,Medium,1,4
TKT_004169,CUST_03161,2022-02-03,App Issue,High,1,3
TKT_004170,CUST_00704,2024-04-14,Other,Medium,7,5
TKT_004171,CUST_01880,2022-04-02,App Issue,High,3,4
TKT_004172,CUST_02254,2023-07-24,Payment,Low,1,
TKT_004173,CUST_02749,2023-06-21,Product Quality,Medium,2,4
TKT_004174,CUST_03061,2022-05-03,Delivery,Low,1,
TKT_004175,CUST_04864,2023-12-19,Delivery,Medium,5,1
TKT_004176,CUST_04186,2024-01-11,Account,Medium,2,3
TKT_004177,CUST_02087,2023-12-04,Return,Low,2,5
TKT_004178,CUST_04589,2023-03-22,Payment,Low,7,4
TKT_004179,CUST_01737,2022-05-03,Account,Medium,10,3
TKT_004180,CUST_01484,2024-02-18,Account,Medium,2,5
TKT_004181,CUST_04219,2022-02-07,Product Quality,Medium,3,5
TKT_004182,CUST_02519,2023-10-29,Delivery,Medium,2,5
TKT_004183,CUST_00923,2023-05-04,Delivery,Medium,3,4
TKT_004184,CUST_00485,2023-12-28,Other,Medium,,5
TKT_004185,CUST_01552,2023-09-06,Return,Medium,2,
TKT_004186,CUST_00892,2023-07-19,App Issue,High,3,5
TKT_004187,CUST_03830,2022-09-03,Other,High,2,4
TKT_004188,CUST_01454,2023-01-12,Payment,High,2,3
TKT_004189,CUST_04669,2022-07-07,Account,Medium,2,5
TKT_004190,CUST_00232,2022-10-05,Other,Medium,2,4
TKT_004191,CUST_04022,2022-07-15,Delivery,Medium,5,5
TKT_004192,CUST_00885,2022-02-10,Return,Low,3,3
TKT_004193,CUST_01808,2022-06-01,Return,Low,3,4
TKT_004194,CUST_00388,2022-12-14,Product Quality,Medium,1,2
TKT_004195,CUST_02751,2022-01-08,Return,Medium,2,5
TKT_004196,CUST_00222,2023-05-23,Payment,High,2,3
TKT_004197,CUST_02522,2023-05-10,Product Quality,Low,1,4
TKT_004198,CUST_04678,2023-05-11,Other,Low,3,3
TKT_004199,CUST_02103,2024-01-02,Product Quality,Medium,5,
TKT_004200,CUST_02481,2024-04-06,Delivery,Low,1,5
TKT_004201,CUST_00302,2022-10-16,App Issue,Medium,3,
TKT_004202,CUST_01826,2022-11-30,Delivery,Medium,7,4
TKT_004203,CUST_00553,2023-10-26,Account,Low,1,4
TKT_004204,CUST_02391,2022-07-13,App Issue,Medium,2,4
TKT_004205,CUST_02595,2023-09-08,Delivery,Low,2,3
TKT_004206,CUST_00708,2023-03-22,App Issue,High,2,4
TKT_004207,CUST_00333,2023-11-08,App Issue,Medium,2,
TKT_004208,CUST_02403,2024-05-16,Payment,Low,2,4
TKT_004209,CUST_00530,2023-11-12,Delivery,Low,1,5
TKT_004210,CUST_01634,2024-05-30,Payment,Low,10,
TKT_004211,CUST_02750,2022-09-21,Payment,Low,2,
TKT_004212,CUST_01417,2023-12-23,Delivery,High,10,4
TKT_004213,CUST_02855,2023-10-15,Return,Medium,7,3
TKT_004214,CUST_01586,2022-09-01,Other,High,5,1
TKT_004215,CUST_02539,2022-10-17,Other,Low,7,4
TKT_004216,CUST_04583,2024-05-06,Product Quality,Low,5,
TKT_004217,CUST_02450,2023-11-18,Product Quality,Low,7,1
TKT_004218,CUST_04256,2023-05-18,Payment,High,3,2
TKT_004219,CUST_03817,2022-06-29,Product Quality,High,3,4
TKT_004220,CUST_02210,2023-03-06,Product Quality,Medium,2,5
TKT_004221,CUST_02711,2022-01-02,Return,Medium,2,5
TKT_004222,CUST_00792,2022-02-12,Product Quality,High,1,4
TKT_004223,CUST_01297,2022-04-07,Delivery,Low,2,4
TKT_004224,CUST_04644,2024-05-06,App Issue,Medium,3,4
TKT_004225,CUST_01099,2023-07-18,App Issue,Low,1,4
TKT_004226,CUST_00166,2022-04-02,Other,Low,1,3
TKT_004227,CUST_03593,2022-12-30,Return,Medium,3,4
TKT_004228,CUST_03530,2022-08-08,Other,High,1,4
TKT_004229,CUST_01201,2023-03-21,Account,Low,3,4
TKT_004230,CUST_01053,2022-11-28,Payment,Low,5,3
TKT_004231,CUST_01938,2023-02-22,Return,Low,1,5
TKT_004232,CUST_03310,2024-01-15,Payment,Low,1,1
TKT_004233,CUST_00966,2022-07-12,Return,Medium,5,3
TKT_004234,CUST_02476,2023-03-29,Product Quality,Medium,3,5
TKT_004235,CUST_00236,2024-02-14,Product Quality,Low,2,5
TKT_004236,CUST_00909,2022-10-17,Other,Medium,2,3
TKT_004237,CUST_02370,2023-02-04,Other,High,7,5
TKT_004238,CUST_01249,2022-05-03,Account,High,3,4
TKT_004239,CUST_04108,2023-06-12,Product Quality,High,2,
TKT_004240,CUST_01196,2023-06-28,Delivery,High,1,5
TKT_004241,CUST_00763,2023-01-08,Return,Medium,3,5
TKT_004242,CUST_04223,2023-04-24,Payment,High,,4
TKT_004243,CUST_03857,2022-08-15,Product Quality,Low,2,1
TKT_004244,CUST_02959,2023-02-19,Other,Medium,5,2
TKT_004245,CUST_01909,2023-12-11,Product Quality,Medium,1,1
TKT_004246,CUST_01507,2023-07-30,Return,High,2,4
TKT_004247,CUST_04795,2023-06-03,Delivery,High,2,5
TKT_004248,CUST_02455,2022-11-26,Return,Low,,5
TKT_004249,CUST_01854,2022-06-04,App Issue,Medium,3,5
TKT_004250,CUST_01449,2024-05-30,Payment,High,1,3
TKT_004251,CUST_00909,2024-02-25,Payment,Low,2,5
TKT_004252,CUST_03385,2023-05-12,App Issue,Medium,2,5
TKT_004253,CUST_00765,2022-06-08,Product Quality,Low,3,4
TKT_004254,CUST_04234,2023-11-06,Account,Medium,1,5
TKT_004255,CUST_01716,2023-06-07,App Issue,High,10,4
TKT_004256,CUST_02569,2023-04-07,App Issue,Low,1,5
TKT_004257,CUST_02078,2022-04-08,Delivery,Medium,1,3
TKT_004258,CUST_02147,2024-02-12,Return,High,1,4
TKT_004259,CUST_00543,2022-09-11,Delivery,Medium,3,1
TKT_004260,CUST_03375,2023-01-24,Delivery,Medium,3,4
TKT_004261,CUST_02157,2022-08-25,Product Quality,Low,5,3
TKT_004262,CUST_03749,2023-08-29,Delivery,Medium,3,4
TKT_004263,CUST_02873,2024-03-05,App Issue,High,7,5
TKT_004264,CUST_00320,2023-12-17,Payment,High,7,5
TKT_004265,CUST_02573,2022-05-13,Delivery,Low,7,
TKT_004266,CUST_03274,2022-11-05,Account,Medium,3,5
TKT_004267,CUST_04112,2023-06-09,Account,Medium,3,4
TKT_004268,CUST_00501,2023-09-19,Account,Medium,10,3
TKT_004269,CUST_01898,2023-11-27,Delivery,Medium,5,5
TKT_004270,CUST_04176,2022-12-28,Payment,Low,,4
TKT_004271,CUST_02211,2022-07-27,Return,Low,1,2
TKT_004272,CUST_03783,2023-02-28,Account,Medium,2,5
TKT_004273,CUST_01873,2022-01-28,Delivery,Medium,1,2
TKT_004274,CUST_03369,2022-11-26,Return,Medium,2,2
TKT_004275,CUST_00499,2023-06-10,App Issue,Medium,3,5
TKT_004276,CUST_00439,2022-09-29,Payment,Medium,2,2
TKT_004277,CUST_01378,2022-12-31,Account,High,,
TKT_004278,CUST_02558,2023-04-01,Other,Low,2,3
TKT_004279,CUST_00642,2023-07-10,Delivery,High,5,5
TKT_004280,CUST_00277,2024-04-09,Product Quality,Medium,10,4
TKT_004281,CUST_01472,2023-11-21,App Issue,Medium,5,4
TKT_004282,CUST_04811,2024-03-14,Delivery,Low,10,5
TKT_004283,CUST_00977,2023-10-03,Product Quality,Medium,1,4
TKT_004284,CUST_04842,2022-09-14,Delivery,Low,1,3
TKT_004285,CUST_01004,2023-08-02,Payment,High,7,4
TKT_004286,CUST_02799,2024-01-10,Return,High,1,4
TKT_004287,CUST_02503,2022-01-29,Return,Medium,3,4
TKT_004288,CUST_04450,2024-02-23,Return,Low,2,
TKT_004289,CUST_01575,2022-08-09,Account,Low,1,5
TKT_004290,CUST_03710,2024-04-08,Delivery,Medium,7,5
TKT_004291,CUST_00774,2022-06-22,App Issue,Medium,2,2
TKT_004292,CUST_00995,2024-04-17,Delivery,Low,3,4
TKT_004293,CUST_02646,2022-08-08,Product Quality,High,5,3
TKT_004294,CUST_03611,2023-09-23,Return,Medium,2,4
TKT_004295,CUST_02003,2022-01-09,Delivery,Medium,2,3
TKT_004296,CUST_01906,2022-02-03,Account,High,3,1
TKT_004297,CUST_00520,2023-09-02,Account,Medium,3,4
TKT_004298,CUST_02767,2022-12-08,Payment,High,1,4
TKT_004299,CUST_02812,2024-03-13,Return,Medium,5,4
TKT_004300,CUST_02376,2022-11-21,Product Quality,High,3,5
TKT_004301,CUST_01255,2024-05-07,Payment,High,3,4
TKT_004302,CUST_02187,2022-03-21,Return,Medium,1,4
TKT_004303,CUST_02809,2022-06-15,Account,Medium,2,5
TKT_004304,CUST_04938,2023-05-25,Payment,Low,2,1
TKT_004305,CUST_04159,2023-07-03,Payment,Low,2,4
TKT_004306,CUST_01328,2024-06-04,Return,Low,2,4
TKT_004307,CUST_04103,2023-07-27,Other,Low,2,4
TKT_004308,CUST_02392,2022-11-03,Account,High,10,3
TKT_004309,CUST_04286,2022-11-06,Other,Medium,2,1
TKT_004310,CUST_02423,2023-05-26,Product Quality,Medium,2,3
TKT_004311,CUST_04480,2023-09-16,Other,High,1,5
TKT_004312,CUST_03352,2022-06-24,Other,Medium,2,4
TKT_004313,CUST_02331,2023-02-19,Payment,Medium,3,5
TKT_004314,CUST_02356,2023-04-10,Delivery,Medium,7,3
TKT_004315,CUST_01065,2023-05-22,Other,High,3,5
TKT_004316,CUST_04222,2023-01-28,App Issue,Medium,3,5
TKT_004317,CUST_02978,2024-04-27,Account,Medium,1,4
TKT_004318,CUST_02670,2022-12-07,Product Quality,Low,3,5
TKT_004319,CUST_00995,2022-10-17,App Issue,Medium,10,4
TKT_004320,CUST_04858,2023-12-07,Other,Medium,1,5
TKT_004321,CUST_01444,2024-05-20,Delivery,High,7,5
TKT_004322,CUST_00011,2023-12-22,Delivery,Medium,2,3
TKT_004323,CUST_04270,2023-02-18,Account,High,5,4
TKT_004324,CUST_04172,2023-06-12,Delivery,Low,5,5
TKT_004325,CUST_00034,2022-02-12,Delivery,Low,1,5
TKT_004326,CUST_00233,2023-08-07,App Issue,Low,1,3
TKT_004327,CUST_00941,2023-07-10,Other,Medium,2,4
TKT_004328,CUST_00630,2022-06-24,Delivery,Medium,2,5
TKT_004329,CUST_03397,2022-12-29,Payment,High,1,3
TKT_004330,CUST_03824,2022-11-04,Product Quality,Medium,3,5
TKT_004331,CUST_03212,2022-12-17,Product Quality,Medium,3,3
TKT_004332,CUST_04428,2023-05-11,Delivery,Medium,1,5
TKT_004333,CUST_00209,2023-04-25,Delivery,Medium,,3
TKT_004334,CUST_01368,2023-04-10,App Issue,High,1,5
TKT_004335,CUST_01419,2023-06-02,Account,Medium,1,5
TKT_004336,CUST_04373,2023-09-17,Payment,Medium,2,3
TKT_004337,CUST_01232,2023-10-24,Product Quality,Medium,2,1
TKT_004338,CUST_04951,2023-04-21,Other,Low,3,1
TKT_004339,CUST_00225,2022-04-22,Delivery,Medium,7,2
TKT_004340,CUST_03765,2022-01-31,App Issue,Low,1,5
TKT_004341,CUST_04383,2022-01-07,Other,Low,3,3
TKT_004342,CUST_03848,2023-06-02,Delivery,Medium,3,4
TKT_004343,CUST_03116,2022-03-04,Account,High,2,4
TKT_004344,CUST_00122,2022-02-09,Payment,Low,1,5
TKT_004345,CUST_00483,2023-11-26,Delivery,Medium,5,4
TKT_004346,CUST_00098,2022-03-18,Delivery,Low,2,4
TKT_004347,CUST_02308,2022-03-23,Delivery,High,3,5
TKT_004348,CUST_01950,2024-02-01,Return,Low,7,3
TKT_004349,CUST_02160,2023-08-29,Account,High,7,4
TKT_004350,CUST_04143,2024-02-27,Account,Medium,1,1
TKT_004351,CUST_00610,2024-05-17,Delivery,High,2,4
TKT_004352,CUST_04750,2023-11-24,App Issue,Medium,2,5
TKT_004353,CUST_00182,2024-05-30,Delivery,Low,2,4
TKT_004354,CUST_01544,2023-05-20,App Issue,Medium,1,4
TKT_004355,CUST_00539,2024-01-28,Return,Low,3,4
TKT_004356,CUST_02396,2023-05-27,Payment,Medium,2,3
TKT_004357,CUST_02272,2024-01-09,Delivery,Low,3,4
TKT_004358,CUST_02945,2022-05-05,Account,Medium,5,2
TKT_004359,CUST_02224,2024-04-10,Delivery,Medium,3,4
TKT_004360,CUST_02457,2023-04-16,Product Quality,Low,3,4
TKT_004361,CUST_03446,2023-08-28,App Issue,High,7,4
TKT_004362,CUST_00529,2022-02-08,Return,Medium,2,3
TKT_004363,CUST_01620,2022-01-06,Product Quality,Medium,1,3
TKT_004364,CUST_03928,2022-07-15,Other,Low,2,4
TKT_004365,CUST_02734,2024-02-14,Payment,Medium,7,3
TKT_004366,CUST_02568,2022-04-04,Return,Low,2,2
TKT_004367,CUST_04185,2022-11-12,Return,Medium,2,4
TKT_004368,CUST_03959,2024-04-10,Other,Medium,2,4
TKT_004369,CUST_00588,2022-11-03,Delivery,Low,,4
TKT_004370,CUST_02711,2022-11-30,Return,Medium,2,5
TKT_004371,CUST_03680,2022-12-22,App Issue,Medium,1,4
TKT_004372,CUST_04787,2023-07-31,Account,Medium,2,4
TKT_004373,CUST_00088,2022-07-29,Return,High,2,3
TKT_004374,CUST_01820,2022-06-02,Product Quality,High,1,5
TKT_004375,CUST_04554,2023-12-25,App Issue,Low,,5
TKT_004376,CUST_02620,2022-09-19,Product Quality,Medium,2,5
TKT_004377,CUST_00055,2022-01-02,App Issue,Medium,3,1
TKT_004378,CUST_02195,2024-04-09,Delivery,Medium,1,3
TKT_004379,CUST_00788,2023-12-10,Product Quality,Medium,10,4
TKT_004380,CUST_00933,2023-09-11,Product Quality,Medium,3,
TKT_004381,CUST_03245,2023-06-22,Product Quality,Low,5,4
TKT_004382,CUST_01231,2024-06-10,Other,Medium,3,3
TKT_004383,CUST_02434,2024-03-23,Payment,Low,3,4
TKT_004384,CUST_02148,2022-12-13,Account,Medium,1,
TKT_004385,CUST_03413,2024-04-20,Delivery,Medium,2,3
TKT_004386,CUST_03452,2022-09-21,Delivery,High,,3
TKT_004387,CUST_03354,2022-03-12,Payment,Low,,3
TKT_004388,CUST_03806,2022-05-29,Product Quality,Medium,7,1
TKT_004389,CUST_00659,2024-04-10,Payment,High,7,5
TKT_004390,CUST_04747,2023-12-18,Delivery,Medium,1,3
TKT_004391,CUST_01899,2023-10-31,Other,Low,1,4
TKT_004392,CUST_03034,2023-06-27,Return,High,2,5
TKT_004393,CUST_00830,2023-06-02,Account,High,3,4
TKT_004394,CUST_03221,2023-04-09,Account,Low,3,4
TKT_004395,CUST_01581,2022-10-10,Account,High,3,4
TKT_004396,CUST_02964,2023-06-30,App Issue,Medium,2,4
TKT_004397,CUST_03497,2023-03-25,Other,Medium,3,3
TKT_004398,CUST_04711,2022-08-14,App Issue,Medium,3,5
TKT_004399,CUST_02988,2022-12-15,Delivery,High,1,3
TKT_004400,CUST_02179,2023-11-22,App Issue,Medium,1,4
TKT_004401,CUST_00269,2023-06-11,App Issue,High,1,3
TKT_004402,CUST_02711,2023-09-08,Return,Low,3,4
TKT_004403,CUST_00503,2023-07-15,Product Quality,Medium,1,3
TKT_004404,CUST_00145,2022-04-30,App Issue,Medium,,4
TKT_004405,CUST_01844,2022-09-21,Payment,Low,1,4
TKT_004406,CUST_00543,2022-04-16,Payment,Medium,1,5
TKT_004407,CUST_01897,2022-05-15,Product Quality,Medium,7,4
TKT_004408,CUST_01123,2023-07-19,Payment,High,,4
TKT_004409,CUST_02548,2023-11-05,Other,Medium,3,5
TKT_004410,CUST_01970,2023-03-10,Delivery,Medium,10,4
TKT_004411,CUST_01756,2023-07-04,Return,Medium,,4
TKT_004412,CUST_03450,2022-04-14,Payment,Low,3,2
TKT_004413,CUST_00911,2022-11-12,Other,Low,5,5
TKT_004414,CUST_03460,2024-06-17,App Issue,Medium,3,3
TKT_004415,CUST_01484,2023-12-25,Product Quality,Medium,5,4
TKT_004416,CUST_00871,2022-08-01,Other,High,2,1
TKT_004417,CUST_03265,2022-08-09,Product Quality,Low,1,5
TKT_004418,CUST_03748,2022-05-09,Product Quality,Low,3,4
TKT_004419,CUST_02270,2023-06-23,Product Quality,Low,3,3
TKT_004420,CUST_00485,2023-03-25,Payment,High,7,4
TKT_004421,CUST_04312,2024-05-26,Other,Medium,,1
TKT_004422,CUST_04670,2022-11-19,Delivery,High,2,5
TKT_004423,CUST_02677,2022-08-26,Product Quality,Medium,2,4
TKT_004424,CUST_04335,2022-03-31,Return,Medium,2,5
TKT_004425,CUST_01486,2023-11-07,Delivery,Low,1,3
TKT_004426,CUST_02263,2022-10-26,Product Quality,High,5,4
TKT_004427,CUST_03160,2022-07-10,Delivery,Low,2,4
TKT_004428,CUST_01401,2022-08-27,Product Quality,Medium,3,1
TKT_004429,CUST_03370,2024-04-04,Delivery,Medium,5,4
TKT_004430,CUST_00027,2022-12-24,Return,Medium,3,5
TKT_004431,CUST_04297,2022-01-21,Product Quality,Low,10,1
TKT_004432,CUST_03635,2022-01-13,Delivery,Medium,3,5
TKT_004433,CUST_00489,2023-01-26,Payment,Medium,5,4
TKT_004434,CUST_01206,2023-08-29,Other,Low,3,4
TKT_004435,CUST_02744,2023-10-24,Other,High,10,3
TKT_004436,CUST_00511,2023-07-03,Other,Low,5,5
TKT_004437,CUST_04835,2024-01-02,Payment,Medium,,4
TKT_004438,CUST_02708,2024-05-13,Delivery,Medium,,4
TKT_004439,CUST_01793,2023-11-01,App Issue,Low,1,3
TKT_004440,CUST_01131,2023-01-12,Delivery,Low,3,5
TKT_004441,CUST_01768,2023-05-17,Return,High,,4
TKT_004442,CUST_02849,2022-04-10,App Issue,Medium,1,5
TKT_004443,CUST_00381,2023-08-13,Delivery,Low,5,5
TKT_004444,CUST_02409,2023-02-28,Delivery,High,2,
TKT_004445,CUST_02546,2024-05-10,Delivery,Medium,3,2
TKT_004446,CUST_04295,2024-05-09,App Issue,Medium,3,2
TKT_004447,CUST_00132,2024-03-04,App Issue,Low,3,2
TKT_004448,CUST_00068,2022-04-26,Return,Low,2,4
TKT_004449,CUST_02041,2022-12-13,Product Quality,High,1,4
TKT_004450,CUST_02728,2023-05-09,Other,Medium,5,5
TKT_004451,CUST_01225,2022-03-14,Delivery,Medium,7,5
TKT_004452,CUST_03173,2023-07-14,Product Quality,Low,2,5
TKT_004453,CUST_01375,2022-09-11,Account,Low,5,4
TKT_004454,CUST_02244,2023-09-15,Delivery,Medium,5,2
TKT_004455,CUST_01972,2023-11-26,Other,Low,3,4
TKT_004456,CUST_00431,2022-04-23,Account,Medium,1,2
TKT_004457,CUST_03721,2023-11-16,App Issue,Low,2,5
TKT_004458,CUST_03037,2022-09-14,Other,Medium,7,3
TKT_004459,CUST_01172,2022-03-23,Other,Medium,1,
TKT_004460,CUST_02257,2024-06-06,Account,Medium,1,2
TKT_004461,CUST_00560,2023-07-15,App Issue,Medium,1,5
TKT_004462,CUST_00923,2023-08-18,Delivery,Medium,1,1
TKT_004463,CUST_03348,2023-12-20,Return,Medium,,1
TKT_004464,CUST_04964,2023-04-08,Delivery,Medium,1,5
TKT_004465,CUST_03561,2024-01-01,Payment,Low,3,5
TKT_004466,CUST_04846,2024-06-08,Product Quality,Medium,1,4
TKT_004467,CUST_03984,2022-01-24,Return,Low,2,2
TKT_004468,CUST_04578,2022-08-26,Delivery,Medium,2,2
TKT_004469,CUST_01436,2023-04-13,Other,Low,5,5
TKT_004470,CUST_04150,2024-04-03,Delivery,Low,2,3
TKT_004471,CUST_00436,2022-06-11,Payment,Medium,7,4
TKT_004472,CUST_02827,2023-03-30,Return,Low,5,5
TKT_004473,CUST_00348,2022-11-26,Account,High,7,5
TKT_004474,CUST_04569,2023-06-08,Delivery,Medium,,4
TKT_004475,CUST_02373,2023-04-26,App Issue,Medium,2,4
TKT_004476,CUST_00730,2022-04-27,Account,Medium,7,3
TKT_004477,CUST_04835,2022-04-10,Other,Low,5,5
TKT_004478,CUST_01967,2022-03-14,Account,High,3,5
TKT_004479,CUST_01789,2023-05-08,App Issue,Low,,2
TKT_004480,CUST_04806,2023-04-11,Product Quality,Low,1,3
TKT_004481,CUST_03547,2023-06-04,Account,Medium,3,
TKT_004482,CUST_01408,2022-04-10,Payment,Low,5,3
TKT_004483,CUST_00720,2022-11-06,Product Quality,Medium,2,4
TKT_004484,CUST_00780,2023-01-17,App Issue,High,2,3
TKT_004485,CUST_04203,2023-05-24,Delivery,Low,7,5
TKT_004486,CUST_03722,2024-01-30,Delivery,Low,3,5
TKT_004487,CUST_00996,2022-07-14,Return,Medium,5,1
TKT_004488,CUST_02666,2024-06-11,Return,Medium,2,4
TKT_004489,CUST_02766,2022-01-23,Return,Medium,3,5
TKT_004490,CUST_01951,2023-06-18,Return,Low,5,3
TKT_004491,CUST_02003,2023-06-24,Account,Medium,2,4
TKT_004492,CUST_00570,2022-05-09,Product Quality,Medium,2,5
TKT_004493,CUST_02813,2022-10-01,Payment,Low,1,3
TKT_004494,CUST_00593,2022-12-19,Delivery,Medium,1,3
TKT_004495,CUST_00976,2023-12-30,Return,Medium,1,5
TKT_004496,CUST_02863,2023-05-19,Account,Medium,1,4
TKT_004497,CUST_01957,2023-12-18,Product Quality,Medium,1,4
TKT_004498,CUST_03245,2022-07-25,Other,High,2,4
TKT_004499,CUST_01908,2022-02-19,Delivery,Medium,1,2
TKT_004500,CUST_01728,2024-02-12,Account,Medium,2,1
TKT_004501,CUST_04638,2023-07-30,Payment,Medium,2,4
TKT_004502,CUST_04047,2022-02-19,Return,Low,1,3
TKT_004503,CUST_01531,2023-04-22,App Issue,Medium,5,4
TKT_004504,CUST_01700,2023-05-11,Other,Low,5,3
TKT_004505,CUST_04488,2022-04-28,Return,Low,2,1
TKT_004506,CUST_04707,2022-01-31,App Issue,Medium,5,5
TKT_004507,CUST_04310,2023-02-03,Other,High,2,4
TKT_004508,CUST_02733,2022-05-08,Delivery,Medium,2,3
TKT_004509,CUST_00600,2023-08-19,Other,Medium,2,4
TKT_004510,CUST_03578,2022-04-07,Payment,Medium,1,3
TKT_004511,CUST_03093,2023-01-23,Delivery,Medium,3,5
TKT_004512,CUST_01242,2023-09-12,Payment,Low,2,4
TKT_004513,CUST_00771,2023-01-30,Other,Low,1,5
TKT_004514,CUST_01819,2023-03-22,Product Quality,High,10,3
TKT_004515,CUST_04093,2023-08-04,App Issue,Medium,2,4
TKT_004516,CUST_03152,2024-03-09,App Issue,High,10,4
TKT_004517,CUST_02982,2024-01-13,App Issue,High,5,4
TKT_004518,CUST_02402,2022-04-29,Product Quality,Medium,1,4
TKT_004519,CUST_04834,2023-05-31,Payment,Medium,1,4
TKT_004520,CUST_02802,2022-11-29,Return,Medium,,4
TKT_004521,CUST_04372,2023-06-22,Payment,High,5,5
TKT_004522,CUST_02170,2023-02-26,Account,Medium,2,1
TKT_004523,CUST_00275,2022-07-15,Delivery,High,10,4
TKT_004524,CUST_03995,2023-01-15,Delivery,Low,2,4
TKT_004525,CUST_02990,2022-02-16,Account,Low,2,5
TKT_004526,CUST_01731,2023-05-19,Return,High,7,4
TKT_004527,CUST_01517,2023-05-06,Delivery,Medium,1,4
TKT_004528,CUST_02264,2022-12-15,Payment,Medium,1,4
TKT_004529,CUST_00764,2023-11-20,Account,High,2,5
TKT_004530,CUST_02078,2022-11-19,Product Quality,High,7,5
TKT_004531,CUST_01738,2022-12-29,Other,Medium,1,4
TKT_004532,CUST_01392,2023-10-12,App Issue,Medium,1,5
TKT_004533,CUST_00932,2023-05-28,App Issue,Medium,5,
TKT_004534,CUST_04854,2022-10-28,App Issue,High,2,3
TKT_004535,CUST_03838,2022-10-29,Payment,High,10,2
TKT_004536,CUST_02311,2022-12-14,Delivery,Low,2,5
TKT_004537,CUST_02928,2022-01-27,Payment,Low,3,4
TKT_004538,CUST_01707,2024-04-03,Payment,Low,5,1
TKT_004539,CUST_04061,2022-01-04,Account,Medium,3,4
TKT_004540,CUST_02451,2024-02-04,Delivery,Medium,5,4
TKT_004541,CUST_00668,2023-07-23,Account,Low,3,1
TKT_004542,CUST_01957,2023-04-15,App Issue,High,1,3
TKT_004543,CUST_02449,2023-04-10,Payment,Low,2,3
TKT_004544,CUST_02799,2022-12-07,Return,Low,7,2
TKT_004545,CUST_03879,2022-03-15,Other,Medium,5,4
TKT_004546,CUST_02609,2023-04-04,Product Quality,High,2,4
TKT_004547,CUST_04006,2023-06-10,Account,High,3,4
TKT_004548,CUST_04867,2022-12-25,Other,Low,2,3
TKT_004549,CUST_01900,2023-04-04,Account,Medium,3,
TKT_004550,CUST_04516,2022-08-28,Account,Low,5,4
TKT_004551,CUST_02035,2022-12-27,Product Quality,Low,1,2
TKT_004552,CUST_03134,2022-03-03,Return,Medium,,5
TKT_004553,CUST_02543,2022-07-24,Delivery,Low,5,2
TKT_004554,CUST_01013,2023-05-23,Product Quality,Low,,2
TKT_004555,CUST_04008,2022-06-03,Account,Medium,1,3
TKT_004556,CUST_02806,2023-11-05,Return,Low,,5
TKT_004557,CUST_00561,2024-02-15,Return,High,7,2
TKT_004558,CUST_02763,2023-04-02,Account,High,10,5
TKT_004559,CUST_04120,2022-10-28,Product Quality,High,2,3
TKT_004560,CUST_00267,2023-03-04,App Issue,Medium,2,4
TKT_004561,CUST_03789,2024-05-17,Return,Low,5,2
TKT_004562,CUST_04688,2022-09-21,App Issue,Medium,3,4
TKT_004563,CUST_03171,2022-05-17,Product Quality,Medium,5,4
TKT_004564,CUST_04717,2022-11-09,Account,High,10,3
TKT_004565,CUST_00026,2024-03-27,Account,High,5,3
TKT_004566,CUST_01978,2024-04-17,App Issue,High,1,2
TKT_004567,CUST_03762,2022-05-19,Delivery,Medium,1,2
TKT_004568,CUST_00272,2024-05-18,App Issue,Medium,5,1
TKT_004569,CUST_01916,2024-03-17,Other,High,2,3
TKT_004570,CUST_02385,2022-05-03,Product Quality,Low,7,3
TKT_004571,CUST_04757,2022-06-24,App Issue,High,2,3
TKT_004572,CUST_01631,2022-05-11,Other,Low,1,
TKT_004573,CUST_01118,2024-01-17,Product Quality,Medium,1,4
TKT_004574,CUST_03114,2023-12-13,Other,Medium,5,5
TKT_004575,CUST_04668,2022-01-01,App Issue,Medium,7,5
TKT_004576,CUST_04254,2023-06-11,Other,Low,1,5
TKT_004577,CUST_04039,2022-08-08,Product Quality,High,1,4
TKT_004578,CUST_02197,2022-04-22,Payment,Low,2,
TKT_004579,CUST_01338,2023-09-10,Other,High,1,4
TKT_004580,CUST_04669,2022-03-25,Delivery,Low,5,5
TKT_004581,CUST_03246,2023-07-31,Other,Medium,3,4
TKT_004582,CUST_04964,2022-03-12,Account,High,3,5
TKT_004583,CUST_02887,2023-07-16,Payment,Low,1,4
TKT_004584,CUST_03906,2023-04-08,Account,Medium,5,5
TKT_004585,CUST_01149,2023-03-30,Other,Medium,10,5
TKT_004586,CUST_04763,2022-11-26,Delivery,High,2,3
TKT_004587,CUST_01592,2023-07-22,Return,Medium,5,4
TKT_004588,CUST_02660,2024-03-16,Account,Medium,2,4
TKT_004589,CUST_02570,2023-06-21,App Issue,Low,1,4
TKT_004590,CUST_03554,2022-06-24,Other,Low,2,5
TKT_004591,CUST_04488,2022-08-09,Return,Medium,1,5
TKT_004592,CUST_04841,2022-02-11,Return,Medium,5,2
TKT_004593,CUST_04433,2023-06-27,Product Quality,Low,2,2
TKT_004594,CUST_04428,2022-08-20,Return,Medium,2,5
TKT_004595,CUST_04595,2023-03-29,Product Quality,High,3,4
TKT_004596,CUST_03303,2023-06-04,Other,Medium,3,
TKT_004597,CUST_00369,2022-06-18,Return,High,3,3
TKT_004598,CUST_02634,2022-03-28,App Issue,Low,1,5
TKT_004599,CUST_03473,2023-10-23,Other,High,3,4
TKT_004600,CUST_00029,2024-01-09,Account,High,1,5
TKT_004601,CUST_00832,2023-02-28,Delivery,Low,2,4
TKT_004602,CUST_03462,2023-11-20,Payment,Medium,5,4
TKT_004603,CUST_00266,2024-03-20,Other,Medium,2,2
TKT_004604,CUST_01471,2022-06-15,Other,Low,2,5
TKT_004605,CUST_04064,2023-11-16,Account,Low,2,4
TKT_004606,CUST_00661,2023-06-05,Return,Low,3,3
TKT_004607,CUST_02170,2022-03-19,App Issue,Medium,1,3
TKT_004608,CUST_02929,2023-10-26,App Issue,Medium,1,4
TKT_004609,CUST_04409,2023-09-18,Other,Low,3,3
TKT_004610,CUST_03745,2022-10-13,Payment,Medium,2,2
TKT_004611,CUST_00895,2022-02-21,Delivery,High,1,5
TKT_004612,CUST_04624,2023-05-26,Return,Low,3,5
TKT_004613,CUST_03705,2022-11-06,Other,Medium,5,5
TKT_004614,CUST_03368,2024-04-05,Delivery,Medium,2,3
TKT_004615,CUST_02334,2022-08-17,Other,Low,2,
TKT_004616,CUST_00575,2023-03-23,Payment,High,3,4
TKT_004617,CUST_02791,2023-09-20,App Issue,Medium,1,3
TKT_004618,CUST_03987,2022-02-06,Delivery,Medium,7,4
TKT_004619,CUST_01176,2023-08-14,Delivery,High,1,5
TKT_004620,CUST_00081,2023-12-28,Delivery,Low,1,4
TKT_004621,CUST_00528,2023-03-03,Product Quality,Medium,1,5
TKT_004622,CUST_00272,2022-02-26,Product Quality,Medium,5,5
TKT_004623,CUST_03807,2022-01-21,Payment,Low,3,5
TKT_004624,CUST_00352,2022-07-29,Return,High,,5
TKT_004625,CUST_00028,2023-12-28,Product Quality,Medium,10,
TKT_004626,CUST_01546,2022-01-29,Account,Low,5,5
TKT_004627,CUST_00680,2023-01-18,Delivery,Medium,2,5
TKT_004628,CUST_00169,2024-02-09,Product Quality,Medium,2,5
TKT_004629,CUST_02978,2023-01-06,Product Quality,Medium,2,4
TKT_004630,CUST_01617,2022-04-20,App Issue,High,1,5
TKT_004631,CUST_01053,2023-03-17,Return,Low,3,4
TKT_004632,CUST_01996,2024-05-30,Return,Low,,3
TKT_004633,CUST_02428,2023-08-13,Product Quality,Medium,3,5
TKT_004634,CUST_03389,2023-11-15,Payment,Low,2,3
TKT_004635,CUST_02971,2024-02-16,Delivery,Low,5,3
TKT_004636,CUST_01341,2022-12-08,Delivery,Medium,2,4
TKT_004637,CUST_00325,2022-01-12,Payment,High,1,5
TKT_004638,CUST_01694,2022-12-12,Account,Medium,5,1
TKT_004639,CUST_02954,2023-12-05,Other,High,2,4
TKT_004640,CUST_02341,2023-09-10,App Issue,Low,2,5
TKT_004641,CUST_00780,2022-12-10,Delivery,Medium,3,3
TKT_004642,CUST_01833,2022-07-16,Other,Low,2,5
TKT_004643,CUST_00612,2023-07-08,Product Quality,Low,2,3
TKT_004644,CUST_03100,2023-10-03,Return,Low,5,4
TKT_004645,CUST_01674,2024-03-11,Other,Low,1,3
TKT_004646,CUST_04691,2022-12-19,Other,Medium,,3
TKT_004647,CUST_00058,2023-12-12,Account,High,2,4
TKT_004648,CUST_04060,2022-01-14,Other,Low,10,3
TKT_004649,CUST_02368,2022-10-30,App Issue,Medium,2,2
TKT_004650,CUST_01612,2024-02-16,Account,High,1,4
TKT_004651,CUST_00459,2022-09-16,Return,High,7,4
TKT_004652,CUST_03462,2022-07-26,Return,High,3,3
TKT_004653,CUST_00739,2023-08-27,Other,High,,4
TKT_004654,CUST_04969,2024-06-08,Delivery,High,3,4
TKT_004655,CUST_04807,2024-01-26,Product Quality,Medium,1,
TKT_004656,CUST_04409,2022-11-25,Payment,Medium,5,2
TKT_004657,CUST_02728,2024-02-24,Payment,Medium,,3
TKT_004658,CUST_03578,2024-01-24,Product Quality,Low,2,4
TKT_004659,CUST_04930,2024-02-08,Product Quality,Medium,2,5
TKT_004660,CUST_01449,2022-12-11,Other,Medium,3,4
TKT_004661,CUST_03318,2024-06-11,Account,Medium,3,3
TKT_004662,CUST_02303,2022-04-16,Account,Low,1,5
TKT_004663,CUST_01296,2022-03-26,Account,High,7,2
TKT_004664,CUST_02129,2022-07-16,Payment,Medium,2,3
TKT_004665,CUST_02681,2023-11-05,Payment,High,,5
TKT_004666,CUST_00096,2022-10-16,Return,Low,1,3
TKT_004667,CUST_03267,2022-04-12,Delivery,Medium,2,5
TKT_004668,CUST_04704,2022-09-23,Return,Low,2,5
TKT_004669,CUST_01850,2024-04-19,Delivery,Medium,3,3
TKT_004670,CUST_03576,2022-07-08,Product Quality,Medium,2,4
TKT_004671,CUST_01258,2023-09-28,Other,Medium,7,2
TKT_004672,CUST_00755,2022-07-10,Delivery,Medium,2,3
TKT_004673,CUST_02029,2023-11-02,Product Quality,Low,10,4
TKT_004674,CUST_04962,2022-06-17,Account,Low,2,4
TKT_004675,CUST_00008,2024-03-27,App Issue,Low,,2
TKT_004676,CUST_02682,2022-09-11,Payment,Low,2,4
TKT_004677,CUST_03403,2024-05-28,Other,Medium,3,5
TKT_004678,CUST_02964,2024-03-12,Delivery,Medium,3,4
TKT_004679,CUST_00646,2023-06-18,Account,Medium,3,4
TKT_004680,CUST_04584,2022-07-24,Product Quality,Low,10,3
TKT_004681,CUST_04368,2022-12-21,App Issue,Low,5,4
TKT_004682,CUST_03994,2022-09-17,Return,High,1,3
TKT_004683,CUST_04501,2024-06-15,Payment,Low,2,1
TKT_004684,CUST_00935,2024-05-24,Other,Medium,7,4
TKT_004685,CUST_04989,2023-03-29,Product Quality,Medium,1,4
TKT_004686,CUST_03818,2024-04-14,Payment,Medium,5,3
TKT_004687,CUST_02336,2024-01-14,Delivery,Medium,1,3
TKT_004688,CUST_02897,2023-05-10,Account,Medium,3,4
TKT_004689,CUST_01429,2022-06-15,Delivery,Medium,10,2
TKT_004690,CUST_02625,2022-02-13,Payment,High,5,3
TKT_004691,CUST_02374,2022-06-30,Account,Medium,1,4
TKT_004692,CUST_04137,2023-08-11,Return,Medium,1,5
TKT_004693,CUST_01376,2022-07-11,Product Quality,High,3,4
TKT_004694,CUST_03649,2022-08-26,Payment,Medium,3,4
TKT_004695,CUST_03870,2024-03-17,Product Quality,Low,1,4
TKT_004696,CUST_00840,2023-02-08,Account,Medium,1,3
TKT_004697,CUST_00605,2023-07-03,Product Quality,Medium,10,3
TKT_004698,CUST_01268,2023-04-11,Delivery,Medium,1,4
TKT_004699,CUST_02800,2024-05-20,Return,Medium,2,4
TKT_004700,CUST_00027,2024-01-13,Payment,Low,2,5
TKT_004701,CUST_00472,2022-12-15,Return,Low,2,5
TKT_004702,CUST_00516,2023-04-27,Product Quality,Medium,3,3
TKT_004703,CUST_02882,2022-09-23,Other,Medium,2,3
TKT_004704,CUST_01237,2024-04-19,App Issue,Low,1,5
TKT_004705,CUST_01692,2023-11-18,Other,Medium,2,4
TKT_004706,CUST_04661,2022-04-30,Payment,Medium,,1
TKT_004707,CUST_04978,2023-10-21,Account,High,10,4
TKT_004708,CUST_03371,2022-06-08,Payment,Medium,3,4
TKT_004709,CUST_04574,2023-03-25,Payment,Low,3,
TKT_004710,CUST_02184,2023-03-17,App Issue,Medium,2,
TKT_004711,CUST_03725,2023-03-06,Other,Medium,7,3
TKT_004712,CUST_00952,2022-09-26,Return,Medium,10,3
TKT_004713,CUST_04686,2024-03-02,Product Quality,Medium,3,4
TKT_004714,CUST_04448,2023-02-15,Account,High,5,5
TKT_004715,CUST_03511,2023-04-28,Payment,High,1,3
TKT_004716,CUST_03002,2023-03-01,Return,Medium,5,3
TKT_004717,CUST_04209,2023-11-04,Other,Medium,,3
TKT_004718,CUST_00081,2022-02-28,Delivery,Low,2,3
TKT_004719,CUST_00634,2023-02-27,Account,Medium,7,1
TKT_004720,CUST_02861,2022-08-01,Delivery,Low,2,2
TKT_004721,CUST_02396,2023-08-23,Account,Low,3,4
TKT_004722,CUST_01548,2022-04-05,App Issue,Medium,3,4
TKT_004723,CUST_01540,2022-05-31,Delivery,Medium,10,4
TKT_004724,CUST_03740,2023-05-15,Other,Medium,3,
TKT_004725,CUST_02632,2022-08-08,Payment,High,2,3
TKT_004726,CUST_02171,2022-07-15,Account,Medium,3,4
TKT_004727,CUST_03435,2023-04-11,Account,Medium,2,5
TKT_004728,CUST_02513,2022-03-10,Payment,High,2,5
TKT_004729,CUST_03652,2022-12-21,Product Quality,High,7,4
TKT_004730,CUST_04183,2024-02-15,Product Quality,Medium,7,5
TKT_004731,CUST_03121,2024-06-16,Payment,Low,3,5
TKT_004732,CUST_04214,2023-12-25,Product Quality,Medium,2,5
TKT_004733,CUST_01097,2023-05-04,Delivery,Low,1,5
TKT_004734,CUST_01637,2024-04-05,Account,Medium,1,4
TKT_004735,CUST_03110,2022-10-21,Payment,High,2,5
TKT_004736,CUST_00200,2023-08-28,Other,Medium,1,
TKT_004737,CUST_00762,2024-05-02,Payment,Low,1,4
TKT_004738,CUST_00996,2023-04-20,Other,High,1,2
TKT_004739,CUST_03240,2023-10-20,Delivery,Low,1,4
TKT_004740,CUST_02739,2022-08-22,App Issue,Low,2,4
TKT_004741,CUST_00662,2024-04-26,App Issue,High,2,5
TKT_004742,CUST_01257,2023-03-25,Payment,Medium,1,4
TKT_004743,CUST_03993,2022-09-25,Other,Medium,2,5
TKT_004744,CUST_03585,2022-03-03,Account,Low,3,4
TKT_004745,CUST_03738,2023-05-30,Account,Medium,2,5
TKT_004746,CUST_01119,2024-04-30,Account,Medium,3,4
TKT_004747,CUST_04735,2024-01-21,Payment,Medium,2,1
TKT_004748,CUST_00762,2022-09-08,Product Quality,Medium,,2
TKT_004749,CUST_03216,2024-03-14,Return,High,3,4
TKT_004750,CUST_00220,2023-04-08,Payment,High,2,4
TKT_004751,CUST_03470,2023-12-24,Account,Low,3,5
TKT_004752,CUST_04703,2023-10-29,App Issue,High,1,4
TKT_004753,CUST_04680,2024-05-14,Payment,Low,3,5
TKT_004754,CUST_01459,2023-02-12,App Issue,High,3,4
TKT_004755,CUST_02776,2022-09-25,Account,Low,1,4
TKT_004756,CUST_04932,2022-01-09,App Issue,Medium,,5
TKT_004757,CUST_02094,2023-11-09,App Issue,High,1,4
TKT_004758,CUST_01831,2022-08-27,Payment,High,1,4
TKT_004759,CUST_02157,2022-09-07,Account,Low,5,3
TKT_004760,CUST_02272,2022-01-30,Product Quality,Medium,2,3
TKT_004761,CUST_00955,2022-08-11,Account,Low,1,4
TKT_004762,CUST_04521,2022-08-29,Account,Medium,1,5
TKT_004763,CUST_01463,2023-09-10,App Issue,Medium,5,4
TKT_004764,CUST_01842,2024-02-27,App Issue,Low,7,4
TKT_004765,CUST_01458,2022-09-07,Payment,High,3,5
TKT_004766,CUST_03168,2023-06-01,Delivery,Low,2,2
TKT_004767,CUST_00446,2024-03-17,Account,Medium,,3
TKT_004768,CUST_03841,2022-01-12,Product Quality,Medium,1,4
TKT_004769,CUST_04244,2022-11-06,Payment,High,7,4
TKT_004770,CUST_03337,2023-08-15,Product Quality,Medium,,5
TKT_004771,CUST_01562,2022-02-13,Payment,Medium,5,5
TKT_004772,CUST_04412,2022-07-16,App Issue,Medium,7,5
TKT_004773,CUST_04833,2023-09-14,Return,Low,1,5
TKT_004774,CUST_02237,2022-08-14,Product Quality,Medium,10,3
TKT_004775,CUST_02121,2024-03-30,Payment,Medium,10,
TKT_004776,CUST_02439,2023-03-12,Delivery,Medium,5,4
TKT_004777,CUST_00353,2022-07-12,Return,Medium,10,4
TKT_004778,CUST_02952,2023-12-04,Return,Low,3,4
TKT_004779,CUST_03721,2022-01-27,Delivery,Low,2,4
TKT_004780,CUST_01885,2023-04-02,Return,Low,1,1
TKT_004781,CUST_00675,2023-05-30,Return,Low,7,4
TKT_004782,CUST_02632,2022-12-17,Account,High,3,4
TKT_004783,CUST_04980,2024-05-28,App Issue,High,,2
TKT_004784,CUST_01099,2024-05-15,Product Quality,Medium,7,3
TKT_004785,CUST_01076,2022-07-09,Product Quality,High,3,2
TKT_004786,CUST_04772,2023-07-19,Delivery,Low,1,3
TKT_004787,CUST_03730,2022-12-31,Product Quality,Low,3,
TKT_004788,CUST_02953,2023-02-23,Other,Medium,1,4
TKT_004789,CUST_04148,2023-02-20,Payment,Medium,1,5
TKT_004790,CUST_01266,2022-01-31,Payment,Medium,3,3
TKT_004791,CUST_02675,2022-06-02,Payment,Medium,1,5
TKT_004792,CUST_04872,2023-01-20,Payment,Low,5,3
TKT_004793,CUST_01754,2023-04-19,Delivery,Medium,3,
TKT_004794,CUST_00509,2022-12-19,Delivery,Medium,1,5
TKT_004795,CUST_00796,2023-12-19,Payment,Medium,,5
TKT_004796,CUST_03884,2023-09-17,App Issue,Medium,,1
TKT_004797,CUST_02465,2024-01-04,Delivery,Medium,2,5
TKT_004798,CUST_02288,2023-12-02,App Issue,Medium,1,3
TKT_004799,CUST_03537,2023-10-21,Payment,Medium,5,5
TKT_004800,CUST_00811,2022-04-16,Return,Medium,5,4
TKT_004801,CUST_00522,2022-07-19,Account,Medium,3,4
TKT_004802,CUST_04473,2022-12-06,Payment,Low,7,5
TKT_004803,CUST_02450,2022-03-26,App Issue,Medium,5,1
TKT_004804,CUST_02167,2023-07-01,Product Quality,Medium,1,4
TKT_004805,CUST_01342,2024-04-01,Delivery,Medium,5,2
TKT_004806,CUST_01081,2022-03-23,Product Quality,Low,3,
TKT_004807,CUST_04175,2022-04-18,Delivery,Medium,2,2
TKT_004808,CUST_03596,2022-06-17,Payment,Medium,2,5
TKT_004809,CUST_03754,2023-03-29,Product Quality,High,5,4
TKT_004810,CUST_03754,2023-05-01,Delivery,High,2,5
TKT_004811,CUST_00641,2024-03-28,Product Quality,Medium,2,5
TKT_004812,CUST_03203,2023-08-02,Product Quality,High,2,2
TKT_004813,CUST_01640,2023-08-13,Payment,Medium,7,3
TKT_004814,CUST_04151,2024-03-16,Product Quality,Medium,3,4
TKT_004815,CUST_01415,2022-04-19,Delivery,Medium,3,4
TKT_004816,CUST_02022,2024-03-03,Account,High,2,3
TKT_004817,CUST_04367,2023-02-19,Return,Medium,2,5
TKT_004818,CUST_04573,2023-05-16,Account,High,2,4
TKT_004819,CUST_00056,2022-02-26,Delivery,Medium,2,2
TKT_004820,CUST_03845,2024-02-05,Account,High,2,4
TKT_004821,CUST_01869,2022-06-02,Product Quality,Medium,1,3
TKT_004822,CUST_03243,2023-02-09,Product Quality,Low,3,5
TKT_004823,CUST_03864,2024-03-03,Delivery,Medium,1,
TKT_004824,CUST_03817,2022-10-07,App Issue,High,2,5
TKT_004825,CUST_01456,2022-05-01,Return,Low,5,4
TKT_004826,CUST_03420,2023-11-12,Payment,Low,2,4
TKT_004827,CUST_03627,2024-03-15,Account,High,5,3
TKT_004828,CUST_01676,2024-03-14,Payment,Medium,2,4
TKT_004829,CUST_04438,2022-12-15,Return,Low,2,
TKT_004830,CUST_02787,2023-08-06,Account,Low,3,4
TKT_004831,CUST_04254,2023-07-30,Payment,Medium,3,4
TKT_004832,CUST_00563,2022-04-13,Delivery,Medium,,5
TKT_004833,CUST_02236,2022-12-19,Payment,Low,10,3
TKT_004834,CUST_02010,2022-11-22,Account,Medium,7,3
TKT_004835,CUST_03006,2022-01-20,Delivery,Low,1,3
TKT_004836,CUST_00738,2024-03-23,App Issue,Medium,2,3
TKT_004837,CUST_02291,2023-10-02,Other,Medium,7,5
TKT_004838,CUST_03435,2022-01-06,Product Quality,Medium,10,4
TKT_004839,CUST_03177,2024-02-22,Delivery,Medium,,4
TKT_004840,CUST_04633,2022-04-18,Other,Low,5,5
TKT_004841,CUST_03540,2023-03-11,Product Quality,High,2,
TKT_004842,CUST_00340,2024-01-29,Account,Medium,3,2
TKT_004843,CUST_00462,2022-07-08,App Issue,Medium,5,4
TKT_004844,CUST_04737,2023-12-24,Other,Medium,5,5
TKT_004845,CUST_03667,2023-01-27,Return,Low,3,5
TKT_004846,CUST_00623,2023-12-27,App Issue,Medium,5,5
TKT_004847,CUST_00023,2023-11-18,App Issue,Medium,3,5
TKT_004848,CUST_02247,2023-09-21,Product Quality,Medium,5,4
TKT_004849,CUST_00389,2022-05-16,Delivery,Medium,5,
TKT_004850,CUST_01350,2023-07-21,Account,High,1,3
TKT_004851,CUST_04330,2022-06-30,Return,Medium,2,5
TKT_004852,CUST_03968,2023-11-20,Other,High,5,5
TKT_004853,CUST_00314,2022-02-01,Return,Medium,3,5
TKT_004854,CUST_03040,2022-06-24,Account,Low,5,4
TKT_004855,CUST_02710,2022-05-22,Account,Low,1,4
TKT_004856,CUST_04552,2023-03-11,Delivery,Medium,7,3
TKT_004857,CUST_00368,2023-04-09,Account,Low,5,3
TKT_004858,CUST_04562,2023-03-12,Return,High,2,
TKT_004859,CUST_01830,2024-02-25,Payment,Medium,2,3
TKT_004860,CUST_01773,2024-04-07,Delivery,Medium,1,2
TKT_004861,CUST_03052,2023-03-16,Other,Low,3,4
TKT_004862,CUST_01863,2022-01-04,Delivery,Medium,3,5
TKT_004863,CUST_04380,2022-03-17,Payment,High,,5
TKT_004864,CUST_00148,2023-06-04,Return,Medium,,2
TKT_004865,CUST_02218,2022-06-19,Product Quality,Medium,3,4
TKT_004866,CUST_04715,2023-09-27,Other,Low,1,4
TKT_004867,CUST_02993,2022-02-10,App Issue,High,5,3
TKT_004868,CUST_00270,2022-03-13,Return,Low,3,5
TKT_004869,CUST_03958,2022-04-13,Payment,High,1,
TKT_004870,CUST_04729,2023-09-02,Return,High,2,5
TKT_004871,CUST_02094,2022-06-15,Delivery,High,3,5
TKT_004872,CUST_00569,2023-02-25,Return,Medium,3,5
TKT_004873,CUST_01613,2023-01-14,Account,High,1,4
TKT_004874,CUST_04864,2024-01-08,Product Quality,Medium,1,1
TKT_004875,CUST_03588,2024-03-10,App Issue,Medium,,4
TKT_004876,CUST_01133,2023-07-16,Delivery,High,5,1
TKT_004877,CUST_00392,2024-06-12,Payment,Medium,2,2
TKT_004878,CUST_00857,2022-09-08,Product Quality,Low,5,2
TKT_004879,CUST_02205,2023-04-08,App Issue,Medium,5,4
TKT_004880,CUST_03213,2023-01-08,Payment,Medium,3,5
TKT_004881,CUST_04520,2022-07-22,App Issue,Low,5,3
TKT_004882,CUST_04786,2022-05-02,Other,Low,2,5
TKT_004883,CUST_04267,2022-09-06,Product Quality,Low,5,3
TKT_004884,CUST_00207,2024-03-07,Account,Medium,7,5
TKT_004885,CUST_00592,2024-05-02,Payment,Medium,2,4
TKT_004886,CUST_02328,2022-11-28,Product Quality,High,3,5
TKT_004887,CUST_02457,2022-08-25,Product Quality,Medium,5,4
TKT_004888,CUST_03740,2023-12-19,Other,Medium,5,4
TKT_004889,CUST_00862,2022-11-26,Delivery,Low,7,4
TKT_004890,CUST_04803,2022-12-01,Other,High,1,3
TKT_004891,CUST_03711,2023-04-17,App Issue,Low,5,5
TKT_004892,CUST_01349,2022-09-29,App Issue,Medium,2,5
TKT_004893,CUST_01690,2022-11-13,Delivery,Low,7,4
TKT_004894,CUST_01360,2023-06-26,Product Quality,Medium,1,3
TKT_004895,CUST_04289,2024-04-12,Product Quality,Medium,5,4
TKT_004896,CUST_01804,2022-06-19,Return,Low,1,5
TKT_004897,CUST_04555,2022-10-04,Delivery,Low,1,5
TKT_004898,CUST_02455,2023-07-20,Product Quality,Medium,2,5
TKT_004899,CUST_02688,2023-10-29,Product Quality,Medium,3,4
TKT_004900,CUST_04747,2022-06-30,Product Quality,Medium,5,2
TKT_004901,CUST_01152,2022-12-03,Account,Low,,3
TKT_004902,CUST_03915,2022-06-24,Account,Medium,3,3
TKT_004903,CUST_02851,2023-04-12,Other,Medium,10,5
TKT_004904,CUST_00860,2022-08-13,App Issue,Low,5,3
TKT_004905,CUST_00579,2022-08-06,Payment,Medium,1,4
TKT_004906,CUST_00115,2022-06-13,Account,Medium,2,2
TKT_004907,CUST_02960,2022-12-23,Delivery,Low,1,3
TKT_004908,CUST_04046,2023-09-30,App Issue,Medium,3,3
TKT_004909,CUST_02917,2022-02-11,Account,Medium,1,2
TKT_004910,CUST_01426,2022-06-10,Other,High,3,4
TKT_004911,CUST_04233,2022-12-03,App Issue,Medium,2,4
TKT_004912,CUST_04236,2022-04-16,Product Quality,Low,1,3
TKT_004913,CUST_01364,2023-12-23,Return,Medium,5,3
TKT_004914,CUST_02460,2022-08-06,App Issue,Medium,3,
TKT_004915,CUST_04719,2022-09-20,Payment,Medium,7,5
TKT_004916,CUST_00518,2022-06-11,Product Quality,Medium,2,5
TKT_004917,CUST_01681,2023-09-17,Other,Low,2,4
TKT_004918,CUST_02500,2023-04-01,Delivery,Low,3,4
TKT_004919,CUST_04199,2022-01-01,Delivery,High,1,5
TKT_004920,CUST_00602,2022-03-04,Return,Low,,3
TKT_004921,CUST_03607,2022-09-06,Return,Medium,10,4
TKT_004922,CUST_00420,2022-11-02,Product Quality,Medium,3,5
TKT_004923,CUST_01123,2022-06-24,Product Quality,Medium,1,5
TKT_004924,CUST_02020,2022-07-26,Account,High,1,2
TKT_004925,CUST_04764,2024-01-29,Product Quality,Medium,3,2
TKT_004926,CUST_03796,2022-12-22,Return,High,2,5
TKT_004927,CUST_01479,2022-05-14,Product Quality,Low,1,3
TKT_004928,CUST_04937,2024-01-22,App Issue,Low,3,5
TKT_004929,CUST_00936,2023-04-02,Delivery,High,10,3
TKT_004930,CUST_03468,2023-09-19,Delivery,Medium,5,3
TKT_004931,CUST_02213,2022-03-24,Return,Medium,10,3
TKT_004932,CUST_00298,2024-03-20,Account,Medium,3,4
TKT_004933,CUST_00533,2023-03-14,Other,Low,7,4
TKT_004934,CUST_01341,2023-04-17,Product Quality,Medium,3,
TKT_004935,CUST_04532,2022-06-24,App Issue,Medium,5,2
TKT_004936,CUST_04744,2024-06-11,App Issue,Medium,1,5
TKT_004937,CUST_01959,2022-12-10,Other,Medium,5,
TKT_004938,CUST_01710,2022-09-12,Payment,Medium,2,3
TKT_004939,CUST_00939,2023-02-18,Product Quality,High,7,4
TKT_004940,CUST_03534,2022-05-23,Other,Medium,3,5
TKT_004941,CUST_02404,2022-12-29,Delivery,High,10,
TKT_004942,CUST_02880,2022-02-12,Delivery,Medium,1,5
TKT_004943,CUST_02670,2022-03-23,Return,Medium,2,
TKT_004944,CUST_04497,2022-04-24,Account,Medium,3,4
TKT_004945,CUST_00155,2023-09-08,Payment,Low,1,4
TKT_004946,CUST_01925,2024-02-06,Return,Medium,1,4
TKT_004947,CUST_04615,2022-03-08,Other,Medium,2,4
TKT_004948,CUST_03978,2022-07-18,Other,Medium,2,4
TKT_004949,CUST_04321,2022-11-18,Other,Low,2,3
TKT_004950,CUST_01738,2022-05-13,Payment,Low,3,5
TKT_004951,CUST_04446,2023-11-15,App Issue,Low,1,4
TKT_004952,CUST_03925,2023-02-27,Delivery,High,3,4
TKT_004953,CUST_03999,2023-04-28,Account,High,1,3
TKT_004954,CUST_00374,2022-06-04,Account,Medium,3,
TKT_004955,CUST_04281,2023-01-25,App Issue,Medium,5,2
TKT_004956,CUST_02405,2023-02-14,Other,High,1,5
TKT_004957,CUST_01356,2023-06-17,Other,High,10,4
TKT_004958,CUST_02323,2022-03-17,Product Quality,Low,1,5
TKT_004959,CUST_00142,2024-06-18,Product Quality,High,10,
TKT_004960,CUST_02858,2023-07-17,Product Quality,Medium,5,4
TKT_004961,CUST_00056,2022-10-26,App Issue,Medium,2,1
TKT_004962,CUST_00414,2023-07-24,App Issue,Medium,1,2
TKT_004963,CUST_02572,2023-12-02,Return,Medium,5,3
TKT_004964,CUST_03079,2022-09-22,Other,High,5,4
TKT_004965,CUST_04711,2023-05-22,Return,Medium,2,5
TKT_004966,CUST_02162,2023-01-09,Return,Medium,2,5
TKT_004967,CUST_03469,2023-02-22,Other,Medium,3,5
TKT_004968,CUST_04840,2023-06-17,Return,High,7,4
TKT_004969,CUST_03038,2022-02-22,Payment,Medium,5,4
TKT_004970,CUST_03380,2024-03-04,Product Quality,Low,5,3
TKT_004971,CUST_02553,2024-05-04,Other,High,1,2
TKT_004972,CUST_01302,2022-03-03,Other,Medium,,3
TKT_004973,CUST_03775,2023-10-10,Return,Medium,1,3
TKT_004974,CUST_04529,2023-11-29,Payment,High,5,5
TKT_004975,CUST_01666,2023-10-17,App Issue,Medium,7,4
TKT_004976,CUST_03641,2024-05-18,Delivery,Medium,1,5
TKT_004977,CUST_03335,2023-09-18,Account,Low,7,4
TKT_004978,CUST_01312,2022-10-13,Payment,Medium,3,2
TKT_004979,CUST_00214,2023-12-17,Other,Medium,7,1
TKT_004980,CUST_02153,2022-08-25,Return,Medium,5,5
TKT_004981,CUST_04398,2024-06-06,Other,Low,3,5
TKT_004982,CUST_04446,2024-02-11,Delivery,Low,3,4
TKT_004983,CUST_00491,2022-07-20,Other,Medium,1,4
TKT_004984,CUST_01437,2024-03-20,Delivery,Medium,1,3
TKT_004985,CUST_00361,2022-03-17,Return,Low,3,3
TKT_004986,CUST_04989,2022-09-25,Account,High,7,5
TKT_004987,CUST_04793,2022-04-18,Other,Medium,1,
TKT_004988,CUST_00144,2022-04-03,Product Quality,Medium,2,4
TKT_004989,CUST_04223,2022-11-28,Product Quality,Medium,1,4
TKT_004990,CUST_03202,2024-05-13,Delivery,Medium,7,4
TKT_004991,CUST_03665,2023-07-25,App Issue,Medium,2,3
TKT_004992,CUST_04964,2023-09-26,Delivery,Medium,1,4
TKT_004993,CUST_01183,2022-12-23,Return,Medium,2,4
TKT_004994,CUST_03741,2022-01-15,Delivery,Medium,5,4
TKT_004995,CUST_03454,2022-09-27,Account,Medium,5,5
TKT_004996,CUST_00233,2023-11-25,Return,Medium,,
TKT_004997,CUST_04484,2023-05-10,Return,Medium,5,3
TKT_004998,CUST_01568,2022-08-10,Account,Medium,1,5
TKT_004999,CUST_04377,2022-05-07,Other,Medium,1,2
TKT_005000,CUST_00630,2023-09-05,Return,Medium,2,
TKT_005001,CUST_02532,2022-09-12,Product Quality,High,3,5
TKT_005002,CUST_01210,2023-04-06,Delivery,Low,5,5
TKT_005003,CUST_03497,2022-02-18,Payment,High,2,5
TKT_005004,CUST_04834,2023-09-15,App Issue,Low,1,5
TKT_005005,CUST_02012,2023-04-15,Return,High,5,4
TKT_005006,CUST_01565,2023-11-05,Product Quality,Low,2,3
TKT_005007,CUST_00726,2022-05-14,Payment,Medium,2,4
TKT_005008,CUST_00607,2024-01-31,Other,High,3,5
TKT_005009,CUST_02213,2024-02-21,App Issue,Low,10,3
TKT_005010,CUST_00627,2022-05-30,Payment,High,5,4
TKT_005011,CUST_03748,2022-08-22,Other,Low,2,4
TKT_005012,CUST_03137,2023-01-24,Other,High,1,3
TKT_005013,CUST_03431,2022-07-20,Product Quality,High,2,4
TKT_005014,CUST_03358,2024-01-28,Product Quality,Low,1,5
TKT_005015,CUST_01394,2023-08-22,Account,High,5,4
TKT_005016,CUST_03346,2023-08-29,Payment,Medium,3,
TKT_005017,CUST_00413,2023-04-16,Return,High,2,4
TKT_005018,CUST_04337,2024-05-23,Payment,Medium,5,5
TKT_005019,CUST_00105,2023-07-06,Product Quality,Low,3,4
TKT_005020,CUST_03737,2023-03-21,Return,Medium,2,4
TKT_005021,CUST_01969,2024-04-19,Other,Low,2,4
TKT_005022,CUST_01256,2023-12-13,Other,Medium,1,4
TKT_005023,CUST_01105,2022-02-16,Other,Medium,7,4
TKT_005024,CUST_00676,2023-08-12,Return,Medium,5,2
TKT_005025,CUST_02350,2023-09-30,Product Quality,High,3,5
TKT_005026,CUST_03508,2022-12-23,Payment,Low,2,3
TKT_005027,CUST_02820,2022-12-04,Product Quality,Medium,2,5
TKT_005028,CUST_03599,2022-10-03,App Issue,Medium,2,
TKT_005029,CUST_01092,2022-10-09,Return,Medium,2,5
TKT_005030,CUST_01133,2024-04-21,Return,Medium,5,3
TKT_005031,CUST_00550,2022-07-28,Other,Low,2,3
TKT_005032,CUST_02392,2024-06-03,App Issue,Low,3,1
TKT_005033,CUST_02725,2022-12-29,Product Quality,Low,1,4
TKT_005034,CUST_00547,2023-01-23,App Issue,Medium,5,1
TKT_005035,CUST_00129,2023-11-22,Product Quality,Medium,2,1
TKT_005036,CUST_01235,2022-02-07,Return,Low,10,
TKT_005037,CUST_01935,2023-07-22,Account,Medium,2,5
TKT_005038,CUST_02629,2023-05-21,Product Quality,Medium,1,3
TKT_005039,CUST_01227,2022-05-29,Other,Medium,7,5
TKT_005040,CUST_00982,2023-12-21,Payment,Low,,4
TKT_005041,CUST_00067,2023-12-11,App Issue,Low,10,4
TKT_005042,CUST_01640,2022-03-12,Other,High,2,3
TKT_005043,CUST_00139,2023-02-19,App Issue,Medium,1,3
TKT_005044,CUST_01695,2022-01-24,Product Quality,Low,2,4
TKT_005045,CUST_01430,2023-08-29,Payment,Low,,3
TKT_005046,CUST_01730,2023-09-24,App Issue,Medium,1,5
TKT_005047,CUST_04668,2024-02-22,Delivery,Medium,7,4
TKT_005048,CUST_03212,2022-11-19,Payment,Medium,1,3
TKT_005049,CUST_01056,2022-10-10,Payment,Medium,3,5
TKT_005050,CUST_00416,2022-07-09,Other,High,3,5
TKT_005051,CUST_02679,2024-06-18,App Issue,Medium,2,4
TKT_005052,CUST_00956,2023-02-27,Payment,High,10,3
TKT_005053,CUST_00801,2024-04-27,Other,Medium,7,4
TKT_005054,CUST_03012,2024-06-12,Return,Medium,3,5
TKT_005055,CUST_01405,2024-05-11,Product Quality,Low,1,4
TKT_005056,CUST_02245,2023-07-09,App Issue,Medium,3,3
TKT_005057,CUST_04570,2022-01-02,Other,Medium,1,5
TKT_005058,CUST_00831,2023-07-02,Return,Medium,3,5
TKT_005059,CUST_03452,2023-09-20,Payment,Medium,1,2
TKT_005060,CUST_00288,2024-05-08,App Issue,Low,1,4
TKT_005061,CUST_03589,2023-04-24,Other,Medium,1,3
TKT_005062,CUST_01885,2022-09-29,Payment,Medium,3,4
TKT_005063,CUST_03469,2023-08-09,App Issue,Medium,1,5
TKT_005064,CUST_02449,2023-02-20,Other,Low,1,
TKT_005065,CUST_02602,2024-06-11,Product Quality,High,7,5
TKT_005066,CUST_04310,2022-11-10,Return,Low,2,4
TKT_005067,CUST_04469,2022-10-25,Payment,Medium,5,5
TKT_005068,CUST_02667,2024-05-26,Product Quality,Low,1,4
TKT_005069,CUST_03359,2022-10-17,App Issue,Low,2,4
TKT_005070,CUST_03100,2023-11-16,Product Quality,Low,2,4
TKT_005071,CUST_04219,2022-03-21,App Issue,Medium,1,3
TKT_005072,CUST_03065,2022-04-19,Return,Medium,2,3
TKT_005073,CUST_01027,2024-01-17,Other,Medium,2,5
TKT_005074,CUST_00925,2023-04-16,Product Quality,Medium,1,
TKT_005075,CUST_03057,2023-05-23,Payment,Medium,1,5
TKT_005076,CUST_04176,2022-11-15,Account,High,3,3
TKT_005077,CUST_00861,2024-05-26,Delivery,Medium,,4
TKT_005078,CUST_03530,2022-01-03,Payment,Low,7,2
TKT_005079,CUST_03597,2024-02-18,Other,Low,2,4
TKT_005080,CUST_01533,2023-06-01,Product Quality,High,10,4
TKT_005081,CUST_04777,2024-05-01,Return,High,1,4
TKT_005082,CUST_02287,2022-04-30,Return,Medium,2,3
TKT_005083,CUST_04226,2022-08-17,Payment,Medium,2,5
TKT_005084,CUST_00842,2024-01-09,App Issue,Medium,1,5
TKT_005085,CUST_04628,2023-01-07,Delivery,Low,2,5
TKT_005086,CUST_02891,2023-12-15,Product Quality,High,2,2
TKT_005087,CUST_03749,2023-12-27,Account,Medium,1,3
TKT_005088,CUST_03547,2023-07-01,Other,Medium,1,4
TKT_005089,CUST_03707,2022-08-27,Other,Medium,1,4
TKT_005090,CUST_03589,2022-04-19,Other,Medium,2,1
TKT_005091,CUST_04886,2022-05-12,Payment,Medium,3,5
TKT_005092,CUST_00708,2023-12-02,Return,Low,3,3
TKT_005093,CUST_00046,2022-05-29,Product Quality,Low,3,2
TKT_005094,CUST_04295,2022-07-09,Return,High,7,4
TKT_005095,CUST_02467,2022-12-31,Other,Medium,2,3
TKT_005096,CUST_02030,2023-12-25,Return,High,1,2
TKT_005097,CUST_03319,2023-11-24,Delivery,Low,2,4
TKT_005098,CUST_04992,2024-03-26,Product Quality,Medium,3,4
TKT_005099,CUST_01754,2022-02-16,Other,Medium,7,1
TKT_005100,CUST_02744,2022-01-17,App Issue,Medium,3,5
TKT_005101,CUST_01851,2023-11-25,Other,Low,3,5
TKT_005102,CUST_03837,2023-02-03,Delivery,Medium,5,3
TKT_005103,CUST_03786,2022-08-14,Payment,Medium,2,4
TKT_005104,CUST_04348,2022-09-25,Other,Medium,3,5
TKT_005105,CUST_01609,2024-02-04,Return,High,3,4
TKT_005106,CUST_03245,2023-03-25,App Issue,Low,3,4
TKT_005107,CUST_03264,2023-03-26,Delivery,Medium,1,3
TKT_005108,CUST_02299,2023-01-20,Payment,Medium,2,2
TKT_005109,CUST_00659,2022-03-29,Delivery,Low,2,4
TKT_005110,CUST_04383,2023-04-08,Delivery,Medium,3,5
TKT_005111,CUST_00019,2023-06-12,App Issue,Low,5,1
TKT_005112,CUST_02768,2023-03-08,Account,High,5,5
TKT_005113,CUST_02530,2023-05-09,Account,Low,5,4
TKT_005114,CUST_02643,2024-04-21,Other,Medium,2,5
TKT_005115,CUST_04990,2022-09-26,Product Quality,Medium,1,1
TKT_005116,CUST_01512,2023-07-11,Product Quality,High,2,5
TKT_005117,CUST_00267,2023-09-14,Delivery,Medium,3,3
TKT_005118,CUST_04105,2023-06-14,App Issue,Low,5,5
TKT_005119,CUST_01510,2023-10-21,Other,High,3,3
TKT_005120,CUST_00153,2023-10-04,Delivery,High,2,4
TKT_005121,CUST_04532,2023-06-08,Payment,High,1,1
TKT_005122,CUST_01683,2022-11-22,Account,Low,3,5
TKT_005123,CUST_04973,2022-10-20,App Issue,Low,2,1
TKT_005124,CUST_02551,2022-06-21,App Issue,Medium,3,4
TKT_005125,CUST_02380,2024-04-22,App Issue,Low,5,3
TKT_005126,CUST_01730,2023-04-09,Payment,High,1,4
TKT_005127,CUST_02824,2022-12-03,Return,High,,5
TKT_005128,CUST_03745,2024-01-04,App Issue,Medium,2,
TKT_005129,CUST_02024,2023-12-04,Product Quality,High,10,2
TKT_005130,CUST_01274,2022-11-07,Other,Low,1,3
TKT_005131,CUST_03082,2023-12-03,Return,Medium,10,2
TKT_005132,CUST_04846,2023-12-05,Account,Medium,3,4
TKT_005133,CUST_04931,2023-06-17,Payment,Low,3,4
TKT_005134,CUST_01499,2024-01-23,App Issue,Low,7,5
TKT_005135,CUST_03755,2022-11-21,App Issue,High,7,5
TKT_005136,CUST_02450,2022-08-23,Return,High,3,3
TKT_005137,CUST_01176,2024-05-22,Account,Medium,1,2
TKT_005138,CUST_03772,2024-01-28,Payment,Medium,3,3
TKT_005139,CUST_04620,2023-08-19,Product Quality,Medium,2,3
TKT_005140,CUST_01212,2023-02-26,Other,Medium,3,5
TKT_005141,CUST_02787,2023-07-25,Product Quality,Low,10,5
TKT_005142,CUST_00669,2023-05-06,Other,Low,5,5
TKT_005143,CUST_00932,2022-08-26,Delivery,Low,2,5
TKT_005144,CUST_03235,2023-06-26,Account,Medium,1,2
TKT_005145,CUST_01172,2022-10-29,Return,Medium,1,
TKT_005146,CUST_03740,2022-02-21,Delivery,Medium,7,4
TKT_005147,CUST_01903,2022-11-19,Delivery,Medium,10,2
TKT_005148,CUST_01961,2022-12-16,Return,Medium,1,5
TKT_005149,CUST_01968,2024-04-09,Payment,Medium,1,4
TKT_005150,CUST_04665,2023-01-16,Other,Medium,10,4
TKT_005151,CUST_00294,2024-05-16,Return,Low,2,5
TKT_005152,CUST_03501,2023-02-17,Account,High,2,5
TKT_005153,CUST_00305,2023-05-13,Delivery,Medium,,4
TKT_005154,CUST_01758,2024-06-05,Return,Low,2,5
TKT_005155,CUST_02159,2023-07-27,Payment,Medium,1,3
TKT_005156,CUST_02295,2022-05-28,Account,Medium,10,5
TKT_005157,CUST_00044,2024-04-30,Return,High,2,4
TKT_005158,CUST_04569,2023-04-24,Product Quality,High,2,3
TKT_005159,CUST_01653,2022-11-26,Payment,Medium,5,4
TKT_005160,CUST_00922,2024-03-28,Account,Low,2,5
TKT_005161,CUST_00313,2022-11-21,Return,Medium,1,5
TKT_005162,CUST_04356,2023-08-22,Delivery,High,1,3
TKT_005163,CUST_02470,2023-05-05,App Issue,Medium,2,4
TKT_005164,CUST_01046,2023-09-11,Product Quality,Low,1,3
TKT_005165,CUST_04822,2024-03-30,Return,High,3,3
TKT_005166,CUST_02654,2023-09-19,Other,Low,2,5
TKT_005167,CUST_01586,2023-02-20,Product Quality,Low,2,1
TKT_005168,CUST_01201,2023-03-11,Other,Low,1,5
TKT_005169,CUST_04036,2023-08-09,Payment,High,,4
TKT_005170,CUST_01158,2022-10-19,Account,Medium,3,5
TKT_005171,CUST_00453,2022-06-18,Delivery,High,2,5
TKT_005172,CUST_03959,2022-06-18,Other,Medium,2,4
TKT_005173,CUST_03799,2022-11-07,Delivery,Low,2,5
TKT_005174,CUST_03922,2022-07-16,App Issue,Medium,5,3
TKT_005175,CUST_01671,2024-02-27,Product Quality,Medium,2,5
TKT_005176,CUST_04629,2023-05-05,App Issue,Medium,2,5
TKT_005177,CUST_00556,2022-02-28,Return,Medium,7,4
TKT_005178,CUST_01095,2022-02-02,Return,Medium,3,4
TKT_005179,CUST_00508,2022-08-15,Product Quality,Medium,3,5
TKT_005180,CUST_04528,2022-09-15,Delivery,Medium,3,4
TKT_005181,CUST_04784,2022-07-23,Other,High,1,
TKT_005182,CUST_04700,2023-08-12,Other,Medium,1,3
TKT_005183,CUST_02809,2023-10-29,Product Quality,Low,1,3
TKT_005184,CUST_03927,2022-02-11,Other,Low,2,5
TKT_005185,CUST_04805,2022-10-22,Account,Medium,1,2
TKT_005186,CUST_03575,2024-01-06,Delivery,Low,2,5
TKT_005187,CUST_04673,2024-04-11,Payment,Medium,2,5
TKT_005188,CUST_01085,2022-02-01,Delivery,Medium,5,5
TKT_005189,CUST_03522,2022-07-31,Delivery,Low,5,1
TKT_005190,CUST_04492,2022-10-17,App Issue,Low,2,5
TKT_005191,CUST_04797,2022-12-16,Other,Low,1,2
TKT_005192,CUST_04757,2022-03-23,Payment,High,3,3
TKT_005193,CUST_03332,2022-03-06,Return,Low,3,2
TKT_005194,CUST_01486,2023-04-18,Other,Low,2,3
TKT_005195,CUST_04104,2023-08-10,Return,Medium,1,1
TKT_005196,CUST_04391,2024-06-14,Payment,Medium,1,4
TKT_005197,CUST_00759,2023-04-07,Delivery,Medium,2,4
TKT_005198,CUST_00741,2024-03-08,Other,Low,1,4
TKT_005199,CUST_04406,2023-02-09,Product Quality,Medium,2,4
TKT_005200,CUST_01573,2024-03-24,App Issue,High,5,4
TKT_005201,CUST_02444,2023-01-16,Delivery,Medium,5,2
TKT_005202,CUST_04994,2023-02-20,Account,Medium,3,5
TKT_005203,CUST_00259,2022-09-15,App Issue,Low,3,
TKT_005204,CUST_04164,2022-06-27,Delivery,High,5,4
TKT_005205,CUST_03962,2022-03-10,Account,Low,3,5
TKT_005206,CUST_04480,2022-06-14,Payment,High,10,5
TKT_005207,CUST_03886,2023-04-14,Delivery,Medium,5,3
TKT_005208,CUST_04421,2024-01-03,Product Quality,Medium,1,4
TKT_005209,CUST_04758,2023-07-01,Payment,Medium,2,5
TKT_005210,CUST_00159,2022-06-01,Delivery,Low,5,4
TKT_005211,CUST_00186,2022-09-02,Account,High,3,3
TKT_005212,CUST_03066,2023-09-25,Payment,Low,5,5
TKT_005213,CUST_04195,2023-05-21,Return,Medium,10,3
TKT_005214,CUST_03541,2022-09-09,Delivery,Medium,2,4
TKT_005215,CUST_01403,2023-02-27,Product Quality,Medium,7,4
TKT_005216,CUST_04793,2022-04-24,Payment,Medium,1,4
TKT_005217,CUST_04388,2022-05-02,Delivery,Low,1,5
TKT_005218,CUST_04614,2024-01-11,App Issue,High,10,4
TKT_005219,CUST_03256,2023-05-16,Product Quality,Medium,2,3
TKT_005220,CUST_02127,2022-09-13,Product Quality,Medium,5,4
TKT_005221,CUST_03499,2023-12-19,App Issue,Medium,3,4
TKT_005222,CUST_00932,2022-12-14,Other,Medium,7,4
TKT_005223,CUST_04093,2023-02-07,App Issue,High,5,4
TKT_005224,CUST_02159,2022-07-12,Return,Medium,1,4
TKT_005225,CUST_02782,2022-07-22,Other,Low,1,4
TKT_005226,CUST_02626,2024-03-03,Account,Low,2,1
TKT_005227,CUST_00556,2022-11-24,App Issue,Medium,1,5
TKT_005228,CUST_03257,2023-05-29,App Issue,Low,3,4
TKT_005229,CUST_02659,2022-04-09,Other,Low,1,3
TKT_005230,CUST_04194,2024-04-14,Delivery,Medium,3,5
TKT_005231,CUST_00898,2023-01-09,Delivery,Low,3,4
TKT_005232,CUST_00425,2022-08-07,Delivery,Medium,3,
TKT_005233,CUST_00352,2024-02-04,App Issue,Low,3,4
TKT_005234,CUST_03448,2022-07-25,Payment,Medium,3,5
TKT_005235,CUST_01390,2022-11-14,Delivery,High,2,5
TKT_005236,CUST_01579,2024-06-06,Delivery,Medium,5,5
TKT_005237,CUST_02704,2022-09-23,Delivery,Medium,1,5
TKT_005238,CUST_00611,2022-01-10,Account,Medium,5,4
TKT_005239,CUST_01780,2024-04-25,App Issue,Medium,10,4
TKT_005240,CUST_04129,2022-01-22,Delivery,Low,,3
TKT_005241,CUST_00916,2022-01-26,App Issue,Low,5,2
TKT_005242,CUST_00258,2023-05-15,Payment,High,5,3
TKT_005243,CUST_03662,2023-03-15,Product Quality,Low,3,5
TKT_005244,CUST_03621,2024-02-02,Delivery,Medium,3,5
TKT_005245,CUST_04502,2022-11-03,Account,Low,2,5
TKT_005246,CUST_03765,2024-01-07,Other,Low,3,5
TKT_005247,CUST_03860,2023-06-26,Account,Medium,3,4
TKT_005248,CUST_01241,2023-08-01,Other,Medium,7,
TKT_005249,CUST_03139,2023-02-04,App Issue,Low,5,5
TKT_005250,CUST_01755,2023-06-05,App Issue,Medium,2,5
TKT_005251,CUST_01567,2022-06-14,Product Quality,Medium,1,1
TKT_005252,CUST_02722,2022-04-16,App Issue,Medium,5,5
TKT_005253,CUST_00719,2023-06-22,Other,Low,3,4
TKT_005254,CUST_00228,2022-03-22,Delivery,Medium,3,4
TKT_005255,CUST_01309,2022-12-25,Return,High,3,
TKT_005256,CUST_01346,2022-03-16,Other,Medium,5,5
TKT_005257,CUST_01278,2023-10-07,Other,Medium,3,
TKT_005258,CUST_03668,2022-12-18,Account,Medium,7,
TKT_005259,CUST_04035,2022-10-02,Other,Medium,1,4
TKT_005260,CUST_00917,2024-02-26,Payment,High,10,4
TKT_005261,CUST_02828,2023-05-09,Product Quality,High,2,5
TKT_005262,CUST_04070,2022-06-07,Product Quality,High,3,3
TKT_005263,CUST_01623,2023-11-30,Return,High,7,4
TKT_005264,CUST_01364,2022-10-08,Other,Medium,2,5
TKT_005265,CUST_04357,2024-02-09,Return,High,5,5
TKT_005266,CUST_01084,2022-04-19,Delivery,Medium,3,4
TKT_005267,CUST_03098,2023-05-23,Return,Medium,2,5
TKT_005268,CUST_00331,2022-10-03,Return,High,1,4
TKT_005269,CUST_03106,2023-06-08,Return,Medium,3,4
TKT_005270,CUST_02533,2022-03-07,Other,Medium,1,5
TKT_005271,CUST_01153,2023-09-26,Account,Medium,5,5
TKT_005272,CUST_04324,2023-11-25,Account,High,5,5
TKT_005273,CUST_01160,2023-07-06,Payment,Low,1,4
TKT_005274,CUST_01365,2022-07-02,Payment,Medium,1,5
TKT_005275,CUST_03178,2023-06-03,Return,Medium,5,4
TKT_005276,CUST_02860,2023-05-14,Payment,Medium,5,5
TKT_005277,CUST_01752,2024-02-18,Delivery,Medium,1,5
TKT_005278,CUST_00426,2023-02-18,Payment,Medium,3,5
TKT_005279,CUST_04465,2024-02-04,Return,Medium,2,3
TKT_005280,CUST_01924,2023-12-05,Payment,High,3,4
TKT_005281,CUST_04364,2022-11-10,Product Quality,Low,10,5
TKT_005282,CUST_02104,2024-01-27,Delivery,Medium,,4
TKT_005283,CUST_04358,2024-01-08,Product Quality,Low,2,5
TKT_005284,CUST_03336,2023-03-22,Payment,Medium,3,4
TKT_005285,CUST_02139,2022-05-27,Product Quality,Medium,2,4
TKT_005286,CUST_04613,2023-10-17,App Issue,Low,5,1
TKT_005287,CUST_01433,2022-03-10,App Issue,Medium,2,3
TKT_005288,CUST_03805,2022-06-20,Return,Medium,1,4
TKT_005289,CUST_00310,2023-07-03,Payment,Medium,3,5
TKT_005290,CUST_04233,2022-10-20,Return,Medium,5,5
TKT_005291,CUST_01564,2023-09-04,Other,Medium,2,4
TKT_005292,CUST_03238,2023-05-17,Other,Low,5,4
TKT_005293,CUST_04875,2022-02-21,Other,Low,3,4
TKT_005294,CUST_01383,2022-02-24,Return,Low,2,4
TKT_005295,CUST_02084,2024-02-28,Other,Medium,7,4
TKT_005296,CUST_00422,2024-01-13,Product Quality,Low,2,3
TKT_005297,CUST_01644,2022-08-05,Account,Medium,5,3
TKT_005298,CUST_00552,2022-05-09,Delivery,High,2,
TKT_005299,CUST_04847,2022-06-21,Product Quality,Low,1,
TKT_005300,CUST_02274,2022-05-31,Return,Low,3,2
TKT_005301,CUST_01293,2022-08-20,Product Quality,Medium,3,4
TKT_005302,CUST_00183,2022-08-17,Payment,Low,5,5
TKT_005303,CUST_00077,2023-08-10,Delivery,Medium,2,2
TKT_005304,CUST_02025,2023-11-29,Return,High,2,1
TKT_005305,CUST_03495,2023-06-07,Return,High,2,5
TKT_005306,CUST_01444,2023-06-22,Delivery,Low,2,5
TKT_005307,CUST_04872,2024-04-03,Account,Low,1,4
TKT_005308,CUST_01626,2022-08-16,Product Quality,Medium,7,4
TKT_005309,CUST_01422,2024-01-21,Product Quality,High,5,4
TKT_005310,CUST_02600,2022-04-12,Return,High,2,4
TKT_005311,CUST_01955,2022-01-21,Account,Medium,3,5
TKT_005312,CUST_03390,2022-02-05,Account,Low,3,5
TKT_005313,CUST_00306,2022-10-17,Return,Medium,3,4
TKT_005314,CUST_01338,2023-10-07,Return,Medium,3,5
TKT_005315,CUST_00019,2023-11-26,Return,Medium,2,5
TKT_005316,CUST_00720,2023-09-02,Payment,Medium,2,1
TKT_005317,CUST_03269,2022-09-22,Return,Low,3,3
TKT_005318,CUST_00164,2023-05-28,App Issue,High,10,4
TKT_005319,CUST_00063,2023-02-14,Product Quality,High,1,4
TKT_005320,CUST_04877,2022-02-24,Account,High,2,3
TKT_005321,CUST_03170,2023-07-29,Return,Low,2,5
TKT_005322,CUST_02039,2022-10-18,Other,Low,7,2
TKT_005323,CUST_00085,2024-01-31,Other,Medium,3,3
TKT_005324,CUST_03172,2023-06-10,App Issue,Low,2,5
TKT_005325,CUST_01809,2023-05-30,Delivery,Medium,1,3
TKT_005326,CUST_01575,2023-06-12,Delivery,Medium,1,
TKT_005327,CUST_03551,2023-01-24,App Issue,Low,1,
TKT_005328,CUST_02093,2023-05-07,Payment,High,2,5
TKT_005329,CUST_02504,2023-08-07,Payment,High,1,5
TKT_005330,CUST_00889,2022-04-29,Other,High,5,5
TKT_005331,CUST_00313,2023-09-17,App Issue,Medium,3,5
TKT_005332,CUST_04947,2024-05-08,Delivery,High,1,5
TKT_005333,CUST_00366,2023-02-27,Payment,Medium,1,5
TKT_005334,CUST_01008,2022-08-24,Account,High,1,5
TKT_005335,CUST_01781,2023-09-28,Account,Medium,1,1
TKT_005336,CUST_01068,2023-09-16,App Issue,Low,2,5
TKT_005337,CUST_01680,2023-10-15,Account,Medium,,5
TKT_005338,CUST_04604,2022-02-18,Return,Medium,2,1
TKT_005339,CUST_02169,2022-01-23,Delivery,High,1,4
TKT_005340,CUST_03491,2024-01-29,App Issue,Medium,5,4
TKT_005341,CUST_03592,2023-03-05,Delivery,High,1,3
TKT_005342,CUST_00715,2022-09-12,Delivery,Low,2,4
TKT_005343,CUST_00847,2023-09-10,Other,High,5,4
TKT_005344,CUST_00534,2023-01-16,App Issue,Low,7,4
TKT_005345,CUST_00989,2024-01-31,Return,Medium,,4
TKT_005346,CUST_01653,2022-01-13,Product Quality,Low,7,5
TKT_005347,CUST_02577,2024-03-16,Delivery,High,5,4
TKT_005348,CUST_02822,2023-03-08,Other,Medium,5,4
TKT_005349,CUST_04424,2022-05-06,Other,Medium,3,3
TKT_005350,CUST_02777,2024-01-16,Account,High,3,4
TKT_005351,CUST_04809,2022-01-11,Payment,Medium,2,3
TKT_005352,CUST_00853,2024-05-20,App Issue,Medium,3,5
TKT_005353,CUST_02819,2023-07-20,Payment,Medium,3,3
TKT_005354,CUST_03008,2023-03-26,Other,High,3,5
TKT_005355,CUST_04694,2024-02-04,Payment,Low,1,4
TKT_005356,CUST_03629,2023-05-20,Return,Low,3,4
TKT_005357,CUST_01504,2022-09-19,Account,Medium,2,4
TKT_005358,CUST_02222,2023-12-21,Delivery,High,3,3
TKT_005359,CUST_02262,2022-07-06,Product Quality,High,3,5
TKT_005360,CUST_00138,2022-04-19,Return,Medium,10,1
TKT_005361,CUST_02257,2022-02-16,Payment,Medium,,5
TKT_005362,CUST_00290,2022-03-07,Payment,Medium,,4
TKT_005363,CUST_00309,2024-04-09,Delivery,Medium,1,5
TKT_005364,CUST_02463,2022-03-12,Payment,Low,1,5
TKT_005365,CUST_03148,2024-03-17,Delivery,High,10,5
TKT_005366,CUST_01453,2022-04-28,Payment,High,,2
TKT_005367,CUST_02702,2024-02-02,Return,Medium,1,4
TKT_005368,CUST_04740,2023-01-03,Account,Low,5,5
TKT_005369,CUST_01943,2022-07-16,Return,Low,3,3
TKT_005370,CUST_03616,2023-10-14,Return,Medium,7,3
TKT_005371,CUST_04768,2023-04-21,App Issue,Medium,2,5
TKT_005372,CUST_02572,2023-08-29,Product Quality,High,1,4
TKT_005373,CUST_00831,2023-05-15,Return,High,5,2
TKT_005374,CUST_00973,2022-01-23,Return,Medium,7,4
TKT_005375,CUST_03683,2024-05-16,Payment,High,5,4
TKT_005376,CUST_03333,2023-06-26,App Issue,Medium,7,3
TKT_005377,CUST_04169,2023-08-12,Product Quality,Medium,5,4
TKT_005378,CUST_02556,2023-06-30,Delivery,High,7,1
TKT_005379,CUST_00158,2022-01-22,Delivery,Low,5,3
TKT_005380,CUST_04330,2022-12-19,Delivery,Medium,3,4
TKT_005381,CUST_01468,2022-12-05,Other,Medium,2,3
TKT_005382,CUST_02824,2022-06-15,App Issue,Medium,2,3
TKT_005383,CUST_04850,2022-05-25,Return,High,5,5
TKT_005384,CUST_01595,2022-03-25,Product Quality,Low,5,5
TKT_005385,CUST_02538,2022-10-17,Product Quality,High,2,2
TKT_005386,CUST_04441,2022-06-27,Payment,Medium,1,5
TKT_005387,CUST_03009,2022-01-19,Product Quality,Medium,2,2
TKT_005388,CUST_03445,2023-12-16,Other,High,3,4
TKT_005389,CUST_04578,2024-06-10,Account,Medium,7,4
TKT_005390,CUST_02127,2024-06-11,Delivery,Low,3,4
TKT_005391,CUST_02511,2023-09-03,Account,Low,2,4
TKT_005392,CUST_01743,2022-11-26,Account,Medium,10,5
TKT_005393,CUST_02924,2023-06-06,Other,Medium,1,
TKT_005394,CUST_00718,2022-05-29,Other,High,10,5
TKT_005395,CUST_01818,2022-08-18,Other,High,5,4
TKT_005396,CUST_00622,2024-04-09,Other,Low,,3
TKT_005397,CUST_04396,2022-11-23,Account,High,1,4
TKT_005398,CUST_04262,2024-03-30,Return,Low,2,3
TKT_005399,CUST_01190,2024-06-05,Payment,High,10,2
TKT_005400,CUST_04943,2023-12-30,Account,Low,7,3
TKT_005401,CUST_00321,2023-05-29,Account,Low,5,4
TKT_005402,CUST_00762,2023-01-07,Other,Low,1,2
TKT_005403,CUST_03559,2022-02-24,Return,High,3,5
TKT_005404,CUST_03415,2023-03-10,Account,Medium,10,1
TKT_005405,CUST_00740,2022-07-22,Payment,Low,3,5
TKT_005406,CUST_00079,2023-08-25,Delivery,Low,1,4
TKT_005407,CUST_02632,2022-12-11,Delivery,Low,10,2
TKT_005408,CUST_01195,2022-04-21,App Issue,Low,3,5
TKT_005409,CUST_01782,2022-11-24,Delivery,Medium,2,3
TKT_005410,CUST_03073,2023-10-08,Account,High,2,2
TKT_005411,CUST_01846,2023-07-10,App Issue,High,5,5
TKT_005412,CUST_04119,2022-12-25,Product Quality,Medium,5,
TKT_005413,CUST_00141,2023-01-29,App Issue,Low,,
TKT_005414,CUST_04502,2023-05-28,Payment,Medium,3,
TKT_005415,CUST_03794,2022-04-30,Product Quality,Medium,3,5
TKT_005416,CUST_04486,2023-10-30,Payment,Medium,3,3
TKT_005417,CUST_01431,2022-12-09,Payment,Medium,1,4
TKT_005418,CUST_04581,2023-12-30,Return,Low,5,3
TKT_005419,CUST_04401,2024-04-10,Return,Medium,3,4
TKT_005420,CUST_04079,2022-09-12,Return,Medium,1,1
TKT_005421,CUST_00923,2022-02-22,Other,Medium,5,5
TKT_005422,CUST_02704,2022-10-04,App Issue,Medium,2,
TKT_005423,CUST_02005,2022-09-21,Delivery,High,5,4
TKT_005424,CUST_03710,2023-07-13,Account,Medium,1,5
TKT_005425,CUST_04799,2023-01-18,Other,Low,7,4
TKT_005426,CUST_02503,2022-08-20,App Issue,High,1,1
TKT_005427,CUST_04725,2023-05-19,Account,Low,2,
TKT_005428,CUST_00957,2023-06-10,Product Quality,High,3,3
TKT_005429,CUST_04434,2023-07-10,Product Quality,Medium,10,4
TKT_005430,CUST_04237,2023-10-16,App Issue,Medium,5,3
TKT_005431,CUST_00457,2023-11-06,Delivery,Low,,
TKT_005432,CUST_03515,2022-10-17,Product Quality,Low,5,5
TKT_005433,CUST_02093,2023-01-23,Account,High,1,4
TKT_005434,CUST_01665,2023-10-04,Account,High,7,4
TKT_005435,CUST_01090,2022-06-30,Product Quality,Low,2,5
TKT_005436,CUST_00943,2022-12-19,Return,Low,1,4
TKT_005437,CUST_01705,2024-03-21,Other,Low,5,3
TKT_005438,CUST_01454,2024-03-20,Payment,High,2,2
TKT_005439,CUST_01726,2024-05-03,Product Quality,Medium,3,5
TKT_005440,CUST_02228,2022-11-25,Product Quality,Medium,5,4
TKT_005441,CUST_00205,2023-12-06,Account,High,3,3
TKT_005442,CUST_00113,2024-05-15,Delivery,Medium,2,5
TKT_005443,CUST_04655,2024-06-14,Product Quality,Low,,5
TKT_005444,CUST_03270,2022-01-12,Product Quality,Medium,2,5
TKT_005445,CUST_04294,2023-02-06,Other,Low,1,3
TKT_005446,CUST_00539,2024-04-08,App Issue,Medium,2,5
TKT_005447,CUST_01152,2024-04-14,Product Quality,High,5,1
TKT_005448,CUST_01839,2024-01-22,Account,High,5,3
TKT_005449,CUST_03514,2022-02-25,Payment,Low,2,3
TKT_005450,CUST_04224,2023-11-16,Other,Low,,4
TKT_005451,CUST_04533,2022-12-08,Product Quality,Medium,,5
TKT_005452,CUST_01898,2023-08-28,Account,Medium,2,1
TKT_005453,CUST_02494,2024-05-24,Delivery,Low,5,2
TKT_005454,CUST_02163,2022-01-21,Delivery,Medium,5,4
TKT_005455,CUST_02271,2023-03-07,Other,High,3,4
TKT_005456,CUST_03863,2023-04-10,Delivery,High,3,5
TKT_005457,CUST_04336,2022-03-11,Product Quality,Medium,,5
TKT_005458,CUST_03100,2022-04-27,Product Quality,Low,7,4
TKT_005459,CUST_04933,2023-07-16,Payment,Medium,1,5
TKT_005460,CUST_00699,2024-05-13,Account,Low,10,3
TKT_005461,CUST_01034,2023-05-12,Payment,Low,5,4
TKT_005462,CUST_01492,2024-02-14,Delivery,High,1,4
TKT_005463,CUST_04174,2022-06-24,Product Quality,Medium,10,2
TKT_005464,CUST_01655,2023-07-30,App Issue,Medium,5,4
TKT_005465,CUST_00717,2022-12-29,Payment,Medium,3,4
TKT_005466,CUST_01215,2022-08-02,Product Quality,Medium,5,4
TKT_005467,CUST_02585,2024-02-29,Other,Medium,5,4
TKT_005468,CUST_04020,2022-07-28,Delivery,Low,3,5
TKT_005469,CUST_00332,2022-04-11,Account,Medium,7,3
TKT_005470,CUST_01521,2024-01-20,Payment,Medium,2,4
TKT_005471,CUST_01523,2022-05-05,Other,High,2,2
TKT_005472,CUST_01638,2023-06-07,Return,Medium,2,4
TKT_005473,CUST_01877,2022-06-07,Product Quality,Low,2,3
TKT_005474,CUST_01478,2024-03-11,Account,Medium,,
TKT_005475,CUST_00760,2024-04-23,Product Quality,Low,1,4
TKT_005476,CUST_00419,2022-02-27,Return,Low,2,2
TKT_005477,CUST_04827,2024-04-17,Product Quality,Medium,,4
TKT_005478,CUST_03315,2022-10-26,Other,High,5,4
TKT_005479,CUST_04719,2023-07-06,App Issue,Medium,5,4
TKT_005480,CUST_03649,2023-03-07,Delivery,Medium,1,2
TKT_005481,CUST_02881,2022-06-02,Account,Medium,2,5
TKT_005482,CUST_02431,2023-07-05,Return,Medium,10,2
TKT_005483,CUST_00586,2023-04-10,Return,Medium,1,2
TKT_005484,CUST_00596,2023-07-14,App Issue,Medium,3,5
TKT_005485,CUST_04652,2022-10-14,Product Quality,High,10,5
TKT_005486,CUST_00379,2023-08-04,Payment,Low,1,4
TKT_005487,CUST_03926,2023-06-12,Other,Medium,3,4
TKT_005488,CUST_01666,2023-12-14,Return,Low,2,4
TKT_005489,CUST_04248,2022-04-17,Payment,High,7,5
TKT_005490,CUST_02238,2023-05-27,Other,Medium,2,4
TKT_005491,CUST_04903,2022-05-19,Return,Medium,,5
TKT_005492,CUST_04610,2022-02-05,Other,Medium,3,
TKT_005493,CUST_04101,2024-02-06,Account,High,2,4
TKT_005494,CUST_03398,2022-02-06,Product Quality,High,3,3
TKT_005495,CUST_00313,2024-06-02,Payment,Medium,2,3
TKT_005496,CUST_03719,2024-02-03,Return,Low,5,3
TKT_005497,CUST_02964,2022-09-14,Product Quality,Medium,3,5
TKT_005498,CUST_00090,2023-05-18,Payment,Medium,5,5
TKT_005499,CUST_00060,2023-04-20,App Issue,Low,7,4
TKT_005500,CUST_04092,2023-03-13,Delivery,Medium,2,5
TKT_005501,CUST_00629,2023-02-11,App Issue,Medium,1,5
TKT_005502,CUST_03540,2023-03-07,Product Quality,Low,2,4
TKT_005503,CUST_01656,2024-02-21,Delivery,Low,3,3
TKT_005504,CUST_03007,2024-03-08,Other,Medium,1,4
TKT_005505,CUST_03912,2024-03-04,Account,Medium,7,5
TKT_005506,CUST_04856,2023-02-20,Payment,High,2,2
TKT_005507,CUST_00182,2023-03-24,Product Quality,Medium,3,5
TKT_005508,CUST_04235,2023-11-10,App Issue,Medium,1,4
TKT_005509,CUST_01288,2023-02-22,App Issue,High,2,4
TKT_005510,CUST_01182,2022-11-23,Other,Medium,1,4
TKT_005511,CUST_03650,2024-06-17,Account,Medium,,4
TKT_005512,CUST_03075,2022-03-21,Payment,Medium,7,4
TKT_005513,CUST_01762,2022-05-09,Product Quality,High,10,4
TKT_005514,CUST_01763,2022-11-01,Other,Medium,2,1
TKT_005515,CUST_01370,2023-09-25,Account,Medium,7,3
TKT_005516,CUST_02130,2023-08-25,Delivery,High,3,5
TKT_005517,CUST_01982,2022-06-19,Account,Medium,,4
TKT_005518,CUST_04134,2022-04-18,Delivery,Medium,7,4
TKT_005519,CUST_00715,2023-07-17,Account,High,3,1
TKT_005520,CUST_01821,2023-10-02,App Issue,Medium,3,4
TKT_005521,CUST_00904,2022-10-27,Payment,Medium,2,
TKT_005522,CUST_00259,2023-01-28,Payment,Medium,10,4
TKT_005523,CUST_01286,2022-02-12,Payment,High,2,4
TKT_005524,CUST_03326,2022-07-03,Return,Low,7,5
TKT_005525,CUST_04968,2023-07-04,Product Quality,Medium,1,5
TKT_005526,CUST_02646,2023-11-29,Other,Medium,2,4
TKT_005527,CUST_02245,2022-06-15,App Issue,Medium,10,4
TKT_005528,CUST_01986,2024-02-04,Other,Medium,2,5
TKT_005529,CUST_02859,2022-09-12,App Issue,Medium,2,5
TKT_005530,CUST_04045,2023-05-11,Account,Low,1,5
TKT_005531,CUST_03662,2022-01-14,Delivery,Medium,2,4
TKT_005532,CUST_02156,2022-09-28,Payment,High,7,
TKT_005533,CUST_04900,2023-06-04,Delivery,Medium,5,2
TKT_005534,CUST_01352,2022-02-03,Payment,Low,5,5
TKT_005535,CUST_02387,2022-03-18,Account,Medium,5,4
TKT_005536,CUST_00482,2023-02-16,Return,Low,1,3
TKT_005537,CUST_02564,2022-05-03,Product Quality,Medium,2,5
TKT_005538,CUST_03110,2023-02-17,Return,Medium,5,4
TKT_005539,CUST_01904,2022-10-14,Other,Low,7,
TKT_005540,CUST_04273,2022-11-09,App Issue,Medium,1,3
TKT_005541,CUST_02328,2022-01-23,Account,Medium,1,5
TKT_005542,CUST_01741,2023-10-07,Return,High,7,3
TKT_005543,CUST_02579,2022-09-19,Other,High,5,4
TKT_005544,CUST_03301,2022-06-03,App Issue,Low,1,4
TKT_005545,CUST_04460,2023-02-21,App Issue,Medium,7,5
TKT_005546,CUST_01716,2023-12-10,Payment,Medium,3,3
TKT_005547,CUST_03274,2024-05-08,Other,Medium,2,5
TKT_005548,CUST_00332,2022-10-10,Other,Low,1,3
TKT_005549,CUST_04401,2022-01-12,Product Quality,Medium,1,5
TKT_005550,CUST_02603,2023-02-11,Product Quality,Medium,2,4
TKT_005551,CUST_03722,2023-06-12,Account,Medium,5,2
TKT_005552,CUST_03763,2023-07-11,Product Quality,Low,1,5
TKT_005553,CUST_01043,2023-09-13,Payment,High,5,3
TKT_005554,CUST_03824,2022-10-23,Account,Medium,1,4
TKT_005555,CUST_03396,2023-12-30,Account,Medium,3,2
TKT_005556,CUST_00909,2022-08-31,Product Quality,High,5,5
TKT_005557,CUST_02771,2023-04-25,App Issue,Medium,7,4
TKT_005558,CUST_02078,2023-12-24,Product Quality,High,3,3
TKT_005559,CUST_03614,2024-02-07,App Issue,Medium,7,4
TKT_005560,CUST_03284,2023-10-03,App Issue,Medium,1,4
TKT_005561,CUST_04784,2023-04-08,Other,Medium,2,4
TKT_005562,CUST_01535,2022-11-19,Return,Medium,1,5
TKT_005563,CUST_01349,2023-06-20,App Issue,Medium,3,2
TKT_005564,CUST_02358,2023-04-01,Return,Low,1,1
TKT_005565,CUST_02560,2024-03-03,Product Quality,Medium,3,4
TKT_005566,CUST_00062,2022-10-22,Return,High,2,4
TKT_005567,CUST_00323,2023-11-22,App Issue,Low,10,5
TKT_005568,CUST_01980,2023-04-28,Other,Medium,1,3
TKT_005569,CUST_01871,2022-05-29,Product Quality,Medium,7,4
TKT_005570,CUST_00443,2022-10-03,Product Quality,Medium,2,5
TKT_005571,CUST_03740,2023-08-12,Other,Medium,5,4
TKT_005572,CUST_04986,2024-03-31,Account,Low,1,3
TKT_005573,CUST_03062,2022-09-10,Payment,High,1,4
TKT_005574,CUST_04414,2023-10-08,Product Quality,Low,3,4
TKT_005575,CUST_04427,2022-07-06,Delivery,Low,5,5
TKT_005576,CUST_04791,2023-03-22,Delivery,High,2,4
TKT_005577,CUST_03143,2024-04-30,Account,Medium,2,5
TKT_005578,CUST_00899,2024-06-08,Return,Medium,2,2
TKT_005579,CUST_01781,2023-10-02,Return,Medium,1,4
TKT_005580,CUST_02810,2023-05-27,Payment,Low,5,3
TKT_005581,CUST_00403,2022-05-20,Payment,Medium,1,5
TKT_005582,CUST_02814,2022-05-12,Account,Medium,2,5
TKT_005583,CUST_04160,2022-06-07,Payment,Medium,1,4
TKT_005584,CUST_01220,2022-05-24,Delivery,High,1,4
TKT_005585,CUST_02652,2022-03-21,Account,Medium,5,5
TKT_005586,CUST_01943,2022-09-12,Delivery,Medium,2,4
TKT_005587,CUST_02646,2022-12-23,Account,Medium,5,5
TKT_005588,CUST_01907,2023-06-11,App Issue,Medium,2,
TKT_005589,CUST_01699,2022-09-06,Account,Medium,2,4
TKT_005590,CUST_04943,2022-10-04,Payment,Medium,5,3
TKT_005591,CUST_02123,2022-05-07,Account,Low,7,4
TKT_005592,CUST_01039,2022-05-13,Other,High,1,5
TKT_005593,CUST_03876,2024-01-01,Payment,Medium,7,4
TKT_005594,CUST_03788,2022-09-14,Other,Medium,1,1
TKT_005595,CUST_01419,2023-02-20,Other,Medium,7,4
TKT_005596,CUST_02932,2023-08-22,Delivery,High,5,4
TKT_005597,CUST_03879,2024-05-06,Delivery,Medium,2,
TKT_005598,CUST_01140,2022-06-15,Return,High,10,5
TKT_005599,CUST_02976,2024-04-22,Payment,Low,5,5
TKT_005600,CUST_00551,2022-09-04,Account,Low,5,4
TKT_005601,CUST_04928,2023-01-27,Product Quality,Low,2,4
TKT_005602,CUST_00721,2022-02-13,Product Quality,Low,1,3
TKT_005603,CUST_02242,2023-05-23,Return,Medium,2,4
TKT_005604,CUST_03914,2023-04-10,Account,High,2,5
TKT_005605,CUST_00720,2023-09-24,Return,Low,5,4
TKT_005606,CUST_04431,2022-09-03,Delivery,Low,5,
TKT_005607,CUST_02448,2024-04-29,Product Quality,Medium,5,3
TKT_005608,CUST_04547,2022-02-18,Return,Low,1,4
TKT_005609,CUST_02396,2022-09-19,Delivery,High,1,
TKT_005610,CUST_01491,2022-05-25,Other,Medium,3,4
TKT_005611,CUST_04980,2022-03-12,Other,Medium,5,4
TKT_005612,CUST_00654,2024-02-27,Payment,Medium,1,3
TKT_005613,CUST_00772,2022-05-19,Product Quality,Medium,7,1
TKT_005614,CUST_04497,2024-04-28,App Issue,Medium,5,2
TKT_005615,CUST_04541,2022-09-16,Other,High,2,3
TKT_005616,CUST_00028,2023-08-01,Account,Low,2,4
TKT_005617,CUST_00562,2022-03-22,Delivery,Medium,3,4
TKT_005618,CUST_03160,2022-03-21,Product Quality,Medium,3,3
TKT_005619,CUST_01951,2023-10-06,Other,Medium,,2
TKT_005620,CUST_01293,2022-11-26,App Issue,Medium,3,2
TKT_005621,CUST_00820,2024-01-24,Account,Medium,7,5
TKT_005622,CUST_01582,2024-04-11,Delivery,Medium,1,4
TKT_005623,CUST_00868,2022-06-27,Payment,High,3,4
TKT_005624,CUST_04280,2024-02-11,Account,Low,10,4
TKT_005625,CUST_02349,2023-07-03,Product Quality,High,1,5
TKT_005626,CUST_01357,2022-07-09,Delivery,Low,2,2
TKT_005627,CUST_01182,2022-02-10,App Issue,High,1,5
TKT_005628,CUST_00477,2023-01-20,App Issue,High,5,4
TKT_005629,CUST_02988,2023-02-07,Product Quality,Low,2,3
TKT_005630,CUST_02261,2022-05-21,App Issue,Medium,3,5
TKT_005631,CUST_02112,2023-09-02,App Issue,High,7,4
TKT_005632,CUST_04158,2022-11-15,App Issue,Medium,2,3
TKT_005633,CUST_03156,2024-03-29,Delivery,Medium,5,4
TKT_005634,CUST_04775,2023-08-25,App Issue,Medium,2,5
TKT_005635,CUST_01275,2023-09-20,Other,Medium,1,2
TKT_005636,CUST_03986,2022-10-03,Return,Low,2,3
TKT_005637,CUST_03565,2023-05-06,Return,Medium,2,4
TKT_005638,CUST_00930,2022-09-02,Return,Medium,2,4
TKT_005639,CUST_02314,2023-11-30,Delivery,Medium,1,5
TKT_005640,CUST_02739,2023-12-08,App Issue,High,5,1
TKT_005641,CUST_01105,2023-11-18,Payment,Low,5,5
TKT_005642,CUST_00794,2022-01-19,Delivery,High,3,4
TKT_005643,CUST_02802,2024-02-29,Account,Medium,1,5
TKT_005644,CUST_00165,2022-05-31,Product Quality,Medium,3,4
TKT_005645,CUST_03877,2023-08-10,Payment,High,3,1
TKT_005646,CUST_01757,2023-09-07,Other,Low,2,5
TKT_005647,CUST_02185,2024-06-12,Account,Low,3,4
TKT_005648,CUST_01228,2022-08-22,Payment,Medium,2,
TKT_005649,CUST_03473,2022-01-24,Delivery,Medium,2,3
TKT_005650,CUST_02722,2023-10-30,Payment,Medium,7,3
TKT_005651,CUST_02720,2022-12-24,Account,Medium,1,4
TKT_005652,CUST_00301,2023-09-28,Product Quality,Medium,1,4
TKT_005653,CUST_04587,2022-05-24,App Issue,Low,5,4
TKT_005654,CUST_01245,2023-08-06,Other,Low,2,5
TKT_005655,CUST_03473,2022-04-11,Payment,Low,2,3
TKT_005656,CUST_00162,2024-01-23,Return,High,5,4
TKT_005657,CUST_02958,2024-02-01,Payment,Medium,5,5
TKT_005658,CUST_01842,2024-05-21,Return,Medium,1,4
TKT_005659,CUST_03385,2024-01-16,App Issue,Low,5,4
TKT_005660,CUST_02621,2023-03-14,Delivery,Medium,10,5
TKT_005661,CUST_01585,2023-04-06,Return,Medium,2,3
TKT_005662,CUST_00567,2022-10-17,Account,Medium,5,4
TKT_005663,CUST_02309,2022-01-13,Delivery,Medium,,4
TKT_005664,CUST_02813,2022-12-11,Delivery,High,2,5
TKT_005665,CUST_01339,2023-07-18,Other,Medium,7,1
TKT_005666,CUST_04988,2024-03-23,Payment,Medium,,4
TKT_005667,CUST_03750,2023-03-23,Return,Low,3,5
TKT_005668,CUST_01344,2022-02-12,Delivery,Low,5,4
TKT_005669,CUST_04138,2023-01-18,Delivery,High,3,1
TKT_005670,CUST_04497,2024-05-28,Other,High,,3
TKT_005671,CUST_02109,2022-01-30,Account,Low,3,4
TKT_005672,CUST_01149,2023-06-13,Product Quality,Medium,5,5
TKT_005673,CUST_00941,2024-01-27,Payment,Medium,5,1
TKT_005674,CUST_02345,2022-02-16,Other,Medium,7,4
TKT_005675,CUST_03126,2023-09-29,Delivery,Low,3,5
TKT_005676,CUST_03348,2022-11-25,App Issue,Medium,7,5
TKT_005677,CUST_03957,2023-05-17,Delivery,Low,3,4
TKT_005678,CUST_04825,2022-07-09,Payment,Medium,1,5
TKT_005679,CUST_03024,2023-09-15,Other,Medium,5,4
TKT_005680,CUST_03076,2024-06-09,Delivery,Medium,,4
TKT_005681,CUST_00428,2023-11-28,Product Quality,Medium,2,1
TKT_005682,CUST_00234,2023-06-20,Other,Low,7,4
TKT_005683,CUST_01624,2023-09-15,Product Quality,Low,1,4
TKT_005684,CUST_03704,2022-07-18,Return,High,5,4
TKT_005685,CUST_01432,2022-05-28,Account,High,2,4
TKT_005686,CUST_02091,2023-01-20,Other,Low,5,4
TKT_005687,CUST_04228,2023-03-24,Payment,Low,3,4
TKT_005688,CUST_02799,2024-02-11,Payment,Low,3,4
TKT_005689,CUST_02009,2024-01-18,Delivery,High,1,4
TKT_005690,CUST_04236,2022-08-01,Other,High,2,5
TKT_005691,CUST_02125,2024-01-21,Account,Low,2,4
TKT_005692,CUST_02327,2022-01-29,Payment,Medium,2,3
TKT_005693,CUST_00309,2023-09-10,Other,High,2,5
TKT_005694,CUST_03529,2022-01-22,Return,Medium,3,3
TKT_005695,CUST_04040,2022-10-24,App Issue,High,10,3
TKT_005696,CUST_03391,2022-09-03,Payment,Medium,2,5
TKT_005697,CUST_01796,2022-07-11,Return,Low,3,3
TKT_005698,CUST_03630,2023-11-13,Account,High,3,3
TKT_005699,CUST_02003,2024-04-23,Return,Medium,7,4
TKT_005700,CUST_04134,2023-10-30,Other,Low,2,2
TKT_005701,CUST_02649,2023-03-29,Delivery,Low,1,4
TKT_005702,CUST_00677,2022-06-03,App Issue,High,2,5
TKT_005703,CUST_01899,2023-12-19,Account,High,5,4
TKT_005704,CUST_01473,2022-12-22,Delivery,Low,5,4
TKT_005705,CUST_01052,2022-05-16,Return,Medium,5,5
TKT_005706,CUST_01813,2023-01-25,Product Quality,Low,2,2
TKT_005707,CUST_00343,2023-01-01,Payment,Low,5,4
TKT_005708,CUST_03338,2022-10-30,Product Quality,High,7,4
TKT_005709,CUST_04907,2024-04-16,Return,Low,3,4
TKT_005710,CUST_04975,2024-03-17,Account,Low,10,5
TKT_005711,CUST_03661,2023-02-21,Account,High,10,4
TKT_005712,CUST_04335,2024-06-15,App Issue,Low,5,4
TKT_005713,CUST_01576,2022-02-15,Product Quality,Low,10,4
TKT_005714,CUST_02808,2023-04-23,App Issue,Medium,2,
TKT_005715,CUST_00444,2024-02-25,Delivery,Medium,2,4
TKT_005716,CUST_03568,2024-02-29,Payment,Low,2,5
TKT_005717,CUST_01488,2023-01-19,Other,Medium,5,5
TKT_005718,CUST_03915,2022-12-06,Payment,Medium,1,3
TKT_005719,CUST_04476,2023-02-09,App Issue,High,2,4
TKT_005720,CUST_01798,2023-06-02,Payment,Low,1,4
TKT_005721,CUST_00017,2023-12-12,Payment,Medium,5,4
TKT_005722,CUST_04721,2024-05-22,App Issue,High,5,4
TKT_005723,CUST_00102,2022-10-30,Account,Low,7,3
TKT_005724,CUST_00026,2023-06-12,Return,Medium,,5
TKT_005725,CUST_00963,2022-05-19,App Issue,High,2,2
TKT_005726,CUST_02244,2023-04-17,Product Quality,Medium,5,3
TKT_005727,CUST_04887,2023-01-29,Product Quality,Medium,3,1
TKT_005728,CUST_00786,2022-11-14,Delivery,Low,5,4
TKT_005729,CUST_03436,2023-10-30,Other,Low,3,5
TKT_005730,CUST_01813,2022-06-30,Payment,Low,7,
TKT_005731,CUST_01169,2023-06-29,Product Quality,Medium,3,
TKT_005732,CUST_01469,2024-01-02,Payment,Medium,5,5
TKT_005733,CUST_00652,2023-12-26,Return,Medium,3,4
TKT_005734,CUST_02624,2023-12-08,Payment,Medium,1,5
TKT_005735,CUST_03334,2022-12-29,Payment,Medium,2,4
TKT_005736,CUST_01698,2022-10-21,Payment,Medium,5,5
TKT_005737,CUST_04739,2022-02-23,Product Quality,Medium,7,5
TKT_005738,CUST_03752,2022-05-08,Payment,Low,7,4
TKT_005739,CUST_01787,2023-09-25,App Issue,Medium,1,3
TKT_005740,CUST_02816,2022-08-31,App Issue,Medium,7,3
TKT_005741,CUST_00025,2023-06-17,Other,Medium,3,5
TKT_005742,CUST_01970,2022-08-01,Account,Medium,,4
TKT_005743,CUST_01413,2022-11-15,Other,Medium,10,2
TKT_005744,CUST_02540,2024-01-18,Payment,High,1,4
TKT_005745,CUST_04203,2023-09-10,Return,Low,1,4
TKT_005746,CUST_02214,2023-10-05,Other,High,7,2
TKT_005747,CUST_04364,2023-04-13,Other,Medium,3,4
TKT_005748,CUST_04361,2023-12-09,Delivery,Medium,3,2
TKT_005749,CUST_00568,2023-05-21,Return,Medium,1,5
TKT_005750,CUST_04999,2022-10-06,Payment,Medium,,
TKT_005751,CUST_03005,2023-05-18,Payment,Low,3,5
TKT_005752,CUST_02773,2023-06-25,Account,Medium,2,5
TKT_005753,CUST_04314,2023-12-29,Payment,Medium,5,2
TKT_005754,CUST_01633,2023-10-07,Payment,Medium,2,5
TKT_005755,CUST_04552,2022-02-09,Payment,High,1,
TKT_005756,CUST_00558,2022-09-13,Account,High,1,4
TKT_005757,CUST_04172,2022-06-18,Account,High,2,5
TKT_005758,CUST_04505,2024-01-08,Return,Medium,2,4
TKT_005759,CUST_01111,2024-03-27,Product Quality,Medium,3,3
TKT_005760,CUST_02165,2023-01-15,App Issue,Medium,1,4
TKT_005761,CUST_04328,2024-01-18,Other,Low,,4
TKT_005762,CUST_03153,2024-05-09,Account,Medium,1,5
TKT_005763,CUST_01859,2023-11-01,Payment,Low,2,1
TKT_005764,CUST_03137,2023-06-28,Payment,Medium,1,5
TKT_005765,CUST_01069,2024-01-11,Return,Medium,10,3
TKT_005766,CUST_02291,2023-12-26,Product Quality,Medium,1,5
TKT_005767,CUST_01046,2024-05-15,Product Quality,Medium,2,1
TKT_005768,CUST_04740,2023-02-01,Return,Low,2,
TKT_005769,CUST_01133,2022-10-13,Product Quality,Medium,5,2
TKT_005770,CUST_00311,2024-05-06,Delivery,Medium,7,5
TKT_005771,CUST_04986,2023-11-18,Account,High,2,5
TKT_005772,CUST_04813,2023-04-12,Return,Medium,1,3
TKT_005773,CUST_03488,2022-10-12,Return,High,1,5
TKT_005774,CUST_04508,2023-10-03,Delivery,Low,3,2
TKT_005775,CUST_00290,2023-12-13,Account,Low,2,4
TKT_005776,CUST_01358,2023-01-20,Return,Low,2,
TKT_005777,CUST_02796,2024-06-11,Product Quality,Medium,3,4
TKT_005778,CUST_02525,2023-08-06,Other,Medium,5,3
TKT_005779,CUST_01171,2022-06-12,App Issue,High,5,4
TKT_005780,CUST_00179,2024-02-09,Return,Medium,7,3
TKT_005781,CUST_00944,2023-01-01,App Issue,High,2,4
TKT_005782,CUST_04433,2022-09-15,Product Quality,Low,5,4
TKT_005783,CUST_03578,2023-10-17,Other,Medium,2,4
TKT_005784,CUST_02339,2022-01-02,Account,Low,3,5
TKT_005785,CUST_02202,2022-11-26,Account,Medium,1,4
TKT_005786,CUST_01148,2022-07-18,Return,Medium,2,5
TKT_005787,CUST_04454,2024-02-01,Return,Medium,10,5
TKT_005788,CUST_03261,2024-06-10,Payment,Low,2,5
TKT_005789,CUST_02124,2022-01-22,App Issue,Medium,5,4
TKT_005790,CUST_03620,2024-02-10,App Issue,Low,3,1
TKT_005791,CUST_00205,2024-04-26,Other,Low,1,
TKT_005792,CUST_03662,2024-04-14,Delivery,Medium,5,2
TKT_005793,CUST_01075,2024-03-12,Product Quality,Low,3,3
TKT_005794,CUST_01802,2023-04-08,Account,Low,5,5
TKT_005795,CUST_02962,2024-01-26,Return,Low,1,
TKT_005796,CUST_00458,2023-10-20,Payment,Medium,5,4
TKT_005797,CUST_01779,2023-04-09,Product Quality,Low,5,4
TKT_005798,CUST_00214,2022-04-01,Return,Medium,3,3
TKT_005799,CUST_00471,2024-05-06,Payment,Medium,5,4
TKT_005800,CUST_04091,2024-04-07,Product Quality,Medium,1,4
TKT_005801,CUST_02216,2023-02-06,Other,Medium,5,4
TKT_005802,CUST_00892,2023-10-09,Delivery,Low,2,5
TKT_005803,CUST_02629,2022-08-05,Other,High,3,4
TKT_005804,CUST_04931,2023-08-29,Other,Low,7,
TKT_005805,CUST_04732,2022-11-04,Other,Medium,1,4
TKT_005806,CUST_00794,2023-04-14,Payment,Medium,2,4
TKT_005807,CUST_04650,2023-12-29,Other,Low,2,5
TKT_005808,CUST_02069,2022-08-17,Product Quality,Medium,3,4
TKT_005809,CUST_00441,2022-11-10,Return,Low,2,3
TKT_005810,CUST_02869,2024-04-22,App Issue,Medium,2,5
TKT_005811,CUST_02771,2022-12-11,Return,Medium,5,4
TKT_005812,CUST_01520,2024-06-10,Other,Medium,1,4
TKT_005813,CUST_02751,2024-04-12,App Issue,Medium,2,2
TKT_005814,CUST_00179,2022-11-08,Delivery,Medium,1,4
TKT_005815,CUST_00574,2024-02-18,Return,Medium,5,5
TKT_005816,CUST_00956,2023-07-15,Other,High,2,2
TKT_005817,CUST_04674,2022-11-12,Account,High,1,4
TKT_005818,CUST_02431,2023-08-01,Payment,Medium,1,5
TKT_005819,CUST_01152,2023-12-20,Delivery,Low,2,2
TKT_005820,CUST_02978,2023-06-22,Return,Medium,7,4
TKT_005821,CUST_02508,2022-02-19,Product Quality,Low,3,4
TKT_005822,CUST_02915,2022-07-30,Return,Medium,1,1
TKT_005823,CUST_03027,2024-05-03,Product Quality,Medium,2,5
TKT_005824,CUST_03742,2022-11-17,Return,High,5,4
TKT_005825,CUST_03302,2023-07-12,Return,Medium,1,5
TKT_005826,CUST_01878,2024-06-08,Product Quality,Medium,1,5
TKT_005827,CUST_02512,2023-04-27,App Issue,Medium,1,3
TKT_005828,CUST_00645,2023-08-26,Account,Medium,2,4
TKT_005829,CUST_04450,2024-02-03,Delivery,Low,2,4
TKT_005830,CUST_00469,2024-02-29,Account,Low,1,5
TKT_005831,CUST_00535,2024-01-03,App Issue,Low,1,4
TKT_005832,CUST_01371,2022-07-14,App Issue,Medium,2,3
TKT_005833,CUST_01354,2023-09-15,Product Quality,High,2,4
TKT_005834,CUST_02636,2022-07-25,Payment,Medium,7,1
TKT_005835,CUST_02200,2022-11-01,Other,Low,7,3
TKT_005836,CUST_04760,2023-05-20,Payment,Medium,2,
TKT_005837,CUST_00139,2024-02-09,Account,Medium,1,5
TKT_005838,CUST_04621,2022-12-06,App Issue,Low,5,5
TKT_005839,CUST_04285,2023-05-08,App Issue,Medium,2,3
TKT_005840,CUST_02611,2024-02-09,Delivery,Low,2,1
TKT_005841,CUST_01435,2022-07-11,Other,High,1,3
TKT_005842,CUST_01596,2024-02-14,Payment,Low,3,4
TKT_005843,CUST_02445,2022-11-10,Payment,Medium,2,3
TKT_005844,CUST_04198,2022-11-01,Delivery,Medium,3,5
TKT_005845,CUST_00429,2022-01-21,Payment,Low,7,5
TKT_005846,CUST_00246,2022-01-13,Delivery,Medium,3,5
TKT_005847,CUST_02402,2024-01-15,Delivery,Medium,7,3
TKT_005848,CUST_00493,2022-08-07,Payment,Medium,1,4
TKT_005849,CUST_02780,2024-01-20,Other,High,2,3
TKT_005850,CUST_02967,2023-11-21,Other,High,2,4
TKT_005851,CUST_02073,2024-01-27,Return,Low,5,5
TKT_005852,CUST_01183,2023-01-01,Account,High,2,5
TKT_005853,CUST_00675,2022-06-14,Return,Medium,10,3
TKT_005854,CUST_01630,2022-04-02,Other,Medium,1,
TKT_005855,CUST_03847,2022-09-26,Other,Medium,5,4
TKT_005856,CUST_04474,2023-11-22,Account,Medium,3,
TKT_005857,CUST_04900,2023-05-31,Delivery,Low,2,4
TKT_005858,CUST_03948,2024-01-16,App Issue,Low,1,4
TKT_005859,CUST_02836,2023-02-05,Payment,High,3,
TKT_005860,CUST_03818,2024-02-29,Return,Medium,5,5
TKT_005861,CUST_02392,2024-05-22,Return,Medium,7,4
TKT_005862,CUST_03389,2022-10-11,Payment,Medium,5,5
TKT_005863,CUST_02649,2022-02-27,App Issue,Low,2,5
TKT_005864,CUST_03740,2022-03-06,Account,High,10,1
TKT_005865,CUST_02932,2024-05-12,Return,Low,3,2
TKT_005866,CUST_02524,2023-12-21,Account,Medium,1,5
TKT_005867,CUST_00935,2022-01-14,Product Quality,High,5,
TKT_005868,CUST_03113,2023-09-03,Product Quality,High,3,3
TKT_005869,CUST_02885,2022-12-02,Return,Medium,3,4
TKT_005870,CUST_02874,2024-01-25,Account,Low,3,5
TKT_005871,CUST_04234,2023-08-01,Return,Medium,3,5
TKT_005872,CUST_01980,2023-04-20,Delivery,Medium,2,3
TKT_005873,CUST_00324,2024-05-11,Account,High,7,2
TKT_005874,CUST_02694,2023-10-19,Account,Low,2,3
TKT_005875,CUST_02201,2024-03-01,Delivery,High,3,
TKT_005876,CUST_03563,2024-01-21,App Issue,High,3,4
TKT_005877,CUST_01836,2023-11-21,Delivery,High,,4
TKT_005878,CUST_03395,2023-05-04,Delivery,Medium,2,5
TKT_005879,CUST_03914,2023-10-07,Payment,Medium,1,4
TKT_005880,CUST_01137,2022-01-31,Other,Medium,5,
TKT_005881,CUST_02175,2023-09-25,Payment,Low,2,4
TKT_005882,CUST_03604,2022-08-14,Payment,High,7,4
TKT_005883,CUST_01651,2022-06-10,Payment,Medium,10,5
TKT_005884,CUST_02641,2022-05-23,Account,Low,1,5
TKT_005885,CUST_03868,2022-08-26,Payment,Medium,1,2
TKT_005886,CUST_04070,2023-02-16,Return,Low,2,1
TKT_005887,CUST_04296,2022-08-12,Delivery,Medium,1,2
TKT_005888,CUST_03177,2022-04-13,Product Quality,Low,3,2
TKT_005889,CUST_04293,2024-03-04,Other,Low,2,3
TKT_005890,CUST_03146,2022-11-23,Other,High,10,5
TKT_005891,CUST_02883,2022-10-02,Return,Medium,1,4
TKT_005892,CUST_01092,2023-03-28,Other,Low,2,2
TKT_005893,CUST_01537,2023-08-19,Account,Low,,4
TKT_005894,CUST_02102,2024-02-06,Delivery,High,2,4
TKT_005895,CUST_01486,2022-05-15,Product Quality,Low,1,4
TKT_005896,CUST_01620,2024-06-10,Return,Low,2,3
TKT_005897,CUST_03378,2022-11-30,Payment,Medium,2,4
TKT_005898,CUST_00737,2023-07-28,App Issue,Medium,1,2
TKT_005899,CUST_02083,2022-01-11,Payment,Medium,3,
TKT_005900,CUST_04701,2022-04-06,Payment,Medium,1,3
TKT_005901,CUST_00943,2022-11-08,App Issue,Low,3,5
TKT_005902,CUST_02331,2022-01-03,App Issue,Medium,1,4
TKT_005903,CUST_02473,2024-03-24,Other,Low,3,4
TKT_005904,CUST_02168,2023-08-15,Payment,Medium,2,1
TKT_005905,CUST_04603,2023-08-16,Product Quality,Low,2,5
TKT_005906,CUST_02253,2023-08-10,Account,Medium,1,3
TKT_005907,CUST_00460,2022-06-20,Delivery,Low,7,3
TKT_005908,CUST_00369,2022-12-31,Return,High,2,4
TKT_005909,CUST_04338,2024-01-25,Delivery,Medium,7,5
TKT_005910,CUST_03725,2023-07-11,Product Quality,Medium,5,4
TKT_005911,CUST_04571,2023-06-14,Product Quality,Low,5,5
TKT_005912,CUST_00553,2023-10-20,Other,High,1,5
TKT_005913,CUST_03176,2023-05-15,Return,Medium,3,4
TKT_005914,CUST_00022,2023-09-04,App Issue,Medium,2,5
TKT_005915,CUST_00027,2023-04-26,Delivery,High,5,3
TKT_005916,CUST_04957,2024-02-24,Other,Medium,5,2
TKT_005917,CUST_01229,2022-05-11,Account,Medium,10,4
TKT_005918,CUST_02544,2023-11-14,Account,Medium,5,5
TKT_005919,CUST_03186,2023-09-02,App Issue,Low,2,5
TKT_005920,CUST_03437,2024-02-03,Other,Medium,7,5
TKT_005921,CUST_01613,2024-05-21,Delivery,Medium,2,3
TKT_005922,CUST_02524,2022-01-24,App Issue,Medium,2,4
TKT_005923,CUST_04834,2022-02-04,Product Quality,Medium,1,4
TKT_005924,CUST_01116,2022-12-26,Other,Medium,1,3
TKT_005925,CUST_01116,2024-06-11,Delivery,Low,10,4
TKT_005926,CUST_03852,2023-08-20,Return,Low,3,4
TKT_005927,CUST_01230,2022-02-03,Payment,Medium,7,4
TKT_005928,CUST_02504,2023-03-19,Return,Medium,7,4
TKT_005929,CUST_01554,2022-04-24,Return,Low,1,5
TKT_005930,CUST_02294,2022-12-16,App Issue,Medium,10,5
TKT_005931,CUST_00894,2024-02-16,Payment,Low,2,5
TKT_005932,CUST_00074,2022-06-21,Account,High,,4
TKT_005933,CUST_00286,2023-08-18,Account,Medium,10,5
TKT_005934,CUST_00096,2022-12-30,App Issue,Low,3,5
TKT_005935,CUST_02206,2023-05-25,Delivery,Medium,10,5
TKT_005936,CUST_04450,2023-03-18,Other,Medium,5,5
TKT_005937,CUST_01612,2023-06-22,Other,Low,1,1
TKT_005938,CUST_02569,2023-04-23,Other,Medium,3,2
TKT_005939,CUST_03159,2023-04-09,Product Quality,Medium,2,4
TKT_005940,CUST_00640,2024-03-15,Return,Low,2,3
TKT_005941,CUST_03776,2023-06-21,Return,Medium,3,2
TKT_005942,CUST_02647,2022-02-28,Other,Medium,5,4
TKT_005943,CUST_04853,2022-03-10,App Issue,Low,2,5
TKT_005944,CUST_04735,2022-12-24,Product Quality,Medium,2,4
TKT_005945,CUST_00748,2023-07-18,Delivery,Low,7,3
TKT_005946,CUST_00171,2022-09-08,App Issue,Medium,1,5
TKT_005947,CUST_03939,2022-06-18,Account,Low,2,5
TKT_005948,CUST_01761,2023-06-30,Delivery,Medium,3,4
TKT_005949,CUST_00988,2023-09-26,Product Quality,High,2,4
TKT_005950,CUST_02242,2023-05-13,Delivery,Medium,1,5
TKT_005951,CUST_03394,2023-07-21,Other,Medium,5,4
TKT_005952,CUST_02231,2023-10-22,Delivery,Medium,2,4
TKT_005953,CUST_01357,2022-10-05,Account,Medium,5,5
TKT_005954,CUST_00004,2024-01-11,Other,High,3,5
TKT_005955,CUST_03633,2023-08-07,Return,High,2,5
TKT_005956,CUST_01726,2024-02-03,Return,Medium,2,2
TKT_005957,CUST_03023,2024-04-16,Delivery,Medium,3,3
TKT_005958,CUST_03469,2022-03-23,Delivery,High,5,4
TKT_005959,CUST_02931,2024-03-07,Other,Medium,2,5
TKT_005960,CUST_02437,2023-04-19,App Issue,Low,10,4
TKT_005961,CUST_01916,2024-04-01,Payment,Medium,,4
TKT_005962,CUST_02300,2024-01-29,Account,Medium,1,4
TKT_005963,CUST_03089,2022-05-26,Product Quality,Low,1,
TKT_005964,CUST_02124,2024-05-05,Return,Low,7,3
TKT_005965,CUST_00268,2023-12-17,Return,Medium,3,4
TKT_005966,CUST_00477,2024-03-13,Delivery,High,3,3
TKT_005967,CUST_03857,2023-05-09,Delivery,Low,7,3
TKT_005968,CUST_00711,2022-02-09,Account,High,2,4
TKT_005969,CUST_03164,2022-12-22,App Issue,High,10,5
TKT_005970,CUST_02574,2022-09-25,Return,Medium,2,5
TKT_005971,CUST_03093,2024-03-15,Return,Medium,5,4
TKT_005972,CUST_01812,2022-06-11,Return,Low,7,5
TKT_005973,CUST_03010,2024-06-12,Return,Medium,2,4
TKT_005974,CUST_03112,2023-03-26,Payment,Medium,10,5
TKT_005975,CUST_04233,2022-12-04,Other,Low,2,4
TKT_005976,CUST_03929,2023-06-29,Return,Low,1,5
TKT_005977,CUST_01148,2022-07-29,Product Quality,Medium,2,3
TKT_005978,CUST_00003,2022-12-07,Return,Medium,2,2
TKT_005979,CUST_02770,2022-07-08,Return,Low,1,3
TKT_005980,CUST_04178,2024-02-28,Return,Low,2,4
TKT_005981,CUST_01497,2022-12-27,Payment,High,3,4
TKT_005982,CUST_00494,2024-05-23,Delivery,Low,2,2
TKT_005983,CUST_02540,2023-08-14,Return,Low,1,4
TKT_005984,CUST_04746,2023-04-12,Return,Medium,2,4
TKT_005985,CUST_01893,2023-05-05,Product Quality,Medium,3,3
TKT_005986,CUST_00216,2024-05-02,Other,Low,3,4
TKT_005987,CUST_02828,2023-05-21,Other,Low,,3
TKT_005988,CUST_01829,2023-07-19,Delivery,Medium,3,4
TKT_005989,CUST_01419,2024-04-11,Payment,High,2,3
TKT_005990,CUST_03865,2024-03-10,Return,Low,3,
TKT_005991,CUST_04845,2023-07-16,Account,High,2,4
TKT_005992,CUST_04990,2022-02-01,Return,Medium,,3
TKT_005993,CUST_03240,2024-01-16,Return,Low,3,2
TKT_005994,CUST_02894,2024-01-02,Payment,Medium,3,4
TKT_005995,CUST_01256,2023-01-16,Return,Low,1,1
TKT_005996,CUST_02545,2022-06-29,Payment,Low,3,4
TKT_005997,CUST_04726,2023-09-17,Delivery,High,1,5
TKT_005998,CUST_02984,2023-09-18,Other,Medium,10,3
TKT_005999,CUST_00677,2024-01-30,Account,High,1,4
TKT_006000,CUST_00577,2024-06-07,Payment,Low,5,5
TKT_006001,CUST_04078,2023-06-08,Other,High,,3
TKT_006002,CUST_04642,2022-04-01,App Issue,High,,5
TKT_006003,CUST_01164,2024-03-17,Other,Low,3,2
TKT_006004,CUST_04217,2022-03-11,Return,Medium,1,4
TKT_006005,CUST_02368,2023-05-20,Payment,Low,3,4
TKT_006006,CUST_03630,2022-02-27,Account,Medium,,4
TKT_006007,CUST_02992,2022-08-14,Payment,High,3,4
TKT_006008,CUST_04191,2024-05-16,Delivery,High,7,3
TKT_006009,CUST_03862,2023-02-27,Payment,Low,,1
TKT_006010,CUST_02812,2022-08-09,Other,Medium,1,4
TKT_006011,CUST_00011,2022-05-21,Delivery,High,3,4
TKT_006012,CUST_00712,2023-06-29,Payment,Low,,2
TKT_006013,CUST_03154,2024-04-02,Return,Medium,7,4
TKT_006014,CUST_00618,2022-08-26,Payment,Medium,2,5
TKT_006015,CUST_03247,2024-06-05,Delivery,Medium,2,4
TKT_006016,CUST_04279,2023-10-14,Product Quality,Medium,3,5
TKT_006017,CUST_03124,2023-12-31,Account,Medium,2,5
TKT_006018,CUST_03970,2023-01-23,Payment,Medium,7,4
TKT_006019,CUST_02608,2023-03-17,Account,Medium,5,3
TKT_006020,CUST_00061,2024-04-21,Account,Medium,5,2
TKT_006021,CUST_04042,2023-06-07,Product Quality,High,3,4
TKT_006022,CUST_04144,2022-06-19,Product Quality,Low,2,1
TKT_006023,CUST_02026,2023-04-25,Payment,Medium,2,5
TKT_006024,CUST_04139,2022-08-06,Payment,Low,2,4
TKT_006025,CUST_01807,2023-06-02,Other,Low,2,4
TKT_006026,CUST_00666,2024-02-29,Other,High,10,5
TKT_006027,CUST_04817,2022-07-20,Product Quality,Medium,3,5
TKT_006028,CUST_03367,2022-05-04,App Issue,Medium,5,4
TKT_006029,CUST_03711,2022-03-04,Product Quality,Medium,3,4
TKT_006030,CUST_03133,2023-11-29,Delivery,Medium,2,1
TKT_006031,CUST_04064,2024-05-01,Account,High,1,4
TKT_006032,CUST_01148,2023-01-15,Return,Medium,1,4
TKT_006033,CUST_02008,2023-06-15,App Issue,Low,3,4
TKT_006034,CUST_04119,2023-08-29,Delivery,Medium,5,2
TKT_006035,CUST_03424,2022-02-19,Account,Medium,3,4
TKT_006036,CUST_02968,2023-10-14,App Issue,Medium,7,5
TKT_006037,CUST_00884,2022-07-01,Payment,Medium,2,4
TKT_006038,CUST_01406,2023-10-25,Other,Medium,2,3
TKT_006039,CUST_04737,2022-04-11,Account,Low,1,4
TKT_006040,CUST_03773,2023-01-10,Return,Medium,3,4
TKT_006041,CUST_01098,2022-05-01,Payment,Low,1,2
TKT_006042,CUST_03247,2024-06-01,Product Quality,Medium,5,4
TKT_006043,CUST_02229,2024-06-04,Delivery,Medium,3,4
TKT_006044,CUST_01418,2023-05-19,Account,High,2,3
TKT_006045,CUST_01828,2023-01-23,App Issue,Low,1,3
TKT_006046,CUST_00074,2022-01-31,Other,Medium,1,5
TKT_006047,CUST_02870,2024-05-23,Payment,Medium,3,3
TKT_006048,CUST_04823,2022-02-27,Payment,Medium,10,3
TKT_006049,CUST_04268,2023-09-12,App Issue,High,3,4
TKT_006050,CUST_02125,2022-12-10,Payment,Medium,2,3
TKT_006051,CUST_03941,2022-05-15,Return,Medium,1,4
TKT_006052,CUST_02496,2023-04-01,Product Quality,Low,2,4
TKT_006053,CUST_02901,2022-03-12,Account,Medium,2,3
TKT_006054,CUST_00238,2022-04-08,Product Quality,Medium,1,2
TKT_006055,CUST_02081,2023-06-01,App Issue,Medium,1,2
TKT_006056,CUST_04445,2022-11-26,Other,Medium,5,4
TKT_006057,CUST_00745,2023-05-20,Other,Medium,1,5
TKT_006058,CUST_04796,2023-06-16,Product Quality,High,1,4
TKT_006059,CUST_03464,2023-11-13,Delivery,Medium,5,
TKT_006060,CUST_04296,2022-05-06,App Issue,High,2,5
TKT_006061,CUST_04990,2023-07-28,Return,High,7,4
TKT_006062,CUST_00740,2023-07-26,App Issue,High,1,1
TKT_006063,CUST_04755,2022-11-04,Account,High,1,4
TKT_006064,CUST_01676,2024-01-13,Payment,Medium,2,5
TKT_006065,CUST_03327,2022-11-24,Return,Medium,,5
TKT_006066,CUST_00997,2023-12-20,Account,Medium,3,3
TKT_006067,CUST_01440,2022-11-27,App Issue,Medium,5,2
TKT_006068,CUST_01147,2023-11-11,Delivery,Medium,7,1
TKT_006069,CUST_04166,2023-05-11,Product Quality,Low,3,5
TKT_006070,CUST_04605,2023-01-11,Payment,Low,,2
TKT_006071,CUST_01813,2022-09-07,Payment,Low,7,3
TKT_006072,CUST_04437,2023-02-20,Product Quality,Medium,3,4
TKT_006073,CUST_00327,2022-05-15,Other,High,5,4
TKT_006074,CUST_04744,2023-11-09,Payment,Medium,10,4
TKT_006075,CUST_03964,2023-10-23,Delivery,Low,5,5
TKT_006076,CUST_00782,2023-09-15,Delivery,Low,1,3
TKT_006077,CUST_02191,2022-07-07,Delivery,High,1,4
TKT_006078,CUST_00899,2023-12-27,Product Quality,Medium,5,4
TKT_006079,CUST_04978,2022-10-08,App Issue,Medium,3,1
TKT_006080,CUST_03525,2023-05-01,Product Quality,Medium,7,3
TKT_006081,CUST_04604,2022-06-30,Product Quality,Low,5,5
TKT_006082,CUST_01749,2022-03-21,Other,Low,5,5
TKT_006083,CUST_01072,2022-11-26,Delivery,High,2,4
TKT_006084,CUST_02826,2022-07-17,App Issue,High,3,2
TKT_006085,CUST_04285,2022-06-20,Product Quality,Medium,,4
TKT_006086,CUST_02872,2024-02-19,Return,Low,7,5
TKT_006087,CUST_04643,2022-04-04,Other,Low,5,1
TKT_006088,CUST_03410,2022-03-15,Account,Low,3,4
TKT_006089,CUST_03294,2023-01-17,Other,Medium,5,5
TKT_006090,CUST_00734,2024-04-05,Account,Medium,1,4
TKT_006091,CUST_02285,2022-12-31,Account,Low,5,3
TKT_006092,CUST_00060,2022-06-03,Payment,High,3,5
TKT_006093,CUST_00055,2024-01-18,Return,High,,4
TKT_006094,CUST_02572,2023-06-05,Other,Low,2,5
TKT_006095,CUST_04019,2022-10-29,Other,High,2,4
TKT_006096,CUST_01861,2022-09-30,Delivery,Medium,2,5
TKT_006097,CUST_01557,2023-09-08,Payment,Low,2,5
TKT_006098,CUST_04108,2023-01-18,App Issue,Medium,3,3
TKT_006099,CUST_03868,2022-10-18,Other,Medium,5,4
TKT_006100,CUST_04452,2023-06-09,Return,Medium,3,4
TKT_006101,CUST_01514,2023-02-14,Delivery,Medium,7,1
TKT_006102,CUST_02959,2022-01-20,App Issue,Low,3,3
TKT_006103,CUST_02316,2023-03-23,Product Quality,High,2,2
TKT_006104,CUST_02322,2022-10-04,App Issue,Medium,,3
TKT_006105,CUST_00125,2023-02-05,App Issue,Low,2,4
TKT_006106,CUST_01334,2022-01-19,Delivery,Low,10,3
TKT_006107,CUST_03482,2023-11-11,Product Quality,Low,5,4
TKT_006108,CUST_01832,2022-07-12,Other,Low,7,4
TKT_006109,CUST_00845,2023-08-16,Return,Medium,3,3
TKT_006110,CUST_03045,2022-05-30,Delivery,Medium,3,5
TKT_006111,CUST_04685,2024-01-25,Other,Low,5,4
TKT_006112,CUST_00829,2024-05-05,Return,Low,1,5
TKT_006113,CUST_02572,2023-07-29,Delivery,Medium,10,
TKT_006114,CUST_04421,2023-01-17,Account,Medium,3,4
TKT_006115,CUST_01355,2022-07-29,Product Quality,High,2,5
TKT_006116,CUST_03239,2024-03-31,Product Quality,Medium,1,4
TKT_006117,CUST_01206,2022-05-26,Return,Low,3,3
TKT_006118,CUST_01709,2023-04-07,Account,Medium,10,2
TKT_006119,CUST_03238,2023-05-06,Account,High,5,4
TKT_006120,CUST_01619,2024-05-11,Return,High,7,1
TKT_006121,CUST_01619,2024-03-15,App Issue,High,2,5
TKT_006122,CUST_04703,2023-11-08,Product Quality,High,3,5
TKT_006123,CUST_02444,2022-10-31,Other,High,1,2
TKT_006124,CUST_01369,2022-10-24,Product Quality,High,2,4
TKT_006125,CUST_01984,2022-02-07,Payment,Low,7,5
TKT_006126,CUST_04226,2023-08-03,Payment,Medium,1,4
TKT_006127,CUST_00725,2023-10-29,Payment,Low,5,1
TKT_006128,CUST_04267,2023-12-08,Account,Low,2,4
TKT_006129,CUST_01558,2024-04-23,Delivery,High,1,4
TKT_006130,CUST_00338,2022-04-18,Delivery,Low,3,4
TKT_006131,CUST_04290,2022-12-16,Delivery,High,1,5
TKT_006132,CUST_00272,2022-04-21,Product Quality,High,3,3
TKT_006133,CUST_02817,2023-07-21,Other,High,2,3
TKT_006134,CUST_04295,2023-05-03,Payment,Medium,2,4
TKT_006135,CUST_02485,2023-03-19,App Issue,Medium,2,5
TKT_006136,CUST_03620,2023-01-02,Payment,Medium,5,5
TKT_006137,CUST_01803,2022-10-26,Return,Low,3,5
TKT_006138,CUST_04861,2022-12-22,App Issue,Low,1,4
TKT_006139,CUST_01539,2023-06-07,Return,High,2,3
TKT_006140,CUST_00652,2023-12-21,Payment,Low,5,
TKT_006141,CUST_01766,2023-08-25,App Issue,Medium,2,
TKT_006142,CUST_00744,2024-01-07,Payment,Low,,5
TKT_006143,CUST_03867,2022-12-06,Payment,Medium,3,3
TKT_006144,CUST_03295,2022-04-04,Product Quality,High,5,4
TKT_006145,CUST_04204,2023-01-27,Other,Medium,2,2
TKT_006146,CUST_01274,2022-11-21,Account,High,5,
TKT_006147,CUST_02734,2022-11-05,Payment,Low,2,5
TKT_006148,CUST_04483,2022-10-17,Account,Medium,5,4
TKT_006149,CUST_02416,2023-04-28,Return,Low,3,5
TKT_006150,CUST_02675,2023-08-05,Return,Medium,,4
TKT_006151,CUST_02212,2023-05-17,Product Quality,Low,3,3
TKT_006152,CUST_03188,2023-11-17,Product Quality,High,5,4
TKT_006153,CUST_00282,2023-05-02,Other,High,5,5
TKT_006154,CUST_04918,2023-07-17,Account,Medium,2,4
TKT_006155,CUST_02691,2024-02-03,Other,Medium,1,5
TKT_006156,CUST_02027,2023-10-07,Payment,Medium,2,
TKT_006157,CUST_01900,2022-10-24,Delivery,Low,2,4
TKT_006158,CUST_04492,2024-04-15,Return,High,1,5
TKT_006159,CUST_04613,2022-09-27,App Issue,Low,3,5
TKT_006160,CUST_04177,2022-03-24,Other,Low,1,
TKT_006161,CUST_04866,2022-05-01,Delivery,Medium,10,3
TKT_006162,CUST_01057,2024-03-14,Account,Medium,3,
TKT_006163,CUST_01142,2022-06-19,Product Quality,Medium,10,4
TKT_006164,CUST_00010,2022-04-24,Payment,Low,1,5
TKT_006165,CUST_01277,2024-03-29,App Issue,Medium,7,5
TKT_006166,CUST_04899,2023-12-04,Other,Medium,7,4
TKT_006167,CUST_01952,2022-09-28,App Issue,Medium,3,5
TKT_006168,CUST_04563,2022-07-03,Account,Low,1,3
TKT_006169,CUST_01222,2023-05-29,Account,Medium,1,5
TKT_006170,CUST_04631,2022-10-17,Product Quality,Medium,1,5
TKT_006171,CUST_04002,2022-11-09,App Issue,Medium,3,4
TKT_006172,CUST_04646,2024-06-02,Account,Medium,,3
TKT_006173,CUST_04641,2022-04-20,Delivery,Low,2,3
TKT_006174,CUST_04204,2023-11-22,App Issue,Medium,1,4
TKT_006175,CUST_04524,2022-06-20,Other,Low,2,4
TKT_006176,CUST_04605,2022-10-22,Product Quality,Medium,7,4
TKT_006177,CUST_01765,2022-01-15,Account,Medium,7,3
TKT_006178,CUST_02688,2023-05-05,App Issue,Medium,2,4
TKT_006179,CUST_01160,2022-03-11,Other,Medium,10,5
TKT_006180,CUST_02830,2024-05-17,Other,Medium,2,4
TKT_006181,CUST_02635,2022-10-08,Delivery,Low,1,4
TKT_006182,CUST_01697,2024-04-08,Delivery,Low,5,5
TKT_006183,CUST_01876,2022-02-18,Account,High,2,5
TKT_006184,CUST_03630,2023-06-20,Account,Low,3,5
TKT_006185,CUST_01698,2022-01-04,App Issue,Low,7,
TKT_006186,CUST_02324,2023-03-22,App Issue,Low,1,5
TKT_006187,CUST_03930,2023-07-16,Return,Medium,5,3
TKT_006188,CUST_04223,2024-02-12,App Issue,Low,2,4
TKT_006189,CUST_02850,2023-06-20,Return,High,1,
TKT_006190,CUST_02765,2023-12-11,Account,Medium,5,5
TKT_006191,CUST_00121,2023-05-29,Account,Medium,,5
TKT_006192,CUST_01823,2024-02-16,App Issue,Medium,3,4
TKT_006193,CUST_02099,2022-09-01,Payment,Medium,1,5
TKT_006194,CUST_00710,2023-05-06,Account,Low,5,
TKT_006195,CUST_03861,2023-07-09,Return,Low,1,3
TKT_006196,CUST_00730,2024-05-01,Account,High,2,4
TKT_006197,CUST_01839,2022-07-27,Return,Low,1,5
TKT_006198,CUST_04676,2023-02-12,Product Quality,Medium,10,4
TKT_006199,CUST_01817,2023-02-23,Payment,Medium,2,4
TKT_006200,CUST_03715,2022-07-28,Account,Low,3,
TKT_006201,CUST_03622,2024-05-16,Payment,Low,2,5
TKT_006202,CUST_03016,2023-11-04,Account,Medium,2,4
TKT_006203,CUST_04078,2022-07-07,Other,High,10,3
TKT_006204,CUST_03190,2023-03-01,Payment,Medium,3,3
TKT_006205,CUST_00346,2022-03-06,Other,High,5,5
TKT_006206,CUST_01687,2022-09-08,App Issue,Medium,2,5
TKT_006207,CUST_02770,2022-12-15,App Issue,Medium,,4
TKT_006208,CUST_03707,2023-02-24,App Issue,Medium,5,4
TKT_006209,CUST_02041,2022-01-04,Product Quality,Low,1,4
TKT_006210,CUST_04407,2022-02-12,Payment,High,2,1
TKT_006211,CUST_03386,2024-01-19,Account,Medium,1,2
TKT_006212,CUST_03747,2022-09-15,Delivery,Medium,1,4
TKT_006213,CUST_02904,2023-04-28,Return,Medium,5,2
TKT_006214,CUST_02624,2022-11-28,Product Quality,Low,5,5
TKT_006215,CUST_03618,2022-07-22,Account,Low,2,5
TKT_006216,CUST_01106,2023-07-17,App Issue,Low,,1
TKT_006217,CUST_00037,2023-11-25,Delivery,Medium,2,4
TKT_006218,CUST_01293,2022-09-13,Account,High,2,4
TKT_006219,CUST_04229,2024-01-27,Payment,Medium,1,4
TKT_006220,CUST_01583,2022-06-30,Payment,Low,7,3
TKT_006221,CUST_02770,2023-01-03,App Issue,Low,3,5
TKT_006222,CUST_00921,2022-07-10,App Issue,Low,3,4
TKT_006223,CUST_01014,2022-09-20,Delivery,Low,7,4
TKT_006224,CUST_00336,2023-04-04,Payment,Low,3,4
TKT_006225,CUST_01089,2022-10-16,Account,Low,5,3
TKT_006226,CUST_02843,2023-09-10,Return,Medium,1,4
TKT_006227,CUST_01486,2022-07-27,App Issue,Low,5,5
TKT_006228,CUST_03089,2023-12-30,Payment,Low,1,4
TKT_006229,CUST_01868,2023-06-04,Account,High,5,2
TKT_006230,CUST_04487,2022-06-08,App Issue,Low,7,2
TKT_006231,CUST_01582,2023-01-11,Delivery,Low,2,5
TKT_006232,CUST_01559,2022-01-09,App Issue,Medium,10,4
TKT_006233,CUST_02280,2023-04-16,Product Quality,Low,2,
TKT_006234,CUST_03871,2023-09-30,Account,Low,3,4
TKT_006235,CUST_03228,2023-10-14,Product Quality,Low,3,
TKT_006236,CUST_02966,2023-02-15,App Issue,Low,,5
TKT_006237,CUST_00180,2023-12-04,Delivery,Low,10,5
TKT_006238,CUST_01828,2023-03-24,Delivery,Low,5,5
TKT_006239,CUST_03303,2024-01-19,Payment,Medium,3,5
TKT_006240,CUST_01417,2023-01-12,Payment,High,2,4
TKT_006241,CUST_03215,2024-03-23,Delivery,Low,2,4
TKT_006242,CUST_00149,2023-11-04,App Issue,Low,1,4
TKT_006243,CUST_02765,2023-09-21,Other,Medium,1,3
TKT_006244,CUST_02383,2022-11-15,Delivery,Low,3,5
TKT_006245,CUST_00216,2024-04-01,Delivery,Medium,1,4
TKT_006246,CUST_03769,2023-04-18,Return,Medium,3,4
TKT_006247,CUST_01026,2024-01-23,Product Quality,Low,1,5
TKT_006248,CUST_00614,2023-04-04,Other,Medium,3,5
TKT_006249,CUST_04808,2023-08-12,Product Quality,Medium,1,3
TKT_006250,CUST_03896,2022-04-15,Delivery,Medium,3,5
TKT_006251,CUST_03182,2023-02-01,Other,High,1,4
TKT_006252,CUST_02171,2022-12-29,App Issue,Medium,1,5
TKT_006253,CUST_00582,2024-01-26,Product Quality,Low,1,4
TKT_006254,CUST_04726,2024-02-09,Other,Medium,5,4
TKT_006255,CUST_03477,2023-11-11,Product Quality,Low,7,3
TKT_006256,CUST_01623,2023-04-25,Account,High,2,4
TKT_006257,CUST_03014,2022-11-06,App Issue,Low,7,
TKT_006258,CUST_00621,2024-02-25,Delivery,Medium,3,4
TKT_006259,CUST_04849,2023-03-24,Account,High,2,3
TKT_006260,CUST_03675,2024-03-28,Return,Medium,2,5
TKT_006261,CUST_04876,2023-04-02,Product Quality,Low,2,4
TKT_006262,CUST_03351,2022-03-22,Delivery,Medium,1,4
TKT_006263,CUST_03337,2022-03-23,Return,Low,1,5
TKT_006264,CUST_02315,2022-04-26,Payment,Medium,2,5
TKT_006265,CUST_00792,2022-07-12,Payment,High,2,4
TKT_006266,CUST_01819,2023-04-14,Delivery,Medium,1,4
TKT_006267,CUST_01662,2022-07-16,Other,Low,1,3
TKT_006268,CUST_01138,2023-12-27,Delivery,High,2,4
TKT_006269,CUST_00273,2022-04-05,Account,Low,3,3
TKT_006270,CUST_03839,2022-07-18,App Issue,Low,2,4
TKT_006271,CUST_00890,2023-07-24,Product Quality,Medium,5,2
TKT_006272,CUST_00677,2022-06-02,Return,Medium,1,3
TKT_006273,CUST_00752,2023-01-20,App Issue,Low,5,5
TKT_006274,CUST_01592,2024-04-16,Return,Medium,10,5
TKT_006275,CUST_02232,2022-06-14,Payment,Low,3,4
TKT_006276,CUST_00036,2024-03-20,Other,Medium,3,3
TKT_006277,CUST_00137,2022-02-27,Account,Low,3,3
TKT_006278,CUST_04667,2022-07-14,Product Quality,Medium,7,4
TKT_006279,CUST_04725,2024-05-09,Product Quality,Low,2,5
TKT_006280,CUST_00018,2022-05-09,Delivery,Medium,,3
TKT_006281,CUST_00183,2022-10-04,Delivery,Medium,2,5
TKT_006282,CUST_01338,2024-02-21,Delivery,High,3,2
TKT_006283,CUST_04364,2024-02-13,Other,Low,2,2
TKT_006284,CUST_01610,2024-02-02,Return,Medium,5,2
TKT_006285,CUST_02370,2022-09-18,App Issue,Low,3,5
TKT_006286,CUST_00101,2022-07-25,Return,Low,2,5
TKT_006287,CUST_01807,2023-01-19,App Issue,Low,7,2
TKT_006288,CUST_00445,2023-02-01,Other,Low,5,5
TKT_006289,CUST_03329,2022-08-29,App Issue,Medium,1,4
TKT_006290,CUST_04407,2022-02-06,Account,Medium,1,3
TKT_006291,CUST_04026,2023-05-16,Product Quality,Medium,2,5
TKT_006292,CUST_01706,2022-01-12,Return,Medium,5,4
TKT_006293,CUST_02946,2022-05-03,Delivery,High,5,5
TKT_006294,CUST_03409,2022-12-19,Account,Low,5,3
TKT_006295,CUST_02266,2022-07-26,Product Quality,Medium,1,4
TKT_006296,CUST_01806,2022-03-21,Payment,Medium,1,2
TKT_006297,CUST_02638,2022-03-12,Return,Medium,3,3
TKT_006298,CUST_01731,2024-04-11,Delivery,Medium,1,
TKT_006299,CUST_01049,2023-06-11,Other,Low,5,5
TKT_006300,CUST_01308,2022-03-25,Delivery,Low,2,4
TKT_006301,CUST_04686,2022-03-17,App Issue,High,3,5
TKT_006302,CUST_00935,2022-03-21,Payment,Medium,5,3
TKT_006303,CUST_03172,2022-04-12,Product Quality,Low,1,1
TKT_006304,CUST_01381,2022-09-25,Other,Low,,3
TKT_006305,CUST_00084,2022-02-21,Return,Medium,2,5
TKT_006306,CUST_03346,2022-09-05,Account,Medium,3,2
TKT_006307,CUST_02724,2022-02-23,Product Quality,Medium,2,1
TKT_006308,CUST_03617,2023-06-06,Return,High,2,4
TKT_006309,CUST_03066,2023-05-18,Delivery,Medium,7,4
TKT_006310,CUST_01314,2022-02-26,Other,High,2,4
TKT_006311,CUST_01864,2023-07-22,Payment,Medium,3,4
TKT_006312,CUST_00393,2022-10-07,Other,Medium,1,3
TKT_006313,CUST_03406,2022-08-10,Return,Medium,5,3
TKT_006314,CUST_04862,2023-07-01,Delivery,High,5,4
TKT_006315,CUST_02373,2022-01-01,App Issue,High,3,5
TKT_006316,CUST_04869,2024-03-10,Account,Medium,2,4
TKT_006317,CUST_01528,2024-03-12,Account,Medium,1,4
TKT_006318,CUST_00205,2022-09-29,App Issue,Medium,5,4
TKT_006319,CUST_00909,2023-08-26,Other,Medium,1,4
TKT_006320,CUST_02848,2023-06-09,Return,High,2,4
TKT_006321,CUST_03606,2023-05-27,Return,Medium,7,3
TKT_006322,CUST_01479,2023-09-05,Account,Medium,7,
TKT_006323,CUST_00135,2023-11-17,Return,Medium,5,4
TKT_006324,CUST_00497,2024-01-14,Payment,Medium,1,3
TKT_006325,CUST_01004,2022-03-25,Payment,Medium,1,5
TKT_006326,CUST_02551,2023-05-20,Delivery,Low,2,4
TKT_006327,CUST_02073,2023-03-27,App Issue,Medium,2,2
TKT_006328,CUST_03916,2023-10-06,Other,Medium,1,4
TKT_006329,CUST_00199,2022-08-18,Product Quality,High,3,5
TKT_006330,CUST_01402,2022-05-31,Account,Low,5,5
TKT_006331,CUST_04837,2024-01-09,Product Quality,Medium,2,2
TKT_006332,CUST_03712,2022-02-24,Return,Medium,2,5
TKT_006333,CUST_04159,2023-08-19,App Issue,High,2,3
TKT_006334,CUST_02440,2024-02-05,Delivery,Medium,3,4
TKT_006335,CUST_01462,2024-05-09,Return,High,2,2
TKT_006336,CUST_03748,2024-03-03,Delivery,Medium,7,2
TKT_006337,CUST_01547,2023-11-09,App Issue,Medium,5,3
TKT_006338,CUST_03801,2024-05-31,Account,High,1,4
TKT_006339,CUST_02941,2023-10-10,Return,Low,3,4
TKT_006340,CUST_03400,2022-09-30,App Issue,Medium,3,4
TKT_006341,CUST_04835,2023-09-12,Product Quality,Medium,1,4
TKT_006342,CUST_02346,2024-05-20,Delivery,Medium,1,5
TKT_006343,CUST_04145,2023-12-27,Return,Medium,5,5
TKT_006344,CUST_00996,2022-03-16,Return,High,3,5
TKT_006345,CUST_03391,2023-02-10,App Issue,Medium,1,2
TKT_006346,CUST_00482,2022-01-10,Other,Low,3,5
TKT_006347,CUST_01808,2023-12-30,Account,Low,1,3
TKT_006348,CUST_03629,2022-11-03,Product Quality,High,5,1
TKT_006349,CUST_03770,2023-09-07,App Issue,Medium,1,
TKT_006350,CUST_01183,2022-02-19,Payment,Low,2,4
TKT_006351,CUST_01110,2024-03-21,App Issue,Medium,2,3
TKT_006352,CUST_00563,2022-04-17,Account,High,3,5
TKT_006353,CUST_04633,2024-02-10,Return,Medium,3,3
TKT_006354,CUST_00168,2023-11-04,Payment,Medium,7,3
TKT_006355,CUST_04550,2023-11-17,Account,Low,3,5
TKT_006356,CUST_04824,2024-06-03,Payment,Medium,1,3
TKT_006357,CUST_00957,2023-03-01,App Issue,Medium,,4
TKT_006358,CUST_01299,2023-10-29,Payment,Low,3,4
TKT_006359,CUST_01172,2023-07-04,Return,High,3,5
TKT_006360,CUST_02070,2022-05-15,Product Quality,Low,2,5
TKT_006361,CUST_03683,2023-01-26,Return,Medium,10,4
TKT_006362,CUST_00760,2023-12-17,Delivery,Medium,1,4
TKT_006363,CUST_02789,2022-04-14,Account,Low,2,3
TKT_006364,CUST_03608,2023-05-29,Account,Medium,5,5
TKT_006365,CUST_02192,2022-11-15,Return,Low,3,4
TKT_006366,CUST_03665,2022-12-30,Payment,Medium,,4
TKT_006367,CUST_03272,2022-08-17,Return,Low,1,4
TKT_006368,CUST_02367,2024-06-16,Return,High,1,4
TKT_006369,CUST_03897,2024-02-21,App Issue,Medium,1,5
TKT_006370,CUST_03202,2023-08-28,Return,High,2,4
TKT_006371,CUST_01328,2024-04-21,Payment,Medium,2,1
TKT_006372,CUST_02609,2024-03-02,Return,Medium,5,5
TKT_006373,CUST_01884,2023-10-30,Return,Low,3,4
TKT_006374,CUST_00731,2023-10-02,Account,Low,2,4
TKT_006375,CUST_04829,2023-12-14,Product Quality,Medium,1,3
TKT_006376,CUST_02590,2024-03-24,Return,High,,4
TKT_006377,CUST_02018,2022-11-06,Delivery,High,5,1
TKT_006378,CUST_04027,2023-06-15,Other,Medium,2,5
TKT_006379,CUST_02093,2022-06-04,Other,Medium,2,4
TKT_006380,CUST_01521,2023-02-28,Payment,Medium,1,3
TKT_006381,CUST_00705,2023-08-28,App Issue,Medium,1,3
TKT_006382,CUST_00709,2022-07-27,Other,Medium,1,5
TKT_006383,CUST_00513,2022-11-09,Return,High,5,4
TKT_006384,CUST_02804,2022-07-04,Other,Medium,2,3
TKT_006385,CUST_03339,2024-03-18,Other,Medium,5,4
TKT_006386,CUST_01926,2023-02-12,Other,High,2,3
TKT_006387,CUST_00991,2022-07-09,Delivery,Low,1,5
TKT_006388,CUST_00528,2022-06-18,Other,Medium,2,4
TKT_006389,CUST_02810,2022-09-12,App Issue,Low,3,1
TKT_006390,CUST_03289,2023-12-11,Payment,Low,,5
TKT_006391,CUST_01215,2024-02-07,Payment,High,1,4
TKT_006392,CUST_00309,2023-03-08,App Issue,Low,5,5
TKT_006393,CUST_04250,2023-03-18,App Issue,Medium,2,
TKT_006394,CUST_00631,2023-04-27,Other,Low,3,3
TKT_006395,CUST_01173,2022-11-29,Delivery,Medium,7,4
TKT_006396,CUST_01499,2022-01-28,Product Quality,High,2,5
TKT_006397,CUST_01329,2024-06-02,Payment,High,,3
TKT_006398,CUST_03668,2024-02-14,Account,Low,1,5
TKT_006399,CUST_03061,2023-07-05,Account,High,,4
TKT_006400,CUST_03293,2023-01-08,Payment,High,7,1
TKT_006401,CUST_04444,2022-07-30,Return,Medium,2,4
TKT_006402,CUST_04288,2024-01-03,Account,Medium,5,5
TKT_006403,CUST_03462,2022-12-12,Payment,High,2,3
TKT_006404,CUST_04912,2023-02-23,Return,Medium,1,2
TKT_006405,CUST_00100,2023-02-01,Delivery,Medium,2,5
TKT_006406,CUST_03496,2022-02-05,Return,High,3,3
TKT_006407,CUST_03317,2023-02-11,App Issue,High,5,4
TKT_006408,CUST_00793,2023-07-04,Product Quality,Medium,3,5
TKT_006409,CUST_02152,2023-04-16,Delivery,Medium,1,
TKT_006410,CUST_04585,2023-09-14,Return,Medium,7,4
TKT_006411,CUST_04422,2023-01-30,Other,Medium,3,5
TKT_006412,CUST_00612,2022-01-12,Other,Medium,2,4
TKT_006413,CUST_02672,2024-04-18,Return,Low,7,1
TKT_006414,CUST_00051,2022-11-14,Product Quality,Medium,5,4
TKT_006415,CUST_01037,2023-06-01,Product Quality,High,1,4
TKT_006416,CUST_02265,2023-12-25,App Issue,Medium,5,3
TKT_006417,CUST_00718,2023-04-03,Account,Low,,4
TKT_006418,CUST_04551,2023-06-02,Return,Low,,2
TKT_006419,CUST_00749,2023-10-15,App Issue,Low,,4
TKT_006420,CUST_01281,2023-05-04,Account,Low,7,5
TKT_006421,CUST_00515,2024-06-08,Other,Medium,3,1
TKT_006422,CUST_03575,2022-09-26,Account,Low,1,4
TKT_006423,CUST_04205,2023-01-06,Product Quality,Medium,2,3
TKT_006424,CUST_01788,2022-04-22,Return,Low,2,4
TKT_006425,CUST_04619,2022-06-22,Return,Low,5,3
TKT_006426,CUST_04499,2023-08-13,Account,Medium,7,3
TKT_006427,CUST_02510,2023-06-26,Product Quality,Medium,5,2
TKT_006428,CUST_00852,2022-02-28,App Issue,Medium,1,4
TKT_006429,CUST_00281,2023-03-17,Product Quality,Medium,2,2
TKT_006430,CUST_03531,2023-05-11,Payment,Medium,2,5
TKT_006431,CUST_03937,2022-05-28,Payment,Medium,7,4
TKT_006432,CUST_04495,2022-11-23,App Issue,Medium,5,4
TKT_006433,CUST_01511,2023-01-15,Delivery,Medium,1,
TKT_006434,CUST_00096,2022-02-03,Delivery,Low,3,2
TKT_006435,CUST_04455,2024-01-26,Other,Medium,3,4
TKT_006436,CUST_04201,2023-09-23,Delivery,High,5,4
TKT_006437,CUST_01044,2023-04-11,Other,Medium,2,2
TKT_006438,CUST_00587,2023-07-08,Other,High,,2
TKT_006439,CUST_03486,2022-11-02,Product Quality,Low,5,
TKT_006440,CUST_04863,2023-09-10,Delivery,High,1,4
TKT_006441,CUST_03512,2023-07-23,App Issue,Medium,1,4
TKT_006442,CUST_00198,2023-06-18,Product Quality,Medium,2,4
TKT_006443,CUST_02841,2023-07-01,Other,Medium,10,5
TKT_006444,CUST_01647,2023-10-19,Delivery,Low,3,
TKT_006445,CUST_02257,2022-10-07,Product Quality,Low,1,5
TKT_006446,CUST_00536,2023-06-22,App Issue,High,3,5
TKT_006447,CUST_01362,2023-11-29,App Issue,Medium,3,4
TKT_006448,CUST_00152,2022-07-16,Delivery,Low,1,4
TKT_006449,CUST_00433,2022-05-20,Other,Medium,,3
TKT_006450,CUST_02243,2023-02-21,App Issue,Medium,7,5
TKT_006451,CUST_02492,2024-03-12,App Issue,Low,2,5
TKT_006452,CUST_04416,2022-08-17,Account,Medium,3,5
TKT_006453,CUST_04718,2024-01-14,Delivery,Medium,1,5
TKT_006454,CUST_01784,2023-12-28,Payment,Medium,2,5
TKT_006455,CUST_04919,2023-01-14,Return,Medium,2,4
TKT_006456,CUST_02830,2022-02-19,Other,Low,2,5
TKT_006457,CUST_03730,2024-03-19,Other,High,3,1
TKT_006458,CUST_04564,2024-02-25,Product Quality,Medium,5,
TKT_006459,CUST_04438,2022-06-17,Other,Medium,2,5
TKT_006460,CUST_04830,2023-03-18,Return,High,3,3
TKT_006461,CUST_02048,2024-04-16,Delivery,High,3,5
TKT_006462,CUST_03813,2023-02-22,Other,Medium,2,5
TKT_006463,CUST_03310,2022-12-11,Product Quality,High,5,5
TKT_006464,CUST_00708,2023-11-26,Account,Medium,5,2
TKT_006465,CUST_03161,2023-08-07,Delivery,Medium,2,4
TKT_006466,CUST_01663,2022-04-13,Return,Medium,1,5
TKT_006467,CUST_01478,2023-05-02,Other,High,1,3
TKT_006468,CUST_03293,2023-09-28,Payment,Low,2,4
TKT_006469,CUST_03625,2022-10-21,App Issue,Medium,3,5
TKT_006470,CUST_03695,2023-08-13,Account,Medium,1,5
TKT_006471,CUST_00811,2022-04-22,Payment,Low,3,5
TKT_006472,CUST_02028,2023-07-31,Payment,Low,5,4
TKT_006473,CUST_03487,2022-01-10,Other,Medium,2,4
TKT_006474,CUST_04500,2022-10-25,Product Quality,Low,2,2
TKT_006475,CUST_02202,2022-02-11,Payment,Medium,3,4
TKT_006476,CUST_02825,2022-10-20,Other,Medium,10,1
TKT_006477,CUST_01987,2023-01-28,App Issue,Medium,1,3
TKT_006478,CUST_01382,2024-01-05,Delivery,Medium,3,3
TKT_006479,CUST_04074,2022-05-12,Delivery,High,5,4
TKT_006480,CUST_01491,2023-09-14,Payment,Medium,10,3
TKT_006481,CUST_04234,2024-03-05,Delivery,Medium,2,1
TKT_006482,CUST_00870,2023-08-19,Product Quality,Medium,3,5
TKT_006483,CUST_00177,2022-09-11,Delivery,High,3,5
TKT_006484,CUST_03294,2022-07-29,Other,Medium,1,5
TKT_006485,CUST_02000,2024-01-04,Return,High,1,4
TKT_006486,CUST_00046,2022-07-08,Other,Low,7,3
TKT_006487,CUST_02854,2022-08-25,Payment,Medium,1,
TKT_006488,CUST_04600,2024-05-21,App Issue,Low,2,2
TKT_006489,CUST_03325,2023-06-18,Account,Medium,3,3
TKT_006490,CUST_02374,2022-07-22,Other,Medium,10,2
TKT_006491,CUST_02915,2022-05-18,Return,High,5,3
TKT_006492,CUST_00388,2023-11-19,App Issue,Medium,5,3
TKT_006493,CUST_03398,2023-01-30,Account,Low,2,5
TKT_006494,CUST_03322,2023-03-01,Account,Medium,1,4
TKT_006495,CUST_02218,2024-06-12,Return,Medium,2,3
TKT_006496,CUST_00385,2022-11-19,Delivery,Low,2,5
TKT_006497,CUST_00345,2022-11-24,Return,Medium,2,5
TKT_006498,CUST_03563,2022-06-15,Return,Medium,3,3
TKT_006499,CUST_00334,2024-04-29,App Issue,Medium,2,4
TKT_006500,CUST_02127,2022-02-11,Delivery,Medium,1,4
TKT_006501,CUST_00822,2022-10-19,Product Quality,High,2,4
TKT_006502,CUST_01844,2023-12-22,Payment,Medium,2,5
TKT_006503,CUST_00809,2022-02-12,Product Quality,Low,5,5
TKT_006504,CUST_01933,2022-08-19,Other,Medium,1,5
TKT_006505,CUST_04635,2024-05-07,Product Quality,Medium,3,3
TKT_006506,CUST_03526,2023-07-31,Return,Low,5,4
TKT_006507,CUST_04407,2022-05-06,Delivery,Low,2,5
TKT_006508,CUST_01930,2022-06-05,Delivery,Low,5,4
TKT_006509,CUST_02123,2023-01-03,App Issue,Medium,5,5
TKT_006510,CUST_01854,2023-11-17,Return,Low,2,5
TKT_006511,CUST_04744,2023-01-12,App Issue,Low,2,3
TKT_006512,CUST_02764,2024-02-21,Return,Medium,1,4
TKT_006513,CUST_00884,2023-01-26,Account,Medium,7,2
TKT_006514,CUST_02777,2022-05-10,Delivery,High,7,5
TKT_006515,CUST_01587,2023-08-20,Product Quality,Medium,1,1
TKT_006516,CUST_00165,2022-02-28,Other,Medium,1,5
TKT_006517,CUST_02581,2023-09-11,Return,Medium,1,3
TKT_006518,CUST_02017,2023-07-14,Return,Medium,5,5
TKT_006519,CUST_00117,2024-01-21,App Issue,Low,1,4
TKT_006520,CUST_03791,2024-03-09,Account,Low,2,2
TKT_006521,CUST_02502,2024-02-28,Delivery,Low,1,4
TKT_006522,CUST_01855,2023-11-21,Payment,Medium,2,4
TKT_006523,CUST_04092,2022-05-30,App Issue,Low,10,4
TKT_006524,CUST_01650,2023-12-26,Product Quality,High,5,4
TKT_006525,CUST_01127,2022-03-24,Product Quality,Medium,,5
TKT_006526,CUST_03440,2023-01-30,Payment,Medium,1,4
TKT_006527,CUST_02683,2022-06-08,Payment,Medium,3,3
TKT_006528,CUST_04027,2022-10-26,App Issue,High,2,5
TKT_006529,CUST_02165,2023-01-24,Product Quality,Low,5,4
TKT_006530,CUST_04973,2023-10-26,Delivery,Medium,7,4
TKT_006531,CUST_03897,2022-10-07,Product Quality,Medium,10,3
TKT_006532,CUST_00540,2024-05-14,Other,Medium,7,4
TKT_006533,CUST_03252,2024-02-29,Return,Low,3,5
TKT_006534,CUST_00006,2022-08-16,Account,Medium,,3
TKT_006535,CUST_04778,2023-03-29,Delivery,Medium,5,5
TKT_006536,CUST_03774,2022-02-02,Other,Low,2,4
TKT_006537,CUST_02130,2022-01-10,App Issue,Medium,3,4
TKT_006538,CUST_03974,2023-01-05,Payment,Medium,2,5
TKT_006539,CUST_01464,2022-03-17,Delivery,High,10,5
TKT_006540,CUST_01937,2023-05-07,Payment,High,5,4
TKT_006541,CUST_01307,2024-03-13,Account,Low,7,3
TKT_006542,CUST_00050,2023-11-15,App Issue,High,1,3
TKT_006543,CUST_02318,2022-04-16,Other,Medium,1,5
TKT_006544,CUST_03647,2023-12-18,App Issue,Low,5,5
TKT_006545,CUST_00529,2024-03-14,App Issue,Low,1,4
TKT_006546,CUST_04920,2023-09-11,Payment,Medium,3,4
TKT_006547,CUST_00902,2024-03-17,Product Quality,Low,2,5
TKT_006548,CUST_04686,2024-04-18,App Issue,Medium,1,4
TKT_006549,CUST_03951,2022-06-14,Payment,Medium,2,1
TKT_006550,CUST_02934,2023-06-22,Payment,Low,7,4
TKT_006551,CUST_03330,2023-04-25,Other,Medium,1,5
TKT_006552,CUST_03796,2022-02-12,Payment,Medium,1,4
TKT_006553,CUST_01320,2022-05-02,Other,Medium,1,5
TKT_006554,CUST_04374,2022-09-02,Payment,Medium,10,3
TKT_006555,CUST_01542,2022-08-08,Delivery,Low,7,4
TKT_006556,CUST_03905,2023-11-01,Other,Medium,7,5
TKT_006557,CUST_00924,2024-03-15,App Issue,High,5,1
TKT_006558,CUST_00686,2022-04-26,App Issue,High,5,4
TKT_006559,CUST_00637,2023-10-23,Other,Low,,3
TKT_006560,CUST_02226,2022-05-18,Other,Medium,3,3
TKT_006561,CUST_04323,2022-11-20,Account,Medium,5,5
TKT_006562,CUST_02278,2024-05-20,Other,High,10,4
TKT_006563,CUST_01702,2023-10-14,Payment,Low,5,2
TKT_006564,CUST_01581,2024-04-01,Other,Medium,3,4
TKT_006565,CUST_03113,2022-12-26,Product Quality,Medium,3,4
TKT_006566,CUST_02807,2024-01-09,Delivery,Medium,2,5
TKT_006567,CUST_02648,2024-06-09,App Issue,Medium,10,4
TKT_006568,CUST_03259,2023-10-19,Return,Low,3,4
TKT_006569,CUST_00213,2023-03-02,Return,Medium,2,3
TKT_006570,CUST_03398,2023-11-26,Payment,Medium,7,5
TKT_006571,CUST_01375,2023-02-21,Product Quality,High,1,5
TKT_006572,CUST_00175,2022-06-11,Other,Medium,7,1
TKT_006573,CUST_04059,2023-09-22,Delivery,High,7,5
TKT_006574,CUST_03958,2023-08-08,Delivery,High,3,4
TKT_006575,CUST_02162,2022-04-16,Product Quality,Low,1,5
TKT_006576,CUST_03140,2023-07-26,App Issue,Medium,3,4
TKT_006577,CUST_02825,2022-04-04,Other,Low,1,3
TKT_006578,CUST_00237,2022-07-18,Delivery,High,2,5
TKT_006579,CUST_00484,2023-03-28,Payment,Low,3,4
TKT_006580,CUST_02847,2023-06-16,Payment,Medium,1,4
TKT_006581,CUST_04639,2022-06-09,Return,Medium,5,5
TKT_006582,CUST_01923,2023-03-17,Product Quality,Medium,,4
TKT_006583,CUST_03658,2022-03-25,Delivery,Low,2,1
TKT_006584,CUST_02362,2023-05-22,Return,Low,5,3
TKT_006585,CUST_01590,2022-01-17,Account,Medium,2,5
TKT_006586,CUST_03554,2022-05-18,Return,Low,3,3
TKT_006587,CUST_03439,2024-04-03,Return,Medium,3,4
TKT_006588,CUST_01524,2023-08-05,Account,Medium,2,5
TKT_006589,CUST_04084,2023-08-16,Delivery,Low,1,4
TKT_006590,CUST_01608,2022-08-26,App Issue,Medium,7,5
TKT_006591,CUST_03960,2024-03-25,Return,Medium,1,5
TKT_006592,CUST_00122,2023-01-25,Product Quality,Medium,2,3
TKT_006593,CUST_02715,2023-10-26,Return,Medium,,1
TKT_006594,CUST_00001,2023-04-15,Product Quality,Medium,2,1
TKT_006595,CUST_00731,2024-04-23,Account,Medium,2,3
TKT_006596,CUST_04725,2023-08-27,Other,High,7,4
TKT_006597,CUST_03521,2023-03-15,Delivery,High,7,5
TKT_006598,CUST_02355,2022-07-09,Payment,Low,1,2
TKT_006599,CUST_01973,2022-07-17,Product Quality,Medium,1,4
TKT_006600,CUST_02956,2024-06-02,App Issue,Low,2,3
TKT_006601,CUST_00977,2022-04-06,Payment,Medium,7,4
TKT_006602,CUST_00839,2023-06-22,Payment,Medium,1,5
TKT_006603,CUST_00820,2023-02-28,Other,Medium,2,4
TKT_006604,CUST_00413,2024-01-18,App Issue,High,7,1
TKT_006605,CUST_04029,2023-02-20,Delivery,High,5,5
TKT_006606,CUST_02837,2022-05-06,App Issue,High,1,5
TKT_006607,CUST_02313,2023-12-13,Product Quality,Medium,1,4
TKT_006608,CUST_00411,2023-12-25,Other,Medium,1,5
TKT_006609,CUST_03779,2023-02-04,Product Quality,Low,1,5
TKT_006610,CUST_01777,2023-07-22,Account,Medium,3,3
TKT_006611,CUST_04398,2022-02-23,Product Quality,Medium,1,5
TKT_006612,CUST_03741,2023-10-10,App Issue,Medium,7,3
TKT_006613,CUST_00572,2023-05-07,Payment,Medium,2,3
TKT_006614,CUST_02546,2023-06-28,Payment,Low,7,5
TKT_006615,CUST_03877,2024-01-08,Other,Low,5,
TKT_006616,CUST_01043,2023-06-18,App Issue,Low,3,4
TKT_006617,CUST_02531,2023-02-17,Return,Low,2,5
TKT_006618,CUST_04379,2023-11-18,Delivery,Medium,2,1
TKT_006619,CUST_01643,2022-05-27,Payment,Low,10,4
TKT_006620,CUST_04781,2022-07-21,Account,Low,7,
TKT_006621,CUST_02657,2022-02-26,Payment,Medium,2,5
TKT_006622,CUST_04843,2023-02-22,Account,Low,3,1
TKT_006623,CUST_01547,2022-06-03,Other,Medium,,4
TKT_006624,CUST_01037,2023-01-26,Account,Low,2,3
TKT_006625,CUST_00074,2023-04-15,Other,Low,2,4
TKT_006626,CUST_02721,2022-06-29,Return,Low,5,3
TKT_006627,CUST_02170,2022-07-20,Other,Medium,5,4
TKT_006628,CUST_02502,2024-02-25,Account,Medium,,4
TKT_006629,CUST_01494,2022-08-18,Payment,Medium,3,5
TKT_006630,CUST_04004,2022-11-29,Product Quality,Medium,1,4
TKT_006631,CUST_00002,2022-05-04,Return,High,2,3
TKT_006632,CUST_01136,2024-04-26,Return,High,5,4
TKT_006633,CUST_04882,2022-10-08,Return,Medium,3,1
TKT_006634,CUST_01319,2023-02-01,Product Quality,Low,2,4
TKT_006635,CUST_00482,2022-03-18,App Issue,Low,5,3
TKT_006636,CUST_02681,2022-06-12,Account,Medium,2,5
TKT_006637,CUST_03445,2024-01-24,Account,High,2,4
TKT_006638,CUST_02589,2022-12-29,Account,Low,2,4
TKT_006639,CUST_00436,2023-08-18,Product Quality,Medium,2,1
TKT_006640,CUST_04431,2022-09-03,App Issue,Low,2,5
TKT_006641,CUST_02873,2022-09-20,App Issue,High,2,4
TKT_006642,CUST_02239,2023-04-26,Product Quality,Low,5,3
TKT_006643,CUST_01718,2022-04-29,Product Quality,Medium,7,3
TKT_006644,CUST_00947,2022-02-01,Account,Low,5,4
TKT_006645,CUST_03936,2023-12-20,Product Quality,Low,3,5
TKT_006646,CUST_04013,2023-05-14,Delivery,Low,3,4
TKT_006647,CUST_04738,2022-10-16,Product Quality,Low,7,4
TKT_006648,CUST_04546,2023-10-26,Account,Low,2,3
TKT_006649,CUST_01418,2022-07-04,App Issue,Medium,2,4
TKT_006650,CUST_00713,2023-10-24,Return,Low,5,5
TKT_006651,CUST_02620,2022-11-04,Delivery,High,2,5
TKT_006652,CUST_04450,2023-04-02,Other,Medium,5,5
TKT_006653,CUST_03263,2023-07-01,Payment,Medium,5,5
TKT_006654,CUST_03735,2022-10-17,App Issue,Medium,2,2
TKT_006655,CUST_00362,2023-07-22,App Issue,Low,10,3
TKT_006656,CUST_03531,2023-10-16,Account,Low,7,5
TKT_006657,CUST_02322,2022-01-03,Account,Medium,1,5
TKT_006658,CUST_01494,2022-10-01,Product Quality,Medium,3,4
TKT_006659,CUST_04216,2023-05-18,App Issue,Medium,1,2
TKT_006660,CUST_00171,2023-04-29,Delivery,Low,,3
TKT_006661,CUST_03548,2022-10-08,Other,Medium,1,4
TKT_006662,CUST_01124,2022-02-04,Other,Low,5,5
TKT_006663,CUST_00845,2023-08-24,Other,Medium,2,1
TKT_006664,CUST_01613,2023-11-17,App Issue,Medium,1,5
TKT_006665,CUST_02477,2022-09-02,Return,Medium,10,3
TKT_006666,CUST_04123,2022-07-29,Return,Low,2,4
TKT_006667,CUST_00439,2023-07-12,App Issue,Medium,1,3
TKT_006668,CUST_04876,2023-05-03,Other,Medium,3,3
TKT_006669,CUST_00728,2022-02-03,Other,Low,2,4
TKT_006670,CUST_03663,2023-05-12,Other,Medium,5,3
TKT_006671,CUST_04220,2022-05-22,Product Quality,High,1,4
TKT_006672,CUST_03875,2024-01-13,Other,Medium,2,5
TKT_006673,CUST_02480,2022-07-29,Payment,Medium,7,4
TKT_006674,CUST_03073,2022-09-27,Return,Low,3,4
TKT_006675,CUST_00149,2022-09-27,Delivery,Medium,1,5
TKT_006676,CUST_02631,2022-07-20,Return,Medium,3,3
TKT_006677,CUST_03636,2022-04-18,Payment,Medium,1,1
TKT_006678,CUST_04487,2022-03-23,App Issue,Medium,5,1
TKT_006679,CUST_03607,2023-10-15,Product Quality,High,10,5
TKT_006680,CUST_00903,2024-02-20,Delivery,Medium,7,4
TKT_006681,CUST_03346,2022-08-02,App Issue,Medium,5,5
TKT_006682,CUST_04521,2023-05-26,Return,Low,7,
TKT_006683,CUST_04557,2022-07-26,Other,High,5,
TKT_006684,CUST_00664,2023-04-25,Product Quality,Medium,5,5
TKT_006685,CUST_01152,2022-04-01,App Issue,Medium,3,5
TKT_006686,CUST_01015,2022-03-31,Account,Low,1,3
TKT_006687,CUST_01752,2023-02-03,Payment,Low,5,5
TKT_006688,CUST_04417,2024-04-12,Payment,Medium,2,4
TKT_006689,CUST_03995,2024-05-05,Delivery,Medium,2,5
TKT_006690,CUST_02132,2022-12-16,App Issue,Medium,2,4
TKT_006691,CUST_01791,2022-01-14,Payment,Low,1,5
TKT_006692,CUST_01384,2022-01-25,Other,High,2,4
TKT_006693,CUST_03506,2022-04-17,Account,Medium,3,5
TKT_006694,CUST_01726,2023-08-21,Return,Medium,3,3
TKT_006695,CUST_04703,2024-01-15,Return,Low,3,3
TKT_006696,CUST_04576,2024-03-25,App Issue,Medium,1,4
TKT_006697,CUST_03420,2023-12-28,Return,Medium,3,5
TKT_006698,CUST_03824,2022-02-20,App Issue,Medium,2,3
TKT_006699,CUST_01267,2022-01-11,Account,Medium,2,1
TKT_006700,CUST_01842,2023-10-05,Delivery,Medium,1,5
TKT_006701,CUST_01771,2023-07-31,Account,Medium,5,5
TKT_006702,CUST_01919,2024-06-09,Product Quality,High,2,1
TKT_006703,CUST_00540,2022-01-05,Other,Medium,5,2
TKT_006704,CUST_02129,2023-12-31,Other,Low,3,4
TKT_006705,CUST_01677,2022-06-19,App Issue,High,2,4
TKT_006706,CUST_03818,2023-12-10,Payment,Medium,5,3
TKT_006707,CUST_03971,2022-02-07,Other,Low,7,4
TKT_006708,CUST_00026,2024-04-17,App Issue,Low,,2
TKT_006709,CUST_04432,2024-01-31,Delivery,Medium,3,4
TKT_006710,CUST_03510,2023-12-18,Product Quality,Medium,2,3
TKT_006711,CUST_02514,2022-01-02,Product Quality,Medium,2,5
TKT_006712,CUST_01875,2023-03-09,App Issue,Low,2,3
TKT_006713,CUST_01820,2023-06-19,Payment,High,1,4
TKT_006714,CUST_02084,2023-10-11,Delivery,Medium,7,3
TKT_006715,CUST_01898,2022-07-09,Delivery,Medium,2,5
TKT_006716,CUST_01906,2023-02-03,Product Quality,High,7,2
TKT_006717,CUST_02470,2024-03-16,Account,Medium,1,4
TKT_006718,CUST_00953,2022-05-14,Return,Medium,5,
TKT_006719,CUST_00280,2023-08-20,Payment,Low,1,5
TKT_006720,CUST_02894,2023-12-24,Delivery,Low,5,5
TKT_006721,CUST_02910,2022-07-30,Account,Low,7,5
TKT_006722,CUST_03860,2024-01-27,Return,Medium,5,5
TKT_006723,CUST_00056,2024-05-02,Product Quality,High,7,4
TKT_006724,CUST_02073,2023-07-04,Account,Medium,1,5
TKT_006725,CUST_02570,2024-05-05,Other,High,5,3
TKT_006726,CUST_00888,2023-03-26,Other,Low,1,5
TKT_006727,CUST_04585,2024-04-15,Account,Medium,1,5
TKT_006728,CUST_01082,2022-12-22,App Issue,Low,3,4
TKT_006729,CUST_02530,2022-02-18,Product Quality,Low,2,5
TKT_006730,CUST_03016,2022-03-09,Account,Medium,7,3
TKT_006731,CUST_04765,2023-08-03,App Issue,Low,2,5
TKT_006732,CUST_01312,2023-01-31,App Issue,Medium,2,5
TKT_006733,CUST_01994,2024-05-21,Payment,Medium,2,2
TKT_006734,CUST_03441,2022-06-29,Delivery,Medium,10,5
TKT_006735,CUST_02903,2023-04-11,Return,Medium,3,4
TKT_006736,CUST_04726,2022-08-16,Payment,Low,1,4
TKT_006737,CUST_02507,2022-12-19,Account,Medium,2,4
TKT_006738,CUST_00035,2022-09-22,Delivery,Medium,2,3
TKT_006739,CUST_02823,2022-12-03,Other,Medium,1,4
TKT_006740,CUST_04830,2022-02-20,Account,Low,3,
TKT_006741,CUST_04528,2022-07-02,Return,Low,,5
TKT_006742,CUST_03687,2023-05-15,Return,High,1,5
TKT_006743,CUST_02080,2024-02-01,Delivery,Low,7,4
TKT_006744,CUST_00692,2022-10-19,Product Quality,Medium,10,4
TKT_006745,CUST_03542,2022-12-19,Product Quality,Low,1,3
TKT_006746,CUST_02831,2024-03-23,Return,Medium,1,5
TKT_006747,CUST_03136,2023-07-22,Product Quality,Low,10,4
TKT_006748,CUST_01504,2023-07-21,Return,Medium,7,5
TKT_006749,CUST_02622,2023-10-30,Payment,Medium,5,4
TKT_006750,CUST_00731,2023-10-18,Delivery,Low,5,2
TKT_006751,CUST_01591,2023-08-17,Account,Medium,1,3
TKT_006752,CUST_04283,2023-08-18,Delivery,Low,2,2
TKT_006753,CUST_02955,2024-03-13,Delivery,Medium,2,4
TKT_006754,CUST_02566,2022-09-14,Other,Low,1,5
TKT_006755,CUST_03734,2023-12-17,Account,Medium,2,3
TKT_006756,CUST_04367,2023-04-25,Product Quality,High,2,4
TKT_006757,CUST_03518,2024-01-22,Other,High,1,3
TKT_006758,CUST_01685,2023-06-04,App Issue,Medium,1,5
TKT_006759,CUST_04100,2023-12-03,Delivery,High,1,2
TKT_006760,CUST_04907,2022-04-18,Other,Low,3,5
TKT_006761,CUST_04948,2022-08-05,Delivery,Medium,1,5
TKT_006762,CUST_03150,2022-05-31,App Issue,Low,5,5
TKT_006763,CUST_04531,2022-03-14,App Issue,Medium,3,4
TKT_006764,CUST_00971,2022-06-27,Other,Medium,1,4
TKT_006765,CUST_01789,2024-05-12,App Issue,Medium,2,
TKT_006766,CUST_03454,2022-06-20,Account,Low,2,5
TKT_006767,CUST_00635,2024-06-08,Product Quality,Low,1,5
TKT_006768,CUST_01430,2024-03-30,Payment,High,1,3
TKT_006769,CUST_01292,2022-07-17,Return,Low,5,3
TKT_006770,CUST_02051,2023-10-27,Other,Medium,3,4
TKT_006771,CUST_04981,2022-01-06,Other,Medium,,2
TKT_006772,CUST_02374,2022-03-29,App Issue,Medium,1,5
TKT_006773,CUST_02533,2022-07-10,Return,Low,2,5
TKT_006774,CUST_01179,2022-03-19,Return,Medium,2,3
TKT_006775,CUST_00982,2023-01-06,Delivery,Medium,1,5
TKT_006776,CUST_02265,2022-02-02,Other,Medium,7,3
TKT_006777,CUST_04703,2022-10-14,Product Quality,Medium,1,5
TKT_006778,CUST_01633,2023-05-24,Delivery,Medium,5,5
TKT_006779,CUST_00432,2023-01-26,Payment,Medium,1,4
TKT_006780,CUST_02238,2024-05-28,Payment,Medium,5,3
TKT_006781,CUST_00486,2023-08-14,Other,High,5,
TKT_006782,CUST_02059,2023-05-09,Return,Low,2,4
TKT_006783,CUST_04562,2023-08-29,Account,High,2,5
TKT_006784,CUST_03085,2022-07-22,Return,Medium,1,5
TKT_006785,CUST_02030,2022-10-15,Payment,Medium,10,5
TKT_006786,CUST_00385,2023-04-07,App Issue,Medium,7,5
TKT_006787,CUST_01680,2022-01-26,App Issue,Medium,1,4
TKT_006788,CUST_00142,2024-01-08,Delivery,Low,2,5
TKT_006789,CUST_02290,2022-05-21,Account,Medium,5,4
TKT_006790,CUST_01504,2022-06-19,Delivery,High,2,4
TKT_006791,CUST_00298,2022-05-04,Delivery,High,2,5
TKT_006792,CUST_02279,2022-11-17,Product Quality,Low,2,1
TKT_006793,CUST_01700,2022-07-16,Return,Medium,3,5
TKT_006794,CUST_02102,2024-02-01,Delivery,Medium,2,4
TKT_006795,CUST_00786,2022-04-20,Delivery,Low,3,5
TKT_006796,CUST_04070,2023-11-05,Other,Low,1,2
TKT_006797,CUST_01817,2023-04-01,Payment,Medium,3,4
TKT_006798,CUST_00322,2022-08-07,Return,Low,10,5
TKT_006799,CUST_00695,2022-11-23,App Issue,Low,3,4
TKT_006800,CUST_00611,2024-01-28,Payment,High,2,2
TKT_006801,CUST_04682,2023-11-02,Return,Medium,2,5
TKT_006802,CUST_04773,2024-05-14,App Issue,Low,1,4
TKT_006803,CUST_02765,2022-03-18,Payment,Low,2,4
TKT_006804,CUST_03470,2022-07-18,Account,Low,2,3
TKT_006805,CUST_03115,2022-08-28,Other,Low,5,4
TKT_006806,CUST_03142,2023-12-09,Delivery,Low,2,4
TKT_006807,CUST_03712,2023-05-14,Account,High,7,
TKT_006808,CUST_03117,2023-05-27,App Issue,High,,5
TKT_006809,CUST_03569,2024-05-08,Delivery,Medium,10,3
TKT_006810,CUST_04950,2023-03-01,Delivery,Low,2,2
TKT_006811,CUST_00155,2022-03-08,Payment,Low,2,
TKT_006812,CUST_00224,2023-04-30,Product Quality,Medium,,4
TKT_006813,CUST_01498,2023-06-18,Delivery,High,2,4
TKT_006814,CUST_04532,2023-02-05,Return,Medium,1,5
TKT_006815,CUST_02248,2023-02-19,Account,Medium,2,4
TKT_006816,CUST_02416,2024-02-16,Delivery,Medium,1,3
TKT_006817,CUST_03286,2022-02-05,Payment,Low,5,
TKT_006818,CUST_04858,2024-05-02,Return,Medium,1,4
TKT_006819,CUST_02155,2022-07-02,Other,Medium,5,5
TKT_006820,CUST_04955,2023-05-16,App Issue,High,2,5
TKT_006821,CUST_03193,2023-01-21,Other,Medium,5,4
TKT_006822,CUST_04206,2022-04-28,Other,Low,2,3
TKT_006823,CUST_01622,2024-02-12,Other,Medium,5,4
TKT_006824,CUST_01521,2022-02-24,Delivery,Medium,3,2
TKT_006825,CUST_02759,2024-03-22,Return,Low,2,4
TKT_006826,CUST_00844,2022-07-08,Return,Medium,,4
TKT_006827,CUST_03068,2022-12-25,Account,Medium,10,5
TKT_006828,CUST_01830,2023-10-17,Other,High,5,
TKT_006829,CUST_00061,2022-05-09,Return,Low,2,4
TKT_006830,CUST_02425,2023-02-07,Other,High,1,3
TKT_006831,CUST_01770,2024-05-12,Product Quality,Medium,3,4
TKT_006832,CUST_02546,2023-04-05,Return,Medium,2,2
TKT_006833,CUST_04270,2022-06-21,Other,High,7,4
TKT_006834,CUST_04178,2024-06-12,Return,Medium,2,5
TKT_006835,CUST_01644,2024-01-11,Product Quality,Low,1,5
TKT_006836,CUST_02889,2023-07-21,Return,Medium,1,5
TKT_006837,CUST_04191,2023-02-20,Account,Low,5,4
TKT_006838,CUST_01237,2022-06-26,App Issue,High,2,3
TKT_006839,CUST_03979,2023-12-18,Other,Medium,,3
TKT_006840,CUST_00597,2022-01-19,Delivery,High,3,3
TKT_006841,CUST_00233,2024-05-23,Payment,Low,5,
TKT_006842,CUST_01996,2023-04-06,Account,Medium,3,3
TKT_006843,CUST_04843,2024-01-10,Product Quality,Low,7,4
TKT_006844,CUST_02854,2022-03-05,Product Quality,High,2,5
TKT_006845,CUST_04566,2022-07-17,Account,Medium,3,5
TKT_006846,CUST_03902,2024-03-23,App Issue,High,1,3
TKT_006847,CUST_03177,2023-02-16,Product Quality,Low,2,5
TKT_006848,CUST_01620,2022-05-15,Product Quality,High,3,4
TKT_006849,CUST_04653,2022-05-14,Account,Medium,2,5
TKT_006850,CUST_03567,2023-09-03,Other,Medium,,4
TKT_006851,CUST_01785,2023-09-27,Delivery,High,5,4
TKT_006852,CUST_01094,2023-06-22,Account,High,,4
TKT_006853,CUST_02505,2022-11-09,Delivery,Medium,1,4
TKT_006854,CUST_04296,2022-06-20,App Issue,Medium,7,3
TKT_006855,CUST_02066,2022-12-07,App Issue,Low,10,5
TKT_006856,CUST_02585,2023-12-06,App Issue,Medium,2,5
TKT_006857,CUST_02775,2022-05-31,Payment,High,3,4
TKT_006858,CUST_04271,2023-05-13,Account,Low,1,2
TKT_006859,CUST_02547,2022-01-07,Delivery,High,2,3
TKT_006860,CUST_04210,2024-04-14,Payment,Medium,2,3
TKT_006861,CUST_03247,2024-04-08,Product Quality,Medium,3,4
TKT_006862,CUST_00022,2024-03-11,Return,Medium,3,5
TKT_006863,CUST_01754,2022-04-26,Account,High,5,5
TKT_006864,CUST_01744,2023-08-23,Other,Low,3,4
TKT_006865,CUST_03285,2022-08-20,App Issue,Low,5,3
TKT_006866,CUST_03729,2023-05-11,Other,Low,2,4
TKT_006867,CUST_02929,2022-09-04,Account,Medium,3,4
TKT_006868,CUST_03486,2023-12-03,Other,Low,2,5
TKT_006869,CUST_01268,2022-08-22,Payment,Low,1,4
TKT_006870,CUST_04006,2023-12-25,Product Quality,Medium,,5
TKT_006871,CUST_00916,2022-08-27,Account,Medium,,
TKT_006872,CUST_02933,2022-05-09,Product Quality,Low,2,3
TKT_006873,CUST_00259,2023-04-04,Other,Medium,2,3
TKT_006874,CUST_04378,2022-06-23,Account,High,5,4
TKT_006875,CUST_04289,2022-10-30,Payment,Medium,,3
TKT_006876,CUST_00502,2022-05-25,App Issue,High,3,4
TKT_006877,CUST_04827,2023-08-22,Product Quality,Medium,2,4
TKT_006878,CUST_02547,2022-09-07,Account,High,5,3
TKT_006879,CUST_01580,2024-05-25,Return,Medium,3,2
TKT_006880,CUST_01958,2023-08-10,Return,Medium,,5
TKT_006881,CUST_03622,2023-08-30,Account,High,,1
TKT_006882,CUST_03433,2023-05-15,Delivery,Medium,1,3
TKT_006883,CUST_04397,2023-10-24,Payment,Medium,5,5
TKT_006884,CUST_03009,2024-05-25,Delivery,Medium,3,2
TKT_006885,CUST_04085,2022-10-15,Delivery,Low,5,3
TKT_006886,CUST_04170,2024-03-27,Product Quality,Low,3,5
TKT_006887,CUST_03174,2022-03-18,Account,Low,10,3
TKT_006888,CUST_02010,2022-09-09,Return,Medium,5,5
TKT_006889,CUST_01424,2022-08-24,Payment,Medium,5,4
TKT_006890,CUST_03273,2023-06-05,Return,Medium,3,5
TKT_006891,CUST_01173,2024-06-04,Account,Medium,2,4
TKT_006892,CUST_02437,2023-05-16,Account,Low,3,5
TKT_006893,CUST_03408,2024-06-18,Payment,Low,1,4
TKT_006894,CUST_02397,2024-01-15,Other,High,10,4
TKT_006895,CUST_03847,2022-05-14,Delivery,High,1,5
TKT_006896,CUST_04060,2022-07-22,Payment,Low,7,5
TKT_006897,CUST_01393,2023-11-09,Product Quality,Medium,1,5
TKT_006898,CUST_04127,2023-04-22,Return,High,10,5
TKT_006899,CUST_00269,2023-03-13,Account,Medium,5,4
TKT_006900,CUST_02089,2023-08-13,Payment,Medium,5,1
TKT_006901,CUST_00390,2024-01-17,Other,Medium,5,5
TKT_006902,CUST_01111,2024-01-26,Delivery,Low,2,5
TKT_006903,CUST_04949,2022-09-20,Payment,Medium,2,4
TKT_006904,CUST_00165,2023-06-29,Other,Medium,,4
TKT_006905,CUST_04549,2022-02-13,App Issue,High,2,4
TKT_006906,CUST_04711,2024-05-05,Payment,Medium,7,
TKT_006907,CUST_04227,2024-04-15,App Issue,Low,1,1
TKT_006908,CUST_00825,2023-04-02,Other,Low,3,3
TKT_006909,CUST_02304,2024-02-29,Return,Medium,5,4
TKT_006910,CUST_01323,2022-04-18,App Issue,Medium,7,5
TKT_006911,CUST_01899,2023-04-09,Return,Medium,1,4
TKT_006912,CUST_02612,2023-07-04,Payment,Low,10,1
TKT_006913,CUST_03447,2023-11-12,Delivery,Medium,3,4
TKT_006914,CUST_01742,2023-05-07,Product Quality,Low,3,3
TKT_006915,CUST_00269,2023-07-01,Account,Low,2,4
TKT_006916,CUST_04222,2024-01-05,Delivery,Low,1,5
TKT_006917,CUST_02460,2023-11-15,Delivery,Medium,10,3
TKT_006918,CUST_03422,2024-02-28,Account,Medium,3,3
TKT_006919,CUST_04655,2022-01-24,Product Quality,Medium,7,3
TKT_006920,CUST_04502,2022-12-06,Payment,Medium,2,4
TKT_006921,CUST_00573,2022-03-30,Delivery,Low,2,4
TKT_006922,CUST_01577,2022-01-25,Account,High,5,5
TKT_006923,CUST_01050,2023-07-02,Return,Low,1,4
TKT_006924,CUST_00121,2023-08-19,Payment,Medium,3,5
TKT_006925,CUST_01556,2022-08-29,App Issue,High,2,
TKT_006926,CUST_01304,2022-09-10,Delivery,Medium,1,5
TKT_006927,CUST_01133,2023-02-17,Product Quality,Low,1,4
TKT_006928,CUST_02971,2023-03-22,Product Quality,Medium,2,1
TKT_006929,CUST_02543,2024-05-29,Return,Medium,2,4
TKT_006930,CUST_01086,2023-02-01,Return,High,2,5
TKT_006931,CUST_03539,2024-03-07,Other,Low,7,4
TKT_006932,CUST_03243,2024-04-25,Delivery,Low,2,5
TKT_006933,CUST_01522,2023-10-31,Delivery,Medium,1,5
TKT_006934,CUST_01509,2023-01-27,Return,Low,1,5
TKT_006935,CUST_03752,2024-04-10,Return,Medium,10,3
TKT_006936,CUST_03461,2024-02-12,Account,Medium,1,5
TKT_006937,CUST_04485,2023-08-24,Product Quality,Low,3,2
TKT_006938,CUST_00123,2022-09-04,Payment,Medium,5,4
TKT_006939,CUST_02147,2022-10-15,App Issue,High,3,3
TKT_006940,CUST_02416,2023-02-19,Payment,Medium,2,5
TKT_006941,CUST_04179,2024-01-31,Payment,Medium,3,4
TKT_006942,CUST_02748,2024-06-02,Product Quality,Medium,3,
TKT_006943,CUST_04972,2024-01-10,Payment,High,5,4
TKT_006944,CUST_03464,2023-10-20,Return,Low,3,4
TKT_006945,CUST_00365,2023-01-06,Delivery,Medium,,5
TKT_006946,CUST_00262,2023-07-19,Other,Low,3,5
TKT_006947,CUST_02173,2023-03-07,Other,Medium,2,4
TKT_006948,CUST_04458,2023-07-14,Payment,Medium,7,4
TKT_006949,CUST_00352,2022-04-12,App Issue,Low,1,4
TKT_006950,CUST_03170,2023-03-28,Product Quality,Medium,1,5
TKT_006951,CUST_04928,2023-11-22,Delivery,Low,1,
TKT_006952,CUST_04826,2024-06-16,Product Quality,Medium,5,3
TKT_006953,CUST_01791,2022-06-08,Payment,Medium,1,3
TKT_006954,CUST_04722,2022-11-12,Payment,Low,1,2
TKT_006955,CUST_01881,2024-03-15,Return,Medium,5,3
TKT_006956,CUST_00850,2023-02-26,App Issue,Low,5,2
TKT_006957,CUST_03098,2023-08-21,Product Quality,Medium,1,2
TKT_006958,CUST_01736,2023-02-02,Payment,Medium,1,4
TKT_006959,CUST_01474,2022-08-30,Other,Medium,,3
TKT_006960,CUST_04597,2022-11-15,Payment,Medium,3,4
TKT_006961,CUST_03620,2023-03-25,Other,Medium,2,
TKT_006962,CUST_00217,2023-09-19,Other,Medium,5,3
TKT_006963,CUST_03778,2022-04-12,Account,Medium,5,4
TKT_006964,CUST_04022,2022-08-27,Product Quality,Medium,1,5
TKT_006965,CUST_00982,2022-08-12,App Issue,Medium,3,4
TKT_006966,CUST_03141,2023-07-07,Delivery,High,3,2
TKT_006967,CUST_03676,2022-06-26,App Issue,High,1,5
TKT_006968,CUST_00890,2023-08-29,Product Quality,Medium,1,5
TKT_006969,CUST_02166,2022-03-07,Account,Medium,5,3
TKT_006970,CUST_01506,2022-02-09,Payment,Low,2,3
TKT_006971,CUST_01017,2023-04-02,Product Quality,Medium,5,3
TKT_006972,CUST_01306,2023-09-06,Account,Medium,,4
TKT_006973,CUST_01461,2022-06-10,Other,Medium,1,4
TKT_006974,CUST_02880,2023-04-13,Return,Low,5,4
TKT_006975,CUST_03890,2024-03-28,App Issue,Medium,10,4
TKT_006976,CUST_01417,2023-02-16,Account,Medium,5,5
TKT_006977,CUST_01972,2022-08-27,Product Quality,Low,2,5
TKT_006978,CUST_02254,2024-03-08,Other,Medium,3,5
TKT_006979,CUST_03251,2023-12-31,App Issue,Medium,1,3
TKT_006980,CUST_01225,2023-12-31,Return,Medium,5,3
TKT_006981,CUST_02959,2023-09-03,Product Quality,Medium,,5
TKT_006982,CUST_00906,2023-01-30,Return,Medium,,5
TKT_006983,CUST_00616,2023-06-16,Return,Low,1,5
TKT_006984,CUST_02177,2022-08-15,Payment,High,3,3
TKT_006985,CUST_04767,2022-01-17,Payment,Low,10,4
TKT_006986,CUST_00212,2022-10-13,Account,Medium,1,4
TKT_006987,CUST_01109,2022-02-28,Delivery,Medium,1,5
TKT_006988,CUST_00468,2022-04-15,App Issue,High,5,3
TKT_006989,CUST_03202,2022-06-26,Product Quality,Low,10,4
TKT_006990,CUST_00169,2024-01-18,Return,High,2,
TKT_006991,CUST_01680,2024-03-24,Other,Low,5,4
TKT_006992,CUST_04118,2022-08-17,Return,Low,,3
TKT_006993,CUST_00617,2023-10-04,Product Quality,Low,5,3
TKT_006994,CUST_01653,2022-04-03,Delivery,Medium,5,3
TKT_006995,CUST_01074,2023-06-02,Payment,Medium,2,4
TKT_006996,CUST_04460,2022-07-20,Delivery,High,7,4
TKT_006997,CUST_02449,2022-08-19,Account,Medium,5,5
TKT_006998,CUST_04344,2023-11-28,Return,High,5,3
TKT_006999,CUST_03315,2023-03-17,Payment,Medium,3,3
TKT_007000,CUST_03842,2022-07-15,Delivery,Medium,1,4
TKT_007001,CUST_03213,2023-08-28,Account,Medium,2,3
TKT_007002,CUST_00150,2022-09-25,Return,High,3,4
TKT_007003,CUST_03825,2024-02-03,Delivery,Low,3,4
TKT_007004,CUST_04247,2022-01-05,Other,Low,3,5
TKT_007005,CUST_01525,2022-01-17,App Issue,Low,10,5
TKT_007006,CUST_04725,2023-07-30,Delivery,Low,2,
TKT_007007,CUST_01239,2022-04-07,Return,Low,10,3
TKT_007008,CUST_02600,2023-04-01,Delivery,Low,2,3
TKT_007009,CUST_04992,2023-12-07,Return,Low,3,4
TKT_007010,CUST_03914,2023-09-13,Delivery,High,1,4
TKT_007011,CUST_04115,2023-03-29,Delivery,Medium,10,2
TKT_007012,CUST_04945,2022-11-25,Delivery,High,2,5
TKT_007013,CUST_00811,2023-08-22,Return,Medium,1,4
TKT_007014,CUST_02114,2023-03-18,Other,Low,5,2
TKT_007015,CUST_03216,2022-02-17,Account,Low,1,5
TKT_007016,CUST_04715,2023-11-04,Other,Medium,1,2
TKT_007017,CUST_01925,2022-07-25,App Issue,Medium,10,5
TKT_007018,CUST_00823,2023-12-18,Payment,Low,1,5
TKT_007019,CUST_01536,2023-07-04,Other,Medium,2,4
TKT_007020,CUST_03498,2023-06-21,Return,Medium,2,3
TKT_007021,CUST_02953,2023-03-04,Other,Low,2,4
TKT_007022,CUST_00457,2023-02-14,Payment,Low,1,1
TKT_007023,CUST_01655,2022-03-08,Return,Medium,1,4
TKT_007024,CUST_00008,2023-07-18,Payment,High,2,5
TKT_007025,CUST_01601,2023-08-06,Return,Low,10,3
TKT_007026,CUST_00509,2022-10-02,App Issue,High,,5
TKT_007027,CUST_00668,2022-01-05,Delivery,Medium,1,1
TKT_007028,CUST_00615,2022-07-31,Payment,Medium,2,4
TKT_007029,CUST_00865,2022-04-24,Account,Low,3,5
TKT_007030,CUST_03316,2022-08-08,Delivery,Medium,1,4
TKT_007031,CUST_00211,2023-08-07,Product Quality,Medium,1,5
TKT_007032,CUST_02901,2022-09-05,Other,Medium,2,5
TKT_007033,CUST_03028,2023-03-28,Account,Medium,5,3
TKT_007034,CUST_03381,2024-02-22,Payment,High,5,1
TKT_007035,CUST_01995,2022-07-15,Product Quality,Medium,2,4
TKT_007036,CUST_01143,2022-08-30,Return,Low,2,5
TKT_007037,CUST_02873,2022-09-19,Other,Medium,3,4
TKT_007038,CUST_02125,2022-08-08,Delivery,Medium,2,3
TKT_007039,CUST_02958,2023-11-15,Other,High,3,4
TKT_007040,CUST_04237,2024-02-04,Product Quality,Low,2,5
TKT_007041,CUST_03945,2022-03-13,Account,Medium,2,4
TKT_007042,CUST_01459,2023-07-29,Other,Medium,7,5
TKT_007043,CUST_01083,2024-04-08,App Issue,High,10,5
TKT_007044,CUST_00684,2022-06-14,Product Quality,High,2,4
TKT_007045,CUST_03972,2023-06-30,Product Quality,Low,,3
TKT_007046,CUST_01365,2024-01-11,Account,Low,5,3
TKT_007047,CUST_00461,2024-04-23,Return,Low,3,5
TKT_007048,CUST_03235,2023-10-05,Return,Medium,1,4
TKT_007049,CUST_03580,2022-05-13,App Issue,Medium,2,
TKT_007050,CUST_04192,2024-01-16,Delivery,Medium,7,5
TKT_007051,CUST_00567,2023-04-25,Return,Low,2,3
TKT_007052,CUST_02661,2022-09-24,Return,Low,7,4
TKT_007053,CUST_02563,2022-07-15,Other,Medium,2,3
TKT_007054,CUST_01682,2022-04-01,Delivery,Medium,5,2
TKT_007055,CUST_01685,2024-05-17,Return,Medium,1,5
TKT_007056,CUST_01674,2023-04-28,Other,Medium,3,4
TKT_007057,CUST_03093,2023-08-10,Other,High,7,4
TKT_007058,CUST_02694,2024-04-28,App Issue,High,2,3
TKT_007059,CUST_00143,2023-11-17,Account,High,3,5
TKT_007060,CUST_03274,2022-11-03,App Issue,Medium,2,4
TKT_007061,CUST_01919,2024-02-21,Return,High,7,4
TKT_007062,CUST_00944,2024-03-09,App Issue,Low,5,3
TKT_007063,CUST_02942,2024-04-27,Return,Low,,2
TKT_007064,CUST_03482,2023-04-26,Account,Medium,2,4
TKT_007065,CUST_02135,2023-01-29,Payment,Low,1,2
TKT_007066,CUST_03317,2023-07-08,Product Quality,Medium,,4
TKT_007067,CUST_03013,2023-12-03,Other,High,3,
TKT_007068,CUST_04508,2023-03-19,Other,Medium,7,
TKT_007069,CUST_04129,2023-11-10,Return,Medium,7,
TKT_007070,CUST_04621,2023-05-04,Account,Low,1,3
TKT_007071,CUST_02668,2023-10-29,Delivery,Low,7,2
TKT_007072,CUST_01136,2024-02-17,Payment,Medium,1,3
TKT_007073,CUST_02274,2023-11-07,Product Quality,Low,2,3
TKT_007074,CUST_03868,2022-01-07,Payment,Low,2,5
TKT_007075,CUST_03956,2022-01-04,Payment,Low,2,4
TKT_007076,CUST_04079,2023-09-04,Return,Medium,1,5
TKT_007077,CUST_02025,2023-12-24,Other,Low,5,2
TKT_007078,CUST_04349,2022-03-02,App Issue,Medium,7,3
TKT_007079,CUST_03346,2022-06-22,Other,High,3,4
TKT_007080,CUST_03106,2023-03-13,Account,Low,3,3
TKT_007081,CUST_01323,2022-01-15,App Issue,Medium,1,5
TKT_007082,CUST_01065,2022-11-20,Other,Low,10,4
TKT_007083,CUST_00142,2022-08-14,Delivery,Low,2,4
TKT_007084,CUST_03461,2022-03-26,Return,Medium,3,5
TKT_007085,CUST_03365,2022-01-05,Account,Medium,1,2
TKT_007086,CUST_02483,2023-12-13,App Issue,Medium,2,5
TKT_007087,CUST_01625,2023-12-13,Payment,Medium,1,3
TKT_007088,CUST_01551,2024-03-03,Payment,Low,10,4
TKT_007089,CUST_01289,2022-03-19,App Issue,Low,3,4
TKT_007090,CUST_02344,2023-01-03,Return,Medium,3,5
TKT_007091,CUST_02608,2022-04-01,Product Quality,High,7,5
TKT_007092,CUST_00368,2022-03-08,App Issue,Medium,1,5
TKT_007093,CUST_02436,2022-03-26,Account,Low,2,4
TKT_007094,CUST_01286,2022-05-19,App Issue,High,5,4
TKT_007095,CUST_02451,2022-05-09,Account,Medium,7,5
TKT_007096,CUST_00574,2023-10-22,Product Quality,Medium,10,5
TKT_007097,CUST_02957,2023-06-14,Payment,Medium,1,5
TKT_007098,CUST_04608,2023-02-13,Payment,Low,3,3
TKT_007099,CUST_00990,2024-02-23,Return,Low,5,3
TKT_007100,CUST_03407,2023-05-08,Delivery,Low,7,5
TKT_007101,CUST_03855,2023-12-22,Account,Low,2,4
TKT_007102,CUST_04650,2023-04-25,Payment,Low,7,5
TKT_007103,CUST_03320,2022-11-30,Product Quality,High,5,4
TKT_007104,CUST_03424,2022-10-20,Payment,Medium,3,4
TKT_007105,CUST_04491,2023-12-28,Other,Low,7,4
TKT_007106,CUST_04915,2023-07-31,Product Quality,Medium,3,
TKT_007107,CUST_00941,2022-06-13,Delivery,Low,1,4
TKT_007108,CUST_02793,2022-05-24,Product Quality,Medium,1,5
TKT_007109,CUST_01538,2022-06-19,Delivery,Medium,2,4
TKT_007110,CUST_04105,2023-12-01,Account,Low,2,4
TKT_007111,CUST_02618,2022-11-18,Delivery,Medium,1,5
TKT_007112,CUST_02555,2023-08-14,Account,High,2,5
TKT_007113,CUST_01018,2022-10-29,Return,Medium,,4
TKT_007114,CUST_04601,2024-01-24,Product Quality,Medium,2,4
TKT_007115,CUST_01551,2023-09-11,Delivery,Medium,2,2
TKT_007116,CUST_02805,2022-09-01,Payment,Low,1,4
TKT_007117,CUST_04085,2022-05-25,App Issue,High,3,1
TKT_007118,CUST_04844,2024-05-01,Payment,Medium,2,5
TKT_007119,CUST_01613,2023-08-04,Payment,Low,1,4
TKT_007120,CUST_03879,2022-09-03,Account,Medium,1,4
TKT_007121,CUST_04136,2022-01-11,App Issue,High,3,1
TKT_007122,CUST_03181,2024-03-02,Product Quality,Low,2,
TKT_007123,CUST_03056,2023-11-27,Payment,Medium,,5
TKT_007124,CUST_03398,2022-10-11,App Issue,Medium,,4
TKT_007125,CUST_00644,2022-02-10,Payment,Low,2,5
TKT_007126,CUST_01500,2023-09-25,Other,High,5,4
TKT_007127,CUST_01033,2024-02-29,Delivery,High,1,5
TKT_007128,CUST_02755,2022-05-12,Product Quality,Medium,1,1
TKT_007129,CUST_04405,2024-05-20,Other,Medium,3,4
TKT_007130,CUST_02043,2023-09-28,Account,Medium,2,4
TKT_007131,CUST_03955,2023-09-12,Payment,Medium,7,5
TKT_007132,CUST_01564,2022-01-21,Payment,Medium,7,2
TKT_007133,CUST_02038,2024-03-13,Account,Low,1,5
TKT_007134,CUST_00601,2023-08-08,Product Quality,Medium,7,5
TKT_007135,CUST_04420,2022-05-08,Account,Medium,,5
TKT_007136,CUST_01691,2022-01-01,Payment,Medium,7,3
TKT_007137,CUST_02117,2023-07-20,Account,Medium,2,5
TKT_007138,CUST_00681,2022-09-11,Return,Medium,2,5
TKT_007139,CUST_00590,2023-07-21,Product Quality,Medium,3,5
TKT_007140,CUST_00305,2024-03-14,Product Quality,High,2,4
TKT_007141,CUST_04155,2022-03-30,Payment,High,1,5
TKT_007142,CUST_00534,2024-06-01,Payment,High,1,4
TKT_007143,CUST_02864,2022-06-11,Account,Medium,3,4
TKT_007144,CUST_02169,2023-02-13,Return,Medium,2,3
TKT_007145,CUST_04658,2024-01-15,App Issue,High,3,5
TKT_007146,CUST_04124,2023-08-17,App Issue,High,1,4
TKT_007147,CUST_03675,2023-03-17,Product Quality,Low,2,2
TKT_007148,CUST_01732,2023-10-15,Return,Low,1,3
TKT_007149,CUST_01204,2024-01-14,Delivery,High,3,5
TKT_007150,CUST_04879,2024-04-09,App Issue,Medium,3,3
TKT_007151,CUST_04120,2024-02-10,Product Quality,High,2,3
TKT_007152,CUST_02566,2023-12-09,Delivery,Medium,3,4
TKT_007153,CUST_01909,2023-12-23,App Issue,High,3,4
TKT_007154,CUST_02085,2022-03-05,Return,Medium,5,5
TKT_007155,CUST_02020,2024-04-27,Delivery,Low,2,2
TKT_007156,CUST_00553,2022-01-17,Account,Low,,4
TKT_007157,CUST_01160,2023-04-12,Other,Low,1,4
TKT_007158,CUST_01918,2022-01-16,Payment,Medium,7,5
TKT_007159,CUST_03980,2023-02-03,Product Quality,Medium,1,5
TKT_007160,CUST_03444,2022-04-14,Other,High,2,4
TKT_007161,CUST_02654,2023-11-17,Payment,Medium,2,4
TKT_007162,CUST_01948,2024-02-05,Other,High,5,5
TKT_007163,CUST_00304,2022-10-08,Return,Low,2,5
TKT_007164,CUST_03436,2022-02-05,App Issue,Low,2,4
TKT_007165,CUST_03903,2023-09-29,Payment,Medium,1,4
TKT_007166,CUST_03659,2022-08-22,App Issue,Low,5,5
TKT_007167,CUST_02145,2023-09-06,Other,Medium,3,4
TKT_007168,CUST_01906,2023-07-25,Delivery,Low,5,3
TKT_007169,CUST_04438,2022-07-12,Delivery,Medium,2,2
TKT_007170,CUST_02854,2024-06-14,Account,Medium,3,4
TKT_007171,CUST_01489,2023-08-10,Account,Medium,3,3
TKT_007172,CUST_04080,2023-01-26,App Issue,Low,2,4
TKT_007173,CUST_00057,2023-04-15,Payment,Medium,10,
TKT_007174,CUST_03452,2022-01-19,App Issue,Medium,7,3
TKT_007175,CUST_01428,2022-09-05,Product Quality,High,2,3
TKT_007176,CUST_04812,2022-08-25,Payment,Medium,1,3
TKT_007177,CUST_01430,2023-03-25,Other,Medium,3,5
TKT_007178,CUST_04485,2023-05-18,Other,Medium,7,4
TKT_007179,CUST_03422,2022-09-14,App Issue,Medium,2,5
TKT_007180,CUST_00144,2023-06-11,Payment,High,5,3
TKT_007181,CUST_03882,2023-03-12,Payment,High,2,4
TKT_007182,CUST_04630,2022-11-15,Payment,Medium,10,4
TKT_007183,CUST_01182,2023-12-27,Product Quality,Low,2,5
TKT_007184,CUST_02882,2022-04-15,Payment,Medium,2,4
TKT_007185,CUST_00339,2023-11-23,App Issue,Low,1,5
TKT_007186,CUST_04793,2024-04-04,App Issue,Low,5,4
TKT_007187,CUST_04753,2023-02-26,App Issue,Medium,5,3
TKT_007188,CUST_04340,2022-10-23,Product Quality,Medium,5,4
TKT_007189,CUST_01447,2022-02-16,Delivery,Medium,1,4
TKT_007190,CUST_01130,2022-06-03,Account,Low,2,5
TKT_007191,CUST_03342,2022-05-05,Return,Medium,2,2
TKT_007192,CUST_03145,2023-04-11,Product Quality,Medium,2,5
TKT_007193,CUST_02840,2022-09-21,Return,Low,3,2
TKT_007194,CUST_03529,2024-04-29,Other,Medium,3,1
TKT_007195,CUST_04990,2023-10-15,Return,Medium,1,1
TKT_007196,CUST_04987,2024-04-19,Product Quality,Medium,,4
TKT_007197,CUST_04115,2022-02-12,App Issue,High,3,5
TKT_007198,CUST_00652,2022-02-13,Payment,Medium,3,4
TKT_007199,CUST_01686,2024-05-11,Account,Medium,10,4
TKT_007200,CUST_03705,2022-09-30,Return,Medium,7,
TKT_007201,CUST_03081,2022-08-13,Payment,Medium,1,4
TKT_007202,CUST_00337,2023-12-22,Return,Medium,1,5
TKT_007203,CUST_02442,2023-10-04,Product Quality,Medium,2,2
TKT_007204,CUST_04952,2022-08-29,Delivery,Low,1,5
TKT_007205,CUST_00419,2024-03-09,Payment,Medium,,4
TKT_007206,CUST_01161,2024-02-15,Account,Low,5,4
TKT_007207,CUST_01880,2023-03-23,App Issue,Medium,3,3
TKT_007208,CUST_02035,2024-04-10,Other,Medium,1,4
TKT_007209,CUST_03202,2024-05-10,Account,Low,2,4
TKT_007210,CUST_00729,2023-08-17,Other,Low,3,
TKT_007211,CUST_03689,2022-01-25,App Issue,Low,2,4
TKT_007212,CUST_03048,2022-08-24,Payment,Medium,3,2
TKT_007213,CUST_02747,2023-05-31,Payment,Medium,10,3
TKT_007214,CUST_04002,2022-11-15,Account,High,3,4
TKT_007215,CUST_03400,2024-02-15,App Issue,Low,1,2
TKT_007216,CUST_04641,2022-02-20,Delivery,Medium,7,4
TKT_007217,CUST_04817,2022-05-24,App Issue,Medium,1,3
TKT_007218,CUST_01752,2022-05-16,Delivery,Medium,7,3
TKT_007219,CUST_03175,2023-08-05,Other,Low,3,5
TKT_007220,CUST_04281,2023-07-06,Product Quality,High,2,5
TKT_007221,CUST_01740,2023-08-01,Product Quality,Medium,3,4
TKT_007222,CUST_00630,2023-06-18,Product Quality,Medium,7,4
TKT_007223,CUST_02596,2024-01-04,Account,Medium,5,5
TKT_007224,CUST_04877,2023-07-04,Other,Medium,,
TKT_007225,CUST_02259,2022-02-09,Return,High,2,2
TKT_007226,CUST_04497,2022-03-18,Account,Medium,1,4
TKT_007227,CUST_01990,2022-10-21,Account,Medium,7,5
TKT_007228,CUST_00948,2024-01-13,Return,Low,2,
TKT_007229,CUST_01772,2024-03-26,Delivery,Low,5,4
TKT_007230,CUST_01813,2022-11-22,Product Quality,Medium,7,5
TKT_007231,CUST_03626,2022-08-06,Account,Medium,2,2
TKT_007232,CUST_01140,2022-08-01,Payment,Medium,3,5
TKT_007233,CUST_02971,2023-10-15,Payment,Medium,10,1
TKT_007234,CUST_01384,2022-10-09,Other,Medium,5,4
TKT_007235,CUST_02351,2022-04-23,Account,Low,5,4
TKT_007236,CUST_04196,2023-05-09,Other,Medium,10,4
TKT_007237,CUST_01881,2022-10-08,App Issue,Low,3,4
TKT_007238,CUST_00720,2022-02-12,Payment,Medium,1,4
TKT_007239,CUST_02729,2023-10-26,App Issue,Medium,2,5
TKT_007240,CUST_03386,2024-05-04,App Issue,Low,3,4
TKT_007241,CUST_02105,2022-08-08,Delivery,Medium,3,2
TKT_007242,CUST_00987,2023-06-09,Payment,Low,10,2
TKT_007243,CUST_02162,2023-04-14,Other,Medium,7,4
TKT_007244,CUST_01982,2022-01-01,Return,Medium,1,3
TKT_007245,CUST_02139,2023-08-30,Payment,Medium,3,3
TKT_007246,CUST_00276,2023-07-28,Product Quality,Medium,1,4
TKT_007247,CUST_04139,2024-05-21,Payment,Medium,1,3
TKT_007248,CUST_04071,2022-12-22,Return,Low,2,4
TKT_007249,CUST_04314,2023-11-06,Return,Medium,2,4
TKT_007250,CUST_01551,2022-12-31,Other,High,7,3
TKT_007251,CUST_01739,2022-11-27,Payment,Medium,2,3
TKT_007252,CUST_04738,2022-04-04,App Issue,Medium,2,3
TKT_007253,CUST_01446,2023-10-18,Delivery,High,7,3
TKT_007254,CUST_01730,2022-11-20,Payment,Medium,1,4
TKT_007255,CUST_03509,2023-11-01,Payment,Medium,,5
TKT_007256,CUST_00732,2023-12-22,Product Quality,Medium,2,2
TKT_007257,CUST_03422,2022-08-19,Return,Medium,7,4
TKT_007258,CUST_01702,2022-02-21,Other,Low,2,4
TKT_007259,CUST_03919,2022-10-13,Delivery,Medium,7,5
TKT_007260,CUST_01821,2022-03-04,Payment,High,2,4
TKT_007261,CUST_00252,2024-02-23,App Issue,Low,,3
TKT_007262,CUST_03399,2023-06-05,Payment,Medium,3,4
TKT_007263,CUST_01892,2022-06-21,Product Quality,Low,2,4
TKT_007264,CUST_00948,2022-04-14,Payment,Medium,3,2
TKT_007265,CUST_04315,2023-07-11,Product Quality,Low,3,5
TKT_007266,CUST_03123,2023-04-23,Delivery,Medium,2,4
TKT_007267,CUST_01732,2023-11-15,Payment,Medium,5,4
TKT_007268,CUST_03583,2023-06-15,Return,Medium,3,4
TKT_007269,CUST_03153,2022-05-29,Return,Medium,7,3
TKT_007270,CUST_01124,2023-01-05,Account,Medium,1,5
TKT_007271,CUST_03101,2024-06-04,Other,Low,2,4
TKT_007272,CUST_02442,2022-09-24,Product Quality,Medium,5,4
TKT_007273,CUST_03448,2022-02-17,Other,High,1,5
TKT_007274,CUST_04605,2022-10-30,App Issue,Medium,1,4
TKT_007275,CUST_04037,2022-07-10,Delivery,Low,2,3
TKT_007276,CUST_03452,2023-07-23,App Issue,Medium,2,3
TKT_007277,CUST_04249,2022-08-14,Other,Low,,4
TKT_007278,CUST_03616,2023-02-16,Payment,Low,5,
TKT_007279,CUST_03002,2023-04-27,Account,High,1,5
TKT_007280,CUST_01668,2023-05-01,App Issue,Low,1,4
TKT_007281,CUST_02160,2024-03-17,Account,Medium,2,4
TKT_007282,CUST_02936,2022-07-19,App Issue,Low,3,4
TKT_007283,CUST_01225,2022-05-03,Return,Low,2,3
TKT_007284,CUST_04519,2023-09-19,Product Quality,Low,5,3
TKT_007285,CUST_00017,2023-11-20,Delivery,Medium,7,3
TKT_007286,CUST_02993,2024-04-18,Product Quality,High,1,3
TKT_007287,CUST_04840,2022-08-24,Product Quality,Low,5,1
TKT_007288,CUST_03418,2022-10-19,App Issue,Medium,2,5
TKT_007289,CUST_01259,2022-08-17,Return,Medium,1,4
TKT_007290,CUST_01009,2023-08-29,Account,Low,5,
TKT_007291,CUST_04417,2022-10-14,Delivery,Medium,2,2
TKT_007292,CUST_02735,2022-10-22,Return,High,3,5
TKT_007293,CUST_03280,2023-09-06,Account,Low,2,4
TKT_007294,CUST_01676,2023-10-14,Return,Medium,2,5
TKT_007295,CUST_04923,2022-11-24,App Issue,Low,1,4
TKT_007296,CUST_04317,2022-02-11,App Issue,Medium,1,4
TKT_007297,CUST_04289,2022-10-20,App Issue,Low,1,3
TKT_007298,CUST_04277,2022-12-04,Payment,Low,5,3
TKT_007299,CUST_00102,2022-04-03,Return,Low,7,5
TKT_007300,CUST_02032,2023-11-29,Account,Medium,5,3
TKT_007301,CUST_04514,2024-03-22,Other,High,,4
TKT_007302,CUST_01779,2022-08-08,Product Quality,Medium,1,4
TKT_007303,CUST_03372,2022-03-31,App Issue,Medium,1,5
TKT_007304,CUST_02921,2022-01-08,Delivery,Low,1,4
TKT_007305,CUST_03934,2024-04-03,Delivery,Medium,1,3
TKT_007306,CUST_03697,2024-04-14,Product Quality,Low,3,
TKT_007307,CUST_02856,2022-03-14,Product Quality,Low,10,4
TKT_007308,CUST_01459,2024-02-18,Payment,Medium,1,4
TKT_007309,CUST_02473,2022-12-19,Product Quality,Medium,2,5
TKT_007310,CUST_04623,2022-11-09,App Issue,Medium,,5
TKT_007311,CUST_00163,2024-03-05,Account,High,1,4
TKT_007312,CUST_03902,2023-11-20,Payment,Medium,10,4
TKT_007313,CUST_00147,2022-09-06,Payment,Medium,2,4
TKT_007314,CUST_01217,2023-05-19,Payment,Medium,5,1
TKT_007315,CUST_04381,2022-10-21,Account,High,2,2
TKT_007316,CUST_03514,2022-09-13,Product Quality,Medium,2,4
TKT_007317,CUST_04837,2023-05-29,Return,Low,3,5
TKT_007318,CUST_02331,2022-01-17,Other,Medium,7,5
TKT_007319,CUST_01013,2023-05-27,Delivery,Medium,2,4
TKT_007320,CUST_00637,2023-07-11,Payment,Low,2,3
TKT_007321,CUST_00469,2023-05-13,Other,Medium,10,5
TKT_007322,CUST_04033,2024-03-26,Payment,Medium,3,4
TKT_007323,CUST_02560,2022-10-17,Delivery,Medium,7,1
TKT_007324,CUST_04850,2022-09-18,Account,Low,7,1
TKT_007325,CUST_01990,2022-02-21,Product Quality,Medium,3,2
TKT_007326,CUST_03630,2023-02-02,App Issue,High,3,3
TKT_007327,CUST_02893,2022-03-12,Other,High,1,5
TKT_007328,CUST_01807,2022-05-26,Account,Low,7,2
TKT_007329,CUST_01914,2022-12-16,Return,Medium,3,5
TKT_007330,CUST_04460,2023-01-27,Other,Medium,5,2
TKT_007331,CUST_01582,2023-08-14,Account,High,2,5
TKT_007332,CUST_04557,2023-07-28,Delivery,Medium,5,3
TKT_007333,CUST_01334,2022-07-19,App Issue,Medium,1,4
TKT_007334,CUST_02818,2023-12-01,Account,Medium,1,4
TKT_007335,CUST_01662,2023-02-08,Delivery,Medium,10,4
TKT_007336,CUST_00573,2022-08-13,Payment,Low,1,3
TKT_007337,CUST_04816,2022-07-26,App Issue,Medium,3,4
TKT_007338,CUST_01087,2022-02-05,Return,Medium,2,2
TKT_007339,CUST_01529,2023-05-19,Account,Low,,3
TKT_007340,CUST_03920,2024-01-12,Delivery,High,2,4
TKT_007341,CUST_04339,2022-06-20,Account,Medium,3,5
TKT_007342,CUST_03432,2023-04-22,Product Quality,High,3,4
TKT_007343,CUST_00618,2022-03-15,Delivery,Medium,2,3
TKT_007344,CUST_03434,2022-01-04,Account,Low,10,5
TKT_007345,CUST_00591,2023-04-04,Payment,Medium,1,1
TKT_007346,CUST_03281,2024-02-18,Other,High,1,3
TKT_007347,CUST_00085,2022-12-09,Account,Low,2,4
TKT_007348,CUST_01151,2023-07-21,Return,Medium,7,3
TKT_007349,CUST_01308,2023-12-08,Product Quality,Medium,7,4
TKT_007350,CUST_03900,2022-09-29,App Issue,High,2,5
TKT_007351,CUST_04976,2023-10-10,Account,Medium,,5
TKT_007352,CUST_04540,2022-08-18,Delivery,Low,1,4
TKT_007353,CUST_03127,2023-03-17,Delivery,Medium,3,3
TKT_007354,CUST_02452,2022-08-23,Delivery,Medium,2,5
TKT_007355,CUST_02258,2023-06-29,Product Quality,Medium,1,5
TKT_007356,CUST_02412,2023-03-23,Return,Medium,2,5
TKT_007357,CUST_04635,2023-12-14,Other,Medium,3,2
TKT_007358,CUST_04627,2024-04-08,App Issue,High,3,3
TKT_007359,CUST_03949,2024-02-10,Product Quality,Medium,5,5
TKT_007360,CUST_04494,2022-08-08,Return,High,5,4
TKT_007361,CUST_00105,2024-05-22,Account,Medium,1,4
TKT_007362,CUST_03563,2022-06-15,Payment,Medium,7,3
TKT_007363,CUST_00947,2022-01-16,Delivery,Low,,5
TKT_007364,CUST_01340,2023-06-14,Delivery,Low,2,4
TKT_007365,CUST_02039,2023-03-29,Payment,High,1,2
TKT_007366,CUST_03945,2023-05-12,Product Quality,Low,1,2
TKT_007367,CUST_02808,2022-04-07,App Issue,Medium,5,
TKT_007368,CUST_02925,2024-06-18,App Issue,Medium,1,5
TKT_007369,CUST_03602,2022-08-23,Delivery,High,5,3
TKT_007370,CUST_01416,2023-04-28,Product Quality,Medium,3,4
TKT_007371,CUST_01074,2023-12-26,Other,High,5,4
TKT_007372,CUST_03239,2023-06-06,Other,Low,7,3
TKT_007373,CUST_02991,2023-05-18,Return,High,5,5
TKT_007374,CUST_01684,2022-04-27,App Issue,Low,3,4
TKT_007375,CUST_00451,2023-10-08,Account,High,7,3
TKT_007376,CUST_04297,2022-11-27,Delivery,Low,2,5
TKT_007377,CUST_02001,2023-03-31,Account,Low,1,5
TKT_007378,CUST_00157,2023-11-18,App Issue,Medium,7,2
TKT_007379,CUST_02085,2023-02-22,Delivery,High,5,3
TKT_007380,CUST_03507,2023-01-02,Delivery,High,7,4
TKT_007381,CUST_04092,2023-01-27,Product Quality,Medium,3,5
TKT_007382,CUST_04908,2022-05-30,Delivery,Low,3,3
TKT_007383,CUST_04093,2023-08-06,Payment,Low,3,2
TKT_007384,CUST_01746,2023-10-04,Product Quality,Low,1,4
TKT_007385,CUST_04286,2022-05-26,Delivery,Medium,3,5
TKT_007386,CUST_02848,2022-12-25,Return,Medium,5,3
TKT_007387,CUST_04671,2023-12-19,Delivery,Medium,5,4
TKT_007388,CUST_02047,2022-10-19,Account,Low,5,4
TKT_007389,CUST_04391,2022-04-04,Delivery,Low,2,3
TKT_007390,CUST_04555,2023-01-13,Account,High,3,4
TKT_007391,CUST_02920,2023-03-15,Payment,Medium,5,5
TKT_007392,CUST_00886,2022-06-16,Other,Low,1,4
TKT_007393,CUST_03201,2022-06-15,Delivery,Low,7,1
TKT_007394,CUST_04932,2022-07-17,Return,Low,3,5
TKT_007395,CUST_04857,2023-01-16,Other,Medium,3,4
TKT_007396,CUST_00351,2022-11-07,Delivery,High,3,2
TKT_007397,CUST_04631,2023-09-01,Account,High,1,3
TKT_007398,CUST_00086,2022-04-01,Delivery,Low,1,4
TKT_007399,CUST_01081,2023-03-23,Other,Medium,2,4
TKT_007400,CUST_03309,2022-07-26,Product Quality,Medium,2,4
TKT_007401,CUST_02212,2022-06-26,App Issue,High,7,5
TKT_007402,CUST_04685,2022-04-22,App Issue,Low,1,4
TKT_007403,CUST_03277,2023-02-26,Delivery,Medium,3,
TKT_007404,CUST_00680,2022-03-31,App Issue,Medium,7,4
TKT_007405,CUST_04373,2023-06-09,App Issue,Medium,2,5
TKT_007406,CUST_02379,2023-05-07,Account,High,5,3
TKT_007407,CUST_04513,2022-05-01,Delivery,Medium,1,2
TKT_007408,CUST_01847,2022-11-12,Payment,Medium,,3
TKT_007409,CUST_00392,2022-01-15,Other,High,1,4
TKT_007410,CUST_02011,2023-02-17,Return,Medium,2,5
TKT_007411,CUST_03431,2023-04-08,Return,Low,3,5
TKT_007412,CUST_03943,2022-08-20,Account,Low,2,5
TKT_007413,CUST_01098,2022-10-28,Delivery,Low,,4
TKT_007414,CUST_04115,2022-02-02,Payment,Medium,2,4
TKT_007415,CUST_04998,2023-09-10,Delivery,Low,1,4
TKT_007416,CUST_02077,2024-01-25,Payment,Medium,3,4
TKT_007417,CUST_00257,2022-08-17,Delivery,High,2,3
TKT_007418,CUST_01093,2022-02-26,Delivery,Medium,1,5
TKT_007419,CUST_04202,2024-04-19,Other,High,2,4
TKT_007420,CUST_00522,2024-04-14,Return,Medium,2,
TKT_007421,CUST_02540,2023-04-27,Account,Low,1,4
TKT_007422,CUST_04231,2023-11-02,Return,Medium,1,3
TKT_007423,CUST_03338,2022-09-14,Product Quality,High,1,4
TKT_007424,CUST_00132,2022-09-30,Product Quality,Medium,5,4
TKT_007425,CUST_01746,2022-08-03,Payment,Low,7,1
TKT_007426,CUST_00323,2023-03-01,Product Quality,Medium,5,
TKT_007427,CUST_02233,2023-08-29,Account,Medium,7,
TKT_007428,CUST_00196,2023-04-10,Return,Medium,1,4
TKT_007429,CUST_04067,2022-10-09,Account,Low,2,5
TKT_007430,CUST_03638,2023-10-01,Return,Medium,5,5
TKT_007431,CUST_02787,2022-10-13,Product Quality,Medium,1,4
TKT_007432,CUST_03236,2023-07-17,Account,Medium,1,4
TKT_007433,CUST_03680,2023-06-05,Return,High,1,5
TKT_007434,CUST_02859,2023-04-12,Product Quality,Medium,1,1
TKT_007435,CUST_00624,2024-03-31,App Issue,Low,3,3
TKT_007436,CUST_03206,2022-07-14,Other,Medium,7,2
TKT_007437,CUST_01851,2023-10-25,Delivery,Medium,7,5
TKT_007438,CUST_02007,2023-01-22,Delivery,Low,5,4
TKT_007439,CUST_00290,2023-01-07,Payment,High,3,1
TKT_007440,CUST_01733,2022-08-05,Payment,High,2,5
TKT_007441,CUST_01430,2022-11-11,Product Quality,Medium,3,4
TKT_007442,CUST_02294,2023-10-11,Account,High,7,5
TKT_007443,CUST_03442,2023-08-15,Return,Medium,1,4
TKT_007444,CUST_02294,2023-09-27,Other,Medium,1,3
TKT_007445,CUST_01840,2024-05-08,Other,Medium,3,5
TKT_007446,CUST_03759,2022-01-05,Return,Medium,5,5
TKT_007447,CUST_00562,2024-04-23,Product Quality,Low,3,4
TKT_007448,CUST_04219,2022-08-19,App Issue,Low,1,5
TKT_007449,CUST_03305,2023-08-07,Return,Low,1,5
TKT_007450,CUST_00825,2022-02-13,Delivery,Low,5,1
TKT_007451,CUST_04126,2022-10-12,Return,Low,3,4
TKT_007452,CUST_02362,2023-10-30,Account,High,5,2
TKT_007453,CUST_02258,2022-05-29,Payment,Low,5,4
TKT_007454,CUST_04761,2023-02-16,Other,High,3,5
TKT_007455,CUST_04353,2022-05-20,Product Quality,High,3,3
TKT_007456,CUST_03251,2023-04-21,App Issue,Medium,7,5
TKT_007457,CUST_02094,2022-02-26,Return,Low,1,2
TKT_007458,CUST_02613,2022-08-21,Account,Medium,10,5
TKT_007459,CUST_04602,2022-09-11,Product Quality,Low,,3
TKT_007460,CUST_03580,2022-07-20,Return,High,5,
TKT_007461,CUST_04217,2023-06-21,App Issue,Low,5,3
TKT_007462,CUST_01591,2022-07-04,Other,Medium,1,4
TKT_007463,CUST_01545,2022-10-24,Delivery,Medium,2,
TKT_007464,CUST_04187,2023-09-16,Other,Medium,1,4
TKT_007465,CUST_02801,2022-09-11,Other,Medium,10,2
TKT_007466,CUST_01040,2023-11-01,Product Quality,Medium,5,5
TKT_007467,CUST_04052,2024-03-20,Return,High,7,3
TKT_007468,CUST_04886,2024-04-08,Return,Medium,1,5
TKT_007469,CUST_01145,2022-09-30,App Issue,Medium,1,4
TKT_007470,CUST_00192,2022-04-01,App Issue,Medium,7,5
TKT_007471,CUST_02000,2024-05-05,Account,Medium,2,2
TKT_007472,CUST_01650,2022-06-23,Payment,Low,2,5
TKT_007473,CUST_04551,2022-01-04,Return,Medium,5,3
TKT_007474,CUST_04892,2022-09-24,Return,Medium,1,5
TKT_007475,CUST_03819,2022-08-23,Delivery,Medium,10,4
TKT_007476,CUST_04575,2024-02-03,Payment,Medium,5,5
TKT_007477,CUST_00667,2024-05-18,Delivery,Low,2,1
TKT_007478,CUST_03543,2023-11-06,Delivery,High,2,4
TKT_007479,CUST_02660,2023-06-03,Product Quality,Medium,2,4
TKT_007480,CUST_04477,2023-05-21,Delivery,Low,3,4
TKT_007481,CUST_00465,2022-03-29,App Issue,Low,5,5
TKT_007482,CUST_04543,2022-09-03,Payment,Medium,3,4
TKT_007483,CUST_01765,2023-09-21,Return,Medium,5,5
TKT_007484,CUST_04995,2023-01-09,Other,Low,1,2
TKT_007485,CUST_01674,2024-02-06,App Issue,Medium,3,2
TKT_007486,CUST_04289,2022-12-16,Account,High,3,3
TKT_007487,CUST_04004,2024-05-31,Delivery,High,2,1
TKT_007488,CUST_04077,2023-11-05,Product Quality,Medium,2,4
TKT_007489,CUST_01986,2023-11-11,App Issue,High,1,2
TKT_007490,CUST_01683,2022-09-29,App Issue,Low,3,5
TKT_007491,CUST_03979,2023-12-01,Other,Medium,5,5
TKT_007492,CUST_02581,2023-05-01,Payment,Medium,1,5
TKT_007493,CUST_03102,2022-11-02,Product Quality,Medium,5,4
TKT_007494,CUST_01971,2024-01-18,Delivery,High,1,1
TKT_007495,CUST_02433,2022-12-06,Account,Medium,3,4
TKT_007496,CUST_02680,2023-07-24,Other,High,3,4
TKT_007497,CUST_01192,2022-04-17,Payment,Low,5,3
TKT_007498,CUST_04827,2023-09-25,App Issue,Medium,2,5
TKT_007499,CUST_02044,2024-04-06,Return,Medium,5,5
TKT_007500,CUST_02174,2022-10-24,Return,Medium,,3
TKT_007501,CUST_00640,2022-05-01,Return,Low,3,4
TKT_007502,CUST_03655,2023-03-18,Return,Low,3,3
TKT_007503,CUST_03829,2022-04-28,Payment,Low,5,1
TKT_007504,CUST_04801,2022-07-07,Account,Medium,5,5
TKT_007505,CUST_04426,2022-11-30,Return,Medium,3,5
TKT_007506,CUST_04870,2023-07-21,Payment,High,3,5
TKT_007507,CUST_00940,2023-01-31,Delivery,Low,3,5
TKT_007508,CUST_04771,2023-06-15,Payment,Medium,3,4
TKT_007509,CUST_01915,2023-10-05,Product Quality,Low,1,4
TKT_007510,CUST_02536,2023-12-08,Payment,Medium,3,5
TKT_007511,CUST_01279,2023-06-02,Return,Low,2,3
TKT_007512,CUST_02456,2023-02-08,Product Quality,Medium,5,
TKT_007513,CUST_02250,2022-02-07,Return,Low,7,1
TKT_007514,CUST_01878,2023-11-09,Payment,Medium,1,3
TKT_007515,CUST_00448,2023-12-21,Account,Low,1,
TKT_007516,CUST_01554,2022-03-07,Return,High,3,4
TKT_007517,CUST_00569,2024-01-23,App Issue,Low,2,4
TKT_007518,CUST_02266,2023-03-03,Return,Medium,1,5
TKT_007519,CUST_04891,2022-11-08,Return,Low,10,5
TKT_007520,CUST_00508,2023-06-26,App Issue,High,,2
TKT_007521,CUST_00522,2023-02-25,App Issue,Low,5,5
TKT_007522,CUST_01953,2022-06-12,Delivery,Low,2,5
TKT_007523,CUST_01973,2023-10-03,Product Quality,Low,3,
TKT_007524,CUST_03111,2022-09-08,Product Quality,High,7,2
TKT_007525,CUST_01902,2024-03-11,Product Quality,Low,2,4
TKT_007526,CUST_04759,2024-06-04,Other,Low,5,4
TKT_007527,CUST_04895,2023-08-02,Account,Medium,3,4
TKT_007528,CUST_03596,2022-12-28,App Issue,Medium,2,5
TKT_007529,CUST_02326,2023-12-15,Payment,High,5,4
TKT_007530,CUST_01358,2022-05-16,Account,Medium,3,4
TKT_007531,CUST_04278,2023-08-20,App Issue,Medium,2,4
TKT_007532,CUST_03069,2023-01-20,Delivery,Medium,2,3
TKT_007533,CUST_01473,2023-09-11,Product Quality,Medium,10,5
TKT_007534,CUST_01054,2023-11-10,Other,High,1,4
TKT_007535,CUST_03129,2024-02-06,App Issue,Low,1,2
TKT_007536,CUST_04539,2023-12-08,Delivery,Medium,3,3
TKT_007537,CUST_01810,2023-05-11,Account,Medium,2,4
TKT_007538,CUST_01358,2023-05-03,Other,Medium,1,
TKT_007539,CUST_03886,2023-10-14,Return,Medium,5,5
TKT_007540,CUST_01621,2022-12-23,Payment,Medium,3,4
TKT_007541,CUST_04892,2023-12-17,Delivery,Low,2,
TKT_007542,CUST_04846,2022-06-29,Payment,Low,2,
TKT_007543,CUST_04978,2022-02-14,Other,Medium,3,1
TKT_007544,CUST_02223,2024-05-09,Product Quality,High,3,
TKT_007545,CUST_02964,2022-06-25,Delivery,Low,2,4
TKT_007546,CUST_01946,2022-03-29,App Issue,Low,2,1
TKT_007547,CUST_02280,2022-01-08,Delivery,Low,10,4
TKT_007548,CUST_01047,2024-05-31,Account,High,2,5
TKT_007549,CUST_03088,2022-05-23,Other,High,2,3
TKT_007550,CUST_02069,2022-12-08,Return,Low,2,4
TKT_007551,CUST_00894,2023-06-21,Other,Low,2,4
TKT_007552,CUST_04896,2022-01-31,App Issue,Low,1,2
TKT_007553,CUST_03430,2024-05-28,Delivery,Low,2,5
TKT_007554,CUST_02191,2024-04-28,Other,Medium,2,4
TKT_007555,CUST_04865,2023-04-13,Delivery,Medium,2,3
TKT_007556,CUST_02005,2022-12-07,Delivery,Medium,2,3
TKT_007557,CUST_03699,2024-04-02,Payment,Medium,2,4
TKT_007558,CUST_02882,2023-05-24,App Issue,Medium,10,3
TKT_007559,CUST_00181,2022-03-17,Delivery,Low,5,4
TKT_007560,CUST_01546,2023-05-28,Payment,Low,,5
TKT_007561,CUST_02236,2022-10-18,Product Quality,Medium,3,3
TKT_007562,CUST_01766,2023-08-25,Payment,Medium,5,3
TKT_007563,CUST_00921,2024-04-10,Delivery,Medium,10,4
TKT_007564,CUST_03018,2022-02-18,Payment,Low,3,1
TKT_007565,CUST_04324,2023-02-16,App Issue,Low,7,2
TKT_007566,CUST_00474,2022-11-20,Account,Medium,2,4
TKT_007567,CUST_00478,2022-12-17,Product Quality,Low,3,5
TKT_007568,CUST_01495,2023-01-06,Delivery,Medium,1,4
TKT_007569,CUST_01363,2022-02-12,App Issue,Medium,5,5
TKT_007570,CUST_04390,2024-02-18,Other,Medium,1,2
TKT_007571,CUST_03301,2024-04-04,Account,High,1,4
TKT_007572,CUST_03674,2023-08-02,Delivery,Low,3,5
TKT_007573,CUST_05000,2023-11-23,App Issue,Medium,1,5
TKT_007574,CUST_00731,2023-09-07,Return,High,10,5
TKT_007575,CUST_01743,2024-04-03,Account,Medium,2,5
TKT_007576,CUST_00418,2023-12-20,Return,Medium,3,5
TKT_007577,CUST_03088,2023-08-28,App Issue,Medium,1,5
TKT_007578,CUST_02801,2022-03-15,Delivery,High,2,4
TKT_007579,CUST_04997,2024-04-26,Other,Medium,2,5
TKT_007580,CUST_03610,2024-04-19,Delivery,Medium,2,4
TKT_007581,CUST_03757,2023-07-23,Return,Medium,2,4
TKT_007582,CUST_02648,2023-02-13,App Issue,High,3,5
TKT_007583,CUST_01270,2022-08-17,Other,Medium,2,2
TKT_007584,CUST_03793,2023-02-15,Return,Medium,5,3
TKT_007585,CUST_03839,2024-05-02,App Issue,Low,3,3
TKT_007586,CUST_03646,2023-06-17,Delivery,Medium,3,3
TKT_007587,CUST_04190,2022-12-09,Return,Low,2,3
TKT_007588,CUST_04725,2022-12-27,Delivery,Medium,3,4
TKT_007589,CUST_03647,2024-03-24,App Issue,Low,3,5
TKT_007590,CUST_04201,2023-09-24,Account,Low,1,5
TKT_007591,CUST_04638,2022-04-29,Other,Low,2,4
TKT_007592,CUST_03013,2024-04-11,Other,High,7,4
TKT_007593,CUST_03006,2023-09-22,Product Quality,Medium,5,1
TKT_007594,CUST_04584,2022-11-25,Product Quality,Low,1,5
TKT_007595,CUST_04092,2023-04-02,Return,Medium,7,4
TKT_007596,CUST_00828,2023-07-25,App Issue,Medium,3,3
TKT_007597,CUST_04185,2022-03-01,Return,High,2,2
TKT_007598,CUST_04026,2023-03-27,Return,Low,5,3
TKT_007599,CUST_00944,2024-04-16,Other,Medium,7,2
TKT_007600,CUST_02403,2024-05-15,Return,High,5,5
TKT_007601,CUST_00718,2022-03-20,App Issue,Medium,1,1
TKT_007602,CUST_03232,2022-05-16,Other,Medium,7,2
TKT_007603,CUST_00973,2024-01-13,Product Quality,Medium,,4
TKT_007604,CUST_04674,2024-03-28,Return,High,3,4
TKT_007605,CUST_03420,2024-03-21,Payment,Medium,1,4
TKT_007606,CUST_02988,2022-02-08,Delivery,Medium,1,4
TKT_007607,CUST_00871,2022-12-04,Return,High,3,4
TKT_007608,CUST_01960,2023-10-05,Other,Medium,2,3
TKT_007609,CUST_02130,2022-07-11,Other,Medium,1,3
TKT_007610,CUST_02918,2024-05-21,App Issue,High,5,2
TKT_007611,CUST_03030,2023-08-03,Payment,Low,5,3
TKT_007612,CUST_04074,2022-12-15,Payment,Medium,5,1
TKT_007613,CUST_00982,2024-03-14,Delivery,High,2,5
TKT_007614,CUST_03993,2023-06-30,App Issue,Low,2,2
TKT_007615,CUST_00572,2023-04-25,Other,Low,1,3
TKT_007616,CUST_03954,2023-08-08,Delivery,Low,1,4
TKT_007617,CUST_03846,2024-02-27,Other,Medium,2,5
TKT_007618,CUST_04841,2022-06-22,Return,Medium,1,1
TKT_007619,CUST_03246,2023-05-04,Product Quality,High,3,5
TKT_007620,CUST_01366,2023-07-28,App Issue,Medium,3,3
TKT_007621,CUST_00149,2023-11-25,Account,Low,5,4
TKT_007622,CUST_00258,2022-02-05,Product Quality,Low,,5
TKT_007623,CUST_02116,2022-03-28,Product Quality,Medium,2,5
TKT_007624,CUST_03028,2023-12-22,Return,Medium,2,3
TKT_007625,CUST_03167,2022-03-17,Return,Medium,1,2
TKT_007626,CUST_03654,2022-03-10,Account,Low,5,4
TKT_007627,CUST_02837,2023-08-16,Delivery,Medium,5,5
TKT_007628,CUST_03219,2022-03-15,Other,Medium,3,5
TKT_007629,CUST_04113,2023-06-01,Payment,Low,2,3
TKT_007630,CUST_04873,2022-11-23,Return,Medium,,4
TKT_007631,CUST_03955,2023-04-09,Other,Low,3,3
TKT_007632,CUST_01538,2022-10-10,Payment,High,7,4
TKT_007633,CUST_03513,2024-04-14,Payment,Medium,2,5
TKT_007634,CUST_02207,2023-02-12,Delivery,High,7,3
TKT_007635,CUST_00837,2023-07-07,Return,Low,5,5
TKT_007636,CUST_01011,2022-10-07,Account,Low,1,4
TKT_007637,CUST_03518,2022-07-05,Delivery,Low,1,1
TKT_007638,CUST_02216,2023-09-29,Return,High,2,3
TKT_007639,CUST_01481,2022-11-09,Payment,High,3,3
TKT_007640,CUST_00188,2024-03-22,Account,Medium,5,3
TKT_007641,CUST_02949,2022-06-14,Payment,High,1,4
TKT_007642,CUST_00820,2022-04-03,Other,Medium,2,5
TKT_007643,CUST_00183,2022-07-18,Delivery,High,3,5
TKT_007644,CUST_02644,2022-12-30,Other,Low,3,2
TKT_007645,CUST_03124,2022-09-20,Delivery,High,1,5
TKT_007646,CUST_04415,2023-07-31,Account,Medium,7,5
TKT_007647,CUST_00273,2022-07-07,Product Quality,Low,3,1
TKT_007648,CUST_00676,2022-03-14,Delivery,Medium,7,4
TKT_007649,CUST_03145,2022-08-29,Return,Medium,5,4
TKT_007650,CUST_04013,2023-05-26,Payment,Low,2,4
TKT_007651,CUST_01902,2022-05-12,Return,Low,5,1
TKT_007652,CUST_00624,2022-08-07,Product Quality,Low,1,4
TKT_007653,CUST_02489,2022-12-11,Payment,Medium,10,4
TKT_007654,CUST_03425,2022-09-05,Payment,High,3,5
TKT_007655,CUST_03307,2023-10-13,Payment,Low,1,5
TKT_007656,CUST_02023,2022-08-07,Product Quality,High,2,4
TKT_007657,CUST_01387,2022-10-20,App Issue,High,1,3
TKT_007658,CUST_02251,2023-10-13,Account,Medium,2,4
TKT_007659,CUST_04308,2024-04-17,Product Quality,Medium,10,4
TKT_007660,CUST_01793,2023-01-09,App Issue,Low,3,4
TKT_007661,CUST_00030,2024-01-22,Delivery,Medium,5,4
TKT_007662,CUST_01544,2023-06-11,Account,Medium,3,1
TKT_007663,CUST_03289,2024-03-25,Payment,Medium,2,1
TKT_007664,CUST_03258,2024-05-10,Payment,High,10,4
TKT_007665,CUST_03090,2022-11-04,Other,Medium,3,3
TKT_007666,CUST_01841,2023-10-22,Return,Low,7,4
TKT_007667,CUST_04233,2023-04-07,Return,Medium,2,1
TKT_007668,CUST_01517,2023-08-28,App Issue,Medium,5,5
TKT_007669,CUST_02871,2022-07-02,Account,Low,7,4
TKT_007670,CUST_02475,2022-08-03,Account,Medium,5,4
TKT_007671,CUST_03783,2022-03-03,App Issue,High,2,5
TKT_007672,CUST_00894,2023-08-25,Other,Low,2,
TKT_007673,CUST_04343,2023-04-28,App Issue,High,10,4
TKT_007674,CUST_03301,2023-07-21,Product Quality,Medium,5,3
TKT_007675,CUST_01898,2022-10-21,App Issue,High,2,3
TKT_007676,CUST_03516,2023-04-17,Account,Medium,3,5
TKT_007677,CUST_02499,2022-07-21,Other,Medium,3,4
TKT_007678,CUST_01284,2022-11-11,Product Quality,Medium,5,5
TKT_007679,CUST_04195,2023-03-09,Other,Low,5,3
TKT_007680,CUST_04953,2023-07-16,Delivery,Medium,2,4
TKT_007681,CUST_04037,2024-03-16,Payment,Medium,1,4
TKT_007682,CUST_03850,2023-02-13,Return,High,2,5
TKT_007683,CUST_03474,2024-03-25,Other,Medium,7,3
TKT_007684,CUST_04816,2024-01-20,Other,Low,3,1
TKT_007685,CUST_03185,2022-06-22,App Issue,Medium,7,4
TKT_007686,CUST_01579,2023-08-31,Account,Low,2,3
TKT_007687,CUST_01433,2022-02-17,Account,Medium,5,5
TKT_007688,CUST_03613,2023-09-29,App Issue,High,1,4
TKT_007689,CUST_00548,2022-10-04,Delivery,Medium,1,3
TKT_007690,CUST_01149,2024-02-25,Delivery,Medium,3,4
TKT_007691,CUST_02775,2024-01-15,Return,Medium,1,4
TKT_007692,CUST_02947,2022-11-26,Delivery,Medium,1,3
TKT_007693,CUST_02351,2022-03-02,Return,Low,1,4
TKT_007694,CUST_02257,2024-06-16,Other,Medium,2,5
TKT_007695,CUST_01550,2022-11-10,Other,High,7,4
TKT_007696,CUST_00470,2022-11-29,App Issue,Medium,7,3
TKT_007697,CUST_02410,2022-10-30,Payment,High,3,5
TKT_007698,CUST_00654,2024-01-02,Delivery,Low,7,3
TKT_007699,CUST_03795,2023-09-14,Delivery,Medium,3,1
TKT_007700,CUST_02914,2022-05-02,Other,High,2,4
TKT_007701,CUST_03432,2022-07-29,Product Quality,High,5,4
TKT_007702,CUST_04423,2024-05-15,App Issue,Medium,3,5
TKT_007703,CUST_02399,2022-02-10,Payment,Medium,1,5
TKT_007704,CUST_00310,2024-05-13,Product Quality,Low,2,2
TKT_007705,CUST_01300,2022-05-01,Product Quality,Medium,7,4
TKT_007706,CUST_04448,2024-05-22,Product Quality,Low,3,5
TKT_007707,CUST_01754,2024-02-11,Account,Medium,1,1
TKT_007708,CUST_01759,2022-10-01,Delivery,Low,10,5
TKT_007709,CUST_02174,2022-05-11,Return,Medium,10,3
TKT_007710,CUST_01855,2022-09-02,App Issue,Medium,2,4
TKT_007711,CUST_04870,2023-03-02,Payment,Low,7,1
TKT_007712,CUST_02005,2023-07-23,Other,Medium,3,5
TKT_007713,CUST_03426,2023-05-14,Account,Medium,10,2
TKT_007714,CUST_04988,2022-01-05,Account,High,5,5
TKT_007715,CUST_04005,2023-10-01,Return,High,2,4
TKT_007716,CUST_04734,2023-07-22,Other,High,2,2
TKT_007717,CUST_02813,2022-10-15,Other,Medium,1,4
TKT_007718,CUST_03245,2022-11-20,Payment,Low,3,4
TKT_007719,CUST_03424,2022-07-09,Other,Medium,1,3
TKT_007720,CUST_04912,2022-10-02,Delivery,Medium,5,4
TKT_007721,CUST_02479,2024-01-09,Delivery,Medium,3,2
TKT_007722,CUST_00235,2022-12-14,Delivery,Medium,3,4
TKT_007723,CUST_02382,2022-08-01,Payment,Medium,10,3
TKT_007724,CUST_00388,2023-09-01,App Issue,Low,3,5
TKT_007725,CUST_00994,2022-05-04,Account,High,5,4
TKT_007726,CUST_02509,2022-01-08,Account,Low,2,
TKT_007727,CUST_00385,2022-03-01,Product Quality,High,2,2
TKT_007728,CUST_04790,2022-01-10,Delivery,Low,2,4
TKT_007729,CUST_04438,2023-07-21,Product Quality,Medium,2,4
TKT_007730,CUST_01942,2022-04-21,Delivery,Low,1,5
TKT_007731,CUST_02384,2022-04-04,Account,Medium,2,5
TKT_007732,CUST_04037,2024-05-15,Product Quality,Low,,
TKT_007733,CUST_00789,2022-06-15,Payment,Low,7,2
TKT_007734,CUST_00746,2022-05-30,App Issue,Low,1,4
TKT_007735,CUST_00488,2022-07-16,App Issue,High,7,4
TKT_007736,CUST_01928,2023-04-04,Other,Low,2,4
TKT_007737,CUST_03463,2022-01-11,Other,Medium,7,5
TKT_007738,CUST_03814,2023-09-15,App Issue,Medium,2,4
TKT_007739,CUST_04989,2022-02-05,Other,Medium,5,3
TKT_007740,CUST_03223,2023-03-09,Other,High,1,1
TKT_007741,CUST_01071,2023-12-31,Delivery,Medium,2,3
TKT_007742,CUST_01496,2022-08-09,Return,Medium,2,3
TKT_007743,CUST_01747,2022-09-28,Delivery,Medium,7,1
TKT_007744,CUST_02591,2023-06-20,Delivery,Medium,10,5
TKT_007745,CUST_02828,2024-05-07,Other,Medium,1,3
TKT_007746,CUST_02717,2023-01-09,Other,Medium,2,4
TKT_007747,CUST_03286,2022-11-10,App Issue,Low,5,5
TKT_007748,CUST_03377,2022-09-25,Payment,Low,10,2
TKT_007749,CUST_02277,2022-01-24,Return,Medium,3,3
TKT_007750,CUST_00497,2024-01-25,Product Quality,Medium,2,2
TKT_007751,CUST_01312,2022-05-11,Return,High,5,
TKT_007752,CUST_02569,2022-12-07,Other,Low,2,5
TKT_007753,CUST_01127,2022-12-07,Delivery,Low,2,2
TKT_007754,CUST_00583,2024-03-08,Return,Medium,2,4
TKT_007755,CUST_03767,2023-12-14,App Issue,High,1,5
TKT_007756,CUST_03864,2023-12-23,Product Quality,Medium,3,5
TKT_007757,CUST_00659,2024-03-15,Payment,Medium,2,1
TKT_007758,CUST_04353,2022-02-13,Payment,Medium,3,3
TKT_007759,CUST_03270,2024-05-13,Return,Medium,2,4
TKT_007760,CUST_04436,2023-02-14,App Issue,High,2,3
TKT_007761,CUST_01147,2023-08-24,App Issue,Medium,2,1
TKT_007762,CUST_00461,2023-12-04,Delivery,Low,1,4
TKT_007763,CUST_03689,2022-09-11,Account,Low,2,
TKT_007764,CUST_00743,2023-11-30,Account,Medium,2,4
TKT_007765,CUST_01071,2024-04-01,Account,Medium,5,5
TKT_007766,CUST_00968,2022-05-27,Other,High,3,4
TKT_007767,CUST_04139,2023-12-26,Return,High,1,5
TKT_007768,CUST_02270,2022-03-24,Payment,Medium,3,3
TKT_007769,CUST_03150,2023-11-25,Product Quality,Medium,3,5
TKT_007770,CUST_00078,2023-06-23,Return,High,1,2
TKT_007771,CUST_00722,2022-07-04,Payment,Medium,3,3
TKT_007772,CUST_03121,2022-07-04,Return,Low,2,5
TKT_007773,CUST_00517,2022-02-18,Product Quality,High,10,3
TKT_007774,CUST_01171,2023-11-14,Return,Low,1,4
TKT_007775,CUST_03326,2022-06-21,Payment,Low,5,5
TKT_007776,CUST_02638,2022-01-10,Account,Medium,2,4
TKT_007777,CUST_00437,2022-12-11,Delivery,Low,1,4
TKT_007778,CUST_00985,2022-12-14,Product Quality,High,1,5
TKT_007779,CUST_02803,2023-09-26,Return,Low,5,4
TKT_007780,CUST_00992,2023-07-07,Return,Low,1,1
TKT_007781,CUST_01916,2023-11-29,Delivery,High,10,4
TKT_007782,CUST_03622,2023-03-06,Other,Medium,3,5
TKT_007783,CUST_01072,2024-02-22,Account,Medium,3,1
TKT_007784,CUST_04527,2023-06-03,Payment,Medium,2,4
TKT_007785,CUST_04532,2023-10-04,Payment,Low,10,4
TKT_007786,CUST_00988,2024-02-08,Return,Low,2,3
TKT_007787,CUST_00409,2023-08-27,Account,Medium,5,4
TKT_007788,CUST_00754,2022-04-30,Account,Low,7,5
TKT_007789,CUST_03863,2024-06-03,Product Quality,Medium,3,1
TKT_007790,CUST_04058,2023-06-11,Product Quality,High,2,3
TKT_007791,CUST_01992,2022-11-17,Payment,Medium,5,4
TKT_007792,CUST_00357,2024-02-24,Return,High,2,4
TKT_007793,CUST_01155,2023-12-06,Account,High,3,4
TKT_007794,CUST_00220,2022-08-14,Payment,Low,3,5
TKT_007795,CUST_04383,2022-10-04,Delivery,High,3,4
TKT_007796,CUST_02793,2023-07-19,Other,Low,3,
TKT_007797,CUST_04343,2023-11-07,Payment,Medium,1,5
TKT_007798,CUST_03282,2024-03-09,Return,Medium,1,5
TKT_007799,CUST_02849,2024-05-02,Account,Medium,3,4
TKT_007800,CUST_03799,2023-05-12,Return,Medium,7,4
TKT_007801,CUST_00763,2023-05-07,Product Quality,High,3,4
TKT_007802,CUST_02710,2024-03-10,Account,Low,1,4
TKT_007803,CUST_02642,2023-11-17,Payment,Medium,1,4
TKT_007804,CUST_03049,2023-11-03,Product Quality,Medium,10,4
TKT_007805,CUST_00111,2024-02-28,Product Quality,Low,1,5
TKT_007806,CUST_00452,2023-07-13,Payment,High,3,
TKT_007807,CUST_02992,2023-06-27,Account,Medium,5,2
TKT_007808,CUST_01606,2022-05-07,Delivery,Low,1,3
TKT_007809,CUST_01540,2022-01-08,Account,Medium,3,5
TKT_007810,CUST_00147,2022-10-30,Account,Medium,3,5
TKT_007811,CUST_01125,2023-12-29,App Issue,High,2,4
TKT_007812,CUST_03339,2023-06-15,Other,Low,1,5
TKT_007813,CUST_02492,2023-07-19,Account,Low,5,5
TKT_007814,CUST_00568,2024-03-11,Payment,Low,5,3
TKT_007815,CUST_04068,2024-01-05,Other,Medium,3,4
TKT_007816,CUST_04299,2023-08-12,App Issue,Medium,5,2
TKT_007817,CUST_00224,2024-04-15,Other,High,3,4
TKT_007818,CUST_03417,2022-09-05,Return,Medium,1,3
TKT_007819,CUST_02977,2024-04-27,Account,Medium,5,1
TKT_007820,CUST_04035,2022-04-22,Other,Low,5,5
TKT_007821,CUST_02770,2024-02-10,Payment,Medium,1,5
TKT_007822,CUST_03928,2023-05-12,Account,Low,5,3
TKT_007823,CUST_03438,2022-09-13,Product Quality,Medium,1,5
TKT_007824,CUST_03019,2023-04-10,Payment,Low,1,2
TKT_007825,CUST_00088,2022-08-15,Payment,Medium,3,4
TKT_007826,CUST_03896,2023-09-14,Delivery,High,10,2
TKT_007827,CUST_02614,2023-09-05,Payment,Low,10,4
TKT_007828,CUST_01162,2024-03-06,Product Quality,Medium,2,4
TKT_007829,CUST_01282,2024-04-26,Account,Medium,7,4
TKT_007830,CUST_04368,2023-03-07,Product Quality,Low,1,4
TKT_007831,CUST_00415,2022-08-24,Product Quality,Low,1,
TKT_007832,CUST_03053,2022-05-21,App Issue,Low,1,4
TKT_007833,CUST_03344,2024-03-11,Account,High,1,5
TKT_007834,CUST_02051,2023-12-22,Return,Medium,1,4
TKT_007835,CUST_01521,2024-04-22,Delivery,Medium,3,
TKT_007836,CUST_01573,2023-05-19,Payment,High,2,5
TKT_007837,CUST_02637,2024-04-23,Other,Medium,2,3
TKT_007838,CUST_01208,2023-10-18,Account,Medium,1,4
TKT_007839,CUST_04201,2022-11-03,Other,Medium,2,4
TKT_007840,CUST_02178,2022-04-15,App Issue,Medium,3,3
TKT_007841,CUST_01832,2022-07-19,Delivery,Medium,2,1
TKT_007842,CUST_02722,2023-12-04,App Issue,Medium,1,3
TKT_007843,CUST_04985,2023-02-02,Account,Low,2,4
TKT_007844,CUST_02077,2024-03-07,Payment,Low,,3
TKT_007845,CUST_03163,2024-02-27,Product Quality,Medium,5,5
TKT_007846,CUST_03513,2023-10-05,Payment,High,1,5
TKT_007847,CUST_00037,2023-09-19,Payment,High,7,1
TKT_007848,CUST_01163,2023-02-12,App Issue,Low,5,3
TKT_007849,CUST_00265,2023-03-06,Other,Medium,,5
TKT_007850,CUST_02728,2024-03-04,Product Quality,Low,2,2
TKT_007851,CUST_01690,2022-12-29,Payment,Medium,2,5
TKT_007852,CUST_01330,2022-02-06,Product Quality,High,5,5
TKT_007853,CUST_03731,2022-07-26,Payment,Medium,3,5
TKT_007854,CUST_02900,2022-09-20,Account,Low,3,3
TKT_007855,CUST_02043,2024-04-24,App Issue,Low,10,3
TKT_007856,CUST_03438,2023-11-11,Payment,Low,3,1
TKT_007857,CUST_02924,2022-02-05,Delivery,Low,2,5
TKT_007858,CUST_01767,2023-03-04,Account,High,2,1
TKT_007859,CUST_02468,2022-09-20,Product Quality,High,3,5
TKT_007860,CUST_01203,2022-05-12,Return,Medium,,4
TKT_007861,CUST_03844,2022-05-15,Account,High,,3
TKT_007862,CUST_01208,2022-09-27,Payment,Medium,3,5
TKT_007863,CUST_03697,2023-12-11,Delivery,Low,1,1
TKT_007864,CUST_03103,2023-11-01,App Issue,Medium,1,3
TKT_007865,CUST_00402,2022-03-17,Payment,Medium,3,5
TKT_007866,CUST_00476,2023-05-12,Return,High,3,4
TKT_007867,CUST_01925,2023-01-06,Account,Medium,2,3
TKT_007868,CUST_00032,2023-02-04,Return,Low,10,
TKT_007869,CUST_01895,2023-03-24,Delivery,Medium,1,1
TKT_007870,CUST_02633,2023-08-04,Return,High,10,5
TKT_007871,CUST_01217,2023-03-26,Payment,Medium,7,3
TKT_007872,CUST_01058,2022-11-03,Delivery,High,7,3
TKT_007873,CUST_02112,2024-03-03,Product Quality,Low,3,3
TKT_007874,CUST_00148,2022-12-13,Account,High,1,1
TKT_007875,CUST_02128,2023-03-05,Account,Medium,2,5
TKT_007876,CUST_03636,2023-12-30,App Issue,Medium,,4
TKT_007877,CUST_04699,2023-09-02,Payment,Medium,5,2
TKT_007878,CUST_03808,2022-07-18,App Issue,Low,3,4
TKT_007879,CUST_01756,2023-11-07,Account,Low,10,3
TKT_007880,CUST_03072,2023-10-22,Return,Low,7,4
TKT_007881,CUST_02836,2023-06-27,Other,High,1,2
TKT_007882,CUST_03089,2024-05-26,Account,Medium,1,3
TKT_007883,CUST_00006,2024-03-10,Other,Medium,1,3
TKT_007884,CUST_01861,2023-03-14,Return,Medium,7,3
TKT_007885,CUST_01652,2022-07-31,Delivery,Medium,7,5
TKT_007886,CUST_01417,2023-11-26,Return,Medium,5,4
TKT_007887,CUST_01436,2023-12-06,Delivery,Low,2,4
TKT_007888,CUST_00374,2024-02-19,Account,Medium,3,5
TKT_007889,CUST_04560,2023-08-27,App Issue,Medium,2,4
TKT_007890,CUST_02296,2023-04-27,Delivery,Low,1,3
TKT_007891,CUST_01171,2024-06-04,Account,High,3,4
TKT_007892,CUST_00447,2022-01-21,Account,Medium,7,
TKT_007893,CUST_00483,2023-03-24,App Issue,High,7,
TKT_007894,CUST_00496,2023-08-09,Return,High,3,5
TKT_007895,CUST_02562,2023-11-11,Delivery,High,1,5
TKT_007896,CUST_02800,2022-05-12,Other,Medium,3,3
TKT_007897,CUST_01396,2022-11-12,Payment,Medium,2,4
TKT_007898,CUST_04701,2023-01-11,App Issue,Medium,1,4
TKT_007899,CUST_01959,2022-08-16,Account,Medium,2,5
TKT_007900,CUST_04373,2023-05-07,App Issue,Medium,2,4
TKT_007901,CUST_02118,2023-03-17,Payment,Low,5,5
TKT_007902,CUST_04405,2023-09-13,Account,Low,10,2
TKT_007903,CUST_01269,2023-09-17,Payment,Low,1,5
TKT_007904,CUST_02374,2023-08-14,Other,Medium,2,3
TKT_007905,CUST_04092,2023-06-21,Payment,Medium,5,1
TKT_007906,CUST_03553,2022-08-02,Delivery,High,1,5
TKT_007907,CUST_04439,2023-08-08,App Issue,Low,1,4
TKT_007908,CUST_03146,2022-10-25,Return,High,3,3
TKT_007909,CUST_03936,2023-07-13,Delivery,High,3,4
TKT_007910,CUST_04852,2022-06-10,Other,Medium,3,3
TKT_007911,CUST_01931,2022-01-30,Delivery,Medium,7,1
TKT_007912,CUST_01992,2024-05-09,App Issue,High,7,3
TKT_007913,CUST_04090,2024-05-17,Account,High,1,4
TKT_007914,CUST_02916,2022-09-22,Account,High,1,4
TKT_007915,CUST_00571,2023-11-27,Other,Low,1,3
TKT_007916,CUST_03793,2023-09-07,Delivery,Medium,1,3
TKT_007917,CUST_01256,2024-05-01,Other,Medium,1,3
TKT_007918,CUST_02868,2023-01-20,Account,High,2,3
TKT_007919,CUST_03449,2022-10-21,Product Quality,Medium,5,
TKT_007920,CUST_00734,2022-09-23,App Issue,High,1,4
TKT_007921,CUST_00716,2024-04-10,Delivery,Medium,3,3
TKT_007922,CUST_00540,2023-10-09,Account,Medium,1,5
TKT_007923,CUST_01952,2022-09-02,App Issue,Medium,2,3
TKT_007924,CUST_02602,2023-08-28,App Issue,High,1,5
TKT_007925,CUST_00854,2022-11-24,Payment,Medium,5,3
TKT_007926,CUST_03742,2023-12-07,Return,Medium,1,4
TKT_007927,CUST_02668,2023-11-04,Account,Medium,2,3
TKT_007928,CUST_01518,2022-03-28,App Issue,Medium,2,3
TKT_007929,CUST_01967,2022-03-06,Other,Medium,1,3
TKT_007930,CUST_02555,2024-06-03,App Issue,Low,5,4
TKT_007931,CUST_00076,2023-08-20,Other,Medium,3,3
TKT_007932,CUST_00771,2022-11-10,Other,Low,3,4
TKT_007933,CUST_02991,2023-12-24,Product Quality,High,1,4
TKT_007934,CUST_03322,2022-12-14,Payment,Low,2,
TKT_007935,CUST_01925,2023-03-26,Delivery,High,3,1
TKT_007936,CUST_01310,2023-06-30,App Issue,Low,5,4
TKT_007937,CUST_00633,2023-01-11,Other,Medium,5,5
TKT_007938,CUST_04602,2022-01-13,Delivery,Medium,3,5
TKT_007939,CUST_01345,2022-09-28,Account,High,3,5
TKT_007940,CUST_01386,2022-11-11,Delivery,High,2,4
TKT_007941,CUST_03716,2023-12-19,Account,Low,10,
TKT_007942,CUST_04309,2023-02-08,Delivery,Medium,,1
TKT_007943,CUST_04200,2023-09-18,Other,Medium,3,4
TKT_007944,CUST_03741,2022-08-06,Payment,Medium,5,5
TKT_007945,CUST_00029,2022-01-03,Return,Low,3,4
TKT_007946,CUST_03036,2023-07-01,Other,Medium,2,5
TKT_007947,CUST_00048,2024-03-14,Payment,Medium,10,
TKT_007948,CUST_03052,2022-07-19,Return,Medium,7,5
TKT_007949,CUST_04990,2023-11-15,Other,Medium,1,5
TKT_007950,CUST_01383,2022-06-17,Return,Low,5,3
TKT_007951,CUST_01751,2022-08-08,Other,Low,5,5
TKT_007952,CUST_04406,2022-03-20,Return,Medium,3,4
TKT_007953,CUST_04899,2023-06-11,Product Quality,Medium,3,5
TKT_007954,CUST_01342,2023-12-17,Account,Low,7,1
TKT_007955,CUST_00538,2022-05-26,Product Quality,Medium,2,1
TKT_007956,CUST_02907,2022-04-03,Return,High,2,5
TKT_007957,CUST_00713,2022-05-21,Return,High,10,4
TKT_007958,CUST_00420,2023-06-03,Account,Medium,1,3
TKT_007959,CUST_02418,2024-02-27,App Issue,Medium,5,4
TKT_007960,CUST_02467,2023-11-26,Return,Medium,1,2
TKT_007961,CUST_02989,2024-01-20,Account,Medium,7,3
TKT_007962,CUST_00727,2023-02-10,Return,Medium,2,5
TKT_007963,CUST_02337,2023-06-23,Delivery,Medium,2,4
TKT_007964,CUST_01289,2023-10-03,Account,Low,10,4
TKT_007965,CUST_03833,2023-07-08,App Issue,High,,3
TKT_007966,CUST_02407,2022-05-21,Other,Low,3,3
TKT_007967,CUST_02086,2022-12-01,Account,Low,10,3
TKT_007968,CUST_00638,2023-08-15,Payment,Low,2,4
TKT_007969,CUST_02383,2023-04-16,Product Quality,Medium,7,3
TKT_007970,CUST_01290,2022-09-23,Other,High,3,4
TKT_007971,CUST_03926,2023-12-29,Account,Low,2,4
TKT_007972,CUST_01204,2023-02-13,Delivery,Medium,7,5
TKT_007973,CUST_02351,2022-07-19,Product Quality,Medium,5,5
TKT_007974,CUST_00512,2022-04-06,Product Quality,Medium,7,5
TKT_007975,CUST_04388,2023-09-01,Product Quality,Medium,1,5
TKT_007976,CUST_04956,2023-03-04,Delivery,Medium,3,5
TKT_007977,CUST_01988,2023-03-19,Product Quality,Medium,5,
TKT_007978,CUST_03598,2024-06-14,Payment,Medium,3,5
TKT_007979,CUST_02337,2022-07-20,Account,Medium,1,5
TKT_007980,CUST_01758,2024-04-06,Payment,Medium,5,5
TKT_007981,CUST_03059,2023-06-15,Account,High,1,1
TKT_007982,CUST_00830,2024-05-08,Delivery,Medium,5,3
TKT_007983,CUST_02032,2022-03-03,Product Quality,Medium,5,3
TKT_007984,CUST_01656,2022-04-21,Payment,Medium,7,5
TKT_007985,CUST_04139,2024-05-06,Other,Medium,2,3
TKT_007986,CUST_01543,2024-06-01,Return,Low,5,
TKT_007987,CUST_04987,2022-09-21,Payment,Medium,2,3
TKT_007988,CUST_03484,2023-07-26,Delivery,High,2,3
TKT_007989,CUST_04276,2022-01-23,Return,High,1,5
TKT_007990,CUST_00286,2023-05-04,Payment,Low,1,5
TKT_007991,CUST_01989,2023-01-10,Delivery,Low,3,5
TKT_007992,CUST_02730,2022-09-28,App Issue,High,3,5
TKT_007993,CUST_00482,2022-06-23,Account,Medium,5,4
TKT_007994,CUST_01328,2023-05-03,Other,Medium,3,5
TKT_007995,CUST_04359,2023-09-23,Account,Medium,2,4
TKT_007996,CUST_01769,2024-04-28,Other,Medium,1,5
TKT_007997,CUST_01220,2023-01-01,App Issue,Low,5,3
TKT_007998,CUST_01043,2024-02-01,Product Quality,Medium,2,5
TKT_007999,CUST_03883,2023-08-05,Other,Medium,5,4
TKT_008000,CUST_00281,2023-06-28,Payment,High,1,4
TKT_008001,CUST_04303,2023-02-08,Delivery,Medium,2,4
TKT_008002,CUST_04500,2024-06-08,Delivery,Low,3,4
TKT_008003,CUST_00820,2024-03-09,Account,Low,2,5
TKT_008004,CUST_03179,2023-07-06,Payment,Medium,2,4
TKT_008005,CUST_02656,2023-04-17,App Issue,Medium,5,4
TKT_008006,CUST_01092,2022-12-27,Product Quality,Medium,5,5
TKT_008007,CUST_00630,2023-11-11,Payment,Medium,7,4
TKT_008008,CUST_00789,2024-06-15,Other,Medium,3,2
TKT_008009,CUST_04813,2022-02-03,Account,Medium,,3
TKT_008010,CUST_03001,2023-11-13,Return,Medium,3,5
TKT_008011,CUST_01714,2023-08-21,Payment,Medium,2,4
TKT_008012,CUST_02394,2022-06-26,Account,Medium,1,5
TKT_008013,CUST_04962,2023-04-08,Product Quality,Low,5,4
TKT_008014,CUST_02252,2022-05-25,Other,High,1,1
TKT_008015,CUST_02493,2022-09-19,Delivery,Low,2,4
TKT_008016,CUST_03303,2023-08-03,App Issue,Medium,7,1
TKT_008017,CUST_03205,2024-06-03,Delivery,Medium,2,3
TKT_008018,CUST_03667,2023-06-15,App Issue,Medium,7,3
TKT_008019,CUST_02827,2023-07-12,App Issue,Low,1,
TKT_008020,CUST_04374,2022-01-08,App Issue,Medium,2,
TKT_008021,CUST_02535,2023-03-15,Product Quality,Medium,1,4
TKT_008022,CUST_04489,2023-09-21,Payment,High,3,5
TKT_008023,CUST_02311,2024-05-01,Account,Medium,3,4
TKT_008024,CUST_04048,2022-09-18,Account,Medium,3,4
TKT_008025,CUST_01825,2022-02-01,Other,Medium,7,3
TKT_008026,CUST_02180,2023-07-27,Account,Medium,1,4
TKT_008027,CUST_01498,2022-01-02,Product Quality,High,1,4
TKT_008028,CUST_02901,2022-01-27,Payment,Low,5,4
TKT_008029,CUST_03276,2024-05-23,App Issue,High,,5
TKT_008030,CUST_00965,2022-06-10,Product Quality,High,7,5
TKT_008031,CUST_00712,2023-04-01,Account,Low,1,5
TKT_008032,CUST_02694,2024-06-04,Delivery,Medium,1,4
TKT_008033,CUST_00600,2023-02-18,Delivery,Medium,3,5
TKT_008034,CUST_04750,2022-10-08,Delivery,Low,5,5
TKT_008035,CUST_01391,2022-11-21,Payment,High,2,1
TKT_008036,CUST_03072,2022-01-18,Return,Low,10,5
TKT_008037,CUST_03979,2023-10-18,Other,Low,3,4
TKT_008038,CUST_04229,2022-01-31,App Issue,Low,5,5
TKT_008039,CUST_03593,2023-08-16,Other,High,,4
TKT_008040,CUST_00945,2024-03-07,Payment,Low,3,5
TKT_008041,CUST_03943,2022-01-03,App Issue,High,1,2
TKT_008042,CUST_01372,2022-08-31,Account,Low,2,3
TKT_008043,CUST_03682,2022-12-12,Other,Medium,2,3
TKT_008044,CUST_04106,2023-06-06,Other,Medium,1,4
TKT_008045,CUST_01142,2023-04-02,Other,Medium,2,5
TKT_008046,CUST_03462,2022-04-07,App Issue,Medium,3,5
TKT_008047,CUST_02721,2023-09-14,Delivery,Low,1,2
TKT_008048,CUST_00333,2022-10-05,Delivery,High,2,5
TKT_008049,CUST_02871,2023-10-26,Return,Medium,3,4
TKT_008050,CUST_01019,2022-03-03,Other,Medium,7,3
TKT_008051,CUST_04679,2023-07-15,App Issue,Low,7,5
TKT_008052,CUST_03077,2023-10-30,App Issue,High,2,1
TKT_008053,CUST_02485,2022-04-06,Payment,Low,5,4
TKT_008054,CUST_03218,2022-03-10,Delivery,High,2,3
TKT_008055,CUST_00783,2023-05-20,Payment,Low,1,3
TKT_008056,CUST_02559,2024-03-15,Product Quality,Medium,1,4
TKT_008057,CUST_01945,2022-06-16,Product Quality,Medium,5,3
TKT_008058,CUST_00961,2023-05-31,Other,Medium,3,5
TKT_008059,CUST_03729,2022-10-05,Payment,High,5,
TKT_008060,CUST_03166,2023-12-12,Other,High,2,5
TKT_008061,CUST_04698,2022-05-12,Return,Medium,5,1
TKT_008062,CUST_04623,2022-02-11,App Issue,Medium,3,4
TKT_008063,CUST_02229,2022-04-28,Return,High,2,5
TKT_008064,CUST_02479,2024-02-12,Delivery,Medium,3,5
TKT_008065,CUST_04216,2023-03-22,Delivery,Medium,1,5
TKT_008066,CUST_04190,2023-09-02,Product Quality,High,2,3
TKT_008067,CUST_03380,2022-05-23,App Issue,Medium,5,5
TKT_008068,CUST_00040,2023-11-16,Return,Medium,1,3
TKT_008069,CUST_02315,2023-03-17,Product Quality,Low,10,5
TKT_008070,CUST_04098,2022-06-11,Account,Low,5,4
TKT_008071,CUST_01738,2023-09-21,App Issue,High,2,3
TKT_008072,CUST_02422,2022-05-24,Other,Medium,2,5
TKT_008073,CUST_04526,2023-03-02,Product Quality,Medium,7,4
TKT_008074,CUST_00019,2022-04-29,Payment,Medium,7,5
TKT_008075,CUST_00206,2023-02-22,Other,Medium,1,1
TKT_008076,CUST_02165,2024-05-24,Product Quality,High,5,4
TKT_008077,CUST_02340,2023-04-12,App Issue,Low,3,4
TKT_008078,CUST_01649,2022-11-16,Return,Low,2,5
TKT_008079,CUST_03046,2023-06-26,Other,Medium,7,5
TKT_008080,CUST_00680,2022-11-15,Return,Medium,,
TKT_008081,CUST_02535,2022-04-28,Payment,High,5,3
TKT_008082,CUST_04076,2022-03-30,Account,Low,3,4
TKT_008083,CUST_04401,2022-09-19,Other,Medium,5,4
TKT_008084,CUST_03798,2023-09-08,Other,Low,7,3
TKT_008085,CUST_01271,2022-04-28,App Issue,High,3,
TKT_008086,CUST_03528,2022-08-02,App Issue,Medium,1,5
TKT_008087,CUST_00392,2022-06-22,Return,Low,3,3
TKT_008088,CUST_02100,2024-02-28,Other,Medium,2,4
TKT_008089,CUST_00771,2023-02-01,Payment,High,2,4
TKT_008090,CUST_04293,2023-09-21,Return,Medium,1,4
TKT_008091,CUST_02594,2023-08-06,Account,Medium,2,2
TKT_008092,CUST_04169,2024-04-24,Payment,Medium,7,1
TKT_008093,CUST_02025,2022-09-28,Account,Medium,7,1
TKT_008094,CUST_01972,2023-10-09,App Issue,Medium,1,4
TKT_008095,CUST_02309,2023-06-15,Other,High,1,2
TKT_008096,CUST_03452,2023-10-16,Payment,Low,3,4
TKT_008097,CUST_04633,2023-02-20,Product Quality,Low,3,3
TKT_008098,CUST_00253,2022-08-21,Account,High,5,5
TKT_008099,CUST_02056,2022-03-02,Payment,High,5,3
TKT_008100,CUST_04783,2022-03-25,Delivery,Low,3,3
TKT_008101,CUST_00157,2022-08-03,Delivery,Low,3,3
TKT_008102,CUST_03124,2024-05-04,Product Quality,Medium,1,5
TKT_008103,CUST_04618,2022-04-30,Delivery,Medium,2,2
TKT_008104,CUST_04044,2023-05-21,Return,Medium,2,4
TKT_008105,CUST_03931,2024-04-30,App Issue,Low,5,
TKT_008106,CUST_02337,2022-12-31,Return,High,3,3
TKT_008107,CUST_04141,2023-07-29,Payment,Medium,3,4
TKT_008108,CUST_01865,2023-01-01,Return,Medium,3,5
TKT_008109,CUST_04203,2023-10-21,Account,Low,,2
TKT_008110,CUST_02554,2024-01-06,Payment,Low,1,4
TKT_008111,CUST_04020,2023-11-25,Account,High,7,5
TKT_008112,CUST_01057,2024-01-09,App Issue,Medium,5,2
TKT_008113,CUST_02917,2023-10-27,Return,Medium,7,4
TKT_008114,CUST_04135,2023-03-28,Delivery,Low,3,5
TKT_008115,CUST_01875,2022-03-31,Other,Medium,5,4
TKT_008116,CUST_01982,2022-03-28,Account,Medium,2,5
TKT_008117,CUST_01873,2022-05-05,App Issue,High,2,
TKT_008118,CUST_03612,2024-05-23,Account,Medium,7,4
TKT_008119,CUST_00916,2022-11-21,Product Quality,Medium,2,4
TKT_008120,CUST_01111,2023-09-04,Account,Low,2,5
TKT_008121,CUST_00726,2024-05-24,Delivery,High,3,5
TKT_008122,CUST_03292,2023-10-16,App Issue,Medium,5,
TKT_008123,CUST_02178,2022-03-23,Account,Medium,2,5
TKT_008124,CUST_01140,2023-05-08,Account,Medium,2,1
TKT_008125,CUST_00210,2023-01-27,Product Quality,Medium,2,5
TKT_008126,CUST_04559,2022-05-01,Return,High,1,4
TKT_008127,CUST_00626,2022-08-02,Payment,Low,7,4
TKT_008128,CUST_03811,2024-03-29,Return,High,5,2
TKT_008129,CUST_04126,2022-11-16,Account,Medium,3,5
TKT_008130,CUST_00733,2022-01-17,Delivery,High,5,5
TKT_008131,CUST_00178,2022-01-05,Other,High,1,
TKT_008132,CUST_03067,2022-02-06,Product Quality,Medium,5,2
TKT_008133,CUST_01412,2024-02-13,Payment,High,,2
TKT_008134,CUST_03867,2023-03-02,Return,Low,2,4
TKT_008135,CUST_01541,2022-03-28,Product Quality,Medium,5,5
TKT_008136,CUST_03989,2023-08-25,Payment,Medium,3,1
TKT_008137,CUST_02284,2022-05-10,Product Quality,High,2,
TKT_008138,CUST_03076,2023-02-17,Other,High,2,4
TKT_008139,CUST_04555,2022-06-25,Payment,Low,2,4
TKT_008140,CUST_04312,2023-07-06,Other,High,3,4
TKT_008141,CUST_03514,2023-10-03,Delivery,Low,2,4
TKT_008142,CUST_04140,2023-09-23,Return,High,3,4
TKT_008143,CUST_02479,2023-03-04,Product Quality,Low,7,3
TKT_008144,CUST_04786,2022-06-04,Return,Medium,3,1
TKT_008145,CUST_03731,2023-10-12,Product Quality,Medium,1,5
TKT_008146,CUST_00593,2023-07-06,Account,High,5,5
TKT_008147,CUST_04595,2022-06-20,Return,High,5,4
TKT_008148,CUST_04606,2023-02-27,App Issue,Medium,7,3
TKT_008149,CUST_03944,2023-12-28,App Issue,Medium,7,5
TKT_008150,CUST_00167,2023-05-18,Delivery,Medium,2,4
TKT_008151,CUST_03994,2022-06-28,Product Quality,Medium,2,4
TKT_008152,CUST_04229,2023-12-28,Delivery,Medium,3,5
TKT_008153,CUST_00429,2022-02-08,Account,High,1,3
TKT_008154,CUST_01764,2024-03-11,Product Quality,Medium,10,4
TKT_008155,CUST_02991,2022-08-27,Account,Medium,1,3
TKT_008156,CUST_01660,2022-05-15,Other,High,3,4
TKT_008157,CUST_02738,2022-01-13,Delivery,High,7,4
TKT_008158,CUST_03611,2022-10-31,Account,Low,3,5
TKT_008159,CUST_01262,2022-09-05,Product Quality,Medium,5,4
TKT_008160,CUST_03589,2024-04-30,Return,Medium,2,3
TKT_008161,CUST_00751,2023-01-24,Account,Medium,2,3
TKT_008162,CUST_02597,2022-08-09,Payment,Medium,3,
TKT_008163,CUST_03951,2023-05-23,Product Quality,Low,1,4
TKT_008164,CUST_01854,2022-05-27,Account,Low,3,4
TKT_008165,CUST_04202,2024-05-04,Product Quality,Medium,1,4
TKT_008166,CUST_04626,2024-04-17,Return,Low,3,5
TKT_008167,CUST_04360,2023-06-21,Delivery,High,7,4
TKT_008168,CUST_04707,2024-03-13,Account,Low,1,2
TKT_008169,CUST_02193,2022-06-29,Account,Low,3,4
TKT_008170,CUST_01912,2023-10-16,Payment,Low,1,3
TKT_008171,CUST_02185,2023-04-24,Payment,Medium,3,4
TKT_008172,CUST_01190,2022-01-10,Return,Medium,1,4
TKT_008173,CUST_04528,2023-04-10,Other,Low,7,
TKT_008174,CUST_01598,2023-02-19,Delivery,Medium,2,4
TKT_008175,CUST_00206,2024-05-25,Payment,High,5,5
TKT_008176,CUST_01392,2022-01-21,Product Quality,High,2,
TKT_008177,CUST_03848,2024-01-06,Other,Medium,,4
TKT_008178,CUST_03081,2023-05-29,Delivery,Low,5,5
TKT_008179,CUST_02181,2023-05-17,Product Quality,High,1,3
TKT_008180,CUST_01797,2023-02-13,App Issue,Low,2,4
TKT_008181,CUST_04571,2023-01-11,Product Quality,Medium,2,1
TKT_008182,CUST_04276,2023-01-04,Other,Medium,3,4
TKT_008183,CUST_02047,2024-03-28,Product Quality,High,3,3
TKT_008184,CUST_00353,2024-06-01,Delivery,Medium,2,1
TKT_008185,CUST_01036,2022-06-12,App Issue,Medium,5,
TKT_008186,CUST_03456,2023-11-04,Delivery,Medium,2,4
TKT_008187,CUST_00207,2022-03-31,Account,Low,1,2
TKT_008188,CUST_01764,2022-06-02,Payment,High,7,4
TKT_008189,CUST_03597,2023-12-15,Delivery,Medium,2,4
TKT_008190,CUST_02303,2023-07-20,Payment,Low,5,3
TKT_008191,CUST_01323,2022-09-17,Other,Medium,5,5
TKT_008192,CUST_02226,2023-08-09,Delivery,Low,5,4
TKT_008193,CUST_04055,2022-07-31,Delivery,High,3,4
TKT_008194,CUST_03514,2023-12-07,Account,Low,2,4
TKT_008195,CUST_03982,2023-09-27,Payment,Medium,1,5
TKT_008196,CUST_01174,2022-10-13,Return,High,5,4
TKT_008197,CUST_01509,2022-11-21,Delivery,Medium,1,4
TKT_008198,CUST_01733,2023-04-19,Account,Low,3,4
TKT_008199,CUST_00374,2023-08-20,Product Quality,High,3,3
TKT_008200,CUST_00220,2022-08-11,App Issue,Medium,3,4
TKT_008201,CUST_00828,2023-08-17,Return,Low,5,5
TKT_008202,CUST_01438,2022-08-30,Payment,High,5,4
TKT_008203,CUST_04473,2023-05-10,Return,Low,,4
TKT_008204,CUST_04560,2022-08-01,App Issue,Low,3,1
TKT_008205,CUST_02598,2023-09-27,Other,Low,2,4
TKT_008206,CUST_03880,2022-08-31,Payment,High,5,4
TKT_008207,CUST_04111,2024-01-20,Product Quality,High,10,4
TKT_008208,CUST_00185,2024-04-28,Return,Medium,2,2
TKT_008209,CUST_02735,2022-05-18,Product Quality,Medium,2,3
TKT_008210,CUST_03796,2022-06-26,App Issue,High,,3
TKT_008211,CUST_04235,2024-05-03,Delivery,Medium,1,3
TKT_008212,CUST_02578,2023-11-18,Other,Low,5,4
TKT_008213,CUST_00210,2022-04-03,Delivery,High,1,4
TKT_008214,CUST_02306,2023-10-08,Account,Low,5,3
TKT_008215,CUST_00284,2023-11-27,Other,Low,3,4
TKT_008216,CUST_01370,2022-08-12,App Issue,High,7,5
TKT_008217,CUST_00522,2023-12-03,Account,Medium,1,4
TKT_008218,CUST_02667,2022-03-03,Payment,Low,5,2
TKT_008219,CUST_00252,2023-12-26,Account,Low,3,4
TKT_008220,CUST_01783,2023-04-18,Payment,Medium,7,1
TKT_008221,CUST_02729,2024-01-18,Account,Medium,1,4
TKT_008222,CUST_02551,2023-10-11,Delivery,Medium,1,5
TKT_008223,CUST_01108,2022-10-30,Account,Low,2,4
TKT_008224,CUST_04997,2022-08-18,Other,Medium,3,2
TKT_008225,CUST_01433,2022-02-03,Payment,Medium,2,3
TKT_008226,CUST_04444,2023-06-14,App Issue,Low,1,1
TKT_008227,CUST_01556,2024-03-17,Product Quality,Low,5,3
TKT_008228,CUST_00813,2022-08-12,App Issue,Low,3,5
TKT_008229,CUST_00363,2024-01-31,App Issue,Medium,1,5
TKT_008230,CUST_02123,2022-06-13,Return,Medium,3,5
TKT_008231,CUST_01817,2023-09-30,Other,High,,4
TKT_008232,CUST_00500,2023-10-10,Product Quality,Medium,1,4
TKT_008233,CUST_02886,2024-05-09,Product Quality,Medium,2,4
TKT_008234,CUST_04777,2023-12-23,Delivery,High,1,5
TKT_008235,CUST_03590,2022-06-29,Return,High,2,5
TKT_008236,CUST_03503,2024-05-09,Account,Medium,7,4
TKT_008237,CUST_03750,2023-07-12,Return,Low,3,3
TKT_008238,CUST_01962,2023-04-25,Payment,High,7,2
TKT_008239,CUST_00248,2022-05-04,Account,Medium,5,5
TKT_008240,CUST_03509,2022-02-23,Payment,Low,5,5
TKT_008241,CUST_03984,2022-05-24,Delivery,Medium,1,4
TKT_008242,CUST_00122,2023-08-17,Product Quality,Medium,,
TKT_008243,CUST_01578,2024-04-29,Return,High,10,3
TKT_008244,CUST_02709,2023-10-24,App Issue,High,7,3
TKT_008245,CUST_03375,2023-12-11,Product Quality,Low,,2
TKT_008246,CUST_04038,2023-10-30,Product Quality,High,,2
TKT_008247,CUST_00921,2024-03-11,Account,Medium,5,4
TKT_008248,CUST_02963,2022-05-23,Return,Medium,3,4
TKT_008249,CUST_00740,2022-07-24,App Issue,Medium,3,2
TKT_008250,CUST_01617,2022-05-13,App Issue,Medium,3,3
TKT_008251,CUST_01572,2022-03-17,Delivery,Medium,1,
TKT_008252,CUST_01393,2024-06-07,Product Quality,Low,7,4
TKT_008253,CUST_03648,2023-07-25,App Issue,Low,3,4
TKT_008254,CUST_03472,2022-02-21,Return,Medium,3,2
TKT_008255,CUST_03366,2022-01-28,Payment,Medium,2,4
TKT_008256,CUST_04310,2022-08-05,Product Quality,Low,2,4
TKT_008257,CUST_03474,2023-01-11,Other,High,7,5
TKT_008258,CUST_03279,2023-03-06,Payment,Medium,1,2
TKT_008259,CUST_01471,2022-01-30,Delivery,Medium,3,3
TKT_008260,CUST_04465,2022-03-29,App Issue,Medium,2,5
TKT_008261,CUST_04844,2022-05-21,Return,Medium,2,5
TKT_008262,CUST_02553,2022-11-04,Product Quality,Low,3,3
TKT_008263,CUST_02567,2023-04-17,Other,Low,2,5
TKT_008264,CUST_02882,2023-07-30,Product Quality,High,3,3
TKT_008265,CUST_03450,2023-09-25,Delivery,Medium,2,4
TKT_008266,CUST_00636,2022-02-15,Account,Medium,1,5
TKT_008267,CUST_02662,2022-01-15,Payment,Medium,2,5
TKT_008268,CUST_01550,2024-02-14,Delivery,Medium,3,2
TKT_008269,CUST_00802,2023-01-11,Product Quality,Low,2,5
TKT_008270,CUST_04091,2024-02-18,Account,Low,10,3
TKT_008271,CUST_04067,2023-03-15,App Issue,High,1,4
TKT_008272,CUST_01452,2022-11-25,Delivery,High,5,1
TKT_008273,CUST_02035,2022-04-27,App Issue,Low,2,4
TKT_008274,CUST_04996,2023-03-31,Product Quality,Medium,5,3
TKT_008275,CUST_02313,2023-11-23,Delivery,Medium,3,4
TKT_008276,CUST_04153,2023-10-20,Other,Medium,3,5
TKT_008277,CUST_03443,2022-12-19,Return,Medium,5,4
TKT_008278,CUST_01781,2023-03-04,Account,Medium,1,3
TKT_008279,CUST_02313,2022-11-06,Other,Medium,5,5
TKT_008280,CUST_03665,2023-06-20,Payment,Low,1,4
TKT_008281,CUST_01046,2024-02-05,Return,Medium,3,2
TKT_008282,CUST_01933,2022-06-08,App Issue,Medium,1,5
TKT_008283,CUST_01146,2023-03-04,Return,Low,7,3
TKT_008284,CUST_03374,2023-12-25,Account,High,5,3
TKT_008285,CUST_00286,2022-08-18,Other,Medium,5,4
TKT_008286,CUST_01377,2024-02-24,Product Quality,Low,3,5
TKT_008287,CUST_01410,2023-07-28,Payment,High,1,3
TKT_008288,CUST_02458,2022-02-24,Product Quality,Medium,3,5
TKT_008289,CUST_02034,2022-02-06,Account,Low,7,4
TKT_008290,CUST_01505,2023-01-01,Delivery,Medium,1,4
TKT_008291,CUST_04547,2022-02-11,Product Quality,Low,,2
TKT_008292,CUST_02829,2024-02-27,Account,Low,,4
TKT_008293,CUST_02240,2023-07-04,Product Quality,Medium,7,5
TKT_008294,CUST_01357,2022-11-02,Account,Medium,2,3
TKT_008295,CUST_03026,2022-07-19,Account,Low,5,5
TKT_008296,CUST_00109,2022-09-08,Payment,Low,2,5
TKT_008297,CUST_01257,2024-06-13,Account,Low,1,
TKT_008298,CUST_00056,2022-04-18,App Issue,Medium,5,4
TKT_008299,CUST_02485,2023-05-04,App Issue,High,1,1
TKT_008300,CUST_01263,2022-02-08,Account,Medium,2,4
TKT_008301,CUST_00028,2024-06-06,Other,Medium,1,4
TKT_008302,CUST_02907,2023-01-18,Delivery,Medium,7,4
TKT_008303,CUST_03556,2024-01-15,Product Quality,Medium,5,5
TKT_008304,CUST_00320,2024-05-17,Return,Medium,1,3
TKT_008305,CUST_01573,2023-08-14,Product Quality,Medium,2,5
TKT_008306,CUST_04888,2022-10-19,Product Quality,Medium,7,5
TKT_008307,CUST_01967,2023-04-18,Other,Medium,2,4
TKT_008308,CUST_01431,2023-03-17,Account,Medium,1,5
TKT_008309,CUST_03333,2023-07-04,Account,Medium,7,3
TKT_008310,CUST_02549,2022-07-17,Return,Low,5,5
TKT_008311,CUST_00193,2023-10-04,Other,Medium,3,3
TKT_008312,CUST_01821,2022-08-15,Other,Low,2,1
TKT_008313,CUST_02904,2022-09-17,Return,Low,3,3
TKT_008314,CUST_01480,2023-08-23,Other,Low,2,4
TKT_008315,CUST_03433,2023-01-20,App Issue,Medium,2,
TKT_008316,CUST_03923,2022-08-10,Payment,Low,,3
TKT_008317,CUST_02388,2022-12-07,App Issue,Medium,1,1
TKT_008318,CUST_03228,2023-03-21,App Issue,Medium,2,5
TKT_008319,CUST_03111,2023-07-13,Payment,Medium,2,4
TKT_008320,CUST_02283,2024-05-08,Delivery,Medium,1,3
TKT_008321,CUST_00293,2022-09-10,Account,Medium,5,4
TKT_008322,CUST_03230,2024-04-29,Delivery,Medium,3,4
TKT_008323,CUST_03371,2023-11-18,Account,Medium,,3
TKT_008324,CUST_03979,2022-02-15,Account,Medium,2,5
TKT_008325,CUST_03554,2023-01-30,Payment,Low,7,
TKT_008326,CUST_02295,2022-07-11,Other,Medium,2,4
TKT_008327,CUST_01768,2023-06-06,Payment,Medium,1,3
TKT_008328,CUST_02626,2023-01-07,Account,Low,10,3
TKT_008329,CUST_03188,2022-02-28,Return,Medium,3,3
TKT_008330,CUST_01753,2023-01-21,App Issue,High,2,4
TKT_008331,CUST_00969,2024-06-15,App Issue,Medium,3,4
TKT_008332,CUST_03994,2024-02-03,Payment,Low,3,5
TKT_008333,CUST_01121,2024-04-07,App Issue,Medium,10,4
TKT_008334,CUST_02955,2023-05-18,Return,Medium,2,5
TKT_008335,CUST_03916,2022-11-17,Payment,High,1,5
TKT_008336,CUST_03910,2022-07-04,Product Quality,Medium,2,5
TKT_008337,CUST_01921,2022-03-20,Payment,High,1,3
TKT_008338,CUST_04565,2022-06-14,Account,Low,2,1
TKT_008339,CUST_02516,2023-01-26,Product Quality,Medium,7,2
TKT_008340,CUST_04217,2023-09-14,App Issue,High,3,4
TKT_008341,CUST_04473,2022-06-15,Account,Medium,1,4
TKT_008342,CUST_02278,2023-11-23,App Issue,Low,7,2
TKT_008343,CUST_02748,2022-01-30,App Issue,Medium,7,3
TKT_008344,CUST_02207,2023-04-24,Return,Medium,3,5
TKT_008345,CUST_03187,2024-04-20,App Issue,Medium,7,3
TKT_008346,CUST_02055,2023-05-26,Payment,Medium,5,3
TKT_008347,CUST_04308,2022-01-18,Product Quality,Medium,3,2
TKT_008348,CUST_01581,2023-04-17,Return,Low,7,5
TKT_008349,CUST_00084,2022-09-05,Other,High,10,4
TKT_008350,CUST_01063,2023-06-22,Delivery,Medium,3,
TKT_008351,CUST_00668,2023-05-21,Delivery,Medium,3,4
TKT_008352,CUST_02059,2022-10-23,Delivery,Low,7,2
TKT_008353,CUST_00544,2022-01-06,Other,Medium,3,5
TKT_008354,CUST_04415,2023-07-31,Account,Medium,1,5
TKT_008355,CUST_04605,2022-12-03,Product Quality,Medium,,5
TKT_008356,CUST_04282,2022-08-02,Delivery,Medium,3,1
TKT_008357,CUST_01433,2023-06-05,Return,High,1,1
TKT_008358,CUST_00497,2024-03-15,Other,High,1,3
TKT_008359,CUST_00716,2023-08-05,Product Quality,Low,10,4
TKT_008360,CUST_03640,2022-01-23,Return,High,1,5
TKT_008361,CUST_03824,2022-10-10,Return,Medium,3,
TKT_008362,CUST_00629,2024-04-03,Delivery,Low,3,1
TKT_008363,CUST_02637,2022-02-11,Product Quality,High,1,1
TKT_008364,CUST_02102,2022-07-30,Return,Medium,2,4
TKT_008365,CUST_00591,2022-07-24,Other,Low,3,5
TKT_008366,CUST_00214,2023-07-20,Return,Medium,,
TKT_008367,CUST_00076,2022-02-16,Product Quality,High,7,4
TKT_008368,CUST_01402,2023-02-15,Other,Low,2,5
TKT_008369,CUST_04875,2022-03-31,Delivery,High,2,5
TKT_008370,CUST_03892,2023-04-04,Delivery,Medium,1,
TKT_008371,CUST_04490,2023-10-01,Account,Medium,5,2
TKT_008372,CUST_00394,2022-04-19,Delivery,Medium,3,3
TKT_008373,CUST_03555,2022-12-01,Product Quality,High,5,4
TKT_008374,CUST_02964,2022-12-07,Payment,Low,3,4
TKT_008375,CUST_04941,2023-07-13,Product Quality,High,1,5
TKT_008376,CUST_02080,2023-06-20,App Issue,Medium,2,
TKT_008377,CUST_04817,2022-10-08,Product Quality,Low,2,5
TKT_008378,CUST_03890,2023-06-02,Payment,High,10,4
TKT_008379,CUST_02290,2022-02-09,Other,Low,5,3
TKT_008380,CUST_03853,2023-02-03,Return,Medium,5,3
TKT_008381,CUST_04784,2024-02-10,Other,Low,3,3
TKT_008382,CUST_03951,2024-05-06,Other,Low,1,4
TKT_008383,CUST_00038,2022-09-03,Payment,High,7,4
TKT_008384,CUST_02271,2024-01-17,Delivery,Low,2,4
TKT_008385,CUST_02456,2023-10-14,App Issue,Medium,5,
TKT_008386,CUST_02509,2023-08-01,Product Quality,Low,5,3
TKT_008387,CUST_04185,2022-09-27,Return,High,2,2
TKT_008388,CUST_00448,2022-05-07,Return,High,7,4
TKT_008389,CUST_03716,2024-06-07,App Issue,Low,3,5
TKT_008390,CUST_01727,2023-05-19,Payment,Low,3,4
TKT_008391,CUST_00382,2023-07-18,Other,Medium,1,5
TKT_008392,CUST_02975,2023-09-15,App Issue,Medium,1,4
TKT_008393,CUST_01583,2023-10-16,Account,Low,2,
TKT_008394,CUST_02261,2023-02-01,Return,Medium,3,
TKT_008395,CUST_03896,2024-02-03,Payment,High,7,4
TKT_008396,CUST_02753,2022-09-10,Product Quality,Medium,3,5
TKT_008397,CUST_03225,2024-01-24,Return,Low,1,5
TKT_008398,CUST_01547,2023-02-20,Return,Medium,10,3
TKT_008399,CUST_03501,2023-04-06,Return,Low,2,3
TKT_008400,CUST_04737,2022-12-18,Delivery,Medium,2,3
TKT_008401,CUST_03277,2023-08-18,Other,High,7,1
TKT_008402,CUST_03418,2022-04-06,Product Quality,Low,5,5
TKT_008403,CUST_00799,2022-01-23,Other,Medium,1,4
TKT_008404,CUST_01991,2024-04-14,Return,High,10,1
TKT_008405,CUST_02687,2023-12-23,Product Quality,High,7,4
TKT_008406,CUST_01909,2024-04-01,App Issue,Low,2,4
TKT_008407,CUST_03031,2023-04-30,Product Quality,High,7,4
TKT_008408,CUST_04334,2023-01-16,Product Quality,Low,5,4
TKT_008409,CUST_02432,2024-04-07,Product Quality,Medium,2,3
TKT_008410,CUST_04596,2022-01-04,Return,Medium,3,5
TKT_008411,CUST_00357,2024-03-21,Return,Medium,5,5
TKT_008412,CUST_02048,2023-12-18,Payment,Medium,10,3
TKT_008413,CUST_01117,2022-07-15,Return,Medium,2,4
TKT_008414,CUST_00925,2022-09-07,Product Quality,High,,4
TKT_008415,CUST_03303,2024-05-02,Other,Medium,,
TKT_008416,CUST_04398,2024-05-06,Product Quality,Low,1,4
TKT_008417,CUST_02921,2023-08-03,Payment,Medium,10,
TKT_008418,CUST_03046,2022-09-25,Delivery,High,1,2
TKT_008419,CUST_02372,2023-02-26,Product Quality,Low,1,5
TKT_008420,CUST_04544,2023-07-19,App Issue,High,5,5
TKT_008421,CUST_00974,2022-02-19,App Issue,High,1,
TKT_008422,CUST_03611,2023-07-10,Account,High,5,5
TKT_008423,CUST_00033,2023-05-17,Delivery,Low,7,5
TKT_008424,CUST_01660,2022-07-19,Delivery,Medium,3,3
TKT_008425,CUST_02850,2024-04-09,Account,Medium,2,4
TKT_008426,CUST_03527,2024-03-11,Return,Medium,1,4
TKT_008427,CUST_01019,2022-07-24,Account,Low,2,2
TKT_008428,CUST_04913,2024-04-20,Account,Medium,3,5
TKT_008429,CUST_02529,2023-06-16,Product Quality,Medium,3,4
TKT_008430,CUST_03996,2023-01-23,Payment,Low,3,4
TKT_008431,CUST_00919,2024-03-31,Other,High,2,4
TKT_008432,CUST_04574,2022-05-14,Product Quality,Low,2,5
TKT_008433,CUST_01736,2022-02-11,Account,Medium,3,5
TKT_008434,CUST_04957,2024-04-01,Account,High,7,3
TKT_008435,CUST_00018,2023-02-13,App Issue,Low,5,4
TKT_008436,CUST_02901,2023-03-23,Account,Low,,4
TKT_008437,CUST_01331,2022-01-21,Return,Medium,3,4
TKT_008438,CUST_04599,2023-01-20,Account,Medium,2,4
TKT_008439,CUST_01660,2022-12-04,Delivery,Medium,3,4
TKT_008440,CUST_02250,2022-10-24,Product Quality,Medium,7,5
TKT_008441,CUST_02344,2023-11-26,Return,Medium,2,5
TKT_008442,CUST_01856,2023-06-20,Product Quality,High,10,4
TKT_008443,CUST_01107,2023-03-12,Delivery,Medium,3,5
TKT_008444,CUST_03485,2022-01-17,App Issue,Medium,1,4
TKT_008445,CUST_04680,2022-02-01,Account,High,,1
TKT_008446,CUST_03090,2023-10-28,Return,Low,3,4
TKT_008447,CUST_01505,2022-01-03,App Issue,Medium,3,5
TKT_008448,CUST_00758,2023-07-19,Account,Medium,5,3
TKT_008449,CUST_00830,2022-05-11,Product Quality,Medium,2,3
TKT_008450,CUST_01364,2024-03-06,Product Quality,Low,2,3
TKT_008451,CUST_01644,2022-11-14,Return,Medium,3,3
TKT_008452,CUST_02284,2022-05-14,Account,Low,7,3
TKT_008453,CUST_02313,2022-05-21,Account,Low,7,2
TKT_008454,CUST_00165,2023-08-30,Payment,Low,5,1
TKT_008455,CUST_03275,2022-04-08,Product Quality,High,,5
TKT_008456,CUST_02363,2023-05-28,App Issue,High,2,
TKT_008457,CUST_04969,2024-05-04,Payment,Medium,,5
TKT_008458,CUST_00297,2024-02-17,Payment,High,3,1
TKT_008459,CUST_03086,2023-03-22,Return,Medium,2,
TKT_008460,CUST_04001,2022-08-21,Payment,Low,,5
TKT_008461,CUST_01052,2022-04-13,Delivery,Low,1,5
TKT_008462,CUST_00725,2023-10-13,Payment,Medium,1,1
TKT_008463,CUST_03700,2023-05-25,Delivery,Low,2,3
TKT_008464,CUST_00359,2023-12-12,App Issue,High,7,4
TKT_008465,CUST_01323,2023-01-21,Product Quality,Medium,10,4
TKT_008466,CUST_00102,2022-05-16,Delivery,Low,1,5
TKT_008467,CUST_01031,2022-03-05,Payment,Low,1,3
TKT_008468,CUST_02035,2022-02-14,Product Quality,Medium,2,5
TKT_008469,CUST_00042,2023-01-30,Other,Low,2,5
TKT_008470,CUST_04251,2024-02-28,Return,Medium,1,4
TKT_008471,CUST_00911,2023-02-13,Payment,Medium,5,5
TKT_008472,CUST_04820,2024-03-09,Account,High,1,3
TKT_008473,CUST_02122,2024-03-14,Return,High,1,1
TKT_008474,CUST_02861,2023-07-09,Return,High,3,3
TKT_008475,CUST_01088,2022-12-11,Account,Low,1,5
TKT_008476,CUST_00855,2024-04-19,Return,Low,7,4
TKT_008477,CUST_02431,2023-03-04,Account,Low,2,5
TKT_008478,CUST_00551,2023-08-29,Other,Medium,10,4
TKT_008479,CUST_00696,2023-08-27,Payment,Low,2,5
TKT_008480,CUST_02573,2024-01-31,Product Quality,Medium,3,4
TKT_008481,CUST_01009,2023-07-02,Product Quality,Medium,2,3
TKT_008482,CUST_01475,2023-06-03,Return,Low,1,4
TKT_008483,CUST_01345,2022-03-18,Product Quality,Low,1,4
TKT_008484,CUST_00448,2023-11-07,Other,Medium,5,4
TKT_008485,CUST_02326,2022-08-11,Account,High,2,5
TKT_008486,CUST_03333,2023-11-30,Delivery,High,2,3
TKT_008487,CUST_02408,2022-12-10,Other,Medium,5,5
TKT_008488,CUST_00165,2024-05-03,Delivery,Medium,3,2
TKT_008489,CUST_04067,2024-05-10,Return,High,5,5
TKT_008490,CUST_01050,2022-04-02,App Issue,Medium,1,4
TKT_008491,CUST_00848,2022-06-08,App Issue,High,1,2
TKT_008492,CUST_01118,2023-10-30,Payment,High,5,3
TKT_008493,CUST_00239,2023-01-07,App Issue,High,,2
TKT_008494,CUST_04095,2023-08-02,Return,High,5,5
TKT_008495,CUST_01935,2024-05-11,Delivery,High,2,3
TKT_008496,CUST_04991,2023-09-09,App Issue,Medium,5,4
TKT_008497,CUST_03793,2023-02-07,Account,Medium,5,
TKT_008498,CUST_00627,2022-03-25,App Issue,Low,5,4
TKT_008499,CUST_01198,2023-12-20,Return,Medium,3,4
TKT_008500,CUST_00918,2022-08-03,Payment,Medium,7,4
TKT_008501,CUST_01995,2024-03-16,App Issue,High,7,4
TKT_008502,CUST_04359,2024-06-12,Payment,Low,1,4
TKT_008503,CUST_00323,2023-05-12,Product Quality,Medium,2,4
TKT_008504,CUST_03251,2023-05-31,Payment,Medium,3,5
TKT_008505,CUST_01344,2023-01-15,Return,Medium,3,4
TKT_008506,CUST_04852,2022-10-30,Delivery,Medium,2,5
TKT_008507,CUST_00678,2023-10-04,Delivery,Low,2,4
TKT_008508,CUST_04677,2024-03-28,Delivery,Medium,,2
TKT_008509,CUST_03725,2023-12-06,Account,Medium,7,2
TKT_008510,CUST_00767,2022-05-26,Account,Medium,2,4
TKT_008511,CUST_01964,2022-12-30,Account,Medium,5,
TKT_008512,CUST_01367,2022-11-24,Product Quality,Medium,5,4
TKT_008513,CUST_01515,2022-10-08,Payment,Medium,5,5
TKT_008514,CUST_01703,2023-11-05,Return,Medium,2,2
TKT_008515,CUST_02562,2022-10-05,Payment,High,3,5
TKT_008516,CUST_03173,2024-05-04,Product Quality,Medium,1,2
TKT_008517,CUST_02142,2023-05-24,Return,Low,3,
TKT_008518,CUST_03133,2022-11-25,Return,Low,2,5
TKT_008519,CUST_01856,2022-04-23,Payment,Medium,1,
TKT_008520,CUST_02701,2023-04-28,Other,Medium,2,4
TKT_008521,CUST_01424,2024-02-12,Account,Medium,3,5
TKT_008522,CUST_01803,2024-05-22,Return,High,5,
TKT_008523,CUST_01915,2022-03-11,Payment,Low,7,
TKT_008524,CUST_04761,2022-01-19,Delivery,High,,4
TKT_008525,CUST_04483,2023-07-31,Product Quality,Medium,3,4
TKT_008526,CUST_01432,2022-09-16,Other,Medium,3,4
TKT_008527,CUST_04294,2022-05-08,Other,Medium,5,3
TKT_008528,CUST_02758,2023-02-20,Account,Low,1,4
TKT_008529,CUST_04454,2022-05-05,Return,Medium,3,4
TKT_008530,CUST_04253,2024-03-30,Account,Medium,3,4
TKT_008531,CUST_00203,2024-05-26,Return,High,10,4
TKT_008532,CUST_04109,2022-10-03,Payment,High,2,5
TKT_008533,CUST_00729,2022-12-17,App Issue,Medium,2,5
TKT_008534,CUST_01042,2022-01-22,Other,Low,1,5
TKT_008535,CUST_04708,2022-02-12,Return,Medium,7,4
TKT_008536,CUST_02613,2022-12-09,Return,Medium,,5
TKT_008537,CUST_01540,2023-08-30,Account,Low,2,4
TKT_008538,CUST_00661,2022-12-13,Other,High,5,5
TKT_008539,CUST_03237,2024-06-18,Account,Medium,7,4
TKT_008540,CUST_01425,2022-03-31,Product Quality,Low,2,2
TKT_008541,CUST_00906,2023-09-19,Account,High,5,4
TKT_008542,CUST_04451,2023-05-13,Other,High,3,5
TKT_008543,CUST_03716,2023-11-02,Payment,High,3,5
TKT_008544,CUST_03177,2022-12-26,Delivery,Medium,,3
TKT_008545,CUST_00415,2024-05-13,Account,Low,2,5
TKT_008546,CUST_04016,2023-07-31,Delivery,Medium,1,2
TKT_008547,CUST_00615,2024-01-28,Delivery,Low,1,2
TKT_008548,CUST_00544,2022-11-09,Other,Low,5,5
TKT_008549,CUST_02843,2022-02-01,Account,Medium,5,4
TKT_008550,CUST_01844,2023-08-14,Payment,Low,7,4
TKT_008551,CUST_03763,2023-03-21,Product Quality,High,5,5
TKT_008552,CUST_04776,2024-05-06,Other,High,2,3
TKT_008553,CUST_03505,2022-03-05,Product Quality,Medium,2,3
TKT_008554,CUST_01424,2023-05-30,Payment,High,2,5
TKT_008555,CUST_02535,2023-04-14,Payment,High,5,3
TKT_008556,CUST_01688,2022-12-30,Product Quality,Low,7,4
TKT_008557,CUST_00779,2022-01-29,Delivery,Medium,7,4
TKT_008558,CUST_03003,2023-03-28,Other,Medium,5,1
TKT_008559,CUST_04080,2023-07-02,Product Quality,Medium,5,3
TKT_008560,CUST_04727,2023-05-09,Delivery,High,3,5
TKT_008561,CUST_01402,2023-06-10,Other,High,3,4
TKT_008562,CUST_04133,2023-02-26,Payment,Low,2,5
TKT_008563,CUST_00066,2023-09-22,App Issue,Medium,3,3
TKT_008564,CUST_04155,2023-09-19,Payment,Medium,2,4
TKT_008565,CUST_03381,2022-05-21,Return,High,5,5
TKT_008566,CUST_04017,2024-02-21,Delivery,High,3,5
TKT_008567,CUST_00276,2022-07-01,Payment,Medium,1,2
TKT_008568,CUST_00661,2024-01-21,Account,Low,2,4
TKT_008569,CUST_01178,2022-02-12,Return,Low,1,3
TKT_008570,CUST_02252,2023-06-07,Payment,Low,7,4
TKT_008571,CUST_00760,2024-01-01,Payment,Low,3,3
TKT_008572,CUST_00332,2022-03-25,Delivery,High,1,3
TKT_008573,CUST_03963,2022-02-06,App Issue,High,5,4
TKT_008574,CUST_01059,2023-10-28,Account,Medium,3,
TKT_008575,CUST_00853,2023-04-30,Return,Low,1,5
TKT_008576,CUST_04186,2024-05-24,Other,Medium,3,5
TKT_008577,CUST_03952,2024-04-06,Product Quality,Low,2,2
TKT_008578,CUST_02151,2024-03-16,Product Quality,Low,3,
TKT_008579,CUST_04152,2023-10-09,Other,Medium,5,5
TKT_008580,CUST_02444,2022-04-30,Other,Medium,5,3
TKT_008581,CUST_04654,2022-06-27,App Issue,Medium,2,
TKT_008582,CUST_00714,2022-06-23,Delivery,Medium,1,3
TKT_008583,CUST_02801,2022-06-23,Account,High,,5
TKT_008584,CUST_03244,2023-12-17,Product Quality,Low,2,2
TKT_008585,CUST_00088,2022-01-04,Delivery,High,5,4
TKT_008586,CUST_00311,2022-03-16,Return,Medium,7,4
TKT_008587,CUST_00506,2023-02-06,Payment,High,3,5
TKT_008588,CUST_02882,2023-12-05,Delivery,Medium,5,
TKT_008589,CUST_01473,2022-07-06,App Issue,Medium,5,4
TKT_008590,CUST_04582,2022-01-06,Account,High,5,3
TKT_008591,CUST_03631,2022-04-03,Return,Low,,4
TKT_008592,CUST_02854,2024-02-28,Delivery,Low,1,3
TKT_008593,CUST_03188,2022-01-05,Return,Low,1,5
TKT_008594,CUST_01115,2022-01-02,Payment,Medium,3,5
TKT_008595,CUST_03255,2022-06-26,Return,Medium,5,5
TKT_008596,CUST_03228,2022-10-28,Product Quality,Low,2,5
TKT_008597,CUST_01080,2023-11-21,Return,High,2,2
TKT_008598,CUST_02005,2022-09-07,Other,Low,7,5
TKT_008599,CUST_00688,2023-05-30,Payment,High,7,4
TKT_008600,CUST_02645,2023-11-06,Account,Medium,1,1
TKT_008601,CUST_00937,2023-12-21,Product Quality,Medium,3,1
TKT_008602,CUST_03004,2022-12-30,App Issue,Medium,3,3
TKT_008603,CUST_02220,2023-03-25,Other,Low,2,5
TKT_008604,CUST_00251,2023-09-01,Other,Low,5,4
TKT_008605,CUST_00109,2022-07-10,Account,Medium,1,5
TKT_008606,CUST_00817,2022-06-04,Product Quality,Medium,5,4
TKT_008607,CUST_04866,2023-08-14,Other,Medium,2,4
TKT_008608,CUST_03247,2024-06-10,Delivery,Low,2,2
TKT_008609,CUST_02061,2022-05-26,Payment,High,2,5
TKT_008610,CUST_03526,2023-12-20,Product Quality,Medium,1,4
TKT_008611,CUST_01994,2024-04-23,Other,Low,1,4
TKT_008612,CUST_00774,2024-05-14,Delivery,Medium,7,4
TKT_008613,CUST_03607,2024-04-05,Product Quality,High,1,3
TKT_008614,CUST_02974,2023-06-27,Account,Medium,3,4
TKT_008615,CUST_04460,2022-06-28,Payment,Low,1,3
TKT_008616,CUST_03101,2022-08-14,App Issue,Low,7,4
TKT_008617,CUST_00652,2023-11-02,Account,Medium,7,2
TKT_008618,CUST_03383,2022-06-27,Product Quality,High,3,3
TKT_008619,CUST_01550,2023-12-10,Payment,Medium,2,
TKT_008620,CUST_01154,2022-05-19,Account,Medium,3,4
TKT_008621,CUST_01678,2024-02-02,Account,Medium,2,3
TKT_008622,CUST_01711,2023-05-04,Delivery,Medium,3,3
TKT_008623,CUST_04822,2022-05-14,Other,Medium,1,5
TKT_008624,CUST_02686,2023-01-19,Product Quality,Medium,3,3
TKT_008625,CUST_02610,2023-02-08,Delivery,High,5,3
TKT_008626,CUST_02216,2022-03-02,Payment,Medium,3,4
TKT_008627,CUST_03191,2024-05-13,Other,High,1,3
TKT_008628,CUST_03600,2022-06-07,Delivery,Medium,5,3
TKT_008629,CUST_00007,2023-09-10,Account,Low,5,5
TKT_008630,CUST_04630,2022-12-14,Return,Low,3,5
TKT_008631,CUST_00142,2023-05-03,Account,Medium,10,2
TKT_008632,CUST_01600,2023-03-01,Return,Medium,2,5
TKT_008633,CUST_02170,2023-06-04,Payment,High,2,2
TKT_008634,CUST_04243,2023-12-01,Other,Medium,2,5
TKT_008635,CUST_04498,2023-02-16,App Issue,High,2,4
TKT_008636,CUST_02799,2024-02-20,Payment,Medium,10,1
TKT_008637,CUST_01059,2022-03-28,Product Quality,Low,5,5
TKT_008638,CUST_04589,2022-04-19,Delivery,High,7,5
TKT_008639,CUST_03941,2022-09-08,Other,Low,2,4
TKT_008640,CUST_03425,2023-06-29,Other,Medium,1,5
TKT_008641,CUST_01532,2022-10-12,Product Quality,Medium,5,2
TKT_008642,CUST_00588,2022-10-04,Delivery,Medium,1,5
TKT_008643,CUST_02970,2023-11-23,App Issue,Low,10,4
TKT_008644,CUST_04708,2023-04-04,App Issue,High,5,4
TKT_008645,CUST_02666,2024-01-04,Product Quality,Medium,3,3
TKT_008646,CUST_01427,2023-11-04,Payment,Low,3,5
TKT_008647,CUST_03300,2022-11-30,Account,High,1,5
TKT_008648,CUST_02489,2022-08-21,Other,Low,1,5
TKT_008649,CUST_02339,2024-05-13,Delivery,Low,2,
TKT_008650,CUST_02607,2022-06-11,Other,Medium,7,5
TKT_008651,CUST_03439,2022-07-29,Payment,High,2,4
TKT_008652,CUST_02317,2023-12-21,Product Quality,Medium,3,3
TKT_008653,CUST_02047,2023-01-17,Other,Medium,2,3
TKT_008654,CUST_04345,2022-11-28,Other,High,3,4
TKT_008655,CUST_01863,2023-05-07,Delivery,Medium,1,4
TKT_008656,CUST_00299,2022-02-26,Product Quality,Low,2,5
TKT_008657,CUST_02861,2023-02-13,Delivery,High,1,5
TKT_008658,CUST_01762,2022-02-06,Payment,Medium,3,4
TKT_008659,CUST_01605,2022-03-01,Product Quality,Medium,1,5
TKT_008660,CUST_03948,2022-08-09,Delivery,Medium,5,5
TKT_008661,CUST_05000,2022-01-29,Payment,Medium,10,5
TKT_008662,CUST_03533,2024-05-02,Product Quality,Low,3,3
TKT_008663,CUST_00593,2024-04-29,Return,High,1,3
TKT_008664,CUST_00156,2023-01-25,Account,Low,7,2
TKT_008665,CUST_01912,2022-11-25,Return,Medium,7,4
TKT_008666,CUST_00742,2022-06-11,Payment,High,3,3
TKT_008667,CUST_02781,2023-09-20,Account,Medium,2,4
TKT_008668,CUST_00729,2022-10-16,Account,Medium,7,4
TKT_008669,CUST_01497,2023-12-20,Return,Medium,1,5
TKT_008670,CUST_01369,2023-01-14,Product Quality,High,3,5
TKT_008671,CUST_02923,2023-12-29,Product Quality,Medium,7,3
TKT_008672,CUST_01650,2023-01-12,App Issue,High,5,4
TKT_008673,CUST_01441,2022-10-19,Payment,Low,5,4
TKT_008674,CUST_02798,2022-11-25,Other,Medium,1,3
TKT_008675,CUST_00614,2022-07-24,Account,Low,10,3
TKT_008676,CUST_00729,2023-04-30,Return,Medium,2,4
TKT_008677,CUST_02800,2022-02-12,Account,Medium,2,4
TKT_008678,CUST_04216,2022-09-13,Account,High,3,4
TKT_008679,CUST_04557,2022-09-09,Product Quality,Medium,1,3
TKT_008680,CUST_03117,2024-04-15,App Issue,Medium,1,4
TKT_008681,CUST_01425,2023-06-18,Payment,Medium,5,5
TKT_008682,CUST_03311,2022-10-28,Payment,Medium,5,4
TKT_008683,CUST_03767,2022-12-02,App Issue,Low,10,5
TKT_008684,CUST_00376,2023-04-10,Payment,Medium,2,
TKT_008685,CUST_03578,2023-09-15,Delivery,Medium,3,5
TKT_008686,CUST_04527,2022-02-03,Other,Low,2,3
TKT_008687,CUST_02030,2023-01-29,App Issue,High,1,1
TKT_008688,CUST_03830,2022-06-25,Other,Low,,4
TKT_008689,CUST_04110,2022-01-06,Return,Low,1,5
TKT_008690,CUST_04856,2023-08-29,Return,High,10,2
TKT_008691,CUST_01045,2022-06-07,App Issue,Medium,1,4
TKT_008692,CUST_02761,2023-11-26,Product Quality,Low,1,5
TKT_008693,CUST_02248,2024-06-09,App Issue,Medium,10,3
TKT_008694,CUST_02211,2024-02-26,Delivery,High,2,4
TKT_008695,CUST_01847,2022-08-29,Account,Medium,2,5
TKT_008696,CUST_02234,2023-05-27,Delivery,Low,2,4
TKT_008697,CUST_01158,2022-08-08,App Issue,High,7,3
TKT_008698,CUST_01937,2023-03-28,Delivery,Medium,1,5
TKT_008699,CUST_03525,2023-06-27,Delivery,Medium,2,2
TKT_008700,CUST_00465,2024-05-13,Product Quality,High,10,4
TKT_008701,CUST_03987,2023-08-17,Delivery,Medium,5,4
TKT_008702,CUST_01140,2023-12-04,Payment,Medium,5,4
TKT_008703,CUST_04704,2023-06-11,App Issue,Medium,,5
TKT_008704,CUST_00399,2023-09-02,Other,Low,,5
TKT_008705,CUST_03669,2024-06-04,Payment,Low,1,
TKT_008706,CUST_02736,2023-10-21,Account,Medium,2,
TKT_008707,CUST_03730,2024-05-17,Payment,High,7,3
TKT_008708,CUST_04559,2022-03-28,Product Quality,Low,1,4
TKT_008709,CUST_01304,2023-02-20,Other,High,2,3
TKT_008710,CUST_02085,2024-05-28,Return,Medium,3,5
TKT_008711,CUST_00007,2022-03-15,Account,Low,1,4
TKT_008712,CUST_04575,2023-07-24,Payment,Low,5,5
TKT_008713,CUST_04810,2024-01-31,Other,Low,1,3
TKT_008714,CUST_01063,2024-01-22,Delivery,High,1,4
TKT_008715,CUST_04974,2023-03-26,App Issue,Medium,7,4
TKT_008716,CUST_01124,2023-08-05,Product Quality,Low,1,5
TKT_008717,CUST_02399,2024-05-27,Account,Low,1,4
TKT_008718,CUST_03739,2024-02-28,Return,High,5,4
TKT_008719,CUST_02051,2022-01-15,Account,Medium,1,5
TKT_008720,CUST_02559,2023-02-14,Account,Medium,3,3
TKT_008721,CUST_02778,2023-07-10,Payment,Medium,2,4
TKT_008722,CUST_02784,2022-12-21,Payment,Medium,10,5
TKT_008723,CUST_00836,2023-03-07,Other,Low,2,4
TKT_008724,CUST_03798,2023-11-03,Return,Medium,2,4
TKT_008725,CUST_04382,2023-07-10,App Issue,Medium,2,4
TKT_008726,CUST_01698,2022-07-16,Account,Medium,3,4
TKT_008727,CUST_03528,2022-10-21,Product Quality,High,1,5
TKT_008728,CUST_00807,2022-09-09,Other,High,10,4
TKT_008729,CUST_01819,2024-06-07,Account,Medium,2,4
TKT_008730,CUST_00187,2023-10-24,Account,Medium,1,3
TKT_008731,CUST_00620,2023-08-30,Product Quality,Medium,2,3
TKT_008732,CUST_00266,2024-02-04,App Issue,High,,
TKT_008733,CUST_02305,2022-10-08,Delivery,Low,1,2
TKT_008734,CUST_00702,2022-08-21,Other,Medium,3,
TKT_008735,CUST_01449,2022-06-12,App Issue,Low,2,4
TKT_008736,CUST_04284,2024-04-03,Delivery,Low,5,4
TKT_008737,CUST_02952,2022-03-26,Delivery,Low,1,3
TKT_008738,CUST_02097,2024-04-26,Payment,High,5,2
TKT_008739,CUST_00615,2023-03-30,Product Quality,Medium,1,3
TKT_008740,CUST_02056,2024-03-10,Product Quality,Low,1,4
TKT_008741,CUST_03245,2023-12-13,Return,Medium,5,4
TKT_008742,CUST_03233,2023-04-19,Return,Low,3,2
TKT_008743,CUST_02612,2023-06-16,App Issue,Medium,3,2
TKT_008744,CUST_01013,2022-07-31,Delivery,Low,1,5
TKT_008745,CUST_00986,2023-08-22,App Issue,Low,7,4
TKT_008746,CUST_03703,2023-08-15,Payment,Low,2,2
TKT_008747,CUST_04885,2023-05-01,Return,Low,2,5
TKT_008748,CUST_01099,2022-03-05,Product Quality,Medium,2,5
TKT_008749,CUST_03256,2023-02-06,Payment,Low,3,
TKT_008750,CUST_00220,2024-02-27,Payment,High,3,4
TKT_008751,CUST_00372,2023-02-27,Delivery,Medium,10,3
TKT_008752,CUST_01523,2022-08-27,Account,Medium,3,5
TKT_008753,CUST_04925,2023-02-13,Other,Medium,2,
TKT_008754,CUST_01642,2022-12-22,Delivery,Medium,7,4
TKT_008755,CUST_02493,2022-06-18,App Issue,Medium,2,4
TKT_008756,CUST_00156,2022-08-11,Delivery,High,1,5
TKT_008757,CUST_02575,2024-03-31,Other,Medium,2,3
TKT_008758,CUST_02659,2023-12-30,Product Quality,Medium,2,5
TKT_008759,CUST_04408,2023-07-28,Return,Medium,5,4
TKT_008760,CUST_02626,2022-02-26,Delivery,High,1,4
TKT_008761,CUST_02612,2022-01-26,Product Quality,High,1,4
TKT_008762,CUST_00500,2022-09-26,Account,High,3,5
TKT_008763,CUST_04151,2024-04-27,Account,Low,5,5
TKT_008764,CUST_00739,2022-06-17,App Issue,High,10,5
TKT_008765,CUST_01281,2024-03-21,App Issue,Medium,2,5
TKT_008766,CUST_02682,2022-03-01,Product Quality,Medium,5,3
TKT_008767,CUST_04824,2023-04-09,Product Quality,Low,2,3
TKT_008768,CUST_03926,2024-01-12,App Issue,Low,5,1
TKT_008769,CUST_00265,2022-04-28,Other,Low,5,4
TKT_008770,CUST_02220,2024-05-01,Other,High,3,4
TKT_008771,CUST_04669,2023-11-17,Delivery,Medium,3,2
TKT_008772,CUST_00573,2022-08-19,Delivery,Medium,2,4
TKT_008773,CUST_00672,2022-02-19,Return,High,10,5
TKT_008774,CUST_03061,2023-10-12,Payment,High,3,5
TKT_008775,CUST_03670,2023-07-08,Account,Medium,7,
TKT_008776,CUST_04799,2023-10-13,Delivery,Medium,2,3
TKT_008777,CUST_03010,2023-12-27,Return,Low,2,
TKT_008778,CUST_00755,2022-01-17,Delivery,Medium,1,5
TKT_008779,CUST_01525,2023-12-30,Account,Medium,10,5
TKT_008780,CUST_01040,2023-12-28,Account,High,2,4
TKT_008781,CUST_04346,2023-03-07,Return,Low,2,4
TKT_008782,CUST_04203,2022-03-03,Return,Medium,1,5
TKT_008783,CUST_01268,2022-07-01,Account,High,10,4
TKT_008784,CUST_01334,2023-11-27,App Issue,Medium,1,
TKT_008785,CUST_02786,2024-01-14,Product Quality,Low,1,5
TKT_008786,CUST_00078,2023-07-11,Account,Low,1,
TKT_008787,CUST_01323,2022-08-11,Payment,Medium,3,3
TKT_008788,CUST_04432,2023-05-10,App Issue,High,1,5
TKT_008789,CUST_04687,2022-12-03,Return,Medium,7,5
TKT_008790,CUST_01094,2024-05-02,Payment,Medium,2,
TKT_008791,CUST_00590,2022-11-04,App Issue,Low,7,5
TKT_008792,CUST_04223,2023-06-18,Other,Medium,5,3
TKT_008793,CUST_01270,2022-03-28,App Issue,Medium,1,
TKT_008794,CUST_01151,2024-05-21,Product Quality,Low,2,4
TKT_008795,CUST_02619,2023-06-10,Account,Medium,1,1
TKT_008796,CUST_04697,2022-11-05,App Issue,High,1,4
TKT_008797,CUST_03084,2022-07-18,Other,Medium,3,5
TKT_008798,CUST_04740,2023-12-14,Delivery,Low,1,5
TKT_008799,CUST_01514,2022-09-18,Product Quality,Medium,,1
TKT_008800,CUST_02497,2022-10-01,Payment,Medium,7,5
TKT_008801,CUST_02181,2024-05-15,Product Quality,Medium,2,5
TKT_008802,CUST_00981,2022-08-29,Delivery,High,,4
TKT_008803,CUST_04111,2022-10-09,Delivery,Medium,3,3
TKT_008804,CUST_02827,2023-01-06,Return,Medium,2,
TKT_008805,CUST_02488,2024-03-15,Payment,Low,7,5
TKT_008806,CUST_00425,2024-05-22,Other,High,1,5
TKT_008807,CUST_03821,2022-11-20,Account,Medium,1,5
TKT_008808,CUST_04879,2022-01-18,Return,Low,5,5
TKT_008809,CUST_02843,2022-09-11,Other,Medium,2,2
TKT_008810,CUST_04225,2022-12-21,Account,Low,5,2
TKT_008811,CUST_04939,2022-05-14,Other,Low,2,2
TKT_008812,CUST_00611,2023-04-11,Return,Low,3,4
TKT_008813,CUST_04504,2022-08-11,Other,Medium,2,4
TKT_008814,CUST_02711,2024-01-11,App Issue,Medium,2,4
TKT_008815,CUST_00102,2022-07-20,Other,Medium,1,5
TKT_008816,CUST_04231,2022-05-03,App Issue,Medium,2,3
TKT_008817,CUST_02623,2022-01-31,Return,Medium,5,5
TKT_008818,CUST_04049,2023-07-06,App Issue,Medium,5,2
TKT_008819,CUST_00853,2022-11-15,Return,High,2,3
TKT_008820,CUST_03693,2023-05-08,Payment,Medium,7,5
TKT_008821,CUST_04107,2022-03-24,Product Quality,High,1,2
TKT_008822,CUST_01157,2022-04-27,Account,Low,2,3
TKT_008823,CUST_04787,2022-10-31,Payment,Medium,7,4
TKT_008824,CUST_01359,2022-08-31,Payment,Low,5,3
TKT_008825,CUST_00443,2023-01-22,Other,Medium,10,4
TKT_008826,CUST_02903,2024-05-26,Delivery,Medium,,4
TKT_008827,CUST_01311,2024-05-04,Return,High,,5
TKT_008828,CUST_04742,2024-03-30,Return,Low,3,4
TKT_008829,CUST_03667,2022-01-08,Return,Medium,5,2
TKT_008830,CUST_04780,2023-04-20,Other,Medium,10,4
TKT_008831,CUST_04715,2024-01-30,Return,High,1,4
TKT_008832,CUST_01562,2022-05-23,App Issue,Medium,2,4
TKT_008833,CUST_01194,2023-09-18,Payment,Low,1,3
TKT_008834,CUST_02073,2022-12-13,Return,Low,2,2
TKT_008835,CUST_00444,2024-04-19,Other,Medium,3,5
TKT_008836,CUST_03050,2022-01-08,Payment,High,2,4
TKT_008837,CUST_04242,2023-07-20,App Issue,High,3,4
TKT_008838,CUST_02829,2022-08-22,Product Quality,Medium,3,5
TKT_008839,CUST_00425,2023-06-17,Product Quality,Medium,7,5
TKT_008840,CUST_04690,2024-04-07,App Issue,High,5,4
TKT_008841,CUST_01233,2024-01-17,Product Quality,Medium,3,4
TKT_008842,CUST_03612,2023-09-21,Return,Low,5,
TKT_008843,CUST_00506,2022-04-30,Return,Medium,1,4
TKT_008844,CUST_00654,2023-12-25,Return,Medium,7,5
TKT_008845,CUST_01830,2023-04-10,Payment,Medium,2,5
TKT_008846,CUST_04294,2024-03-21,Product Quality,Medium,,2
TKT_008847,CUST_01720,2023-12-02,Account,High,1,2
TKT_008848,CUST_03657,2024-01-13,Other,Medium,1,5
TKT_008849,CUST_02650,2023-07-16,Return,Medium,,4
TKT_008850,CUST_02769,2022-05-08,Account,Medium,2,4
TKT_008851,CUST_00038,2024-03-23,Account,Low,3,3
TKT_008852,CUST_00076,2022-03-29,Product Quality,High,5,1
TKT_008853,CUST_00954,2023-10-08,Return,Medium,2,3
TKT_008854,CUST_02372,2022-07-02,Product Quality,Medium,10,3
TKT_008855,CUST_01119,2023-02-23,Delivery,Low,7,3
TKT_008856,CUST_04061,2022-03-11,Payment,High,2,5
TKT_008857,CUST_00486,2022-01-02,App Issue,Medium,2,5
TKT_008858,CUST_02906,2023-08-23,Product Quality,Medium,1,3
TKT_008859,CUST_00522,2022-08-18,Delivery,Medium,3,4
TKT_008860,CUST_04318,2022-08-02,Other,High,2,2
TKT_008861,CUST_02432,2023-01-24,Account,High,2,3
TKT_008862,CUST_01963,2022-06-15,App Issue,Medium,3,3
TKT_008863,CUST_00612,2023-08-08,Delivery,Low,2,5
TKT_008864,CUST_02256,2024-04-23,Product Quality,Low,2,4
TKT_008865,CUST_00433,2022-10-31,Return,High,7,
TKT_008866,CUST_01346,2024-03-10,Other,Medium,1,5
TKT_008867,CUST_03099,2022-01-02,Product Quality,High,2,
TKT_008868,CUST_03155,2023-04-27,App Issue,Medium,3,1
TKT_008869,CUST_02927,2022-11-24,Payment,Medium,2,4
TKT_008870,CUST_01564,2023-05-16,Account,High,3,2
TKT_008871,CUST_04792,2024-01-20,Delivery,Medium,3,3
TKT_008872,CUST_00791,2024-06-16,Product Quality,High,2,4
TKT_008873,CUST_01521,2023-05-24,Return,Medium,3,5
TKT_008874,CUST_01991,2022-07-02,App Issue,Low,5,4
TKT_008875,CUST_00976,2023-01-06,Return,High,2,4
TKT_008876,CUST_01315,2023-01-05,Delivery,Medium,1,3
TKT_008877,CUST_03068,2022-02-05,Other,Medium,5,
TKT_008878,CUST_04259,2022-10-28,App Issue,Medium,2,4
TKT_008879,CUST_02892,2022-07-14,Delivery,High,1,3
TKT_008880,CUST_02445,2023-01-08,Other,Medium,7,3
TKT_008881,CUST_00757,2023-06-07,App Issue,Medium,7,4
TKT_008882,CUST_00576,2022-06-19,Return,Medium,7,3
TKT_008883,CUST_02777,2022-10-29,Other,Medium,1,5
TKT_008884,CUST_01649,2024-03-11,App Issue,Medium,3,4
TKT_008885,CUST_04087,2023-10-31,Product Quality,Medium,2,4
TKT_008886,CUST_03439,2024-02-17,Return,Low,1,5
TKT_008887,CUST_00330,2023-09-13,Return,Medium,3,4
TKT_008888,CUST_00792,2023-12-04,Payment,Medium,5,4
TKT_008889,CUST_03976,2022-08-11,Payment,Medium,5,4
TKT_008890,CUST_00212,2023-06-19,Account,Medium,3,5
TKT_008891,CUST_03160,2022-11-30,App Issue,Medium,3,3
TKT_008892,CUST_01552,2023-06-10,Return,Low,5,5
TKT_008893,CUST_00214,2023-09-21,Account,High,5,3
TKT_008894,CUST_02451,2023-12-01,App Issue,Medium,3,3
TKT_008895,CUST_03582,2024-03-12,Delivery,Medium,,1
TKT_008896,CUST_00374,2023-11-25,App Issue,Medium,,3
TKT_008897,CUST_02961,2023-08-11,App Issue,Medium,7,2
TKT_008898,CUST_01814,2023-01-01,Product Quality,Medium,10,4
TKT_008899,CUST_04646,2023-08-13,Product Quality,Medium,2,2
TKT_008900,CUST_03389,2022-01-21,App Issue,Medium,7,4
TKT_008901,CUST_03276,2023-01-03,Return,Medium,1,4
TKT_008902,CUST_04281,2022-07-21,Product Quality,Low,2,5
TKT_008903,CUST_02474,2022-12-28,App Issue,Medium,2,4
TKT_008904,CUST_04403,2022-10-08,Account,Low,,3
TKT_008905,CUST_01324,2024-01-09,App Issue,Low,2,3
TKT_008906,CUST_03608,2022-11-16,Payment,Medium,5,2
TKT_008907,CUST_02409,2022-03-01,Other,Medium,,5
TKT_008908,CUST_02968,2024-04-01,Payment,Medium,3,5
TKT_008909,CUST_01652,2022-11-09,Payment,Medium,1,3
TKT_008910,CUST_01390,2023-03-09,Account,Low,1,3
TKT_008911,CUST_01819,2024-05-29,Other,Medium,10,4
TKT_008912,CUST_02997,2023-10-11,Other,High,7,1
TKT_008913,CUST_01554,2023-04-22,Other,Medium,2,4
TKT_008914,CUST_01089,2024-04-08,Return,High,3,4
TKT_008915,CUST_00062,2022-08-26,Delivery,Medium,5,3
TKT_008916,CUST_04642,2023-09-04,Other,Low,1,3
TKT_008917,CUST_03620,2023-03-31,Account,Medium,2,4
TKT_008918,CUST_02481,2022-06-18,App Issue,Medium,10,5
TKT_008919,CUST_00299,2024-06-18,Product Quality,Low,1,2
TKT_008920,CUST_00927,2023-11-30,Delivery,Low,7,4
TKT_008921,CUST_00097,2022-07-05,Other,Medium,7,
TKT_008922,CUST_03096,2022-06-19,Other,High,3,5
TKT_008923,CUST_01222,2022-08-31,Product Quality,Medium,2,5
TKT_008924,CUST_02755,2022-02-18,Payment,Medium,,1
TKT_008925,CUST_03217,2024-05-23,Delivery,Medium,3,4
TKT_008926,CUST_03538,2022-06-03,App Issue,High,7,5
TKT_008927,CUST_02577,2024-02-05,App Issue,Medium,7,4
TKT_008928,CUST_00714,2022-05-08,App Issue,Low,2,4
TKT_008929,CUST_04021,2023-07-01,Payment,Low,10,2
TKT_008930,CUST_03063,2022-10-13,App Issue,Medium,2,3
TKT_008931,CUST_02154,2023-08-03,Delivery,Medium,10,5
TKT_008932,CUST_01691,2022-06-02,Product Quality,Low,2,4
TKT_008933,CUST_01594,2023-09-03,App Issue,Medium,2,1
TKT_008934,CUST_03732,2024-04-29,Payment,Low,3,4
TKT_008935,CUST_01817,2024-01-13,Other,Medium,2,4
TKT_008936,CUST_00037,2022-05-05,App Issue,Medium,5,5
TKT_008937,CUST_04460,2022-06-23,Product Quality,Low,1,5
TKT_008938,CUST_02646,2023-04-06,Return,Medium,5,5
TKT_008939,CUST_04846,2022-06-27,Other,Low,1,1
TKT_008940,CUST_04837,2022-11-25,Return,Low,5,5
TKT_008941,CUST_01291,2024-01-23,App Issue,Low,3,4
TKT_008942,CUST_01401,2023-06-03,Account,Low,2,5
TKT_008943,CUST_02158,2022-09-22,Delivery,Medium,3,4
TKT_008944,CUST_00088,2024-03-23,Other,Low,2,5
TKT_008945,CUST_00357,2023-03-09,Other,Medium,5,4
TKT_008946,CUST_04027,2023-11-06,Product Quality,Low,3,4
TKT_008947,CUST_00390,2022-01-16,Delivery,Medium,5,
TKT_008948,CUST_04452,2023-07-08,Other,High,10,1
TKT_008949,CUST_01836,2023-06-27,App Issue,Medium,7,5
TKT_008950,CUST_02798,2023-02-15,Delivery,Medium,2,4
TKT_008951,CUST_00156,2023-12-29,Account,Low,7,4
TKT_008952,CUST_04723,2024-03-04,Product Quality,High,10,4
TKT_008953,CUST_02429,2022-05-17,App Issue,High,1,5
TKT_008954,CUST_00932,2023-08-03,App Issue,Medium,1,5
TKT_008955,CUST_04757,2023-03-29,Return,High,1,5
TKT_008956,CUST_02507,2022-12-25,Delivery,Low,3,4
TKT_008957,CUST_00281,2022-09-17,Payment,Medium,1,4
TKT_008958,CUST_01486,2022-01-11,Account,High,5,4
TKT_008959,CUST_04459,2023-08-24,Payment,Medium,10,5
TKT_008960,CUST_03117,2022-09-18,Product Quality,High,10,5
TKT_008961,CUST_02237,2023-01-09,Account,Medium,3,5
TKT_008962,CUST_00363,2024-04-29,Account,Medium,5,
TKT_008963,CUST_02159,2022-06-14,Account,Low,1,4
TKT_008964,CUST_04653,2022-10-04,Product Quality,Low,3,1
TKT_008965,CUST_03021,2024-01-07,Other,Low,5,5
TKT_008966,CUST_02991,2022-03-14,Payment,Low,2,3
TKT_008967,CUST_01527,2022-06-17,Account,Low,5,5
TKT_008968,CUST_04265,2023-01-12,Product Quality,Medium,1,5
TKT_008969,CUST_02342,2022-10-18,Return,Medium,5,2
TKT_008970,CUST_01008,2024-03-18,Product Quality,High,1,3
TKT_008971,CUST_02156,2023-07-14,Payment,Medium,5,4
TKT_008972,CUST_03919,2023-12-09,Product Quality,High,5,4
TKT_008973,CUST_03743,2023-05-09,Product Quality,Medium,3,4
TKT_008974,CUST_00367,2024-01-02,Account,Medium,7,3
TKT_008975,CUST_00739,2023-12-07,Payment,Medium,2,3
TKT_008976,CUST_04688,2022-04-29,Delivery,Medium,5,4
TKT_008977,CUST_00690,2022-06-29,Other,Medium,2,4
TKT_008978,CUST_00057,2023-03-20,Other,Medium,2,4
TKT_008979,CUST_01955,2022-12-22,Other,High,7,4
TKT_008980,CUST_04725,2024-04-25,Return,Medium,7,4
TKT_008981,CUST_01455,2023-03-14,App Issue,Low,1,4
TKT_008982,CUST_00657,2022-03-03,Other,Medium,10,4
TKT_008983,CUST_03558,2023-06-06,Other,High,5,4
TKT_008984,CUST_00806,2024-06-04,Account,Medium,1,4
TKT_008985,CUST_00846,2024-05-08,App Issue,Low,3,5
TKT_008986,CUST_00116,2024-01-06,Account,Medium,5,
TKT_008987,CUST_00295,2023-08-20,Other,Medium,7,4
TKT_008988,CUST_01716,2022-05-24,App Issue,Low,1,3
TKT_008989,CUST_02107,2023-03-18,Delivery,Medium,5,4
TKT_008990,CUST_04076,2022-01-30,Payment,Medium,2,3
TKT_008991,CUST_01204,2023-01-03,Account,Low,3,3
TKT_008992,CUST_03821,2024-02-02,Other,Low,2,1
TKT_008993,CUST_03366,2022-05-01,App Issue,Low,3,3
TKT_008994,CUST_03473,2023-06-26,Account,Low,7,4
TKT_008995,CUST_02477,2023-12-16,Payment,Medium,2,5
TKT_008996,CUST_04530,2023-01-04,Account,Medium,3,3
TKT_008997,CUST_01305,2023-07-25,Other,Medium,5,1
TKT_008998,CUST_01351,2023-09-29,Other,Low,3,1
TKT_008999,CUST_00798,2022-04-10,App Issue,Medium,2,5
TKT_009000,CUST_00794,2024-04-01,Product Quality,High,2,2
TKT_009001,CUST_00178,2023-10-07,Payment,Medium,5,5
TKT_009002,CUST_00723,2023-02-07,Return,High,2,2
TKT_009003,CUST_04310,2022-04-15,Account,Low,1,5
TKT_009004,CUST_04979,2023-12-14,Other,Medium,3,4
TKT_009005,CUST_01370,2023-06-10,Account,Low,7,4
TKT_009006,CUST_01216,2022-11-14,Product Quality,Low,10,5
TKT_009007,CUST_01345,2022-05-25,Other,Medium,2,4
TKT_009008,CUST_01453,2023-04-08,Payment,High,5,4
TKT_009009,CUST_03712,2024-04-06,Delivery,High,1,5
TKT_009010,CUST_00978,2023-01-12,Product Quality,High,3,2
TKT_009011,CUST_01841,2023-12-08,Account,Medium,3,5
TKT_009012,CUST_03564,2022-10-01,Delivery,High,7,4
TKT_009013,CUST_01102,2023-01-26,Return,Medium,10,5
TKT_009014,CUST_00384,2022-09-18,Product Quality,High,1,
TKT_009015,CUST_04179,2022-05-27,Product Quality,Medium,3,4
TKT_009016,CUST_04566,2023-09-04,Delivery,Low,2,2
TKT_009017,CUST_01788,2022-03-13,App Issue,Medium,1,4
TKT_009018,CUST_03709,2023-07-01,Return,Low,3,4
TKT_009019,CUST_04331,2024-03-03,Other,Medium,2,5
TKT_009020,CUST_01494,2022-10-24,Account,Medium,3,5
TKT_009021,CUST_01463,2023-12-21,Return,Medium,5,4
TKT_009022,CUST_01034,2024-01-02,Product Quality,Medium,1,3
TKT_009023,CUST_01346,2023-04-15,Delivery,Medium,5,2
TKT_009024,CUST_04628,2022-10-06,Account,Low,7,4
TKT_009025,CUST_01446,2024-05-07,Product Quality,Medium,1,4
TKT_009026,CUST_04365,2022-09-10,Delivery,Medium,5,4
TKT_009027,CUST_03181,2023-11-13,Delivery,Medium,5,2
TKT_009028,CUST_03305,2024-04-13,Delivery,Medium,1,5
TKT_009029,CUST_01575,2022-03-01,Payment,Medium,7,3
TKT_009030,CUST_00700,2022-07-17,Product Quality,Medium,3,5
TKT_009031,CUST_01949,2022-03-24,Other,Medium,5,5
TKT_009032,CUST_01285,2024-04-23,Product Quality,Medium,2,5
TKT_009033,CUST_03258,2022-11-30,Payment,High,1,5
TKT_009034,CUST_02405,2024-03-01,Delivery,Medium,2,4
TKT_009035,CUST_03139,2022-10-06,Account,Medium,2,4
TKT_009036,CUST_04996,2022-07-18,Other,High,1,4
TKT_009037,CUST_03888,2023-12-08,Payment,Low,2,3
TKT_009038,CUST_01316,2023-09-09,App Issue,Medium,7,4
TKT_009039,CUST_02905,2022-09-01,Payment,Medium,7,4
TKT_009040,CUST_03718,2022-10-03,App Issue,Medium,1,4
TKT_009041,CUST_02018,2023-02-03,Product Quality,Medium,5,4
TKT_009042,CUST_00283,2023-02-24,Other,High,2,4
TKT_009043,CUST_04632,2023-10-07,App Issue,High,7,5
TKT_009044,CUST_04951,2023-03-23,Return,Medium,5,1
TKT_009045,CUST_02519,2023-06-01,App Issue,High,3,2
TKT_009046,CUST_00105,2024-02-08,Account,Low,1,4
TKT_009047,CUST_04232,2022-03-23,Payment,Low,2,3
TKT_009048,CUST_02887,2022-09-27,Account,High,5,2
TKT_009049,CUST_03056,2023-05-25,Payment,Medium,5,5
TKT_009050,CUST_00643,2022-12-02,Payment,Low,10,4
TKT_009051,CUST_01902,2024-02-06,Other,Low,5,1
TKT_009052,CUST_02595,2022-08-26,Other,Low,1,2
TKT_009053,CUST_00830,2024-05-29,App Issue,High,2,5
TKT_009054,CUST_02197,2023-08-22,Product Quality,Medium,5,5
TKT_009055,CUST_01032,2023-12-20,Delivery,Medium,2,3
TKT_009056,CUST_04115,2024-06-18,Payment,Low,2,4
TKT_009057,CUST_01529,2024-03-30,Account,Medium,2,4
TKT_009058,CUST_04236,2022-09-09,Return,Medium,10,5
TKT_009059,CUST_04887,2022-09-22,Payment,High,1,
TKT_009060,CUST_03412,2023-03-08,Other,High,3,5
TKT_009061,CUST_01964,2022-01-31,Account,Low,1,3
TKT_009062,CUST_02853,2024-03-13,Account,High,10,
TKT_009063,CUST_02036,2023-12-12,App Issue,Low,3,5
TKT_009064,CUST_03143,2024-05-03,Return,High,5,5
TKT_009065,CUST_01837,2022-04-30,Return,Low,5,4
TKT_009066,CUST_04427,2024-04-23,App Issue,Medium,10,5
TKT_009067,CUST_03477,2022-04-29,Other,High,,4
TKT_009068,CUST_00878,2023-10-05,Payment,Low,2,3
TKT_009069,CUST_04853,2024-01-28,Account,Medium,3,3
TKT_009070,CUST_04259,2022-03-19,Delivery,Low,,3
TKT_009071,CUST_00998,2023-06-09,Payment,Low,1,
TKT_009072,CUST_00102,2022-11-01,Return,High,3,2
TKT_009073,CUST_00584,2022-06-18,Payment,High,5,4
TKT_009074,CUST_03086,2023-07-14,Product Quality,Low,3,5
TKT_009075,CUST_01692,2022-12-31,Payment,High,5,5
TKT_009076,CUST_01475,2022-08-02,Return,Medium,1,5
TKT_009077,CUST_02552,2023-01-13,Other,High,5,3
TKT_009078,CUST_00887,2023-04-05,Other,Low,3,4
TKT_009079,CUST_01349,2022-01-21,Product Quality,High,5,3
TKT_009080,CUST_03847,2024-02-24,Product Quality,Medium,7,5
TKT_009081,CUST_00982,2023-09-22,Account,Medium,5,3
TKT_009082,CUST_00542,2022-09-29,Account,High,3,4
TKT_009083,CUST_02947,2023-10-14,App Issue,Low,2,2
TKT_009084,CUST_04266,2023-12-31,Payment,High,3,5
TKT_009085,CUST_00143,2024-02-13,Return,Medium,2,5
TKT_009086,CUST_04220,2023-07-21,Other,Low,,5
TKT_009087,CUST_01971,2022-08-01,Account,Medium,2,4
TKT_009088,CUST_01890,2023-02-27,Other,Medium,2,2
TKT_009089,CUST_03158,2022-12-04,Delivery,High,1,2
TKT_009090,CUST_00661,2023-12-08,Delivery,Medium,1,5
TKT_009091,CUST_02484,2022-12-08,Payment,High,2,
TKT_009092,CUST_03305,2023-02-04,Payment,Medium,1,5
TKT_009093,CUST_02941,2022-03-25,Delivery,Low,1,4
TKT_009094,CUST_01270,2022-08-04,Product Quality,Medium,,5
TKT_009095,CUST_01937,2024-01-22,Delivery,Medium,7,5
TKT_009096,CUST_03512,2023-04-25,Payment,Medium,1,3
TKT_009097,CUST_00941,2022-05-13,Other,Medium,10,2
TKT_009098,CUST_03848,2023-09-23,Return,Low,1,5
TKT_009099,CUST_01164,2024-03-12,Return,Medium,1,3
TKT_009100,CUST_04141,2023-01-01,Return,High,5,
TKT_009101,CUST_00962,2023-12-07,Product Quality,Medium,2,3
TKT_009102,CUST_04709,2023-12-17,Payment,Medium,3,5
TKT_009103,CUST_04061,2023-03-11,Other,Medium,5,
TKT_009104,CUST_03999,2024-03-01,Delivery,Medium,2,4
TKT_009105,CUST_00434,2023-01-28,App Issue,Medium,2,5
TKT_009106,CUST_02421,2022-09-19,Return,Low,2,4
TKT_009107,CUST_02153,2022-10-17,Other,Low,,4
TKT_009108,CUST_00389,2023-02-27,Delivery,Medium,2,3
TKT_009109,CUST_02223,2023-06-28,Return,Medium,7,4
TKT_009110,CUST_02958,2022-11-29,Product Quality,High,1,4
TKT_009111,CUST_04163,2023-05-21,Other,Low,1,5
TKT_009112,CUST_01610,2022-06-20,Account,Medium,1,5
TKT_009113,CUST_02133,2022-05-11,Product Quality,Medium,3,4
TKT_009114,CUST_03010,2022-10-18,Delivery,Low,1,3
TKT_009115,CUST_02189,2024-06-09,App Issue,Low,1,5
TKT_009116,CUST_00367,2022-04-19,Payment,Medium,5,5
TKT_009117,CUST_01144,2024-04-20,Product Quality,Medium,3,4
TKT_009118,CUST_00033,2023-05-14,Account,Medium,2,1
TKT_009119,CUST_04305,2022-02-17,Product Quality,Medium,2,4
TKT_009120,CUST_03450,2024-04-22,Account,Medium,3,1
TKT_009121,CUST_02809,2022-03-12,Other,High,7,4
TKT_009122,CUST_04258,2022-06-25,Other,High,5,3
TKT_009123,CUST_02610,2024-01-24,Account,Medium,5,3
TKT_009124,CUST_03806,2023-12-20,Other,Low,1,4
TKT_009125,CUST_02002,2022-08-16,Return,High,2,4
TKT_009126,CUST_01016,2023-01-26,App Issue,Medium,7,4
TKT_009127,CUST_01838,2022-08-07,Other,Low,3,3
TKT_009128,CUST_01836,2022-12-22,App Issue,Medium,2,4
TKT_009129,CUST_01127,2023-11-20,Return,High,1,1
TKT_009130,CUST_01643,2022-04-05,Other,High,5,5
TKT_009131,CUST_02573,2022-09-10,Payment,Medium,7,4
TKT_009132,CUST_03291,2023-08-04,Product Quality,Low,1,5
TKT_009133,CUST_00634,2023-06-22,Payment,Medium,5,5
TKT_009134,CUST_03826,2023-07-05,Other,Low,3,3
TKT_009135,CUST_04008,2022-10-16,Account,Medium,5,5
TKT_009136,CUST_00504,2023-06-09,Other,Medium,3,5
TKT_009137,CUST_01811,2023-12-14,Product Quality,Low,,5
TKT_009138,CUST_01735,2022-11-28,App Issue,Medium,2,
TKT_009139,CUST_02359,2024-05-07,Account,High,2,4
TKT_009140,CUST_03689,2024-05-25,Delivery,Medium,3,4
TKT_009141,CUST_01456,2023-04-04,Account,High,3,3
TKT_009142,CUST_03053,2022-05-03,Return,Medium,2,5
TKT_009143,CUST_00059,2024-03-01,Product Quality,Medium,1,5
TKT_009144,CUST_02734,2022-06-15,Account,Medium,5,4
TKT_009145,CUST_02110,2024-05-25,Other,Medium,1,2
TKT_009146,CUST_01099,2022-03-05,Delivery,Medium,2,4
TKT_009147,CUST_00955,2023-01-12,Return,Medium,3,4
TKT_009148,CUST_03914,2024-03-01,Delivery,Low,3,
TKT_009149,CUST_02776,2022-10-20,Delivery,Medium,1,4
TKT_009150,CUST_01777,2023-05-16,Payment,Medium,1,4
TKT_009151,CUST_02086,2022-01-24,App Issue,Medium,7,4
TKT_009152,CUST_04318,2023-10-05,Return,High,1,
TKT_009153,CUST_01403,2023-08-08,Delivery,Low,5,5
TKT_009154,CUST_02955,2024-02-02,Account,Medium,5,5
TKT_009155,CUST_00682,2023-12-21,Account,High,3,5
TKT_009156,CUST_04523,2022-10-09,App Issue,Low,5,5
TKT_009157,CUST_04874,2023-10-25,App Issue,Medium,1,3
TKT_009158,CUST_03110,2022-11-20,Product Quality,High,5,4
TKT_009159,CUST_04375,2023-09-23,Other,Medium,2,4
TKT_009160,CUST_01855,2024-05-31,Return,Low,3,4
TKT_009161,CUST_00038,2023-02-14,Other,Medium,5,5
TKT_009162,CUST_01790,2022-06-23,Product Quality,Low,1,5
TKT_009163,CUST_00961,2022-10-14,Other,Medium,2,4
TKT_009164,CUST_03875,2022-04-29,Other,Low,3,
TKT_009165,CUST_02579,2022-02-08,Product Quality,Medium,7,5
TKT_009166,CUST_04294,2022-10-23,Other,Medium,5,4
TKT_009167,CUST_01653,2022-03-15,Other,Low,2,3
TKT_009168,CUST_03375,2023-05-29,Account,Medium,2,4
TKT_009169,CUST_01423,2022-04-10,Other,Medium,3,4
TKT_009170,CUST_04706,2023-06-26,Account,High,5,4
TKT_009171,CUST_02070,2022-11-01,App Issue,Medium,2,4
TKT_009172,CUST_04932,2022-11-03,Other,High,2,4
TKT_009173,CUST_02883,2024-04-02,Return,Low,3,4
TKT_009174,CUST_02524,2022-01-28,Delivery,High,3,2
TKT_009175,CUST_02415,2022-08-01,Account,Medium,2,5
TKT_009176,CUST_04863,2023-06-30,Payment,Medium,2,4
TKT_009177,CUST_03165,2024-01-21,Return,Low,3,2
TKT_009178,CUST_04564,2023-06-07,Account,Low,1,5
TKT_009179,CUST_02639,2023-12-31,Product Quality,Medium,1,2
TKT_009180,CUST_01409,2022-01-21,Delivery,Low,1,3
TKT_009181,CUST_00053,2024-03-29,Return,Low,3,5
TKT_009182,CUST_03832,2022-12-13,Delivery,Low,7,4
TKT_009183,CUST_04978,2024-06-09,App Issue,Medium,1,5
TKT_009184,CUST_01914,2023-07-28,Other,Low,3,2
TKT_009185,CUST_03785,2022-01-30,Product Quality,Medium,2,5
TKT_009186,CUST_02727,2023-04-12,Other,Medium,5,5
TKT_009187,CUST_02812,2024-02-14,App Issue,Low,,3
TKT_009188,CUST_02895,2023-05-26,Delivery,Low,10,3
TKT_009189,CUST_01595,2022-10-17,Account,Medium,3,5
TKT_009190,CUST_01028,2023-08-20,Return,Medium,1,2
TKT_009191,CUST_03566,2024-04-06,Product Quality,High,2,5
TKT_009192,CUST_02274,2023-05-15,Other,Medium,2,5
TKT_009193,CUST_01275,2022-08-17,Account,Low,7,4
TKT_009194,CUST_01531,2022-05-02,Return,Low,7,3
TKT_009195,CUST_04832,2023-04-15,Account,Medium,5,
TKT_009196,CUST_04558,2022-06-29,Account,Medium,3,4
TKT_009197,CUST_00297,2023-09-26,Payment,High,1,
TKT_009198,CUST_00919,2023-11-09,App Issue,Medium,10,5
TKT_009199,CUST_02930,2023-05-24,Return,Low,1,4
TKT_009200,CUST_03220,2024-05-14,Return,Low,3,3
TKT_009201,CUST_04888,2022-08-29,Product Quality,Low,5,3
TKT_009202,CUST_00789,2023-11-28,Product Quality,Medium,,4
TKT_009203,CUST_01709,2022-10-31,Delivery,Medium,2,4
TKT_009204,CUST_01560,2023-04-04,App Issue,Low,3,4
TKT_009205,CUST_01069,2023-07-03,App Issue,Low,7,3
TKT_009206,CUST_00815,2022-10-03,App Issue,High,1,4
TKT_009207,CUST_03075,2022-09-22,Other,High,2,4
TKT_009208,CUST_03948,2023-08-05,Account,Medium,3,5
TKT_009209,CUST_04560,2023-06-08,Other,Low,2,5
TKT_009210,CUST_03185,2023-12-14,Return,Low,2,5
TKT_009211,CUST_04111,2022-04-30,App Issue,Medium,,5
TKT_009212,CUST_04098,2023-02-15,Account,High,1,4
TKT_009213,CUST_01840,2024-01-07,App Issue,Low,2,5
TKT_009214,CUST_00847,2023-01-23,Return,Low,3,4
TKT_009215,CUST_02711,2022-07-05,Payment,High,1,3
TKT_009216,CUST_02965,2024-06-11,Return,Medium,1,
TKT_009217,CUST_03228,2023-04-12,Account,Medium,1,5
TKT_009218,CUST_03073,2022-04-28,Product Quality,Low,,4
TKT_009219,CUST_04368,2023-08-12,Return,Low,3,
TKT_009220,CUST_01051,2023-10-30,Other,Medium,1,4
TKT_009221,CUST_03596,2023-08-11,Product Quality,Low,10,5
TKT_009222,CUST_00498,2022-10-06,Product Quality,Medium,10,4
TKT_009223,CUST_02316,2023-06-23,Delivery,Medium,7,5
TKT_009224,CUST_02871,2022-02-22,Delivery,Medium,7,3
TKT_009225,CUST_04362,2022-12-31,Product Quality,Medium,5,4
TKT_009226,CUST_02708,2022-02-15,Other,Low,3,1
TKT_009227,CUST_01289,2023-07-01,Product Quality,Medium,7,4
TKT_009228,CUST_03083,2022-07-28,Account,High,1,3
TKT_009229,CUST_00057,2023-07-17,Account,Medium,1,4
TKT_009230,CUST_03203,2022-04-29,App Issue,Low,2,
TKT_009231,CUST_04661,2022-11-10,Delivery,High,5,
TKT_009232,CUST_04772,2023-08-31,Account,Medium,2,4
TKT_009233,CUST_00020,2022-06-06,App Issue,Low,5,4
TKT_009234,CUST_03964,2024-05-04,Payment,Medium,1,4
TKT_009235,CUST_01964,2022-07-17,Return,Medium,2,5
TKT_009236,CUST_02936,2024-03-15,Payment,Low,3,4
TKT_009237,CUST_02927,2023-07-06,Account,Medium,3,3
TKT_009238,CUST_04880,2023-12-04,Delivery,High,2,4
TKT_009239,CUST_03214,2022-06-10,Return,Low,10,4
TKT_009240,CUST_00190,2022-10-30,Delivery,High,,4
TKT_009241,CUST_02571,2022-08-11,Product Quality,Low,10,1
TKT_009242,CUST_04320,2023-12-05,Product Quality,High,3,3
TKT_009243,CUST_04048,2023-12-01,App Issue,Low,7,3
TKT_009244,CUST_03248,2023-04-08,Product Quality,Medium,7,3
TKT_009245,CUST_02876,2022-10-15,Return,Low,2,5
TKT_009246,CUST_01941,2022-09-24,Other,Medium,3,5
TKT_009247,CUST_01958,2023-09-16,Return,High,3,4
TKT_009248,CUST_04126,2024-02-10,Return,Medium,,3
TKT_009249,CUST_02210,2023-02-17,Product Quality,Medium,3,4
TKT_009250,CUST_03089,2022-11-30,Product Quality,High,3,3
TKT_009251,CUST_02640,2022-11-21,App Issue,Low,1,4
TKT_009252,CUST_00878,2023-06-24,Payment,Low,2,5
TKT_009253,CUST_02926,2023-02-22,Delivery,High,1,4
TKT_009254,CUST_02978,2022-06-03,Account,Medium,10,5
TKT_009255,CUST_02965,2022-09-14,Return,Low,1,4
TKT_009256,CUST_01401,2023-02-09,Return,High,1,4
TKT_009257,CUST_01056,2023-03-24,Return,Medium,2,4
TKT_009258,CUST_01792,2022-06-01,Product Quality,High,10,3
TKT_009259,CUST_04294,2022-05-18,Other,Medium,2,4
TKT_009260,CUST_03288,2023-07-13,Delivery,Low,2,4
TKT_009261,CUST_01110,2023-01-20,App Issue,High,2,4
TKT_009262,CUST_04899,2024-01-16,App Issue,High,10,3
TKT_009263,CUST_00417,2024-03-22,Other,Medium,3,4
TKT_009264,CUST_00862,2023-03-13,Account,Medium,10,5
TKT_009265,CUST_02524,2023-11-05,Product Quality,High,2,4
TKT_009266,CUST_01280,2023-04-20,Delivery,Medium,3,5
TKT_009267,CUST_02899,2023-07-16,Account,High,2,5
TKT_009268,CUST_04345,2022-07-09,Delivery,Medium,2,5
TKT_009269,CUST_00059,2023-01-06,Other,Medium,1,4
TKT_009270,CUST_04554,2023-08-05,Account,Medium,1,5
TKT_009271,CUST_04494,2022-06-14,Delivery,High,1,4
TKT_009272,CUST_01199,2023-03-30,Delivery,Low,,4
TKT_009273,CUST_01227,2022-08-23,Product Quality,Medium,2,4
TKT_009274,CUST_04390,2024-05-24,Product Quality,High,2,
TKT_009275,CUST_02877,2023-10-14,App Issue,High,2,5
TKT_009276,CUST_01474,2022-08-22,Account,Medium,2,3
TKT_009277,CUST_03939,2024-05-15,Other,Medium,2,2
TKT_009278,CUST_03302,2023-01-22,Product Quality,Medium,2,4
TKT_009279,CUST_04848,2022-01-17,Payment,Low,3,4
TKT_009280,CUST_01460,2024-04-24,Product Quality,Low,2,4
TKT_009281,CUST_02565,2024-01-19,Product Quality,Medium,1,3
TKT_009282,CUST_01383,2023-07-28,App Issue,Medium,2,2
TKT_009283,CUST_03548,2022-02-28,Account,High,1,5
TKT_009284,CUST_03670,2023-02-21,Product Quality,Medium,3,5
TKT_009285,CUST_03965,2023-12-21,Delivery,Medium,5,4
TKT_009286,CUST_03180,2022-03-11,Return,Medium,7,1
TKT_009287,CUST_03409,2023-10-02,Account,Low,2,4
TKT_009288,CUST_02054,2023-08-12,App Issue,Medium,7,4
TKT_009289,CUST_03206,2022-07-05,Other,Medium,2,5
TKT_009290,CUST_03970,2024-04-08,Delivery,High,3,4
TKT_009291,CUST_01929,2022-04-21,Delivery,Low,3,5
TKT_009292,CUST_02996,2022-10-20,App Issue,Medium,2,5
TKT_009293,CUST_04019,2023-09-25,Payment,Low,5,5
TKT_009294,CUST_00214,2023-01-22,Product Quality,Medium,2,4
TKT_009295,CUST_01503,2022-04-03,Product Quality,Low,7,2
TKT_009296,CUST_01722,2024-04-11,Delivery,High,3,4
TKT_009297,CUST_02242,2023-04-05,Product Quality,High,5,2
TKT_009298,CUST_03786,2022-06-19,Payment,High,7,5
TKT_009299,CUST_02216,2022-11-15,Account,Low,5,1
TKT_009300,CUST_01242,2024-04-28,Delivery,Medium,2,4
TKT_009301,CUST_03890,2023-07-12,Payment,Medium,5,5
TKT_009302,CUST_04207,2023-08-03,Other,High,,4
TKT_009303,CUST_03126,2024-06-05,Return,Medium,2,
TKT_009304,CUST_01184,2023-04-12,Return,Low,2,4
TKT_009305,CUST_00110,2024-03-29,Product Quality,Low,2,5
TKT_009306,CUST_02067,2022-05-25,Payment,Low,10,3
TKT_009307,CUST_00398,2022-05-08,Other,High,2,4
TKT_009308,CUST_01687,2024-01-23,App Issue,Medium,1,4
TKT_009309,CUST_01419,2023-12-15,Return,High,2,
TKT_009310,CUST_04649,2022-01-13,Product Quality,Low,2,5
TKT_009311,CUST_04077,2024-02-13,Product Quality,Medium,5,5
TKT_009312,CUST_03202,2022-11-30,App Issue,Low,2,5
TKT_009313,CUST_01109,2023-03-22,Payment,Low,5,4
TKT_009314,CUST_02789,2024-05-22,Account,Medium,10,3
TKT_009315,CUST_01823,2022-05-28,Other,High,7,2
TKT_009316,CUST_03489,2023-04-16,Account,Medium,2,2
TKT_009317,CUST_02796,2023-03-24,Payment,Medium,5,5
TKT_009318,CUST_03580,2022-08-09,Payment,High,3,1
TKT_009319,CUST_01064,2023-10-10,Delivery,Low,,5
TKT_009320,CUST_00805,2024-04-08,Payment,Medium,1,5
TKT_009321,CUST_00307,2023-02-14,Return,Medium,10,4
TKT_009322,CUST_01969,2022-06-27,Other,Medium,3,4
TKT_009323,CUST_01816,2022-02-07,App Issue,High,5,5
TKT_009324,CUST_02959,2024-03-10,Payment,Medium,2,5
TKT_009325,CUST_01964,2024-03-22,Payment,Low,5,4
TKT_009326,CUST_00922,2023-01-13,Delivery,Medium,2,3
TKT_009327,CUST_02536,2023-12-26,Payment,Medium,3,5
TKT_009328,CUST_00422,2023-03-31,Other,High,,
TKT_009329,CUST_00539,2024-03-08,Return,Medium,2,2
TKT_009330,CUST_02747,2022-01-09,Payment,High,5,5
TKT_009331,CUST_02978,2023-08-02,Product Quality,Medium,1,1
TKT_009332,CUST_00509,2024-03-03,Product Quality,Medium,,4
TKT_009333,CUST_03903,2024-05-31,Account,High,5,3
TKT_009334,CUST_00855,2022-09-19,Delivery,Low,5,4
TKT_009335,CUST_03755,2023-09-26,Delivery,High,5,5
TKT_009336,CUST_04247,2022-12-01,Account,Low,,3
TKT_009337,CUST_02859,2023-07-06,App Issue,Medium,7,4
TKT_009338,CUST_03121,2022-11-09,Product Quality,Low,2,3
TKT_009339,CUST_03565,2022-09-17,App Issue,Medium,3,4
TKT_009340,CUST_02193,2022-12-06,Payment,Low,5,5
TKT_009341,CUST_00406,2023-07-05,Payment,Medium,,4
TKT_009342,CUST_04916,2023-10-13,App Issue,High,1,5
TKT_009343,CUST_02877,2023-09-26,Other,Medium,3,2
TKT_009344,CUST_02358,2023-10-13,Account,Low,1,5
TKT_009345,CUST_03957,2022-07-26,Delivery,Low,3,4
TKT_009346,CUST_04798,2024-04-03,Other,Low,1,3
TKT_009347,CUST_00054,2023-11-05,Product Quality,Low,1,5
TKT_009348,CUST_04804,2023-11-19,App Issue,High,1,3
TKT_009349,CUST_04617,2023-05-01,Account,Medium,7,5
TKT_009350,CUST_00892,2023-08-16,Delivery,Medium,3,4
TKT_009351,CUST_03171,2024-06-14,Payment,Medium,5,3
TKT_009352,CUST_00768,2023-12-17,Return,Medium,3,4
TKT_009353,CUST_00368,2023-01-13,Account,Medium,2,3
TKT_009354,CUST_01543,2024-02-22,Payment,Medium,7,
TKT_009355,CUST_02563,2023-07-04,App Issue,High,7,4
TKT_009356,CUST_00628,2022-12-02,Other,Medium,5,
TKT_009357,CUST_04619,2022-12-28,Other,Low,2,5
TKT_009358,CUST_04461,2022-01-30,Return,Low,3,4
TKT_009359,CUST_04043,2023-05-05,Account,Medium,1,4
TKT_009360,CUST_00664,2024-02-19,Delivery,Medium,2,4
TKT_009361,CUST_00146,2023-01-01,Account,High,2,5
TKT_009362,CUST_00265,2022-11-03,Account,Low,,5
TKT_009363,CUST_00813,2023-03-29,App Issue,Medium,2,4
TKT_009364,CUST_04617,2022-12-05,Delivery,Low,2,4
TKT_009365,CUST_01678,2022-04-03,Return,Low,3,5
TKT_009366,CUST_03799,2023-02-03,App Issue,Medium,5,2
TKT_009367,CUST_04922,2022-05-05,Delivery,High,1,4
TKT_009368,CUST_01717,2023-03-13,Return,Medium,3,2
TKT_009369,CUST_04834,2022-05-12,Delivery,Medium,2,4
TKT_009370,CUST_00282,2022-06-05,Other,High,3,5
TKT_009371,CUST_04902,2023-05-23,Account,Low,1,4
TKT_009372,CUST_01450,2024-04-04,Account,High,2,4
TKT_009373,CUST_00885,2023-12-19,App Issue,High,1,4
TKT_009374,CUST_04223,2023-08-31,Product Quality,Low,7,3
TKT_009375,CUST_00902,2022-07-14,Other,Medium,1,3
TKT_009376,CUST_04675,2022-10-20,Payment,Medium,2,4
TKT_009377,CUST_04437,2022-09-22,Account,High,3,1
TKT_009378,CUST_04999,2022-05-26,Return,Low,2,5
TKT_009379,CUST_01356,2023-11-04,App Issue,Medium,1,5
TKT_009380,CUST_03796,2023-10-05,Product Quality,Low,2,4
TKT_009381,CUST_04814,2022-09-09,Payment,High,2,
TKT_009382,CUST_03606,2023-08-23,Payment,Low,2,2
TKT_009383,CUST_00182,2022-11-10,Account,Low,10,5
TKT_009384,CUST_02650,2022-01-29,App Issue,Medium,1,3
TKT_009385,CUST_04304,2024-06-02,Delivery,Low,7,5
TKT_009386,CUST_04133,2024-04-26,Delivery,Low,5,2
TKT_009387,CUST_01221,2024-02-29,Return,Medium,7,
TKT_009388,CUST_01929,2023-07-16,Other,Medium,7,5
TKT_009389,CUST_02891,2024-05-11,Product Quality,High,10,4
TKT_009390,CUST_00755,2022-05-08,Account,High,7,5
TKT_009391,CUST_04126,2023-12-23,Other,Medium,1,5
TKT_009392,CUST_00185,2023-04-28,Product Quality,Medium,7,4
TKT_009393,CUST_03438,2023-08-29,Payment,Low,10,4
TKT_009394,CUST_01959,2024-03-06,Other,Low,3,5
TKT_009395,CUST_00036,2024-06-07,Other,Low,1,5
TKT_009396,CUST_02893,2022-12-05,Product Quality,Medium,5,4
TKT_009397,CUST_01555,2022-03-16,Account,Low,1,5
TKT_009398,CUST_04082,2023-07-01,Payment,Medium,5,2
TKT_009399,CUST_01124,2022-05-20,Account,Low,7,5
TKT_009400,CUST_04023,2022-03-14,Payment,Medium,3,4
TKT_009401,CUST_00649,2023-05-09,Payment,Medium,5,5
TKT_009402,CUST_02210,2024-04-26,App Issue,Medium,,4
TKT_009403,CUST_03936,2022-05-18,Other,Medium,2,4
TKT_009404,CUST_00434,2023-12-19,Payment,Medium,2,2
TKT_009405,CUST_00789,2023-03-17,Delivery,Medium,10,4
TKT_009406,CUST_03220,2023-07-18,App Issue,Medium,3,5
TKT_009407,CUST_01979,2023-01-30,Return,High,2,4
TKT_009408,CUST_03939,2022-12-09,Product Quality,Low,2,3
TKT_009409,CUST_03158,2022-08-18,Payment,Medium,5,5
TKT_009410,CUST_03271,2023-12-07,Delivery,Low,2,5
TKT_009411,CUST_02035,2023-06-12,App Issue,Medium,,5
TKT_009412,CUST_03949,2022-08-02,Payment,High,2,4
TKT_009413,CUST_03840,2024-05-28,App Issue,Low,3,5
TKT_009414,CUST_01349,2023-05-29,Payment,Medium,5,5
TKT_009415,CUST_03273,2022-06-04,Return,Medium,1,4
TKT_009416,CUST_04346,2023-06-02,Product Quality,Medium,3,5
TKT_009417,CUST_04273,2023-10-12,Delivery,Low,2,5
TKT_009418,CUST_02797,2023-10-29,Other,Medium,,3
TKT_009419,CUST_01452,2022-05-01,Return,High,2,4
TKT_009420,CUST_03043,2022-11-27,Return,Low,,5
TKT_009421,CUST_02454,2022-04-19,Return,Medium,5,3
TKT_009422,CUST_01278,2022-01-17,Delivery,Medium,1,4
TKT_009423,CUST_04041,2022-07-17,Product Quality,High,2,5
TKT_009424,CUST_01491,2023-11-13,Account,High,3,4
TKT_009425,CUST_00284,2023-02-05,App Issue,Medium,5,4
TKT_009426,CUST_02457,2022-07-26,Delivery,Low,7,4
TKT_009427,CUST_01474,2023-06-11,Product Quality,Low,7,3
TKT_009428,CUST_01574,2022-09-04,Delivery,Medium,3,3
TKT_009429,CUST_04244,2022-09-24,Product Quality,Medium,10,3
TKT_009430,CUST_01320,2024-06-13,Delivery,Low,1,3
TKT_009431,CUST_00335,2023-09-22,Payment,Low,10,4
TKT_009432,CUST_01695,2022-11-08,Product Quality,Medium,2,5
TKT_009433,CUST_04614,2024-06-17,Return,Medium,,1
TKT_009434,CUST_02552,2024-06-02,Return,Medium,1,5
TKT_009435,CUST_03814,2024-03-04,Other,High,1,5
TKT_009436,CUST_00390,2022-09-15,Product Quality,Medium,10,3
TKT_009437,CUST_00801,2022-11-12,App Issue,Medium,2,4
TKT_009438,CUST_04385,2023-12-17,App Issue,Low,2,5
TKT_009439,CUST_03046,2023-09-01,Other,Medium,2,5
TKT_009440,CUST_04603,2023-08-19,Account,Medium,2,1
TKT_009441,CUST_03190,2024-05-13,App Issue,Low,3,4
TKT_009442,CUST_04481,2023-10-26,Other,Medium,2,4
TKT_009443,CUST_03076,2022-07-18,App Issue,Low,1,4
TKT_009444,CUST_00445,2022-03-16,Payment,High,10,4
TKT_009445,CUST_03264,2023-05-07,Delivery,Medium,3,5
TKT_009446,CUST_02376,2023-07-11,Return,Low,10,2
TKT_009447,CUST_01154,2023-03-12,Delivery,Low,1,4
TKT_009448,CUST_03959,2023-01-13,Return,Medium,7,5
TKT_009449,CUST_03145,2023-08-09,Product Quality,Medium,2,
TKT_009450,CUST_01709,2023-12-13,Return,Low,1,2
TKT_009451,CUST_00904,2023-07-07,Delivery,Low,3,5
TKT_009452,CUST_01058,2023-06-20,App Issue,Low,2,3
TKT_009453,CUST_01886,2022-06-06,Payment,High,2,3
TKT_009454,CUST_04540,2024-02-14,Account,Medium,7,5
TKT_009455,CUST_04956,2023-06-13,Delivery,Low,1,4
TKT_009456,CUST_04018,2022-01-11,Payment,High,5,3
TKT_009457,CUST_00116,2022-09-07,Product Quality,Medium,1,4
TKT_009458,CUST_01082,2024-01-28,Payment,High,2,3
TKT_009459,CUST_03584,2024-02-28,Account,High,1,2
TKT_009460,CUST_02400,2022-03-21,Account,Medium,5,5
TKT_009461,CUST_01493,2023-07-26,Product Quality,Low,,4
TKT_009462,CUST_03111,2022-06-28,Other,Medium,7,4
TKT_009463,CUST_02399,2022-09-01,Delivery,Medium,1,2
TKT_009464,CUST_02643,2023-05-14,Delivery,Medium,2,2
TKT_009465,CUST_00607,2023-04-29,Payment,High,3,4
TKT_009466,CUST_03890,2022-12-30,Return,Low,3,3
TKT_009467,CUST_00175,2023-07-11,Payment,Medium,5,5
TKT_009468,CUST_03373,2022-09-05,Product Quality,Medium,2,4
TKT_009469,CUST_04234,2023-01-08,Account,Medium,2,5
TKT_009470,CUST_03045,2023-04-19,Payment,Low,2,4
TKT_009471,CUST_03195,2024-01-16,Delivery,Low,3,3
TKT_009472,CUST_03739,2022-01-30,Other,Medium,,3
TKT_009473,CUST_04579,2023-11-03,Payment,Medium,1,4
TKT_009474,CUST_02246,2023-06-30,App Issue,High,5,4
TKT_009475,CUST_01433,2023-01-05,Account,Low,5,
TKT_009476,CUST_00022,2022-01-12,Product Quality,High,3,2
TKT_009477,CUST_04737,2023-10-28,Product Quality,High,10,5
TKT_009478,CUST_02637,2023-03-02,Product Quality,Low,2,3
TKT_009479,CUST_01641,2022-02-23,Product Quality,Medium,3,2
TKT_009480,CUST_01896,2023-03-05,Delivery,High,2,5
TKT_009481,CUST_00184,2024-02-27,App Issue,High,3,4
TKT_009482,CUST_04372,2024-05-10,Account,Medium,1,3
TKT_009483,CUST_00493,2023-07-03,Account,Low,2,5
TKT_009484,CUST_03919,2022-03-23,Delivery,Medium,2,
TKT_009485,CUST_02587,2024-04-28,Account,Medium,1,5
TKT_009486,CUST_04157,2024-02-10,Return,High,3,3
TKT_009487,CUST_04537,2023-09-08,Product Quality,Medium,3,5
TKT_009488,CUST_04363,2023-12-19,Other,Medium,5,2
TKT_009489,CUST_01650,2022-08-05,Product Quality,Medium,2,5
TKT_009490,CUST_02497,2024-03-05,Payment,Medium,3,3
TKT_009491,CUST_03985,2022-05-05,Return,Medium,3,2
TKT_009492,CUST_03478,2022-03-24,Return,Medium,1,4
TKT_009493,CUST_04274,2023-05-24,App Issue,Medium,5,4
TKT_009494,CUST_04061,2023-10-31,Account,Medium,3,5
TKT_009495,CUST_02690,2023-04-27,Payment,High,3,3
TKT_009496,CUST_03835,2023-12-04,Return,Medium,1,5
TKT_009497,CUST_02967,2022-12-02,Return,High,3,4
TKT_009498,CUST_04948,2022-12-04,Delivery,Medium,2,3
TKT_009499,CUST_04065,2023-09-15,Other,High,2,2
TKT_009500,CUST_04298,2023-07-25,Other,High,2,5
TKT_009501,CUST_04819,2024-02-11,App Issue,Low,3,2
TKT_009502,CUST_00511,2024-04-19,Other,Medium,5,4
TKT_009503,CUST_04162,2024-02-01,Other,Low,2,4
TKT_009504,CUST_04182,2024-01-26,Account,Medium,2,4
TKT_009505,CUST_04321,2022-06-19,Other,Medium,2,2
TKT_009506,CUST_01473,2022-04-23,Product Quality,Low,3,5
TKT_009507,CUST_01654,2023-05-19,Payment,Medium,2,5
TKT_009508,CUST_02980,2024-01-28,Product Quality,Medium,5,2
TKT_009509,CUST_03383,2023-02-20,Account,Medium,5,2
TKT_009510,CUST_00945,2023-03-02,Other,Medium,1,5
TKT_009511,CUST_03170,2022-11-10,Return,Medium,2,3
TKT_009512,CUST_02693,2024-01-21,Product Quality,High,2,2
TKT_009513,CUST_02036,2022-06-11,Payment,Medium,2,4
TKT_009514,CUST_04046,2022-05-29,Product Quality,Low,3,1
TKT_009515,CUST_02607,2023-03-13,Account,Low,,2
TKT_009516,CUST_04702,2023-12-04,App Issue,Low,5,1
TKT_009517,CUST_04666,2023-03-10,Payment,Low,3,5
TKT_009518,CUST_02589,2022-11-09,Payment,Medium,7,5
TKT_009519,CUST_00613,2024-04-25,Other,Medium,2,5
TKT_009520,CUST_02624,2023-07-12,Other,Medium,5,4
TKT_009521,CUST_01475,2023-09-25,Return,Medium,1,5
TKT_009522,CUST_02324,2022-11-13,App Issue,High,3,4
TKT_009523,CUST_04781,2022-12-14,Payment,Low,10,2
TKT_009524,CUST_04415,2023-08-08,Delivery,Low,5,3
TKT_009525,CUST_01988,2023-03-13,Return,Medium,3,
TKT_009526,CUST_00142,2022-05-12,App Issue,Medium,1,5
TKT_009527,CUST_00577,2022-08-15,Other,Low,2,5
TKT_009528,CUST_01855,2023-01-21,Return,Medium,5,1
TKT_009529,CUST_04570,2023-07-24,Payment,Low,7,3
TKT_009530,CUST_00303,2023-05-05,Other,Low,1,5
TKT_009531,CUST_04622,2023-04-01,Account,Low,5,4
TKT_009532,CUST_02017,2022-02-05,Return,Medium,5,3
TKT_009533,CUST_01775,2023-05-20,Delivery,Low,7,1
TKT_009534,CUST_01583,2022-09-16,Account,Medium,1,4
TKT_009535,CUST_00835,2023-07-27,Product Quality,High,1,3
TKT_009536,CUST_02038,2022-09-07,Other,Low,2,4
TKT_009537,CUST_04967,2023-09-14,App Issue,Low,5,1
TKT_009538,CUST_02836,2024-02-17,Delivery,Low,2,5
TKT_009539,CUST_03712,2022-07-26,Other,Medium,7,4
TKT_009540,CUST_00305,2022-11-21,Account,Medium,3,4
TKT_009541,CUST_01593,2023-05-13,Delivery,Medium,7,3
TKT_009542,CUST_03665,2023-12-03,App Issue,Medium,7,4
TKT_009543,CUST_04718,2022-02-02,App Issue,Low,7,4
TKT_009544,CUST_01767,2022-02-25,App Issue,Low,,3
TKT_009545,CUST_03766,2022-02-12,Return,Medium,5,3
TKT_009546,CUST_01069,2024-01-01,Product Quality,Medium,7,4
TKT_009547,CUST_01527,2023-04-30,Other,High,5,4
TKT_009548,CUST_04861,2022-12-30,App Issue,Medium,2,4
TKT_009549,CUST_03991,2023-07-20,Other,Medium,2,5
TKT_009550,CUST_03120,2023-11-01,Payment,Low,,1
TKT_009551,CUST_03397,2022-11-27,App Issue,High,5,4
TKT_009552,CUST_01126,2022-01-02,App Issue,Low,5,5
TKT_009553,CUST_03195,2023-09-10,Return,Low,7,3
TKT_009554,CUST_01294,2022-07-19,Delivery,Low,2,5
TKT_009555,CUST_00185,2022-04-20,Other,Low,3,5
TKT_009556,CUST_04055,2023-02-25,App Issue,Low,7,2
TKT_009557,CUST_02960,2022-03-14,Return,High,5,4
TKT_009558,CUST_01626,2024-03-02,Product Quality,Medium,10,5
TKT_009559,CUST_03498,2022-10-15,Return,Medium,7,4
TKT_009560,CUST_04259,2023-08-08,App Issue,High,7,4
TKT_009561,CUST_00671,2023-06-12,Payment,Low,2,2
TKT_009562,CUST_00099,2022-04-13,Payment,Medium,3,2
TKT_009563,CUST_02674,2024-02-26,Product Quality,Medium,5,5
TKT_009564,CUST_01971,2022-03-06,App Issue,Low,1,4
TKT_009565,CUST_02099,2023-05-16,App Issue,Medium,1,5
TKT_009566,CUST_00838,2024-04-14,Other,High,5,5
TKT_009567,CUST_02763,2022-10-08,Delivery,High,2,5
TKT_009568,CUST_02402,2023-11-18,Account,Medium,1,3
TKT_009569,CUST_02453,2024-05-02,Payment,High,7,5
TKT_009570,CUST_03916,2023-08-17,Product Quality,Medium,2,4
TKT_009571,CUST_03435,2023-04-19,Delivery,Medium,2,5
TKT_009572,CUST_04810,2022-10-18,Delivery,High,7,4
TKT_009573,CUST_04201,2022-10-26,Other,Low,,5
TKT_009574,CUST_03699,2023-07-30,Account,Low,2,2
TKT_009575,CUST_04111,2023-06-05,Payment,Medium,3,4
TKT_009576,CUST_02926,2022-11-09,Payment,Low,,
TKT_009577,CUST_04022,2024-02-12,Other,Medium,5,4
TKT_009578,CUST_04967,2023-01-10,Delivery,Medium,2,5
TKT_009579,CUST_01807,2023-01-29,Product Quality,Medium,,4
TKT_009580,CUST_03013,2022-07-06,Other,Medium,10,
TKT_009581,CUST_03770,2023-08-13,App Issue,High,5,5
TKT_009582,CUST_00017,2024-05-25,Account,Medium,1,2
TKT_009583,CUST_01480,2022-02-06,Return,High,1,5
TKT_009584,CUST_03840,2023-08-31,Other,Medium,3,3
TKT_009585,CUST_02156,2022-11-12,Account,Medium,3,5
TKT_009586,CUST_01358,2023-09-11,Other,Medium,5,3
TKT_009587,CUST_01291,2023-05-31,Return,High,2,4
TKT_009588,CUST_02711,2024-03-22,Other,Medium,2,4
TKT_009589,CUST_01054,2023-02-02,Return,High,5,3
TKT_009590,CUST_04951,2022-11-02,Delivery,High,7,5
TKT_009591,CUST_02227,2022-11-02,Other,Medium,3,2
TKT_009592,CUST_03226,2023-10-05,Account,Medium,10,4
TKT_009593,CUST_00494,2022-12-29,App Issue,Medium,5,4
TKT_009594,CUST_00227,2022-06-01,Payment,Medium,1,4
TKT_009595,CUST_02875,2023-05-29,App Issue,Medium,3,5
TKT_009596,CUST_04917,2024-04-21,Payment,Low,5,4
TKT_009597,CUST_02874,2022-05-16,Other,Low,1,5
TKT_009598,CUST_00813,2023-11-19,Other,High,1,3
TKT_009599,CUST_04892,2024-04-14,Return,Low,7,5
TKT_009600,CUST_00846,2023-05-02,Return,Medium,7,4
TKT_009601,CUST_04579,2022-09-17,Product Quality,Low,5,3
TKT_009602,CUST_04334,2022-05-20,Account,Medium,2,
TKT_009603,CUST_04389,2022-10-30,Account,Low,2,4
TKT_009604,CUST_03350,2023-04-15,Product Quality,Low,3,5
TKT_009605,CUST_04624,2023-07-16,App Issue,Medium,5,3
TKT_009606,CUST_00165,2022-02-15,App Issue,Low,,4
TKT_009607,CUST_02288,2022-10-24,Payment,Medium,1,5
TKT_009608,CUST_02740,2022-12-05,Product Quality,High,7,4
TKT_009609,CUST_04328,2023-05-14,Payment,Medium,1,5
TKT_009610,CUST_00801,2024-05-09,Payment,High,1,2
TKT_009611,CUST_04198,2023-05-16,Payment,Medium,,1
TKT_009612,CUST_01086,2023-08-08,Return,High,5,5
TKT_009613,CUST_00982,2023-02-21,Delivery,Low,3,5
TKT_009614,CUST_03632,2022-09-06,Return,Low,2,5
TKT_009615,CUST_00620,2023-04-11,Account,High,2,4
TKT_009616,CUST_00469,2023-11-06,App Issue,High,10,4
TKT_009617,CUST_01464,2024-04-20,Other,Medium,2,4
TKT_009618,CUST_04850,2022-03-14,Return,High,2,5
TKT_009619,CUST_03499,2022-12-10,Account,Medium,7,4
TKT_009620,CUST_02883,2024-05-06,App Issue,Medium,3,5
TKT_009621,CUST_01929,2022-03-09,Delivery,Medium,5,3
TKT_009622,CUST_00631,2022-06-27,Product Quality,Low,3,4
TKT_009623,CUST_04735,2023-10-12,Return,Medium,1,3
TKT_009624,CUST_00454,2024-05-15,Return,Low,3,5
TKT_009625,CUST_01426,2023-04-23,App Issue,Medium,2,4
TKT_009626,CUST_00683,2022-04-16,Return,Medium,2,3
TKT_009627,CUST_03799,2024-02-12,App Issue,High,5,
TKT_009628,CUST_02726,2023-11-01,Delivery,Low,5,4
TKT_009629,CUST_01621,2022-11-02,Product Quality,Medium,3,2
TKT_009630,CUST_02987,2024-04-11,Other,High,,4
TKT_009631,CUST_03768,2022-07-28,Return,Medium,3,3
TKT_009632,CUST_01899,2024-02-12,Delivery,Low,2,5
TKT_009633,CUST_03466,2024-03-04,App Issue,Low,10,3
TKT_009634,CUST_01045,2022-08-14,Other,Low,5,5
TKT_009635,CUST_03181,2023-08-11,Account,Medium,5,4
TKT_009636,CUST_00281,2023-11-14,Return,Low,3,5
TKT_009637,CUST_01561,2022-10-01,Product Quality,Medium,2,5
TKT_009638,CUST_01191,2023-02-21,Delivery,Low,1,5
TKT_009639,CUST_01306,2023-04-24,Product Quality,Low,1,4
TKT_009640,CUST_01690,2023-10-18,Return,High,10,
TKT_009641,CUST_00071,2023-11-09,Payment,Low,7,3
TKT_009642,CUST_02779,2024-04-17,Product Quality,Low,3,4
TKT_009643,CUST_00308,2022-05-01,Product Quality,High,7,3
TKT_009644,CUST_01763,2022-10-02,Return,High,7,5
TKT_009645,CUST_02254,2023-10-06,Delivery,Medium,1,1
TKT_009646,CUST_00563,2024-01-05,Delivery,High,10,3
TKT_009647,CUST_01222,2022-04-08,Return,Low,2,4
TKT_009648,CUST_00913,2023-10-15,Payment,Low,3,4
TKT_009649,CUST_04655,2024-04-16,Account,High,10,4
TKT_009650,CUST_02678,2024-03-03,Delivery,Medium,1,3
TKT_009651,CUST_02967,2022-12-12,Product Quality,High,1,4
TKT_009652,CUST_01647,2023-10-04,Delivery,Medium,5,5
TKT_009653,CUST_03492,2023-08-30,Delivery,Medium,2,4
TKT_009654,CUST_04600,2022-11-23,Return,High,3,3
TKT_009655,CUST_01206,2022-12-05,Payment,Medium,5,5
TKT_009656,CUST_03457,2022-04-16,Other,Low,2,4
TKT_009657,CUST_01768,2022-08-26,Return,Low,2,4
TKT_009658,CUST_00553,2022-06-23,Payment,High,1,
TKT_009659,CUST_04057,2024-01-23,Account,Low,2,1
TKT_009660,CUST_00401,2022-01-13,Delivery,Medium,3,4
TKT_009661,CUST_00720,2022-09-07,Product Quality,Medium,5,4
TKT_009662,CUST_02781,2022-02-11,App Issue,Medium,1,5
TKT_009663,CUST_04434,2022-10-07,Delivery,Medium,3,5
TKT_009664,CUST_02423,2024-04-24,Delivery,Medium,7,5
TKT_009665,CUST_03416,2022-10-03,Return,Low,2,5
TKT_009666,CUST_04643,2024-06-11,App Issue,Medium,2,4
TKT_009667,CUST_01887,2023-07-04,Other,Medium,7,1
TKT_009668,CUST_01870,2023-12-28,Product Quality,Medium,2,2
TKT_009669,CUST_02013,2024-02-16,Return,Medium,2,4
TKT_009670,CUST_02691,2022-02-28,Product Quality,Medium,2,4
TKT_009671,CUST_01683,2022-09-25,Delivery,High,5,3
TKT_009672,CUST_04621,2023-11-09,Other,Medium,1,4
TKT_009673,CUST_03784,2024-05-21,Other,Medium,2,5
TKT_009674,CUST_04424,2024-01-24,Product Quality,Low,5,3
TKT_009675,CUST_04087,2023-08-20,Product Quality,High,1,5
TKT_009676,CUST_04120,2022-02-28,App Issue,Low,3,3
TKT_009677,CUST_03824,2023-05-26,Other,Medium,3,5
TKT_009678,CUST_04099,2023-05-31,Account,Medium,5,4
TKT_009679,CUST_02824,2023-08-11,Product Quality,Low,1,4
TKT_009680,CUST_02611,2022-07-15,App Issue,Low,7,3
TKT_009681,CUST_02867,2022-10-25,App Issue,High,2,2
TKT_009682,CUST_02358,2024-05-14,Delivery,Low,5,5
TKT_009683,CUST_02260,2023-07-01,Product Quality,Medium,7,3
TKT_009684,CUST_01602,2024-04-15,App Issue,High,1,5
TKT_009685,CUST_02803,2024-01-08,Product Quality,Medium,7,4
TKT_009686,CUST_01033,2024-01-28,Payment,Medium,10,5
TKT_009687,CUST_02532,2023-11-12,Account,Medium,2,5
TKT_009688,CUST_00978,2023-02-19,Delivery,Low,,3
TKT_009689,CUST_01222,2023-08-10,Delivery,High,,4
TKT_009690,CUST_00517,2024-04-09,Payment,Low,5,3
TKT_009691,CUST_03791,2023-12-16,Product Quality,High,3,3
TKT_009692,CUST_03730,2023-03-27,Return,Low,,2
TKT_009693,CUST_01882,2024-02-28,Other,Medium,5,
TKT_009694,CUST_04383,2023-12-01,Account,Medium,2,3
TKT_009695,CUST_02960,2023-08-31,Account,Low,1,1
TKT_009696,CUST_00784,2022-11-26,Other,Low,2,3
TKT_009697,CUST_01379,2023-03-25,Account,Medium,1,4
TKT_009698,CUST_03290,2022-08-29,Return,Medium,2,
TKT_009699,CUST_00198,2022-11-30,Return,Medium,1,5
TKT_009700,CUST_02836,2022-09-20,Delivery,Medium,2,4
TKT_009701,CUST_00882,2022-09-25,Product Quality,Medium,3,4
TKT_009702,CUST_01198,2023-10-11,Return,Low,,5
TKT_009703,CUST_00260,2023-10-19,Other,Medium,2,
TKT_009704,CUST_03803,2024-02-19,Delivery,Low,1,4
TKT_009705,CUST_04274,2024-01-01,Return,Medium,2,4
TKT_009706,CUST_02057,2023-01-29,Delivery,High,2,4
TKT_009707,CUST_04018,2023-02-03,Other,High,7,5
TKT_009708,CUST_04964,2023-09-08,Other,Medium,2,
TKT_009709,CUST_00679,2022-09-10,Other,Medium,3,4
TKT_009710,CUST_04651,2024-04-14,Payment,High,2,4
TKT_009711,CUST_01279,2022-09-20,App Issue,High,10,2
TKT_009712,CUST_04069,2022-06-26,Product Quality,Medium,2,5
TKT_009713,CUST_04906,2023-03-11,Payment,High,3,5
TKT_009714,CUST_02226,2022-11-07,Other,Low,2,3
TKT_009715,CUST_01918,2023-01-25,Account,Medium,1,4
TKT_009716,CUST_04343,2022-01-07,App Issue,Low,3,4
TKT_009717,CUST_01920,2022-03-14,Product Quality,High,10,5
TKT_009718,CUST_04184,2022-08-21,Other,Medium,7,2
TKT_009719,CUST_02504,2024-02-19,Payment,Medium,7,3
TKT_009720,CUST_03308,2022-06-13,Account,Medium,1,3
TKT_009721,CUST_04119,2023-01-18,Account,Medium,,4
TKT_009722,CUST_02806,2022-02-02,Product Quality,Medium,7,2
TKT_009723,CUST_04487,2023-07-05,Account,Medium,1,4
TKT_009724,CUST_03393,2023-07-01,Other,Medium,2,5
TKT_009725,CUST_00424,2023-01-22,Account,High,1,5
TKT_009726,CUST_01357,2023-03-04,Payment,High,7,4
TKT_009727,CUST_03614,2022-02-19,Payment,Low,2,
TKT_009728,CUST_02464,2022-01-04,Product Quality,Medium,7,4
TKT_009729,CUST_03184,2022-05-05,Product Quality,High,2,4
TKT_009730,CUST_00238,2022-09-26,Other,Medium,7,4
TKT_009731,CUST_01001,2022-01-06,App Issue,Medium,3,4
TKT_009732,CUST_03985,2022-07-08,Product Quality,Low,2,4
TKT_009733,CUST_04605,2024-04-08,Payment,Medium,7,4
TKT_009734,CUST_04148,2022-05-25,Delivery,Medium,1,4
TKT_009735,CUST_04436,2024-04-24,Account,Medium,3,5
TKT_009736,CUST_02334,2023-03-04,Product Quality,Medium,2,1
TKT_009737,CUST_03878,2023-04-15,Other,Medium,5,4
TKT_009738,CUST_02429,2023-03-30,Product Quality,Medium,2,1
TKT_009739,CUST_04259,2023-05-23,Payment,Medium,,3
TKT_009740,CUST_03461,2022-04-24,Return,Medium,10,4
TKT_009741,CUST_03517,2022-03-25,Account,High,1,5
TKT_009742,CUST_01307,2023-12-20,Product Quality,Low,3,2
TKT_009743,CUST_04900,2023-07-14,Other,Medium,5,4
TKT_009744,CUST_03094,2024-05-08,Account,Low,3,5
TKT_009745,CUST_01372,2023-05-03,Payment,High,3,4
TKT_009746,CUST_00354,2022-04-12,App Issue,High,1,4
TKT_009747,CUST_02801,2023-04-08,Return,High,10,3
TKT_009748,CUST_04029,2022-12-10,Product Quality,Low,2,5
TKT_009749,CUST_03920,2023-12-08,Delivery,Medium,7,3
TKT_009750,CUST_02028,2024-06-03,Payment,Medium,10,4
TKT_009751,CUST_03019,2023-06-27,Return,Medium,3,5
TKT_009752,CUST_04014,2024-01-07,Product Quality,High,5,2
TKT_009753,CUST_01868,2022-06-23,Account,Medium,2,3
TKT_009754,CUST_00118,2023-12-31,Other,Medium,1,4
TKT_009755,CUST_01815,2024-02-02,Return,Low,2,5
TKT_009756,CUST_02624,2022-09-04,Account,High,5,5
TKT_009757,CUST_01233,2023-10-07,Other,Medium,3,5
TKT_009758,CUST_03302,2022-06-17,Payment,High,5,5
TKT_009759,CUST_04329,2023-12-09,Payment,High,7,3
TKT_009760,CUST_00305,2024-05-03,App Issue,Medium,10,5
TKT_009761,CUST_00385,2023-02-15,Delivery,Medium,3,4
TKT_009762,CUST_04064,2022-08-06,Account,Medium,2,5
TKT_009763,CUST_03509,2023-10-06,Product Quality,Medium,3,2
TKT_009764,CUST_04226,2023-09-13,App Issue,Low,3,1
TKT_009765,CUST_04299,2024-01-08,Return,Medium,,2
TKT_009766,CUST_04597,2024-05-25,Other,Medium,5,4
TKT_009767,CUST_01492,2022-10-03,Account,Medium,,5
TKT_009768,CUST_01642,2022-04-03,Delivery,Low,2,4
TKT_009769,CUST_02415,2023-10-24,Account,Medium,5,4
TKT_009770,CUST_03635,2024-05-18,Payment,Medium,3,5
TKT_009771,CUST_01671,2022-02-18,Delivery,Low,2,4
TKT_009772,CUST_00985,2024-06-08,Payment,High,2,4
TKT_009773,CUST_04867,2023-08-18,Product Quality,Medium,2,3
TKT_009774,CUST_02914,2024-05-13,Account,Medium,2,4
TKT_009775,CUST_01477,2022-09-12,Other,Low,5,5
TKT_009776,CUST_03395,2023-01-18,App Issue,High,7,3
TKT_009777,CUST_04829,2023-07-30,App Issue,Medium,3,4
TKT_009778,CUST_02990,2023-12-26,Payment,Medium,7,3
TKT_009779,CUST_04230,2022-10-18,Return,Medium,1,4
TKT_009780,CUST_03879,2022-11-12,App Issue,Medium,,1
TKT_009781,CUST_02336,2024-03-27,Product Quality,Medium,3,4
TKT_009782,CUST_01856,2023-08-06,Other,Medium,3,
TKT_009783,CUST_00738,2023-01-31,Other,Medium,5,1
TKT_009784,CUST_01472,2023-08-02,Return,Medium,5,1
TKT_009785,CUST_03225,2022-08-18,Delivery,Medium,3,5
TKT_009786,CUST_02980,2023-11-28,Payment,Medium,2,3
TKT_009787,CUST_01839,2022-03-23,App Issue,Medium,2,2
TKT_009788,CUST_04838,2023-07-22,Delivery,Low,1,3
TKT_009789,CUST_03539,2024-06-03,Other,Low,,3
TKT_009790,CUST_00275,2023-03-02,Return,Medium,2,5
TKT_009791,CUST_03608,2023-02-28,Payment,Medium,2,2
TKT_009792,CUST_04164,2023-07-21,Other,Medium,1,4
TKT_009793,CUST_02406,2022-05-06,Return,Medium,2,3
TKT_009794,CUST_04975,2022-04-04,Delivery,Low,3,5
TKT_009795,CUST_02721,2024-04-07,Payment,High,5,4
TKT_009796,CUST_03011,2023-07-14,Other,Medium,3,4
TKT_009797,CUST_03490,2023-11-18,Payment,High,1,3
TKT_009798,CUST_03900,2024-02-07,Account,Medium,2,4
TKT_009799,CUST_00634,2024-05-12,Account,Medium,2,5
TKT_009800,CUST_04511,2024-04-06,Return,Medium,10,5
TKT_009801,CUST_04705,2023-11-08,Product Quality,Medium,3,3
TKT_009802,CUST_01469,2024-02-25,Delivery,High,3,4
TKT_009803,CUST_01474,2022-07-10,Product Quality,Low,2,4
TKT_009804,CUST_02103,2022-06-23,Return,High,1,4
TKT_009805,CUST_03057,2022-04-01,Product Quality,High,1,4
TKT_009806,CUST_01802,2024-04-09,Account,Medium,5,4
TKT_009807,CUST_04991,2024-06-15,Product Quality,Low,3,3
TKT_009808,CUST_00423,2022-08-04,Return,Low,7,5
TKT_009809,CUST_04077,2023-11-19,Other,Medium,5,4
TKT_009810,CUST_04204,2022-02-15,App Issue,High,10,5
TKT_009811,CUST_04796,2023-12-23,Other,Medium,2,5
TKT_009812,CUST_00393,2022-02-23,Payment,Low,2,4
TKT_009813,CUST_04551,2023-12-17,Product Quality,Medium,1,5
TKT_009814,CUST_01472,2022-04-13,Account,Medium,,5
TKT_009815,CUST_02452,2023-11-07,Product Quality,Medium,1,
TKT_009816,CUST_02320,2022-02-20,Return,Low,5,5
TKT_009817,CUST_03656,2023-12-08,Account,Medium,2,2
TKT_009818,CUST_04236,2022-04-09,Return,Medium,5,4
TKT_009819,CUST_04089,2023-07-23,Product Quality,Medium,3,4
TKT_009820,CUST_03124,2023-12-30,Other,Medium,5,4
TKT_009821,CUST_02371,2022-05-22,App Issue,Medium,1,5
TKT_009822,CUST_01626,2024-02-02,Return,Medium,5,2
TKT_009823,CUST_00938,2023-05-13,Return,Medium,2,4
TKT_009824,CUST_01476,2023-06-12,Product Quality,Medium,5,2
TKT_009825,CUST_01162,2022-11-08,Delivery,Medium,1,4
TKT_009826,CUST_01583,2023-09-28,App Issue,Low,5,5
TKT_009827,CUST_00734,2024-03-29,App Issue,Low,1,3
TKT_009828,CUST_00244,2023-07-05,Product Quality,Medium,2,5
TKT_009829,CUST_04745,2023-12-26,Payment,Low,10,5
TKT_009830,CUST_02935,2024-03-03,Other,High,1,4
TKT_009831,CUST_00410,2024-03-01,Other,Medium,3,5
TKT_009832,CUST_00317,2022-10-23,Product Quality,Medium,2,5
TKT_009833,CUST_03884,2022-05-09,App Issue,Medium,3,3
TKT_009834,CUST_00481,2022-07-01,Delivery,Low,2,5
TKT_009835,CUST_03238,2022-04-07,Payment,Low,3,4
TKT_009836,CUST_01360,2024-03-19,Payment,Medium,3,4
TKT_009837,CUST_03369,2023-03-04,Delivery,Medium,2,3
TKT_009838,CUST_04662,2024-05-11,Payment,Low,3,3
TKT_009839,CUST_03256,2023-01-03,Product Quality,Low,3,5
TKT_009840,CUST_01964,2022-10-07,Account,Medium,2,5
TKT_009841,CUST_01384,2022-11-19,Delivery,Low,2,4
TKT_009842,CUST_01623,2023-03-18,Return,High,2,5
TKT_009843,CUST_04646,2023-07-26,Delivery,Low,7,4
TKT_009844,CUST_01843,2022-08-06,Account,Medium,1,2
TKT_009845,CUST_00043,2022-02-20,Account,Medium,3,2
TKT_009846,CUST_01591,2023-11-26,Payment,Medium,3,3
TKT_009847,CUST_01610,2024-05-28,Product Quality,Low,10,4
TKT_009848,CUST_01546,2024-04-04,Other,Medium,5,3
TKT_009849,CUST_00207,2022-07-22,App Issue,Medium,5,4
TKT_009850,CUST_02952,2023-04-15,Return,High,1,3
TKT_009851,CUST_00426,2023-07-14,Delivery,Low,2,4
TKT_009852,CUST_02849,2022-05-08,Account,Medium,5,2
TKT_009853,CUST_04147,2022-04-12,Return,Low,5,5
TKT_009854,CUST_01147,2024-04-19,Account,Medium,5,4
TKT_009855,CUST_04518,2022-08-14,Other,Low,2,4
TKT_009856,CUST_03223,2022-11-06,Return,Medium,5,1
TKT_009857,CUST_00412,2024-02-15,Other,Low,3,4
TKT_009858,CUST_04525,2022-01-26,App Issue,Medium,10,4
TKT_009859,CUST_01296,2023-03-20,Product Quality,Medium,5,4
TKT_009860,CUST_04238,2022-06-06,App Issue,Low,3,
TKT_009861,CUST_02190,2022-11-28,Payment,High,3,4
TKT_009862,CUST_03737,2022-05-17,Product Quality,Medium,10,4
TKT_009863,CUST_02884,2022-10-18,Product Quality,Low,1,4
TKT_009864,CUST_02981,2022-01-12,Delivery,Medium,1,3
TKT_009865,CUST_01924,2024-01-17,Product Quality,Low,1,3
TKT_009866,CUST_01998,2022-12-12,Payment,High,3,4
TKT_009867,CUST_02907,2024-02-22,Return,High,2,5
TKT_009868,CUST_03761,2023-05-25,Account,Low,2,4
TKT_009869,CUST_04556,2024-01-04,App Issue,Low,2,3
TKT_009870,CUST_00201,2023-02-10,App Issue,Low,5,5
TKT_009871,CUST_01156,2023-11-02,Account,Medium,7,4
TKT_009872,CUST_01747,2022-12-16,Return,High,2,4
TKT_009873,CUST_02922,2022-03-28,Delivery,Low,2,5
TKT_009874,CUST_00378,2022-11-21,Delivery,Medium,1,4
TKT_009875,CUST_03167,2022-07-02,Delivery,Low,10,1
TKT_009876,CUST_01800,2023-12-29,Return,High,2,4
TKT_009877,CUST_02979,2024-01-07,Delivery,Medium,3,5
TKT_009878,CUST_01197,2022-02-12,App Issue,Medium,1,4
TKT_009879,CUST_04359,2022-10-19,Account,Low,7,3
TKT_009880,CUST_04622,2022-01-25,Account,Medium,1,5
TKT_009881,CUST_01489,2023-09-15,Product Quality,Medium,2,4
TKT_009882,CUST_03417,2023-07-03,Other,Medium,7,3
TKT_009883,CUST_00356,2022-09-22,Product Quality,Medium,3,5
TKT_009884,CUST_01233,2023-04-25,Other,Medium,3,
TKT_009885,CUST_03470,2023-09-15,Payment,Low,5,3
TKT_009886,CUST_02093,2023-10-26,Product Quality,Medium,1,4
TKT_009887,CUST_00384,2024-01-13,Product Quality,Low,3,4
TKT_009888,CUST_04875,2022-09-26,Account,Low,2,5
TKT_009889,CUST_00780,2023-07-22,Return,High,3,4
TKT_009890,CUST_04769,2024-01-30,Product Quality,Low,1,4
TKT_009891,CUST_00985,2022-09-15,Delivery,Low,2,5
TKT_009892,CUST_04926,2022-05-21,Payment,Medium,5,3
TKT_009893,CUST_00925,2023-06-23,Other,Medium,5,3
TKT_009894,CUST_02854,2022-04-13,Return,Low,5,4
TKT_009895,CUST_03395,2022-01-02,Return,Medium,1,5
TKT_009896,CUST_02602,2024-03-21,Product Quality,Low,3,3
TKT_009897,CUST_04664,2023-02-09,Other,High,,5
TKT_009898,CUST_00832,2023-08-30,Account,High,2,
TKT_009899,CUST_04276,2023-08-30,Payment,Medium,5,3
TKT_009900,CUST_04581,2022-09-01,App Issue,Medium,7,5
TKT_009901,CUST_03329,2022-10-10,Return,Low,,4
TKT_009902,CUST_00458,2024-04-04,App Issue,Medium,2,1
TKT_009903,CUST_04482,2022-08-30,Payment,High,5,4
TKT_009904,CUST_01195,2022-09-21,Return,Medium,,2
TKT_009905,CUST_04124,2023-01-31,Other,Medium,5,5
TKT_009906,CUST_03307,2023-12-11,Payment,Medium,7,4
TKT_009907,CUST_00531,2022-08-16,Delivery,High,2,5
TKT_009908,CUST_01581,2023-02-19,Return,Medium,3,1
TKT_009909,CUST_00492,2023-10-12,Payment,Medium,3,5
TKT_009910,CUST_02156,2023-06-18,Return,Medium,1,3
TKT_009911,CUST_03007,2023-10-08,Payment,Medium,3,4
TKT_009912,CUST_00215,2022-01-20,Product Quality,Low,3,5
TKT_009913,CUST_00360,2024-04-01,Delivery,High,2,2
TKT_009914,CUST_00122,2022-08-25,Account,Medium,1,3
TKT_009915,CUST_02048,2023-09-01,Account,Medium,2,
TKT_009916,CUST_00691,2023-05-30,Return,Medium,7,4
TKT_009917,CUST_00728,2024-02-20,Product Quality,Low,2,2
TKT_009918,CUST_03247,2022-03-31,Return,Low,2,4
TKT_009919,CUST_00409,2022-01-02,Product Quality,Medium,2,5
TKT_009920,CUST_04397,2022-07-18,Other,Medium,1,3
TKT_009921,CUST_00920,2022-03-24,Return,High,10,4
TKT_009922,CUST_01745,2023-10-16,Product Quality,Low,,4
TKT_009923,CUST_04142,2023-04-27,Other,Medium,7,5
TKT_009924,CUST_02870,2022-11-27,Other,Medium,,4
TKT_009925,CUST_01225,2024-03-25,App Issue,Medium,3,5
TKT_009926,CUST_03132,2024-06-01,App Issue,Medium,3,4
TKT_009927,CUST_02202,2022-10-17,Payment,Medium,7,1
TKT_009928,CUST_00532,2022-04-05,Return,Low,1,2
TKT_009929,CUST_01108,2023-05-18,Payment,High,,5
TKT_009930,CUST_02732,2023-10-31,App Issue,Medium,2,5
TKT_009931,CUST_02546,2023-03-20,Return,Medium,5,3
TKT_009932,CUST_01969,2022-09-05,Return,Low,2,5
TKT_009933,CUST_00872,2023-03-13,Other,High,2,3
TKT_009934,CUST_04564,2023-03-15,Product Quality,Medium,,4
TKT_009935,CUST_01104,2022-03-31,Delivery,Medium,5,2
TKT_009936,CUST_01742,2022-12-26,Delivery,Low,7,3
TKT_009937,CUST_04438,2024-01-23,Return,Low,3,4
TKT_009938,CUST_04055,2023-10-24,Return,Low,7,
TKT_009939,CUST_04438,2022-03-10,Product Quality,Medium,2,4
TKT_009940,CUST_02082,2022-11-12,Delivery,Low,5,5
TKT_009941,CUST_03045,2022-04-29,Other,Low,2,4
TKT_009942,CUST_03330,2023-10-05,Delivery,Medium,2,2
TKT_009943,CUST_02290,2022-12-16,App Issue,Medium,3,5
TKT_009944,CUST_04077,2022-08-07,App Issue,Low,3,4
TKT_009945,CUST_04848,2023-07-16,Other,Medium,3,3
TKT_009946,CUST_02573,2022-07-08,Return,Low,3,
TKT_009947,CUST_01958,2024-02-08,App Issue,Medium,5,5
TKT_009948,CUST_04570,2022-04-25,Product Quality,Low,5,5
TKT_009949,CUST_03278,2022-12-14,Payment,Medium,,
TKT_009950,CUST_02489,2022-07-24,App Issue,High,1,5
TKT_009951,CUST_04117,2024-04-22,Payment,Medium,3,2
TKT_009952,CUST_01405,2022-06-24,Product Quality,Medium,3,3
TKT_009953,CUST_03315,2024-06-12,Product Quality,Low,5,3
TKT_009954,CUST_00565,2024-02-26,Payment,Medium,2,3
TKT_009955,CUST_02098,2024-04-26,Other,Medium,1,5
TKT_009956,CUST_00976,2022-10-01,Payment,Medium,3,5
TKT_009957,CUST_03268,2022-07-07,Account,Medium,2,1
TKT_009958,CUST_01278,2023-03-09,Delivery,Medium,2,1
TKT_009959,CUST_04052,2023-08-10,Other,Low,5,5
TKT_009960,CUST_02678,2022-05-30,Account,Medium,2,4
TKT_009961,CUST_04354,2022-09-16,Product Quality,Low,1,5
TKT_009962,CUST_01822,2022-09-13,Product Quality,Medium,1,1
TKT_009963,CUST_04313,2022-12-06,Return,High,7,4
TKT_009964,CUST_03311,2023-06-14,Account,Medium,2,4
TKT_009965,CUST_02113,2023-03-14,Payment,Low,2,5
TKT_009966,CUST_01894,2024-06-13,App Issue,Low,1,4
TKT_009967,CUST_00538,2023-05-26,App Issue,Low,2,3
TKT_009968,CUST_02861,2024-04-17,Account,Medium,2,4
TKT_009969,CUST_03007,2023-04-28,Account,Medium,5,4
TKT_009970,CUST_04060,2022-09-22,Delivery,Low,3,3
TKT_009971,CUST_00419,2023-09-15,Payment,High,10,5
TKT_009972,CUST_04119,2024-05-15,Delivery,Low,,5
TKT_009973,CUST_02880,2023-09-11,Payment,Medium,3,3
TKT_009974,CUST_03602,2022-04-07,Product Quality,Medium,,4
TKT_009975,CUST_04267,2023-05-11,Delivery,Medium,5,4
TKT_009976,CUST_04585,2024-04-23,Other,Low,2,5
TKT_009977,CUST_04666,2022-07-20,Payment,Medium,5,5
TKT_009978,CUST_00010,2023-08-02,Account,Medium,5,5
TKT_009979,CUST_02959,2023-10-22,Other,Low,,3
TKT_009980,CUST_04224,2022-06-15,Payment,Medium,5,5
TKT_009981,CUST_03965,2023-05-13,App Issue,Medium,7,5
TKT_009982,CUST_01837,2022-06-03,Delivery,Low,1,3
TKT_009983,CUST_04354,2023-04-22,Payment,Medium,3,3
TKT_009984,CUST_03904,2024-04-26,App Issue,High,1,2
TKT_009985,CUST_02347,2023-12-10,Payment,Medium,1,4
TKT_009986,CUST_01883,2022-02-14,Delivery,Medium,2,4
TKT_009987,CUST_02169,2022-12-27,Other,High,7,4
TKT_009988,CUST_04631,2022-02-02,Payment,Medium,5,3
TKT_009989,CUST_04929,2022-09-29,Other,Medium,3,4
TKT_009990,CUST_03082,2022-10-02,Product Quality,Low,3,4
TKT_009991,CUST_03049,2023-05-20,App Issue,High,3,2
TKT_009992,CUST_04614,2024-03-31,Other,Medium,3,5
TKT_009993,CUST_04215,2023-06-19,Payment,Low,1,3
TKT_009994,CUST_02320,2022-12-17,Delivery,Medium,5,2
TKT_009995,CUST_00633,2022-03-25,Payment,Low,1,5
TKT_009996,CUST_01594,2024-02-27,Payment,Low,2,4
TKT_009997,CUST_02589,2024-04-26,Product Quality,Medium,1,2
TKT_009998,CUST_04324,2022-01-13,Account,Medium,7,4
TKT_009999,CUST_01338,2022-02-27,App Issue,High,5,4
TKT_010000,CUST_00072,2023-07-13,Product Quality,Medium,2,5
TKT_010001,CUST_03934,2022-04-08,Other,Medium,5,2
TKT_010002,CUST_04065,2022-12-15,App Issue,Low,3,4
TKT_010003,CUST_01478,2022-07-19,Return,Medium,2,5
TKT_010004,CUST_02720,2022-11-19,Return,Medium,5,4
TKT_010005,CUST_02458,2023-10-27,App Issue,Low,5,3
TKT_010006,CUST_00604,2024-02-27,Account,High,1,4
TKT_010007,CUST_00293,2022-08-10,Payment,Medium,5,5
TKT_010008,CUST_03135,2024-04-08,Product Quality,High,2,5
TKT_010009,CUST_00047,2022-12-06,Account,Low,3,4
TKT_010010,CUST_02894,2022-05-30,Product Quality,Medium,1,
TKT_010011,CUST_01243,2022-01-21,Payment,Medium,5,4
TKT_010012,CUST_03344,2023-10-26,Delivery,Medium,1,1
TKT_010013,CUST_00956,2022-05-22,Payment,Low,5,4
TKT_010014,CUST_02350,2022-11-24,Account,Low,2,4
TKT_010015,CUST_03941,2024-01-14,App Issue,Medium,5,2
TKT_010016,CUST_02413,2023-06-02,Account,High,5,4
TKT_010017,CUST_03078,2023-06-10,Delivery,Low,7,5
TKT_010018,CUST_00816,2023-05-02,Other,High,2,5
TKT_010019,CUST_03008,2023-10-07,Payment,Medium,5,4
TKT_010020,CUST_04928,2022-01-14,Product Quality,Low,7,5
TKT_010021,CUST_04753,2024-06-10,Delivery,High,2,3
TKT_010022,CUST_00076,2023-06-11,Payment,Low,2,4
TKT_010023,CUST_00627,2022-08-13,Return,Medium,2,4
TKT_010024,CUST_00254,2024-02-16,Account,Medium,1,2
TKT_010025,CUST_00945,2023-11-16,Product Quality,Medium,2,4
TKT_010026,CUST_03298,2023-02-04,Product Quality,Medium,1,5
TKT_010027,CUST_02473,2022-10-12,Delivery,High,2,5
TKT_010028,CUST_03406,2023-05-23,Return,High,2,
TKT_010029,CUST_00717,2023-08-27,App Issue,Medium,3,4
TKT_010030,CUST_00616,2023-06-26,Account,Medium,,
TKT_010031,CUST_03054,2024-01-25,Account,Medium,2,
TKT_010032,CUST_01301,2023-07-07,Return,Medium,3,2
TKT_010033,CUST_04735,2023-04-27,Other,Low,1,5
TKT_010034,CUST_03245,2022-05-12,Other,Low,7,
TKT_010035,CUST_04373,2022-07-03,Delivery,Medium,7,3
TKT_010036,CUST_01647,2022-03-09,Delivery,Medium,7,
TKT_010037,CUST_02383,2023-05-20,App Issue,Medium,7,4
TKT_010038,CUST_02028,2023-11-19,Return,Medium,3,3
TKT_010039,CUST_00691,2022-06-09,Product Quality,Medium,7,3
TKT_010040,CUST_04938,2022-10-22,Account,Medium,1,4
TKT_010041,CUST_03161,2023-12-27,App Issue,Low,1,3
TKT_010042,CUST_03707,2024-05-26,Payment,Medium,2,5
TKT_010043,CUST_01179,2024-03-18,App Issue,High,1,5
TKT_010044,CUST_00055,2022-02-07,App Issue,Medium,2,5
TKT_010045,CUST_02837,2023-09-24,Account,Low,3,5
TKT_010046,CUST_03695,2023-09-10,App Issue,Low,5,2
TKT_010047,CUST_00147,2023-10-21,App Issue,Low,,4
TKT_010048,CUST_02195,2023-09-29,Account,High,2,
TKT_010049,CUST_03657,2023-05-05,App Issue,Low,1,4
TKT_010050,CUST_03773,2022-08-03,Return,Medium,1,3
TKT_010051,CUST_01263,2023-04-26,Product Quality,Low,3,5
TKT_010052,CUST_02526,2024-05-20,Return,Low,,5
TKT_010053,CUST_01580,2022-09-09,App Issue,Low,1,4
TKT_010054,CUST_03353,2022-04-30,Account,Low,3,1
TKT_010055,CUST_01487,2023-10-26,App Issue,High,2,2
TKT_010056,CUST_04163,2022-11-10,Product Quality,High,2,4
TKT_010057,CUST_02462,2022-06-09,Account,Medium,2,4
TKT_010058,CUST_02155,2022-01-18,Return,Medium,3,5
TKT_010059,CUST_02214,2023-05-20,Account,Low,2,4
TKT_010060,CUST_03040,2022-03-23,Return,Low,5,4
TKT_010061,CUST_04704,2022-12-22,Payment,Medium,1,4
TKT_010062,CUST_02061,2024-02-15,Product Quality,High,1,4
TKT_010063,CUST_04668,2022-11-13,Delivery,Low,1,2
TKT_010064,CUST_01714,2022-12-04,Other,Medium,1,5
TKT_010065,CUST_04798,2023-02-13,Payment,Low,,5
TKT_010066,CUST_04744,2023-05-26,Delivery,Medium,2,2
TKT_010067,CUST_04369,2023-01-09,Payment,Medium,10,3
TKT_010068,CUST_01815,2024-03-26,Payment,Medium,7,5
TKT_010069,CUST_02771,2023-12-26,App Issue,Low,2,
TKT_010070,CUST_00104,2023-04-18,Return,Medium,5,5
TKT_010071,CUST_01795,2023-06-14,Product Quality,Medium,5,2
TKT_010072,CUST_03660,2022-03-05,App Issue,High,10,3
TKT_010073,CUST_02104,2023-04-21,Delivery,Medium,3,3
TKT_010074,CUST_03202,2023-02-19,App Issue,Medium,3,3
TKT_010075,CUST_01592,2022-07-01,Payment,Low,3,5
TKT_010076,CUST_02436,2022-12-06,Return,Medium,5,5
TKT_010077,CUST_00429,2022-06-08,Product Quality,High,3,5
TKT_010078,CUST_03295,2022-10-22,Product Quality,Medium,3,5
TKT_010079,CUST_00159,2024-04-13,App Issue,Low,,3
TKT_010080,CUST_00676,2024-03-03,Account,Low,2,5
TKT_010081,CUST_04080,2022-01-25,Delivery,Low,10,5
TKT_010082,CUST_00319,2024-01-06,Delivery,Medium,2,5
TKT_010083,CUST_00519,2024-03-19,Return,Low,7,4
TKT_010084,CUST_01084,2022-06-21,Product Quality,Medium,1,4
TKT_010085,CUST_03686,2023-08-15,App Issue,Medium,3,2
TKT_010086,CUST_03800,2023-03-23,Return,Medium,1,2
TKT_010087,CUST_00951,2022-11-14,Product Quality,Medium,7,3
TKT_010088,CUST_02405,2022-02-07,Account,Low,7,5
TKT_010089,CUST_04489,2022-08-01,Product Quality,Medium,7,4
TKT_010090,CUST_02970,2023-02-16,Other,Low,2,5
TKT_010091,CUST_02780,2022-10-04,Payment,Medium,3,4
TKT_010092,CUST_02981,2024-01-30,Return,Medium,3,5
TKT_010093,CUST_02894,2023-11-29,Account,Medium,2,2
TKT_010094,CUST_01724,2022-01-04,Account,Medium,3,4
TKT_010095,CUST_03624,2022-07-05,Payment,Medium,5,4
TKT_010096,CUST_03059,2023-11-01,Other,High,1,4
TKT_010097,CUST_02728,2023-04-29,Payment,Low,5,4
TKT_010098,CUST_03730,2022-12-14,Payment,Medium,7,5
TKT_010099,CUST_00845,2024-01-17,Other,Low,5,5
TKT_010100,CUST_00556,2022-08-28,Product Quality,Medium,2,4
TKT_010101,CUST_03227,2022-06-15,Other,Low,1,5
TKT_010102,CUST_03176,2023-01-29,Delivery,Medium,3,4
TKT_010103,CUST_03034,2022-01-24,Payment,Medium,2,4
TKT_010104,CUST_04979,2023-12-21,Account,Low,7,3
TKT_010105,CUST_04060,2024-06-05,Product Quality,High,1,4
TKT_010106,CUST_02231,2022-02-15,Payment,Low,2,3
TKT_010107,CUST_02589,2022-08-20,Return,Low,5,2
TKT_010108,CUST_02412,2022-05-11,Product Quality,Low,3,
TKT_010109,CUST_03376,2022-05-16,Return,Low,1,1
TKT_010110,CUST_03162,2023-03-15,Payment,Medium,1,5
TKT_010111,CUST_03320,2022-06-07,Payment,Low,2,5
TKT_010112,CUST_01628,2023-11-14,Return,Medium,1,5
TKT_010113,CUST_02245,2024-03-21,Payment,Medium,1,5
TKT_010114,CUST_04699,2022-01-22,Return,Low,5,2
TKT_010115,CUST_03565,2022-04-11,Delivery,High,5,4
TKT_010116,CUST_01339,2024-06-12,Product Quality,Low,2,4
TKT_010117,CUST_01188,2024-01-16,App Issue,Low,2,4
TKT_010118,CUST_01451,2022-03-26,Other,Medium,3,3
TKT_010119,CUST_01115,2023-05-21,App Issue,Medium,,3
TKT_010120,CUST_04840,2022-08-23,Delivery,Medium,7,4
TKT_010121,CUST_01886,2023-12-07,Delivery,High,3,4
TKT_010122,CUST_00676,2022-08-18,Account,High,1,4
TKT_010123,CUST_01186,2023-01-20,Delivery,Medium,7,5
TKT_010124,CUST_01893,2024-03-10,Return,Medium,3,4
TKT_010125,CUST_04863,2023-07-16,Delivery,Low,1,5
TKT_010126,CUST_00141,2023-11-19,Product Quality,High,2,5
TKT_010127,CUST_01348,2022-06-20,Return,High,7,4
TKT_010128,CUST_04817,2022-07-01,Account,Medium,3,5
TKT_010129,CUST_02288,2022-10-13,Payment,Low,7,2
TKT_010130,CUST_00155,2024-02-23,Payment,Medium,2,4
TKT_010131,CUST_02878,2023-06-22,Delivery,Medium,,5
TKT_010132,CUST_01335,2023-12-27,Account,High,2,5
TKT_010133,CUST_04362,2024-04-04,Delivery,Low,2,4
TKT_010134,CUST_03551,2024-01-27,App Issue,Medium,2,5
TKT_010135,CUST_00252,2023-07-08,Account,High,1,5
TKT_010136,CUST_03745,2023-01-27,Product Quality,High,2,4
TKT_010137,CUST_02629,2023-12-23,App Issue,Medium,,4
TKT_010138,CUST_03497,2024-03-29,Payment,High,,4
TKT_010139,CUST_02458,2024-03-14,Return,Low,2,1
TKT_010140,CUST_01053,2022-04-29,Delivery,Medium,10,4
TKT_010141,CUST_01963,2023-10-04,Product Quality,Low,5,4
TKT_010142,CUST_03264,2022-07-29,Payment,Low,5,4
TKT_010143,CUST_04866,2023-02-11,Other,Medium,3,5
TKT_010144,CUST_02874,2022-05-27,Payment,Medium,1,4
TKT_010145,CUST_03074,2024-05-12,Product Quality,Medium,7,4
TKT_010146,CUST_00633,2024-02-04,Product Quality,Low,2,4
TKT_010147,CUST_01148,2022-04-30,App Issue,Medium,1,3
TKT_010148,CUST_01947,2022-06-22,Return,Low,10,4
TKT_010149,CUST_02677,2022-11-19,Product Quality,Medium,5,5
TKT_010150,CUST_00566,2023-12-05,App Issue,High,2,3
TKT_010151,CUST_03830,2022-04-21,App Issue,Medium,,4
TKT_010152,CUST_04247,2023-08-05,Return,High,2,5
TKT_010153,CUST_00329,2022-09-09,Account,Low,2,3
TKT_010154,CUST_03847,2023-11-01,Other,Medium,1,4
TKT_010155,CUST_01554,2022-11-25,Product Quality,Low,2,4
TKT_010156,CUST_00412,2023-02-28,Delivery,Low,1,5
TKT_010157,CUST_04332,2022-03-20,Other,Medium,1,5
TKT_010158,CUST_03757,2022-03-03,Payment,Medium,1,5
TKT_010159,CUST_04316,2024-05-22,Other,High,2,5
TKT_010160,CUST_02637,2024-02-15,Delivery,Low,3,5
TKT_010161,CUST_02201,2023-12-25,App Issue,High,3,5
TKT_010162,CUST_02520,2022-05-02,Product Quality,Medium,5,5
TKT_010163,CUST_01796,2023-07-07,Account,Medium,3,3
TKT_010164,CUST_04964,2023-07-05,Product Quality,Low,2,5
TKT_010165,CUST_03354,2023-03-04,Other,Medium,1,5
TKT_010166,CUST_04039,2024-02-08,App Issue,High,3,3
TKT_010167,CUST_03638,2023-09-10,Delivery,Low,5,5
TKT_010168,CUST_00934,2023-11-16,App Issue,Low,7,5
TKT_010169,CUST_02592,2023-08-03,App Issue,Low,7,4
TKT_010170,CUST_01385,2023-07-24,App Issue,Low,2,3
TKT_010171,CUST_00885,2022-07-22,Return,High,,3
TKT_010172,CUST_00916,2022-12-29,Return,Medium,2,2
TKT_010173,CUST_03619,2023-08-26,Account,Medium,2,4
TKT_010174,CUST_04516,2023-07-26,App Issue,Medium,5,4
TKT_010175,CUST_01747,2024-01-14,Payment,High,3,3
TKT_010176,CUST_01165,2023-01-26,Payment,High,7,2
TKT_010177,CUST_04126,2023-01-03,Product Quality,Low,2,5
TKT_010178,CUST_00379,2024-04-17,App Issue,Low,3,3
TKT_010179,CUST_02964,2023-02-15,Delivery,Low,2,1
TKT_010180,CUST_02958,2024-01-23,Delivery,Medium,1,5
TKT_010181,CUST_00066,2024-04-26,Account,Medium,5,1
TKT_010182,CUST_02663,2023-06-30,Delivery,Low,3,
TKT_010183,CUST_00590,2023-01-06,Return,High,2,2
TKT_010184,CUST_02774,2022-02-20,App Issue,Low,7,5
TKT_010185,CUST_01866,2023-02-15,Payment,Medium,5,4
TKT_010186,CUST_00484,2022-07-30,Other,Low,3,3
TKT_010187,CUST_04039,2022-04-16,Other,Medium,3,4
TKT_010188,CUST_03608,2023-10-10,Payment,Medium,2,5
TKT_010189,CUST_00651,2022-05-27,Payment,Low,2,4
TKT_010190,CUST_00381,2022-05-25,Payment,Low,2,4
TKT_010191,CUST_02962,2022-07-25,Account,Medium,1,5
TKT_010192,CUST_03045,2024-01-18,Account,Low,10,2
TKT_010193,CUST_00524,2023-03-25,App Issue,High,7,5
TKT_010194,CUST_03652,2024-03-15,Account,Medium,1,1
TKT_010195,CUST_04613,2023-03-28,Other,High,1,2
TKT_010196,CUST_00768,2023-05-06,Product Quality,Medium,1,4
TKT_010197,CUST_03787,2022-03-30,Other,Medium,3,3
TKT_010198,CUST_02316,2022-06-14,Product Quality,Low,3,4
TKT_010199,CUST_01542,2024-06-02,Account,Medium,1,5
TKT_010200,CUST_00717,2023-04-11,App Issue,High,10,5
TKT_010201,CUST_02635,2023-04-23,Payment,Low,1,5
TKT_010202,CUST_03886,2024-04-25,Payment,High,10,
TKT_010203,CUST_03319,2022-03-07,App Issue,Low,5,2
TKT_010204,CUST_00303,2023-11-28,Return,Medium,5,5
TKT_010205,CUST_01394,2023-03-21,Other,Low,3,5
TKT_010206,CUST_02210,2022-05-22,App Issue,Medium,3,3
TKT_010207,CUST_01949,2023-07-11,App Issue,Medium,3,2
TKT_010208,CUST_00639,2023-02-03,App Issue,Low,3,
TKT_010209,CUST_04174,2023-06-01,Other,High,1,1
TKT_010210,CUST_04864,2024-01-06,Return,Low,5,3
TKT_010211,CUST_04362,2022-08-30,Other,Medium,3,5
TKT_010212,CUST_04694,2024-06-17,Product Quality,High,2,4
TKT_010213,CUST_04027,2022-12-19,Delivery,Medium,2,4
TKT_010214,CUST_02361,2023-11-01,Other,Medium,1,4
TKT_010215,CUST_02392,2023-10-21,Product Quality,Low,5,
TKT_010216,CUST_00302,2022-05-13,Other,Medium,5,4
TKT_010217,CUST_03892,2023-04-21,Other,Low,2,4
TKT_010218,CUST_01591,2024-01-20,Delivery,Low,5,2
TKT_010219,CUST_01313,2022-03-31,App Issue,Low,1,2
TKT_010220,CUST_04255,2022-11-07,Account,Medium,5,4
TKT_010221,CUST_01217,2022-05-11,Delivery,Medium,1,2
TKT_010222,CUST_02684,2022-08-08,Other,Medium,5,4
TKT_010223,CUST_04058,2022-10-21,Account,Low,3,4
TKT_010224,CUST_00217,2023-01-10,App Issue,Medium,1,4
TKT_010225,CUST_01607,2024-01-01,Other,Low,7,
TKT_010226,CUST_04000,2023-06-09,Account,Low,2,5
TKT_010227,CUST_00229,2022-02-08,Other,Low,3,4
TKT_010228,CUST_01686,2023-07-10,Delivery,Medium,5,3
TKT_010229,CUST_04122,2022-05-12,Account,Medium,3,5
TKT_010230,CUST_00404,2023-05-02,Account,Low,1,1
TKT_010231,CUST_01230,2024-03-30,App Issue,Low,,4
TKT_010232,CUST_00091,2022-02-09,Return,Low,3,5
TKT_010233,CUST_02477,2024-02-18,Return,Low,3,5
TKT_010234,CUST_01264,2024-01-04,App Issue,High,1,5
TKT_010235,CUST_01205,2024-05-07,Delivery,High,,
TKT_010236,CUST_02253,2022-02-01,Product Quality,Low,3,2
TKT_010237,CUST_00125,2024-03-23,App Issue,Medium,7,5
TKT_010238,CUST_03959,2023-09-15,Account,Medium,3,3
TKT_010239,CUST_04296,2022-10-20,App Issue,Low,3,5
TKT_010240,CUST_02182,2022-06-22,Delivery,Medium,,4
TKT_010241,CUST_02085,2024-04-04,Payment,Low,7,4
TKT_010242,CUST_03599,2022-10-03,Payment,Medium,3,4
TKT_010243,CUST_03355,2022-08-18,App Issue,Medium,5,2
TKT_010244,CUST_04400,2024-01-25,App Issue,Low,2,5
TKT_010245,CUST_01024,2022-05-11,Return,Low,1,3
TKT_010246,CUST_04904,2024-04-10,Return,Low,1,4
TKT_010247,CUST_04784,2022-08-04,Product Quality,Medium,3,2
TKT_010248,CUST_03184,2024-02-08,Product Quality,Medium,7,5
TKT_010249,CUST_00963,2024-04-11,Other,High,5,4
TKT_010250,CUST_01930,2022-09-07,Return,Low,2,5
TKT_010251,CUST_04764,2022-12-18,Payment,Low,3,2
TKT_010252,CUST_01580,2023-03-27,App Issue,Medium,1,5
TKT_010253,CUST_00796,2022-03-04,Product Quality,Low,2,5
TKT_010254,CUST_02737,2024-03-06,Other,Medium,7,
TKT_010255,CUST_00083,2023-10-03,Other,High,3,4
TKT_010256,CUST_02785,2022-02-18,Product Quality,High,1,4
TKT_010257,CUST_01815,2022-04-04,Other,Low,7,4
TKT_010258,CUST_03248,2024-01-07,Payment,Medium,10,5
TKT_010259,CUST_02201,2022-06-20,Other,Medium,2,3
TKT_010260,CUST_00968,2023-04-23,Product Quality,Medium,3,4
TKT_010261,CUST_03253,2023-09-01,Return,High,7,3
TKT_010262,CUST_01435,2024-02-14,Delivery,Low,2,4
TKT_010263,CUST_02364,2023-10-01,Product Quality,Medium,2,4
TKT_010264,CUST_02975,2023-11-26,Other,High,7,3
TKT_010265,CUST_02544,2022-03-26,Return,Medium,5,4
TKT_010266,CUST_00235,2022-05-31,Payment,High,3,5
TKT_010267,CUST_00301,2023-10-26,Return,High,1,3
TKT_010268,CUST_04998,2022-08-13,Product Quality,Medium,10,3
TKT_010269,CUST_03263,2022-05-02,Product Quality,Medium,3,
TKT_010270,CUST_00385,2022-03-12,Payment,Medium,7,4
TKT_010271,CUST_04721,2023-09-09,App Issue,High,1,2
TKT_010272,CUST_03588,2024-02-04,Payment,Medium,2,2
TKT_010273,CUST_02035,2023-08-04,Payment,Low,5,4
TKT_010274,CUST_01108,2023-02-10,App Issue,Low,2,5
TKT_010275,CUST_01905,2022-08-17,Payment,High,7,
TKT_010276,CUST_03584,2023-12-04,App Issue,Low,10,5
TKT_010277,CUST_01066,2023-07-17,Delivery,Medium,3,4
TKT_010278,CUST_02162,2024-01-17,App Issue,Medium,1,1
TKT_010279,CUST_00920,2022-03-22,Product Quality,Medium,2,3
TKT_010280,CUST_02686,2024-03-29,Delivery,Low,1,4
TKT_010281,CUST_00186,2022-05-07,Other,Medium,1,
TKT_010282,CUST_00976,2022-10-27,Payment,Low,2,4
TKT_010283,CUST_02631,2023-08-24,Return,Low,1,4
TKT_010284,CUST_03420,2024-06-04,Product Quality,High,2,5
TKT_010285,CUST_02718,2022-05-01,App Issue,Medium,7,1
TKT_010286,CUST_00684,2022-09-11,Return,Medium,10,3
TKT_010287,CUST_01166,2022-02-04,Product Quality,Low,5,3
TKT_010288,CUST_04100,2023-02-23,Product Quality,Medium,3,
TKT_010289,CUST_02896,2022-05-31,Account,Medium,5,
TKT_010290,CUST_03890,2023-03-05,App Issue,High,2,1
TKT_010291,CUST_04400,2022-07-14,Return,Medium,3,3
TKT_010292,CUST_03500,2022-04-20,Delivery,High,1,4
TKT_010293,CUST_03558,2023-03-11,Account,Low,2,1
TKT_010294,CUST_03510,2022-12-02,Return,Low,,5
TKT_010295,CUST_03268,2022-04-30,Payment,Low,7,3
TKT_010296,CUST_02030,2022-01-17,App Issue,High,2,2
TKT_010297,CUST_01001,2023-05-09,App Issue,Low,2,3
TKT_010298,CUST_03478,2024-01-16,App Issue,Medium,10,3
TKT_010299,CUST_03552,2023-01-13,Account,Low,3,4
TKT_010300,CUST_04833,2022-06-08,Delivery,Medium,7,4
TKT_010301,CUST_02950,2023-04-19,Product Quality,Medium,2,2
TKT_010302,CUST_04737,2023-12-13,Delivery,Low,5,3
TKT_010303,CUST_04391,2023-12-14,Other,Medium,10,3
TKT_010304,CUST_02968,2023-08-22,Product Quality,Low,2,4
TKT_010305,CUST_02201,2022-07-19,Product Quality,Low,7,5
TKT_010306,CUST_04924,2024-05-17,Other,High,10,5
TKT_010307,CUST_03396,2022-07-04,Payment,Medium,3,3
TKT_010308,CUST_04861,2024-06-02,Other,Medium,5,4
TKT_010309,CUST_00295,2023-07-12,Delivery,Medium,5,4
TKT_010310,CUST_03939,2023-03-25,App Issue,High,1,4
TKT_010311,CUST_02832,2022-09-28,Delivery,Medium,3,4
TKT_010312,CUST_02930,2023-05-26,App Issue,Medium,2,4
TKT_010313,CUST_02098,2023-06-28,Product Quality,Low,7,4
TKT_010314,CUST_03440,2022-05-07,App Issue,Medium,2,5
TKT_010315,CUST_03309,2022-07-13,App Issue,Low,2,
TKT_010316,CUST_04565,2024-05-30,Other,Low,3,4
TKT_010317,CUST_00078,2023-10-07,Payment,Medium,2,2
TKT_010318,CUST_03678,2024-04-14,Product Quality,Medium,3,4
TKT_010319,CUST_00051,2023-06-07,App Issue,Medium,2,5
TKT_010320,CUST_03938,2022-12-13,Return,Medium,3,1
TKT_010321,CUST_03353,2024-04-18,Account,Medium,7,4
TKT_010322,CUST_02291,2022-05-09,Other,High,1,4
TKT_010323,CUST_04538,2023-09-26,Delivery,Medium,7,2
TKT_010324,CUST_04451,2023-01-05,Return,Low,2,2
TKT_010325,CUST_03137,2022-04-04,Return,Low,3,2
TKT_010326,CUST_01975,2022-08-02,Delivery,High,3,4
TKT_010327,CUST_03485,2022-09-28,Product Quality,Low,7,5
TKT_010328,CUST_00073,2022-03-02,Delivery,Medium,7,4
TKT_010329,CUST_00022,2022-08-31,App Issue,Low,,3
TKT_010330,CUST_03986,2024-05-03,Delivery,Medium,2,4
TKT_010331,CUST_03825,2023-08-04,Payment,Medium,5,4
TKT_010332,CUST_04698,2023-03-16,Account,Medium,1,
TKT_010333,CUST_04207,2023-08-22,Return,Low,1,5
TKT_010334,CUST_00669,2024-01-12,Other,Medium,1,1
TKT_010335,CUST_02618,2022-10-01,Return,Medium,,4
TKT_010336,CUST_03772,2023-08-10,Account,Low,1,5
TKT_010337,CUST_01552,2023-11-18,Payment,Medium,3,5
TKT_010338,CUST_02545,2022-01-27,Return,Medium,1,2
TKT_010339,CUST_04510,2023-02-13,Product Quality,Low,3,5
TKT_010340,CUST_04559,2022-07-10,App Issue,High,5,5
TKT_010341,CUST_00543,2022-08-18,Payment,Medium,7,4
TKT_010342,CUST_03429,2023-11-28,Product Quality,High,5,4
TKT_010343,CUST_01881,2022-08-16,Account,Low,10,4
TKT_010344,CUST_00181,2022-10-17,Product Quality,High,5,5
TKT_010345,CUST_04811,2022-06-03,Payment,Medium,5,3
TKT_010346,CUST_04892,2024-01-21,Other,Low,3,4
TKT_010347,CUST_01881,2023-01-19,Product Quality,Low,10,5
TKT_010348,CUST_04234,2024-01-17,Other,High,2,5
TKT_010349,CUST_01924,2023-10-07,Other,Medium,5,5
TKT_010350,CUST_03711,2023-10-09,Product Quality,Medium,1,4
TKT_010351,CUST_03002,2022-02-01,Delivery,Medium,3,5
TKT_010352,CUST_01715,2023-03-01,App Issue,Medium,5,3
TKT_010353,CUST_02808,2023-02-21,Return,High,2,3
TKT_010354,CUST_04260,2024-01-14,Return,High,3,5
TKT_010355,CUST_02160,2022-10-18,Return,Low,1,5
TKT_010356,CUST_01322,2023-12-24,Payment,High,7,5
TKT_010357,CUST_04668,2022-08-06,Payment,Medium,5,5
TKT_010358,CUST_03958,2023-09-21,Product Quality,Medium,1,4
TKT_010359,CUST_02893,2023-01-22,App Issue,Medium,2,5
TKT_010360,CUST_00974,2022-11-08,Return,High,10,4
TKT_010361,CUST_03120,2022-07-10,Delivery,Medium,1,4
TKT_010362,CUST_03509,2022-03-27,Delivery,Low,1,4
TKT_010363,CUST_03318,2023-11-21,Return,Medium,1,5
TKT_010364,CUST_03122,2023-06-01,Account,High,2,5
TKT_010365,CUST_03294,2024-04-09,Delivery,Medium,,4
TKT_010366,CUST_03367,2023-10-24,Return,Medium,3,3
TKT_010367,CUST_00428,2022-06-14,Return,Medium,7,4
TKT_010368,CUST_02860,2023-01-17,Return,Medium,3,4
TKT_010369,CUST_00265,2022-11-18,Payment,Medium,3,5
TKT_010370,CUST_02050,2022-04-24,Return,Medium,1,4
TKT_010371,CUST_00840,2022-03-10,App Issue,Low,3,5
TKT_010372,CUST_01027,2022-04-09,Account,Medium,2,4
TKT_010373,CUST_02802,2022-08-25,App Issue,High,3,4
TKT_010374,CUST_00392,2023-07-09,Delivery,Medium,2,5
TKT_010375,CUST_00260,2022-05-01,Product Quality,High,1,4
TKT_010376,CUST_04803,2022-11-29,Payment,Medium,3,4
TKT_010377,CUST_03270,2022-09-13,Other,Low,2,1
TKT_010378,CUST_02584,2023-11-11,Delivery,High,1,5
TKT_010379,CUST_04629,2022-12-22,App Issue,Medium,5,3
TKT_010380,CUST_02128,2024-06-11,Payment,Medium,3,4
TKT_010381,CUST_00048,2022-03-03,Payment,Medium,10,4
TKT_010382,CUST_01679,2022-12-15,Payment,Medium,1,3
TKT_010383,CUST_03605,2023-05-22,Return,High,7,3
TKT_010384,CUST_00833,2023-09-15,App Issue,Medium,1,4
TKT_010385,CUST_04812,2023-10-21,App Issue,Low,2,4
TKT_010386,CUST_01770,2022-10-26,Payment,High,2,3
TKT_010387,CUST_01203,2022-05-02,Account,Medium,,
TKT_010388,CUST_00531,2022-05-29,App Issue,High,3,3
TKT_010389,CUST_01001,2022-08-20,Delivery,Medium,2,5
TKT_010390,CUST_00462,2022-09-25,Account,Medium,5,3
TKT_010391,CUST_02106,2022-06-10,Product Quality,High,1,5
TKT_010392,CUST_02632,2024-02-18,Delivery,Medium,2,5
TKT_010393,CUST_03269,2023-02-07,Payment,Medium,2,4
TKT_010394,CUST_00122,2022-03-13,App Issue,Medium,3,4
TKT_010395,CUST_03017,2022-04-16,Other,Medium,10,5
TKT_010396,CUST_00632,2024-01-25,Account,Medium,2,4
TKT_010397,CUST_03831,2022-09-15,Delivery,Medium,2,5
TKT_010398,CUST_02845,2022-07-23,Delivery,High,10,5
TKT_010399,CUST_01620,2024-02-27,Account,Medium,7,4
TKT_010400,CUST_00565,2022-12-25,Other,Low,3,4
TKT_010401,CUST_02127,2022-12-15,Product Quality,Medium,2,2
TKT_010402,CUST_02385,2022-12-23,Delivery,Low,1,4
TKT_010403,CUST_04997,2023-12-16,Product Quality,Medium,3,5
TKT_010404,CUST_01148,2024-06-16,Other,Medium,2,4
TKT_010405,CUST_02344,2024-04-30,Account,Low,3,4
TKT_010406,CUST_03905,2022-03-19,Return,High,7,4
TKT_010407,CUST_00631,2022-10-29,Delivery,Medium,2,3
TKT_010408,CUST_02231,2024-01-03,Product Quality,Medium,3,3
TKT_010409,CUST_04536,2022-05-02,Other,High,10,3
TKT_010410,CUST_03570,2022-02-02,Delivery,Medium,2,4
TKT_010411,CUST_02217,2022-11-22,Product Quality,Medium,3,4
TKT_010412,CUST_04633,2023-08-14,Product Quality,Low,5,3
TKT_010413,CUST_00481,2023-08-21,Account,Medium,2,5
TKT_010414,CUST_04115,2023-08-06,Return,Medium,2,5
TKT_010415,CUST_01993,2022-02-16,App Issue,High,3,4
TKT_010416,CUST_01652,2023-05-07,Return,Medium,3,2
TKT_010417,CUST_01891,2022-07-02,Return,Medium,1,4
TKT_010418,CUST_04902,2022-02-11,Product Quality,Medium,2,3
TKT_010419,CUST_02507,2024-02-18,App Issue,High,2,1
TKT_010420,CUST_01258,2023-09-12,App Issue,Medium,,
TKT_010421,CUST_00099,2024-03-18,Product Quality,Low,5,2
TKT_010422,CUST_03805,2022-09-16,Delivery,Low,1,4
TKT_010423,CUST_02062,2023-04-05,Payment,Low,5,5
TKT_010424,CUST_01464,2023-05-28,App Issue,High,2,5
TKT_010425,CUST_02226,2022-05-09,Account,Medium,5,5
TKT_010426,CUST_04899,2024-05-27,Product Quality,Medium,3,3
TKT_010427,CUST_00230,2023-08-19,Return,Medium,2,3
TKT_010428,CUST_02014,2024-06-05,Delivery,Medium,5,2
TKT_010429,CUST_03780,2023-05-08,Other,Medium,3,5
TKT_010430,CUST_01400,2024-06-01,Payment,Low,5,4
TKT_010431,CUST_01107,2023-08-13,App Issue,Medium,2,5
TKT_010432,CUST_03174,2022-08-04,App Issue,Medium,7,4
TKT_010433,CUST_02451,2022-02-08,Product Quality,Medium,7,4
TKT_010434,CUST_02272,2023-04-14,Other,Medium,2,4
TKT_010435,CUST_03199,2024-05-04,Account,Medium,1,4
TKT_010436,CUST_00231,2023-05-30,Product Quality,Low,2,
TKT_010437,CUST_03970,2022-03-22,Payment,Medium,3,5
TKT_010438,CUST_01751,2022-03-26,Delivery,High,5,4
TKT_010439,CUST_02087,2022-11-03,Account,Medium,1,4
TKT_010440,CUST_03460,2023-07-11,Other,Medium,2,5
TKT_010441,CUST_01772,2023-02-18,Product Quality,Medium,,4
TKT_010442,CUST_02222,2022-06-13,Account,Medium,3,4
TKT_010443,CUST_01090,2023-02-14,Delivery,High,2,3
TKT_010444,CUST_00038,2023-07-11,App Issue,Medium,10,5
TKT_010445,CUST_04753,2023-07-30,App Issue,Medium,1,4
TKT_010446,CUST_01486,2022-12-08,Account,Medium,1,2
TKT_010447,CUST_01133,2023-09-04,Return,Low,3,4
TKT_010448,CUST_00730,2022-02-18,Return,Medium,2,5
TKT_010449,CUST_01939,2023-05-04,Account,Low,2,4
TKT_010450,CUST_04501,2024-03-17,Other,Low,3,5
TKT_010451,CUST_00857,2024-05-29,Other,Low,7,5
TKT_010452,CUST_01868,2023-06-18,Account,High,1,4
TKT_010453,CUST_00260,2022-07-26,Delivery,Medium,1,2
TKT_010454,CUST_03931,2024-02-11,Return,High,2,5
TKT_010455,CUST_00088,2022-05-09,Other,High,2,4
TKT_010456,CUST_02145,2022-12-05,App Issue,Medium,10,5
TKT_010457,CUST_00220,2024-04-01,Payment,Medium,3,3
TKT_010458,CUST_01812,2023-04-27,App Issue,Low,2,
TKT_010459,CUST_04617,2022-03-04,App Issue,Low,5,3
TKT_010460,CUST_00766,2022-03-18,Other,Medium,5,4
TKT_010461,CUST_04904,2023-11-07,Delivery,Medium,,4
TKT_010462,CUST_04640,2024-05-23,Return,Medium,3,4
TKT_010463,CUST_00511,2022-09-18,Other,Medium,1,4
TKT_010464,CUST_03994,2023-11-30,App Issue,Medium,1,2
TKT_010465,CUST_03924,2023-08-23,Payment,Medium,2,5
TKT_010466,CUST_00382,2022-05-28,Return,Medium,3,4
TKT_010467,CUST_03066,2023-12-30,Account,Medium,3,4
TKT_010468,CUST_01885,2023-08-03,Product Quality,High,5,5
TKT_010469,CUST_01823,2023-12-06,Return,Medium,7,5
TKT_010470,CUST_04049,2022-03-07,Payment,Medium,5,3
TKT_010471,CUST_00516,2022-05-11,Product Quality,Medium,5,2
TKT_010472,CUST_01863,2023-12-11,Account,Medium,5,4
TKT_010473,CUST_00379,2024-02-21,Product Quality,Low,1,5
TKT_010474,CUST_04057,2023-09-22,Product Quality,Medium,3,4
TKT_010475,CUST_04362,2023-12-20,Product Quality,Medium,1,4
TKT_010476,CUST_04555,2024-01-20,Return,Low,2,5
TKT_010477,CUST_02044,2024-03-14,Return,Low,,5
TKT_010478,CUST_04798,2023-07-19,Account,Low,2,5
TKT_010479,CUST_01528,2024-01-17,Account,Medium,5,4
TKT_010480,CUST_00647,2023-08-21,Product Quality,Low,2,5
TKT_010481,CUST_02019,2023-05-21,Payment,Low,5,5
TKT_010482,CUST_04209,2022-12-18,Payment,Medium,7,4
TKT_010483,CUST_00464,2023-02-27,Return,Medium,10,5
TKT_010484,CUST_01424,2023-02-21,Product Quality,High,3,4
TKT_010485,CUST_02042,2024-02-12,Return,Low,3,2
TKT_010486,CUST_00485,2023-03-22,Account,Medium,2,4
TKT_010487,CUST_00324,2022-03-17,Account,Medium,,4
TKT_010488,CUST_04436,2024-05-23,Return,Low,1,5
TKT_010489,CUST_04198,2022-11-07,Product Quality,Medium,3,4
TKT_010490,CUST_00776,2022-09-03,Delivery,Medium,5,
TKT_010491,CUST_03647,2023-04-28,Other,High,7,5
TKT_010492,CUST_03140,2023-07-12,Other,Medium,3,4
TKT_010493,CUST_00395,2022-08-25,Delivery,High,3,
TKT_010494,CUST_01345,2023-09-26,Payment,Low,2,3
TKT_010495,CUST_01568,2022-03-04,Account,Medium,1,4
TKT_010496,CUST_01657,2023-01-31,App Issue,Medium,3,3
TKT_010497,CUST_04303,2022-01-11,Delivery,Low,5,2
TKT_010498,CUST_04239,2022-08-08,App Issue,Medium,1,4
TKT_010499,CUST_04244,2023-05-26,Return,Medium,5,2
TKT_010500,CUST_02841,2024-04-17,Other,Medium,1,1
TKT_010501,CUST_00956,2023-03-29,Payment,High,1,5
TKT_010502,CUST_04140,2022-10-07,Other,Medium,1,4
TKT_010503,CUST_00200,2022-01-19,Other,Low,2,5
TKT_010504,CUST_03645,2024-03-22,App Issue,Low,5,3
TKT_010505,CUST_04153,2023-04-24,Payment,Low,1,5
TKT_010506,CUST_00087,2023-12-22,Account,Low,7,2
TKT_010507,CUST_01936,2022-06-07,Other,Medium,2,5
TKT_010508,CUST_00026,2022-10-19,Payment,Low,2,2
TKT_010509,CUST_03691,2022-04-16,App Issue,Medium,2,4
TKT_010510,CUST_00903,2024-04-23,Product Quality,High,7,4
TKT_010511,CUST_04884,2024-02-23,Product Quality,Low,1,2
TKT_010512,CUST_04145,2024-02-20,Account,Low,3,3
TKT_010513,CUST_00249,2022-10-21,Other,High,,1
TKT_010514,CUST_00240,2024-03-28,App Issue,Low,2,4
TKT_010515,CUST_03065,2022-02-15,Product Quality,Medium,3,4
TKT_010516,CUST_04475,2023-10-08,Account,Low,2,4
TKT_010517,CUST_02658,2022-08-14,App Issue,Low,2,4
TKT_010518,CUST_04680,2022-04-17,Product Quality,Medium,2,3
TKT_010519,CUST_01601,2023-07-29,Return,Low,3,3
TKT_010520,CUST_01805,2023-12-17,Other,Medium,1,5
TKT_010521,CUST_02663,2023-04-12,Account,Medium,3,5
TKT_010522,CUST_03279,2023-10-04,Other,High,3,5
TKT_010523,CUST_00263,2023-01-15,Other,Medium,5,4
TKT_010524,CUST_00877,2024-05-20,Payment,Low,7,5
TKT_010525,CUST_00354,2024-06-16,Payment,High,1,5
TKT_010526,CUST_04102,2023-08-05,Other,Low,3,5
TKT_010527,CUST_00644,2023-04-26,Account,Medium,1,3
TKT_010528,CUST_02554,2023-10-26,Account,Medium,3,4
TKT_010529,CUST_04176,2022-11-16,Account,Low,2,5
TKT_010530,CUST_02974,2023-02-01,Payment,Medium,2,1
TKT_010531,CUST_03519,2024-01-31,Other,High,1,3
TKT_010532,CUST_03488,2024-04-09,Payment,Medium,3,4
TKT_010533,CUST_04209,2023-11-29,App Issue,Medium,3,4
TKT_010534,CUST_00233,2023-03-18,Product Quality,High,3,5
TKT_010535,CUST_00698,2023-06-30,Payment,High,5,5
TKT_010536,CUST_04534,2023-03-05,Return,Medium,3,2
TKT_010537,CUST_00628,2024-03-17,Return,Low,5,5
TKT_010538,CUST_04813,2023-07-15,Account,Medium,2,4
TKT_010539,CUST_02177,2022-05-27,Product Quality,Medium,3,3
TKT_010540,CUST_04380,2023-04-12,Account,Medium,1,4
TKT_010541,CUST_04400,2023-01-30,Account,High,,2
TKT_010542,CUST_02495,2023-06-15,Other,Medium,10,5
TKT_010543,CUST_03560,2024-01-29,Other,Medium,2,2
TKT_010544,CUST_03358,2024-03-27,Delivery,Low,2,5
TKT_010545,CUST_02422,2023-09-29,App Issue,Medium,3,4
TKT_010546,CUST_02593,2024-02-25,Return,High,3,4
TKT_010547,CUST_02479,2024-05-29,App Issue,Medium,1,5
TKT_010548,CUST_03237,2022-10-29,Payment,Medium,2,4
TKT_010549,CUST_04781,2023-06-01,Delivery,Low,1,3
TKT_010550,CUST_02088,2022-10-22,App Issue,Medium,1,5
TKT_010551,CUST_01097,2023-02-11,Delivery,Medium,2,3
TKT_010552,CUST_01852,2024-02-17,Delivery,Medium,5,4
TKT_010553,CUST_00058,2024-04-03,Payment,Medium,1,4
TKT_010554,CUST_01793,2022-08-15,Account,Medium,3,3
TKT_010555,CUST_01019,2024-05-26,Account,Low,1,5
TKT_010556,CUST_01736,2022-05-19,Return,High,3,5
TKT_010557,CUST_01589,2022-03-30,Product Quality,Medium,1,4
TKT_010558,CUST_03090,2022-04-08,Account,Medium,5,
TKT_010559,CUST_04775,2023-02-03,Other,Medium,7,3
TKT_010560,CUST_03059,2023-02-22,Return,Medium,7,4
TKT_010561,CUST_01485,2022-12-14,Account,Low,7,3
TKT_010562,CUST_01189,2023-09-27,Return,Medium,3,3
TKT_010563,CUST_02305,2023-11-08,Delivery,Low,5,5
TKT_010564,CUST_04737,2023-09-03,Payment,Medium,5,3
TKT_010565,CUST_02630,2022-11-23,Delivery,Low,2,3
TKT_010566,CUST_01976,2022-06-08,App Issue,Medium,3,4
TKT_010567,CUST_04530,2024-03-17,Return,Medium,3,5
TKT_010568,CUST_00070,2023-10-16,Other,Medium,1,4
TKT_010569,CUST_02899,2024-06-11,Product Quality,Medium,1,4
TKT_010570,CUST_02076,2023-04-22,Payment,Medium,2,4
TKT_010571,CUST_02409,2024-05-24,Delivery,Low,2,3
TKT_010572,CUST_00766,2022-11-02,Other,Medium,2,3
TKT_010573,CUST_00166,2022-08-05,Payment,Medium,7,3
TKT_010574,CUST_02600,2023-07-27,Return,Low,5,4
TKT_010575,CUST_04361,2023-03-31,Account,Low,1,4
TKT_010576,CUST_01920,2022-02-18,Other,Medium,3,3
TKT_010577,CUST_00619,2024-02-16,Account,Medium,5,4
TKT_010578,CUST_04081,2023-05-15,Account,Medium,5,3
TKT_010579,CUST_02617,2023-04-23,Return,Medium,10,3
TKT_010580,CUST_02914,2022-12-07,App Issue,High,1,5
TKT_010581,CUST_04075,2024-01-16,Product Quality,Medium,2,1
TKT_010582,CUST_02357,2024-04-05,Return,Medium,3,2
TKT_010583,CUST_03144,2023-09-22,Other,Medium,1,4
TKT_010584,CUST_02681,2022-08-21,Payment,High,1,4
TKT_010585,CUST_01166,2024-03-01,Delivery,Low,2,5
TKT_010586,CUST_02734,2022-12-03,Payment,Medium,5,3
TKT_010587,CUST_04004,2022-11-25,Other,High,3,1
TKT_010588,CUST_04250,2023-04-09,Return,Medium,2,5
TKT_010589,CUST_03123,2022-02-02,Payment,Low,5,4
TKT_010590,CUST_00923,2023-06-09,Product Quality,Low,7,
TKT_010591,CUST_04878,2023-12-10,App Issue,Medium,5,5
TKT_010592,CUST_04715,2023-01-12,Product Quality,High,1,3
TKT_010593,CUST_04709,2023-12-01,Account,Medium,2,2
TKT_010594,CUST_01847,2024-05-27,Return,Low,1,3
TKT_010595,CUST_04939,2024-04-19,Payment,Medium,3,4
TKT_010596,CUST_03061,2022-01-20,App Issue,Medium,2,5
TKT_010597,CUST_03724,2022-09-03,App Issue,High,5,3
TKT_010598,CUST_01193,2023-09-23,App Issue,High,2,1
TKT_010599,CUST_03644,2024-05-01,App Issue,Medium,2,5
TKT_010600,CUST_00014,2022-12-07,Delivery,High,2,5
TKT_010601,CUST_02930,2024-05-25,Payment,Medium,7,4
TKT_010602,CUST_01142,2022-05-02,Other,Low,2,4
TKT_010603,CUST_01343,2022-01-30,Delivery,Medium,7,4
TKT_010604,CUST_01242,2023-09-04,Delivery,Medium,5,3
TKT_010605,CUST_03108,2022-10-28,App Issue,Low,5,
TKT_010606,CUST_03655,2024-03-13,Product Quality,Low,2,3
TKT_010607,CUST_04364,2022-01-22,Payment,Low,5,5
TKT_010608,CUST_01023,2024-05-11,Product Quality,Medium,2,5
TKT_010609,CUST_00773,2023-06-16,App Issue,Low,1,1
TKT_010610,CUST_04595,2022-10-23,Delivery,Medium,1,3
TKT_010611,CUST_02624,2022-09-14,App Issue,Low,7,3
TKT_010612,CUST_04213,2023-06-01,Payment,Medium,2,2
TKT_010613,CUST_02602,2024-03-22,Other,Medium,3,3
TKT_010614,CUST_01316,2022-04-30,Other,Medium,3,5
TKT_010615,CUST_04460,2023-10-21,Return,High,3,5
TKT_010616,CUST_00079,2024-03-09,Payment,High,1,2
TKT_010617,CUST_02138,2023-07-23,Account,Low,1,5
TKT_010618,CUST_00680,2022-11-07,Payment,Medium,3,4
TKT_010619,CUST_00812,2023-08-08,Other,High,7,
TKT_010620,CUST_02764,2023-09-05,App Issue,High,2,5
TKT_010621,CUST_00250,2024-03-24,App Issue,Medium,2,5
TKT_010622,CUST_00374,2022-09-17,App Issue,Low,3,3
TKT_010623,CUST_03040,2024-01-07,Payment,Low,5,2
TKT_010624,CUST_04943,2022-08-12,Delivery,Medium,1,3
TKT_010625,CUST_02174,2024-04-17,Account,Medium,2,5
TKT_010626,CUST_01227,2024-04-20,Account,Medium,2,3
TKT_010627,CUST_04159,2023-05-16,Payment,Medium,1,5
TKT_010628,CUST_02760,2022-10-16,Account,High,1,5
TKT_010629,CUST_03395,2023-06-23,App Issue,Medium,3,3
TKT_010630,CUST_01286,2023-01-27,Other,Medium,1,
TKT_010631,CUST_01597,2023-09-06,Return,High,10,5
TKT_010632,CUST_02111,2022-04-08,Delivery,Medium,5,5
TKT_010633,CUST_00857,2023-01-01,Delivery,High,7,4
TKT_010634,CUST_00223,2024-03-20,Delivery,Medium,2,4
TKT_010635,CUST_04399,2023-05-22,Account,Low,3,1
TKT_010636,CUST_02077,2022-07-29,Product Quality,Medium,1,
TKT_010637,CUST_01940,2022-11-17,Delivery,High,1,4
TKT_010638,CUST_01222,2023-07-01,Return,High,5,5
TKT_010639,CUST_00224,2022-12-09,Return,High,3,2
TKT_010640,CUST_03054,2024-03-04,Delivery,Medium,10,3
TKT_010641,CUST_02430,2023-04-01,Return,Medium,2,3
TKT_010642,CUST_01769,2024-02-23,Product Quality,High,7,3
TKT_010643,CUST_03255,2022-10-05,Payment,Medium,3,4
TKT_010644,CUST_04154,2022-01-24,Account,Medium,1,4
TKT_010645,CUST_00447,2023-11-05,Payment,High,1,4
TKT_010646,CUST_01266,2023-12-16,Payment,Medium,3,4
TKT_010647,CUST_03480,2022-08-02,Other,Medium,2,3
TKT_010648,CUST_03386,2022-12-23,App Issue,Medium,1,3
TKT_010649,CUST_03911,2023-08-16,Account,Low,2,3
TKT_010650,CUST_03014,2022-05-22,Other,Medium,2,5
TKT_010651,CUST_01552,2023-06-07,Delivery,High,1,2
TKT_010652,CUST_00850,2022-06-07,Account,Medium,5,3
TKT_010653,CUST_00957,2023-09-06,Payment,High,2,5
TKT_010654,CUST_01015,2023-06-08,Other,Medium,7,5
TKT_010655,CUST_01943,2023-10-15,Product Quality,Medium,5,3
TKT_010656,CUST_04434,2023-06-04,Other,Low,3,3
TKT_010657,CUST_02189,2023-09-20,Account,Medium,1,4
TKT_010658,CUST_01561,2023-09-07,Delivery,Low,5,5
TKT_010659,CUST_02312,2023-02-07,Payment,High,3,
TKT_010660,CUST_04160,2022-07-11,Payment,Low,5,5
TKT_010661,CUST_04650,2022-12-29,Payment,High,2,4
TKT_010662,CUST_01535,2023-12-01,Other,Medium,1,5
TKT_010663,CUST_04390,2022-09-06,Delivery,Medium,5,5
TKT_010664,CUST_02542,2023-07-18,App Issue,Medium,1,4
TKT_010665,CUST_03452,2023-01-09,Product Quality,Low,3,5
TKT_010666,CUST_01908,2024-04-17,Return,Medium,2,3
TKT_010667,CUST_01755,2022-08-15,Return,High,2,3
TKT_010668,CUST_03043,2022-06-18,Product Quality,Low,1,2
TKT_010669,CUST_02260,2022-05-28,App Issue,Medium,10,4
TKT_010670,CUST_04060,2024-03-31,Payment,Medium,3,3
TKT_010671,CUST_03251,2023-01-15,Return,Medium,7,4
TKT_010672,CUST_02449,2024-02-17,App Issue,Medium,,5
TKT_010673,CUST_03245,2023-05-11,Payment,Low,3,4
TKT_010674,CUST_00479,2022-09-26,App Issue,Medium,7,4
TKT_010675,CUST_00236,2024-04-12,Other,Low,,
TKT_010676,CUST_02557,2024-02-03,App Issue,Medium,,4
TKT_010677,CUST_01976,2022-06-29,Payment,Medium,2,5
TKT_010678,CUST_03988,2022-05-01,Return,Medium,3,5
TKT_010679,CUST_02705,2022-09-04,Other,Medium,1,5
TKT_010680,CUST_02479,2023-07-21,Product Quality,High,5,3
TKT_010681,CUST_02082,2023-03-02,Account,Medium,3,2
TKT_010682,CUST_02006,2024-02-06,Other,Low,2,4
TKT_010683,CUST_03546,2022-09-22,App Issue,Low,2,1
TKT_010684,CUST_00974,2024-01-26,Other,Medium,10,5
TKT_010685,CUST_04646,2022-03-02,Delivery,Medium,10,5
TKT_010686,CUST_04688,2022-10-09,Return,Medium,,5
TKT_010687,CUST_03736,2022-05-09,Other,Medium,3,3
TKT_010688,CUST_01361,2024-05-20,Product Quality,High,1,5
TKT_010689,CUST_00256,2022-11-30,Account,Medium,1,4
TKT_010690,CUST_00094,2023-08-08,Product Quality,Low,3,3
TKT_010691,CUST_04162,2023-07-03,Return,Low,3,1
TKT_010692,CUST_01603,2022-11-03,Delivery,Low,3,4
TKT_010693,CUST_00236,2022-02-22,Return,Low,1,5
TKT_010694,CUST_02622,2023-02-11,Delivery,Medium,2,5
TKT_010695,CUST_04130,2022-06-20,App Issue,Medium,1,4
TKT_010696,CUST_00469,2023-03-13,Return,Medium,10,5
TKT_010697,CUST_00652,2024-03-22,Other,Low,5,1
TKT_010698,CUST_00410,2023-04-28,Payment,Low,3,1
TKT_010699,CUST_02276,2023-05-24,Payment,Medium,1,5
TKT_010700,CUST_04893,2023-09-02,Product Quality,Low,1,4
TKT_010701,CUST_01219,2023-04-05,App Issue,Medium,1,3
TKT_010702,CUST_02332,2023-03-08,Other,Medium,2,5
TKT_010703,CUST_00104,2023-07-15,Product Quality,Low,2,4
TKT_010704,CUST_04561,2022-09-04,Product Quality,Low,3,3
TKT_010705,CUST_04864,2022-07-16,App Issue,Medium,5,3
TKT_010706,CUST_00684,2023-04-18,Payment,Medium,1,5
TKT_010707,CUST_01450,2022-10-01,Payment,Medium,5,4
TKT_010708,CUST_01605,2022-12-31,Product Quality,High,1,5
TKT_010709,CUST_02967,2024-01-12,Payment,Low,5,5
TKT_010710,CUST_01952,2024-01-04,Product Quality,Low,3,5
TKT_010711,CUST_02050,2023-09-05,Account,Low,2,2
TKT_010712,CUST_02655,2023-03-20,Delivery,Medium,7,4
TKT_010713,CUST_04233,2024-03-27,Other,High,2,4
TKT_010714,CUST_00404,2022-11-09,Payment,Medium,3,4
TKT_010715,CUST_02988,2023-03-26,Return,Medium,2,4
TKT_010716,CUST_00753,2022-03-24,Other,Medium,,4
TKT_010717,CUST_01240,2024-04-18,Delivery,Medium,5,4
TKT_010718,CUST_00187,2022-05-20,Payment,Medium,1,5
TKT_010719,CUST_01091,2022-12-08,Account,Medium,2,4
TKT_010720,CUST_03615,2024-02-21,Account,Low,7,3
TKT_010721,CUST_03843,2022-08-31,Payment,Medium,3,3
TKT_010722,CUST_03613,2023-09-19,Delivery,High,10,2
TKT_010723,CUST_00933,2022-12-28,Product Quality,Low,5,5
TKT_010724,CUST_00018,2022-10-20,Account,High,7,4
TKT_010725,CUST_02723,2022-03-17,Product Quality,Medium,5,4
TKT_010726,CUST_00286,2022-11-13,Return,Medium,1,4
TKT_010727,CUST_01859,2022-12-06,Other,Medium,1,3
TKT_010728,CUST_04030,2022-02-04,Payment,Medium,3,2
TKT_010729,CUST_01239,2022-01-03,App Issue,High,3,4
TKT_010730,CUST_03314,2022-06-23,Return,Medium,,1
TKT_010731,CUST_00438,2024-05-30,Account,Medium,3,1
TKT_010732,CUST_02942,2022-03-09,Other,High,1,5
TKT_010733,CUST_01199,2022-07-28,App Issue,Medium,5,5
TKT_010734,CUST_00968,2023-03-20,Payment,Medium,,2
TKT_010735,CUST_03205,2024-01-30,Payment,Low,3,3
TKT_010736,CUST_01505,2022-09-06,Account,Medium,3,5
TKT_010737,CUST_00915,2024-01-28,Product Quality,High,2,4
TKT_010738,CUST_04139,2023-08-04,Account,Medium,1,3
TKT_010739,CUST_03982,2023-01-08,Delivery,Low,,4
TKT_010740,CUST_03218,2022-01-02,Product Quality,High,5,4
TKT_010741,CUST_01911,2022-10-23,Payment,Low,5,4
TKT_010742,CUST_04984,2023-01-09,Delivery,High,1,4
TKT_010743,CUST_03261,2023-04-04,Account,Low,3,2
TKT_010744,CUST_03025,2022-08-31,App Issue,Low,,4
TKT_010745,CUST_02428,2024-03-28,Return,Medium,3,5
TKT_010746,CUST_00976,2022-06-09,Payment,Medium,5,5
TKT_010747,CUST_01947,2022-08-29,App Issue,Low,7,5
TKT_010748,CUST_03594,2024-06-02,Delivery,Medium,7,5
TKT_010749,CUST_04755,2023-03-20,Product Quality,High,1,2
TKT_010750,CUST_04586,2023-01-04,App Issue,Low,1,5
TKT_010751,CUST_04148,2024-01-20,Return,Medium,3,4
TKT_010752,CUST_03813,2022-03-06,Payment,High,2,5
TKT_010753,CUST_01260,2023-09-17,Account,High,3,5
TKT_010754,CUST_04424,2023-09-06,Account,Medium,2,5
TKT_010755,CUST_04634,2023-10-08,Other,Low,3,5
TKT_010756,CUST_04230,2022-05-02,Other,Low,2,4
TKT_010757,CUST_02382,2023-04-23,Other,High,7,2
TKT_010758,CUST_04995,2022-03-25,App Issue,High,7,4
TKT_010759,CUST_00091,2022-10-10,Account,Low,3,5
TKT_010760,CUST_01719,2023-05-12,Payment,Low,2,2
TKT_010761,CUST_03802,2023-03-21,App Issue,High,,2
TKT_010762,CUST_00028,2023-03-19,App Issue,Medium,3,4
TKT_010763,CUST_01384,2022-07-15,Delivery,Medium,2,2
TKT_010764,CUST_00460,2022-11-21,Product Quality,Medium,1,5
TKT_010765,CUST_00329,2022-06-30,Account,Low,1,4
TKT_010766,CUST_00941,2022-10-14,Account,Low,3,3
TKT_010767,CUST_02967,2022-09-14,Other,Medium,10,2
TKT_010768,CUST_02758,2024-03-02,App Issue,Low,2,2
TKT_010769,CUST_01135,2022-05-28,Product Quality,High,5,4
TKT_010770,CUST_04745,2022-06-12,App Issue,Medium,7,4
TKT_010771,CUST_02694,2022-03-11,Delivery,Low,5,5
TKT_010772,CUST_02871,2022-05-01,App Issue,Low,3,5
TKT_010773,CUST_01977,2024-01-20,Product Quality,Medium,10,1
TKT_010774,CUST_02696,2024-06-15,Product Quality,Low,7,3
TKT_010775,CUST_04791,2023-12-08,Return,Medium,3,2
TKT_010776,CUST_03316,2023-05-23,App Issue,Low,2,3
TKT_010777,CUST_03443,2022-11-13,Delivery,Medium,3,4
TKT_010778,CUST_01867,2024-04-26,Delivery,Low,7,2
TKT_010779,CUST_04808,2022-12-22,Payment,Medium,2,3
TKT_010780,CUST_00787,2022-11-11,Payment,Medium,10,4
TKT_010781,CUST_01316,2022-12-22,Product Quality,Medium,1,2
TKT_010782,CUST_04681,2024-05-22,Delivery,Medium,1,3
TKT_010783,CUST_04221,2023-05-27,Payment,Medium,3,
TKT_010784,CUST_01402,2022-02-17,App Issue,Medium,1,2
TKT_010785,CUST_03103,2022-03-27,App Issue,Medium,5,2
TKT_010786,CUST_02313,2023-06-24,Payment,Low,1,5
TKT_010787,CUST_00535,2023-08-27,Account,Low,3,5
TKT_010788,CUST_02271,2022-11-18,Product Quality,Low,1,4
TKT_010789,CUST_02732,2023-04-06,Account,Low,3,2
TKT_010790,CUST_03293,2022-11-20,Account,Medium,,4
TKT_010791,CUST_01299,2023-09-17,Product Quality,Low,7,3
TKT_010792,CUST_00982,2024-04-06,Payment,High,3,4
TKT_010793,CUST_01468,2023-11-18,Account,Medium,5,4
TKT_010794,CUST_01492,2024-02-03,Account,Medium,1,5
TKT_010795,CUST_03694,2024-03-05,Delivery,Medium,3,3
TKT_010796,CUST_04428,2022-10-16,Payment,Low,1,4
TKT_010797,CUST_00671,2022-02-02,Return,High,1,5
TKT_010798,CUST_02394,2022-08-15,Payment,Medium,3,3
TKT_010799,CUST_00535,2022-09-08,Product Quality,Low,1,5
TKT_010800,CUST_03420,2022-12-25,Delivery,Low,5,4
TKT_010801,CUST_03028,2024-04-22,Product Quality,Medium,10,
TKT_010802,CUST_04019,2023-02-08,Delivery,High,3,5
TKT_010803,CUST_04752,2022-03-08,App Issue,Medium,5,4
TKT_010804,CUST_00279,2023-06-17,Product Quality,Low,1,4
TKT_010805,CUST_03571,2023-07-05,Return,Low,2,5
TKT_010806,CUST_01372,2024-06-02,Delivery,Medium,7,4
TKT_010807,CUST_01860,2022-08-12,Delivery,Medium,7,5
TKT_010808,CUST_04240,2022-02-27,Other,Medium,1,5
TKT_010809,CUST_00482,2024-06-07,Payment,High,2,5
TKT_010810,CUST_02304,2023-03-08,Other,Medium,2,4
TKT_010811,CUST_03188,2024-04-01,Delivery,Medium,3,5
TKT_010812,CUST_02870,2024-03-29,Other,Low,1,4
TKT_010813,CUST_04955,2023-12-27,Account,Medium,2,5
TKT_010814,CUST_02340,2022-07-27,Delivery,Medium,5,1
TKT_010815,CUST_03715,2024-06-09,Return,High,10,2
TKT_010816,CUST_01550,2023-03-12,Payment,Medium,5,5
TKT_010817,CUST_03049,2023-08-11,App Issue,Medium,7,4
TKT_010818,CUST_04082,2023-04-29,Delivery,Low,7,4
TKT_010819,CUST_03609,2023-01-27,Return,High,1,4
TKT_010820,CUST_02212,2023-08-10,Payment,Medium,,1
TKT_010821,CUST_03718,2023-01-07,Product Quality,Medium,3,2
TKT_010822,CUST_02259,2024-06-13,Return,Low,5,3
TKT_010823,CUST_04572,2024-05-05,Other,Medium,3,3
TKT_010824,CUST_00353,2023-08-18,Account,Medium,1,3
TKT_010825,CUST_00223,2022-10-30,Return,Medium,1,5
TKT_010826,CUST_04975,2024-06-07,App Issue,High,,4
TKT_010827,CUST_00333,2023-11-12,Delivery,Medium,3,5
TKT_010828,CUST_04387,2022-01-11,Account,Low,5,4
TKT_010829,CUST_03708,2022-12-12,Account,Low,5,4
TKT_010830,CUST_03748,2023-04-05,Other,Medium,2,5
TKT_010831,CUST_03221,2022-01-13,Other,Medium,3,5
TKT_010832,CUST_03266,2022-04-21,Product Quality,Low,5,4
TKT_010833,CUST_01443,2023-01-08,Payment,High,2,4
TKT_010834,CUST_00862,2022-08-03,Product Quality,Low,3,4
TKT_010835,CUST_02272,2023-05-12,Delivery,Low,,4
TKT_010836,CUST_00184,2024-06-15,Product Quality,Medium,2,5
TKT_010837,CUST_00471,2022-08-11,App Issue,Medium,2,3
TKT_010838,CUST_02920,2023-05-08,Product Quality,Medium,2,5
TKT_010839,CUST_01687,2024-05-18,Account,Medium,1,5
TKT_010840,CUST_02157,2023-04-19,Product Quality,Low,5,2
TKT_010841,CUST_02323,2023-10-03,Other,Medium,2,5
TKT_010842,CUST_02828,2023-04-08,Delivery,High,1,4
TKT_010843,CUST_00632,2023-04-23,Delivery,High,7,4
TKT_010844,CUST_01313,2023-02-24,App Issue,Low,1,4
TKT_010845,CUST_03812,2024-02-18,Return,Low,7,5
TKT_010846,CUST_01313,2023-06-10,Delivery,Medium,2,5
TKT_010847,CUST_02485,2023-09-29,App Issue,Medium,2,5
TKT_010848,CUST_01943,2023-01-21,Product Quality,High,5,5
TKT_010849,CUST_01359,2022-11-16,Payment,Low,5,4
TKT_010850,CUST_00099,2022-04-15,App Issue,High,2,3
TKT_010851,CUST_01233,2022-01-26,Return,Medium,3,5
TKT_010852,CUST_01914,2022-03-18,Return,Medium,1,5
TKT_010853,CUST_02305,2024-01-21,Payment,Medium,1,5
TKT_010854,CUST_00508,2022-06-05,Account,Medium,2,5
TKT_010855,CUST_04463,2023-05-23,Account,Medium,3,3
TKT_010856,CUST_04737,2024-04-05,Account,Medium,3,3
TKT_010857,CUST_04688,2024-03-25,Delivery,Medium,5,4
TKT_010858,CUST_00255,2022-07-27,Account,Medium,3,5
TKT_010859,CUST_03915,2024-05-01,Other,Medium,,5
TKT_010860,CUST_02771,2022-08-04,Payment,High,5,5
TKT_010861,CUST_03017,2022-09-06,Return,High,5,4
TKT_010862,CUST_03746,2022-09-16,App Issue,Medium,5,3
TKT_010863,CUST_03191,2022-10-18,Product Quality,Low,2,2
TKT_010864,CUST_04871,2023-05-11,Account,Medium,7,5
TKT_010865,CUST_00438,2022-06-12,Payment,Medium,2,
TKT_010866,CUST_04020,2022-10-04,Other,Medium,10,4
TKT_010867,CUST_03731,2024-01-24,Return,Medium,3,3
TKT_010868,CUST_02899,2024-05-27,Return,High,2,4
TKT_010869,CUST_01733,2022-12-05,Other,Medium,2,5
TKT_010870,CUST_00170,2022-08-03,Account,Medium,3,1
TKT_010871,CUST_00204,2022-06-21,Return,Medium,1,5
TKT_010872,CUST_01282,2022-06-28,Account,Medium,3,4
TKT_010873,CUST_00129,2023-05-20,Payment,Medium,3,4
TKT_010874,CUST_03185,2023-03-28,Product Quality,Medium,3,3
TKT_010875,CUST_03211,2023-08-05,Delivery,Medium,7,4
TKT_010876,CUST_04739,2023-02-24,Return,Low,2,2
TKT_010877,CUST_02566,2023-08-18,Product Quality,Medium,3,3
TKT_010878,CUST_00501,2023-07-28,Product Quality,Medium,5,4
TKT_010879,CUST_04199,2023-09-27,Other,Medium,5,2
TKT_010880,CUST_03898,2022-03-21,Account,High,3,2
TKT_010881,CUST_02184,2023-12-06,Payment,High,5,5
TKT_010882,CUST_00773,2022-01-01,Account,Low,2,4
TKT_010883,CUST_02494,2022-05-31,Product Quality,Low,7,3
TKT_010884,CUST_03427,2023-07-29,Payment,Medium,2,3
TKT_010885,CUST_04096,2022-05-18,Payment,Medium,5,5
TKT_010886,CUST_04958,2023-02-25,Other,Medium,3,4
TKT_010887,CUST_02554,2022-06-04,Other,Low,5,4
TKT_010888,CUST_00899,2022-10-30,App Issue,Low,2,5
TKT_010889,CUST_02360,2022-09-11,Account,High,3,5
TKT_010890,CUST_03854,2023-08-14,Return,Medium,2,5
TKT_010891,CUST_04461,2024-02-11,App Issue,Medium,2,
TKT_010892,CUST_01930,2022-08-23,App Issue,Medium,2,4
TKT_010893,CUST_02341,2022-04-12,Return,Medium,2,5
TKT_010894,CUST_02791,2023-08-25,Other,Low,7,4
TKT_010895,CUST_02255,2022-02-24,App Issue,Low,1,4
TKT_010896,CUST_02805,2022-08-01,Product Quality,Medium,2,5
TKT_010897,CUST_01410,2023-02-04,App Issue,Low,2,3
TKT_010898,CUST_02567,2023-05-12,Return,Medium,,5
TKT_010899,CUST_03736,2022-08-27,Other,High,7,4
TKT_010900,CUST_00702,2022-02-01,Account,Low,2,2
TKT_010901,CUST_03411,2023-12-23,Product Quality,High,5,4
TKT_010902,CUST_03639,2022-12-04,App Issue,Low,1,
TKT_010903,CUST_00932,2023-03-21,Return,High,2,3
TKT_010904,CUST_04009,2022-09-21,Product Quality,Low,,3
TKT_010905,CUST_00800,2023-03-19,Payment,Low,7,4
TKT_010906,CUST_03107,2023-11-23,Account,High,2,
TKT_010907,CUST_02190,2024-05-09,Account,High,1,5
TKT_010908,CUST_00617,2022-03-20,Return,Medium,2,5
TKT_010909,CUST_01188,2022-11-05,Payment,Low,,5
TKT_010910,CUST_00646,2023-05-26,Account,Medium,3,5
TKT_010911,CUST_01553,2022-07-30,Account,Low,1,4
TKT_010912,CUST_04499,2023-10-31,Delivery,Low,3,5
TKT_010913,CUST_01048,2023-12-12,Delivery,Medium,1,3
TKT_010914,CUST_01371,2024-02-01,Payment,Medium,1,3
TKT_010915,CUST_02488,2023-10-28,Return,Medium,2,
TKT_010916,CUST_04255,2022-01-15,Other,High,2,5
TKT_010917,CUST_02641,2022-08-15,Product Quality,High,1,5
TKT_010918,CUST_02033,2023-02-06,Delivery,High,10,4
TKT_010919,CUST_01419,2024-06-08,Payment,Medium,1,4
TKT_010920,CUST_01295,2022-01-07,Return,Medium,2,4
TKT_010921,CUST_03016,2024-06-02,App Issue,Medium,2,4
TKT_010922,CUST_01247,2023-01-28,Account,Low,10,4
TKT_010923,CUST_02798,2024-01-27,Payment,Low,,4
TKT_010924,CUST_01521,2024-04-09,Return,High,1,4
TKT_010925,CUST_04599,2024-03-14,App Issue,Low,2,2
TKT_010926,CUST_03786,2023-04-15,Return,High,5,2
TKT_010927,CUST_03137,2022-05-25,Payment,Low,2,4
TKT_010928,CUST_01830,2022-02-23,Other,Medium,10,4
TKT_010929,CUST_02887,2024-01-27,Return,Medium,2,5
TKT_010930,CUST_04688,2024-06-13,Account,Medium,7,3
TKT_010931,CUST_04657,2024-03-20,Other,Medium,,3
TKT_010932,CUST_04808,2022-02-24,Account,Low,5,3
TKT_010933,CUST_01537,2024-03-02,Product Quality,Medium,2,3
TKT_010934,CUST_00763,2023-09-29,Other,Low,5,5
TKT_010935,CUST_00465,2023-10-04,App Issue,Medium,3,5
TKT_010936,CUST_00190,2022-06-25,Return,Medium,5,
TKT_010937,CUST_02755,2024-02-28,Product Quality,Medium,5,1
TKT_010938,CUST_01060,2024-04-21,App Issue,Medium,,5
TKT_010939,CUST_00745,2023-05-04,Other,Low,10,5
TKT_010940,CUST_02129,2023-11-12,Product Quality,High,10,3
TKT_010941,CUST_01300,2023-07-07,Other,Medium,7,4
TKT_010942,CUST_01804,2023-03-20,App Issue,High,5,5
TKT_010943,CUST_03421,2022-07-12,Other,Low,2,2
TKT_010944,CUST_01547,2022-05-28,Return,Medium,2,5
TKT_010945,CUST_03991,2024-04-30,Return,Medium,5,4
TKT_010946,CUST_02262,2024-01-31,Payment,Medium,2,5
TKT_010947,CUST_01583,2023-05-08,Delivery,High,2,4
TKT_010948,CUST_04473,2022-11-21,Delivery,High,1,5
TKT_010949,CUST_02934,2023-12-22,Payment,High,3,4
TKT_010950,CUST_02922,2022-08-04,App Issue,High,3,4
TKT_010951,CUST_00885,2022-09-28,App Issue,Medium,7,5
TKT_010952,CUST_04396,2023-04-04,Account,Low,5,4
TKT_010953,CUST_00460,2023-02-24,Payment,Low,5,3
TKT_010954,CUST_00906,2023-07-21,Product Quality,Medium,2,5
TKT_010955,CUST_01447,2023-12-09,Return,Low,3,4
TKT_010956,CUST_00737,2023-06-25,Account,Low,3,5
TKT_010957,CUST_01234,2024-06-02,Delivery,Medium,3,4
TKT_010958,CUST_02392,2022-10-25,Return,Low,5,3
TKT_010959,CUST_04882,2022-03-29,Account,High,3,4
TKT_010960,CUST_04487,2023-10-30,Payment,Medium,7,2
TKT_010961,CUST_04615,2022-12-20,Other,Medium,3,5
TKT_010962,CUST_01255,2022-12-19,Other,Low,,5
TKT_010963,CUST_04574,2024-04-27,App Issue,Medium,2,2
TKT_010964,CUST_00864,2022-05-31,Account,Medium,2,5
TKT_010965,CUST_02750,2023-06-29,Other,Medium,1,
TKT_010966,CUST_04520,2022-05-18,Other,Low,3,1
TKT_010967,CUST_02985,2022-01-30,Return,Medium,2,5
TKT_010968,CUST_00089,2023-03-22,Delivery,High,3,3
TKT_010969,CUST_02305,2023-11-08,Product Quality,Medium,,1
TKT_010970,CUST_02787,2023-04-29,Other,Medium,5,5
TKT_010971,CUST_01451,2023-10-24,Delivery,Medium,3,4
TKT_010972,CUST_01341,2022-06-30,Payment,Medium,2,4
TKT_010973,CUST_00403,2023-01-20,Payment,High,3,5
TKT_010974,CUST_03550,2023-12-04,Return,Medium,3,4
TKT_010975,CUST_03810,2022-12-18,Delivery,Low,2,5
TKT_010976,CUST_02480,2022-02-07,Other,Medium,2,3
TKT_010977,CUST_00057,2024-03-07,Return,High,2,5
TKT_010978,CUST_01050,2022-01-31,Product Quality,Medium,3,5
TKT_010979,CUST_01375,2023-08-29,Return,High,3,5
TKT_010980,CUST_04996,2022-05-28,Delivery,Low,2,4
TKT_010981,CUST_03114,2024-05-08,Product Quality,High,2,5
TKT_010982,CUST_00333,2022-11-15,App Issue,Medium,2,2
TKT_010983,CUST_03329,2023-02-17,Return,Medium,1,
TKT_010984,CUST_04653,2023-03-27,Other,Medium,3,4
TKT_010985,CUST_01705,2023-11-29,Payment,High,10,
TKT_010986,CUST_04716,2022-09-05,Other,High,2,4
TKT_010987,CUST_02505,2022-07-30,Product Quality,Medium,3,2
TKT_010988,CUST_03983,2023-05-03,Delivery,Low,5,4
TKT_010989,CUST_04123,2023-11-05,Other,Medium,7,5
TKT_010990,CUST_00826,2023-07-19,Product Quality,Low,1,5
TKT_010991,CUST_03119,2023-06-22,Account,Medium,1,3
TKT_010992,CUST_01037,2024-05-23,Return,Low,2,3
TKT_010993,CUST_01920,2023-10-18,App Issue,Low,3,5
TKT_010994,CUST_04617,2023-12-04,App Issue,Medium,2,4
TKT_010995,CUST_02224,2022-10-01,Payment,Medium,1,5
TKT_010996,CUST_01255,2024-01-02,Return,Low,3,5
TKT_010997,CUST_02150,2023-03-09,App Issue,Low,7,3
TKT_010998,CUST_03692,2024-03-03,Product Quality,Medium,,4
TKT_010999,CUST_03792,2022-08-28,Payment,Medium,5,4
TKT_011000,CUST_00810,2022-08-14,App Issue,High,3,4
TKT_011001,CUST_00951,2022-08-01,App Issue,Medium,3,5
TKT_011002,CUST_03799,2022-01-17,Account,High,5,5
TKT_011003,CUST_02705,2023-06-11,Other,Medium,2,2
TKT_011004,CUST_02232,2023-10-31,Return,High,,4
TKT_011005,CUST_02225,2023-09-10,App Issue,High,1,3
TKT_011006,CUST_00058,2024-06-03,Delivery,Low,,3
TKT_011007,CUST_02722,2022-02-17,App Issue,Low,10,5
TKT_011008,CUST_03143,2023-11-23,Delivery,Medium,7,4
TKT_011009,CUST_03086,2023-03-18,Payment,High,2,4
TKT_011010,CUST_04488,2022-09-16,Account,Low,,4
TKT_011011,CUST_04583,2022-11-14,Product Quality,Low,7,4
TKT_011012,CUST_02112,2024-02-13,Product Quality,Medium,3,4
TKT_011013,CUST_02457,2022-07-27,App Issue,High,2,5
TKT_011014,CUST_03486,2022-12-22,Account,Medium,5,5
TKT_011015,CUST_02146,2023-05-23,Payment,Low,2,4
TKT_011016,CUST_01629,2022-12-02,Return,Medium,2,4
TKT_011017,CUST_00189,2023-01-15,Return,Medium,5,2
TKT_011018,CUST_01098,2023-06-23,Other,Low,5,4
TKT_011019,CUST_02410,2023-03-21,Payment,High,5,4
TKT_011020,CUST_00907,2022-07-27,Product Quality,Medium,7,4
TKT_011021,CUST_02309,2023-05-15,Payment,Low,7,4
TKT_011022,CUST_04082,2024-04-30,Payment,Medium,1,4
TKT_011023,CUST_00364,2022-10-05,App Issue,Low,2,3
TKT_011024,CUST_00902,2024-06-03,Account,Low,2,5
TKT_011025,CUST_00988,2024-03-31,Product Quality,High,5,1
TKT_011026,CUST_03665,2023-04-03,Product Quality,Medium,1,5
TKT_011027,CUST_01725,2023-11-29,Account,High,3,4
TKT_011028,CUST_03106,2024-06-08,App Issue,Medium,2,4
TKT_011029,CUST_02644,2023-05-29,Account,Low,5,5
TKT_011030,CUST_03195,2022-11-16,Account,Low,7,3
TKT_011031,CUST_04285,2023-01-28,Payment,High,10,2
TKT_011032,CUST_04526,2022-12-28,Other,Medium,2,
TKT_011033,CUST_02356,2022-01-06,Return,Medium,10,5
TKT_011034,CUST_04907,2023-05-03,Account,Medium,5,
TKT_011035,CUST_01301,2022-04-11,Delivery,Low,7,3
TKT_011036,CUST_03429,2024-03-12,Payment,Medium,2,2
TKT_011037,CUST_04879,2023-12-28,Payment,Medium,2,4
TKT_011038,CUST_02351,2022-06-17,Product Quality,Low,3,5
TKT_011039,CUST_02334,2023-10-20,Delivery,Medium,7,5
TKT_011040,CUST_02292,2024-05-14,Other,Medium,2,5
TKT_011041,CUST_02470,2023-12-28,Delivery,Low,3,3
TKT_011042,CUST_01831,2022-09-29,Payment,High,5,3
TKT_011043,CUST_01495,2023-08-11,Account,Low,5,5
TKT_011044,CUST_01141,2024-04-02,Delivery,Low,,4
TKT_011045,CUST_04263,2022-07-06,Payment,Low,2,4
TKT_011046,CUST_04496,2022-02-01,Product Quality,Medium,,3
TKT_011047,CUST_03815,2023-07-26,Account,Medium,1,
TKT_011048,CUST_04318,2022-05-31,App Issue,Low,3,1
TKT_011049,CUST_03365,2022-07-28,Payment,High,1,5
TKT_011050,CUST_01915,2023-07-09,Delivery,Low,7,5
TKT_011051,CUST_03175,2024-05-15,Account,Medium,10,2
TKT_011052,CUST_02391,2022-12-07,Other,Medium,5,5
TKT_011053,CUST_02671,2022-03-19,Payment,Low,3,1
TKT_011054,CUST_01875,2023-05-22,Payment,Low,7,1
TKT_011055,CUST_02851,2023-05-06,Delivery,High,3,
TKT_011056,CUST_00905,2023-06-13,Product Quality,Medium,7,4
TKT_011057,CUST_01741,2023-06-11,Account,High,1,2
TKT_011058,CUST_04292,2024-05-23,Other,Low,3,3
TKT_011059,CUST_01383,2024-04-15,Account,Medium,,4
TKT_011060,CUST_04789,2022-07-18,App Issue,Medium,1,2
TKT_011061,CUST_00042,2024-03-18,App Issue,Medium,10,4
TKT_011062,CUST_02991,2022-10-09,Product Quality,Low,10,4
TKT_011063,CUST_02408,2022-04-17,Account,Low,2,2
TKT_011064,CUST_04609,2023-04-13,Delivery,Medium,5,5
TKT_011065,CUST_04774,2022-04-22,Other,High,7,4
TKT_011066,CUST_02092,2022-05-09,Product Quality,Low,2,4
TKT_011067,CUST_01552,2022-08-26,Delivery,Medium,10,4
TKT_011068,CUST_02817,2022-06-06,Return,High,,3
TKT_011069,CUST_04348,2022-02-02,Other,Medium,1,
TKT_011070,CUST_00742,2023-07-18,Product Quality,Low,7,4
TKT_011071,CUST_00168,2023-04-11,Delivery,Medium,2,5
TKT_011072,CUST_02150,2023-01-21,Payment,Medium,2,5
TKT_011073,CUST_01174,2023-03-13,App Issue,Low,5,5
TKT_011074,CUST_03956,2022-02-28,App Issue,Medium,2,4
TKT_011075,CUST_04038,2022-07-12,Product Quality,Medium,1,3
TKT_011076,CUST_02573,2022-07-20,Account,Medium,2,4
TKT_011077,CUST_03075,2023-01-25,Product Quality,Medium,,5
TKT_011078,CUST_01469,2022-12-12,Return,Low,5,3
TKT_011079,CUST_03733,2022-09-16,Payment,Medium,7,
TKT_011080,CUST_04553,2023-09-06,Account,Medium,2,2
TKT_011081,CUST_04696,2022-01-02,App Issue,High,5,5
TKT_011082,CUST_01895,2022-02-18,Account,Medium,3,4
TKT_011083,CUST_02820,2024-05-09,Delivery,Medium,5,1
TKT_011084,CUST_03171,2022-01-25,Return,High,3,4
TKT_011085,CUST_00825,2023-04-27,Account,Medium,3,5
TKT_011086,CUST_01640,2023-08-17,Delivery,Medium,3,4
TKT_011087,CUST_03883,2023-03-06,Account,Medium,10,5
TKT_011088,CUST_03255,2023-07-30,Other,Low,2,3
TKT_011089,CUST_00585,2023-04-20,Delivery,Medium,3,5
TKT_011090,CUST_02488,2024-06-07,Other,Low,10,4
TKT_011091,CUST_03483,2023-05-19,Delivery,Medium,7,4
TKT_011092,CUST_04123,2022-09-25,Delivery,Medium,2,4
TKT_011093,CUST_04913,2023-02-13,Delivery,High,,4
TKT_011094,CUST_01957,2024-05-27,Payment,Medium,,4
TKT_011095,CUST_02008,2023-07-19,Delivery,Medium,1,3
TKT_011096,CUST_02879,2024-06-17,Return,High,10,4
TKT_011097,CUST_04908,2022-03-03,Return,High,5,4
TKT_011098,CUST_03670,2023-12-10,Payment,Low,10,4
TKT_011099,CUST_00972,2022-05-20,Return,High,3,4
TKT_011100,CUST_00237,2024-02-18,Product Quality,Medium,,4
TKT_011101,CUST_02976,2023-09-30,Account,Medium,7,5
TKT_011102,CUST_04683,2023-09-26,Account,Low,7,4
TKT_011103,CUST_03575,2022-08-15,Return,Low,,3
TKT_011104,CUST_01885,2023-12-19,Account,High,7,5
TKT_011105,CUST_02062,2023-07-16,Payment,Low,5,4
TKT_011106,CUST_03751,2024-01-10,Product Quality,Medium,5,4
TKT_011107,CUST_00951,2022-10-13,Payment,Medium,5,3
TKT_011108,CUST_00405,2023-06-12,App Issue,High,7,2
TKT_011109,CUST_01957,2023-09-29,Payment,Medium,10,4
TKT_011110,CUST_01161,2023-01-31,Product Quality,High,7,3
TKT_011111,CUST_02757,2022-01-12,Account,Low,2,3
TKT_011112,CUST_00397,2022-02-07,Product Quality,High,3,1
TKT_011113,CUST_02784,2024-03-12,Other,Medium,1,3
TKT_011114,CUST_02191,2023-02-20,Account,High,10,
TKT_011115,CUST_04542,2022-01-26,Return,Medium,1,5
TKT_011116,CUST_01256,2022-07-26,Return,Low,3,5
TKT_011117,CUST_04521,2022-07-29,Return,Medium,3,5
TKT_011118,CUST_02303,2024-01-21,Return,Low,1,1
TKT_011119,CUST_01095,2022-10-03,Payment,Low,3,5
TKT_011120,CUST_02102,2022-09-22,Payment,Low,5,4
TKT_011121,CUST_03206,2023-08-22,Payment,Medium,1,4
TKT_011122,CUST_01189,2023-04-04,Account,High,2,5
TKT_011123,CUST_03439,2022-11-28,Other,Medium,,3
TKT_011124,CUST_04671,2024-02-22,Other,High,7,4
TKT_011125,CUST_03641,2022-07-09,Product Quality,Medium,1,5
TKT_011126,CUST_00376,2022-01-30,App Issue,Medium,2,5
TKT_011127,CUST_02081,2022-05-05,Payment,Low,7,3
TKT_011128,CUST_00033,2022-11-09,Delivery,Medium,1,5
TKT_011129,CUST_02842,2022-05-15,Product Quality,Low,1,4
TKT_011130,CUST_01721,2023-11-04,Other,Medium,5,4
TKT_011131,CUST_02823,2022-05-14,Payment,Medium,5,1
TKT_011132,CUST_00117,2023-04-12,Return,Medium,3,
TKT_011133,CUST_00499,2024-06-07,Product Quality,Low,1,3
TKT_011134,CUST_02549,2023-08-01,Other,Low,2,5
TKT_011135,CUST_01547,2024-05-09,Delivery,Medium,5,5
TKT_011136,CUST_04468,2022-02-11,Account,Medium,5,1
TKT_011137,CUST_00280,2023-08-08,Other,Low,3,5
TKT_011138,CUST_00438,2022-10-03,Delivery,Low,2,5
TKT_011139,CUST_04034,2023-06-25,Product Quality,High,2,5
TKT_011140,CUST_04085,2023-01-15,Product Quality,Medium,2,5
TKT_011141,CUST_03779,2022-10-27,App Issue,Medium,1,5
TKT_011142,CUST_03640,2022-07-11,Payment,Medium,2,4
TKT_011143,CUST_01284,2024-05-30,Product Quality,Low,5,4
TKT_011144,CUST_00282,2022-09-24,Payment,Medium,1,
TKT_011145,CUST_01369,2024-02-12,Account,Medium,3,5
TKT_011146,CUST_04493,2022-05-29,Other,Medium,2,
TKT_011147,CUST_00282,2024-06-11,Delivery,Medium,3,5
TKT_011148,CUST_04272,2023-04-14,Account,Low,5,5
TKT_011149,CUST_01705,2024-06-14,Account,High,2,4
TKT_011150,CUST_03243,2022-07-12,Return,Low,1,5
TKT_011151,CUST_03646,2022-10-10,App Issue,Low,2,5
TKT_011152,CUST_04616,2022-03-11,App Issue,Low,,5
TKT_011153,CUST_03328,2023-05-12,Return,Medium,3,3
TKT_011154,CUST_03896,2023-06-01,Delivery,Medium,7,5
TKT_011155,CUST_04193,2024-03-28,Payment,Medium,5,4
TKT_011156,CUST_01905,2022-12-02,Product Quality,Low,1,4
TKT_011157,CUST_00055,2022-05-06,Return,Low,3,3
TKT_011158,CUST_00204,2023-03-16,App Issue,Medium,2,
TKT_011159,CUST_01867,2023-08-15,App Issue,High,2,5
TKT_011160,CUST_01025,2022-05-26,Payment,Medium,1,4
TKT_011161,CUST_04466,2022-04-17,Delivery,Low,2,4
TKT_011162,CUST_01554,2022-03-04,Product Quality,Medium,1,4
TKT_011163,CUST_03571,2022-07-14,App Issue,Medium,3,
TKT_011164,CUST_01004,2022-06-02,Return,Low,3,5
TKT_011165,CUST_01484,2022-05-30,Other,Medium,5,5
TKT_011166,CUST_02201,2022-05-07,Other,High,5,2
TKT_011167,CUST_02821,2022-05-28,Account,Low,2,3
TKT_011168,CUST_02726,2024-04-02,Other,High,5,2
TKT_011169,CUST_03275,2022-06-28,Product Quality,High,1,2
TKT_011170,CUST_04930,2024-03-08,Delivery,High,2,2
TKT_011171,CUST_03614,2023-01-27,Product Quality,Low,3,1
TKT_011172,CUST_01248,2023-02-20,Account,Low,3,4
TKT_011173,CUST_03496,2022-09-05,Return,Medium,5,4
TKT_011174,CUST_02659,2024-02-27,Product Quality,High,7,5
TKT_011175,CUST_03182,2023-03-02,Other,Medium,3,4
TKT_011176,CUST_02592,2022-10-06,Other,Low,7,4
TKT_011177,CUST_04795,2022-05-30,Account,Medium,1,1
TKT_011178,CUST_04694,2022-10-30,Product Quality,Medium,3,5
TKT_011179,CUST_01423,2022-01-04,App Issue,Low,1,5
TKT_011180,CUST_03865,2023-03-19,Payment,High,1,4
TKT_011181,CUST_00096,2022-08-19,App Issue,Low,2,
TKT_011182,CUST_02263,2022-12-08,Payment,Medium,10,5
TKT_011183,CUST_01767,2023-10-24,App Issue,Medium,7,4
TKT_011184,CUST_02444,2024-05-23,Product Quality,Medium,5,3
TKT_011185,CUST_00017,2024-05-16,Return,High,7,3
TKT_011186,CUST_00936,2024-03-08,Return,Low,2,4
TKT_011187,CUST_01409,2022-04-04,Delivery,High,2,5
TKT_011188,CUST_00488,2022-03-02,Return,Medium,5,5
TKT_011189,CUST_01716,2023-03-26,Account,Medium,2,5
TKT_011190,CUST_01190,2024-01-07,Account,Medium,,4
TKT_011191,CUST_03646,2023-11-08,Account,Medium,1,2
TKT_011192,CUST_01617,2023-07-11,Delivery,Low,7,3
TKT_011193,CUST_00087,2022-06-14,Other,Medium,1,5
TKT_011194,CUST_00937,2023-11-26,Return,Medium,3,3
TKT_011195,CUST_02686,2022-06-25,App Issue,Medium,7,2
TKT_011196,CUST_02552,2023-07-16,Delivery,High,5,3
TKT_011197,CUST_00169,2023-12-22,Product Quality,Medium,2,4
TKT_011198,CUST_04126,2022-12-01,Product Quality,Medium,2,5
TKT_011199,CUST_02931,2023-04-15,Product Quality,High,2,4
TKT_011200,CUST_01358,2022-09-09,Payment,Low,1,
TKT_011201,CUST_02707,2022-03-05,Return,Medium,1,4
TKT_011202,CUST_01874,2024-03-21,Delivery,Medium,1,5
TKT_011203,CUST_04653,2023-07-25,Other,Low,2,3
TKT_011204,CUST_02678,2022-08-02,Product Quality,Low,5,
TKT_011205,CUST_03719,2023-03-12,Account,Medium,7,3
TKT_011206,CUST_00314,2023-06-03,Product Quality,Medium,1,3
TKT_011207,CUST_00005,2024-04-11,Delivery,Medium,,2
TKT_011208,CUST_01836,2023-04-14,Other,Medium,3,4
TKT_011209,CUST_01408,2022-07-02,Return,Medium,5,2
TKT_011210,CUST_00509,2023-01-12,Account,Low,2,2
TKT_011211,CUST_00287,2024-05-04,Account,High,1,1
TKT_011212,CUST_04175,2022-07-24,Payment,Low,2,4
TKT_011213,CUST_04309,2022-11-15,Account,Medium,2,4
TKT_011214,CUST_00173,2023-09-23,Account,Medium,5,2
TKT_011215,CUST_02693,2022-02-07,App Issue,High,1,3
TKT_011216,CUST_02418,2022-04-07,Product Quality,Low,10,5
TKT_011217,CUST_02881,2022-08-16,Delivery,Medium,3,3
TKT_011218,CUST_02889,2023-11-13,Delivery,Low,1,5
TKT_011219,CUST_02753,2024-03-26,Return,Medium,10,5
TKT_011220,CUST_02786,2022-11-13,Account,Low,7,5
TKT_011221,CUST_03383,2022-02-12,Other,High,5,4
TKT_011222,CUST_00015,2022-04-15,Delivery,High,3,5
TKT_011223,CUST_00125,2023-08-26,Account,High,2,5
TKT_011224,CUST_02796,2022-02-15,App Issue,Low,,3
TKT_011225,CUST_01210,2023-08-27,Account,Medium,10,5
TKT_011226,CUST_01229,2022-09-30,Return,Low,7,5
TKT_011227,CUST_02729,2022-02-01,Delivery,Medium,2,3
TKT_011228,CUST_03285,2023-09-20,Other,High,5,3
TKT_011229,CUST_01032,2022-04-07,Delivery,Medium,1,2
TKT_011230,CUST_00496,2023-12-17,Return,High,2,5
TKT_011231,CUST_00107,2023-03-13,Other,Medium,1,1
TKT_011232,CUST_01610,2023-04-20,Payment,Low,2,5
TKT_011233,CUST_03558,2022-10-28,Product Quality,Low,3,1
TKT_011234,CUST_02478,2023-06-29,Other,Medium,5,2
TKT_011235,CUST_00668,2022-08-05,Payment,High,1,5
TKT_011236,CUST_03017,2023-09-16,Delivery,Medium,3,3
TKT_011237,CUST_00099,2023-04-30,Payment,Medium,7,4
TKT_011238,CUST_04391,2022-08-12,Return,Low,3,5
TKT_011239,CUST_00465,2023-05-20,Product Quality,Low,5,5
TKT_011240,CUST_04179,2023-05-30,App Issue,Medium,3,4
TKT_011241,CUST_04286,2023-07-24,Return,Medium,3,5
TKT_011242,CUST_00372,2022-08-21,Account,Low,5,5
TKT_011243,CUST_01345,2023-08-06,Account,Medium,2,4
TKT_011244,CUST_02258,2022-11-07,Other,Medium,1,2
TKT_011245,CUST_00424,2024-06-17,Other,Low,2,5
TKT_011246,CUST_02823,2024-01-25,Payment,Low,3,4
TKT_011247,CUST_00721,2024-06-15,App Issue,Low,5,1
TKT_011248,CUST_04720,2022-04-27,Other,Medium,3,4
TKT_011249,CUST_01555,2023-08-03,Product Quality,Medium,,4
TKT_011250,CUST_04868,2022-03-03,Other,Low,2,1
TKT_011251,CUST_00146,2024-02-26,App Issue,Medium,1,4
TKT_011252,CUST_00307,2023-11-30,Product Quality,Low,3,5
TKT_011253,CUST_04371,2023-11-01,Delivery,High,7,4
TKT_011254,CUST_01872,2022-05-19,Delivery,Low,3,5
TKT_011255,CUST_00960,2024-04-27,Return,Medium,1,1
TKT_011256,CUST_03642,2023-12-13,Product Quality,High,3,5
TKT_011257,CUST_01825,2022-07-16,Delivery,Medium,1,3
TKT_011258,CUST_03776,2023-06-23,Product Quality,Low,1,4
TKT_011259,CUST_01916,2024-02-28,Account,Medium,5,1
TKT_011260,CUST_00475,2023-11-19,Return,Medium,3,3
TKT_011261,CUST_03040,2022-12-31,Delivery,Medium,2,4
TKT_011262,CUST_03031,2023-09-25,Account,Low,7,1
TKT_011263,CUST_00139,2023-03-02,Delivery,Medium,5,4
TKT_011264,CUST_02258,2023-04-01,Payment,Medium,1,5
TKT_011265,CUST_03455,2022-03-19,Account,Medium,2,2
TKT_011266,CUST_01122,2023-06-01,App Issue,High,2,4
TKT_011267,CUST_04692,2023-06-15,Delivery,Medium,7,4
TKT_011268,CUST_00897,2023-01-04,App Issue,Low,7,2
TKT_011269,CUST_00545,2024-06-07,Payment,Medium,2,2
TKT_011270,CUST_02476,2023-01-02,Other,High,3,4
TKT_011271,CUST_02516,2024-03-20,Other,Medium,2,4
TKT_011272,CUST_04574,2022-05-23,Payment,Medium,1,4
TKT_011273,CUST_02599,2024-01-15,Return,Low,1,1
TKT_011274,CUST_01087,2024-01-28,Delivery,Medium,3,2
TKT_011275,CUST_03730,2023-10-31,Delivery,Medium,2,5
TKT_011276,CUST_04282,2022-06-10,Other,Medium,5,4
TKT_011277,CUST_02366,2022-06-30,Delivery,Medium,3,
TKT_011278,CUST_02795,2023-02-05,Return,High,2,5
TKT_011279,CUST_00552,2022-07-28,Delivery,Medium,1,5
TKT_011280,CUST_03839,2023-02-19,Return,Low,1,5
TKT_011281,CUST_03026,2022-03-25,Return,High,2,
TKT_011282,CUST_02739,2024-02-14,Product Quality,Medium,3,
TKT_011283,CUST_04791,2022-11-29,Account,High,10,5
TKT_011284,CUST_04170,2022-02-12,App Issue,Medium,2,4
TKT_011285,CUST_04684,2022-07-10,Return,Low,10,4
TKT_011286,CUST_00138,2023-09-15,Payment,Medium,5,4
TKT_011287,CUST_03842,2022-03-07,Other,Low,3,4
TKT_011288,CUST_03299,2023-09-18,Return,High,2,4
TKT_011289,CUST_03100,2024-01-17,Return,Low,2,4
TKT_011290,CUST_03880,2023-07-01,Delivery,High,3,4
TKT_011291,CUST_04147,2023-06-13,Delivery,Medium,2,5
TKT_011292,CUST_00927,2023-07-12,Account,Low,5,4
TKT_011293,CUST_01970,2022-06-29,App Issue,Low,5,
TKT_011294,CUST_01735,2022-11-12,App Issue,Medium,7,4
TKT_011295,CUST_04269,2024-01-13,Account,Low,1,5
TKT_011296,CUST_03439,2022-02-28,Other,Medium,2,4
TKT_011297,CUST_03722,2023-07-01,Other,Medium,1,4
TKT_011298,CUST_02132,2022-04-04,Product Quality,Low,1,4
TKT_011299,CUST_01823,2023-10-11,Product Quality,Low,1,3
TKT_011300,CUST_03090,2023-06-28,Delivery,Low,10,4
TKT_011301,CUST_02013,2022-11-15,App Issue,Low,2,5
TKT_011302,CUST_03432,2023-06-05,App Issue,Medium,1,3
TKT_011303,CUST_04328,2022-02-19,Payment,Low,1,4
TKT_011304,CUST_01759,2023-06-14,App Issue,Low,1,5
TKT_011305,CUST_04163,2023-05-15,Return,Low,10,4
TKT_011306,CUST_01749,2023-02-13,Payment,Medium,2,5
TKT_011307,CUST_03411,2022-03-06,App Issue,High,5,3
TKT_011308,CUST_00968,2023-01-21,Other,Medium,1,4
TKT_011309,CUST_00382,2024-01-30,Payment,High,1,5
TKT_011310,CUST_00217,2024-02-18,Product Quality,Medium,3,4
TKT_011311,CUST_00739,2022-12-08,Delivery,Medium,10,4
TKT_011312,CUST_00701,2022-07-29,App Issue,Low,3,
TKT_011313,CUST_02072,2023-07-22,Product Quality,Low,1,4
TKT_011314,CUST_03830,2024-01-18,Payment,Medium,1,4
TKT_011315,CUST_01372,2022-06-16,Account,Medium,2,4
TKT_011316,CUST_04201,2022-09-25,Other,Medium,1,5
TKT_011317,CUST_03459,2022-01-07,Product Quality,Low,2,1
TKT_011318,CUST_00489,2023-10-30,App Issue,Low,2,3
TKT_011319,CUST_01231,2023-05-25,Payment,Medium,1,5
TKT_011320,CUST_03338,2024-04-03,Account,Low,3,3
TKT_011321,CUST_01446,2023-01-03,App Issue,Medium,3,2
TKT_011322,CUST_00049,2022-04-25,Other,Low,7,5
TKT_011323,CUST_00971,2022-12-06,Other,Low,3,4
TKT_011324,CUST_02045,2023-06-04,Delivery,Medium,7,4
TKT_011325,CUST_01317,2024-06-14,Payment,Medium,1,4
TKT_011326,CUST_03929,2024-03-19,Product Quality,High,1,2
TKT_011327,CUST_00432,2022-06-29,Delivery,High,1,4
TKT_011328,CUST_01314,2023-04-29,Product Quality,Low,2,4
TKT_011329,CUST_04944,2023-07-01,Return,Medium,2,4
TKT_011330,CUST_00827,2023-07-07,Account,Medium,5,1
TKT_011331,CUST_04512,2022-11-14,Other,Medium,3,5
TKT_011332,CUST_01159,2024-02-22,Delivery,Medium,3,4
TKT_011333,CUST_01257,2023-08-13,Account,Low,,5
TKT_011334,CUST_03518,2023-04-03,Product Quality,High,10,4
TKT_011335,CUST_00799,2023-09-01,Product Quality,Medium,5,5
TKT_011336,CUST_03925,2022-01-14,Delivery,High,2,4
TKT_011337,CUST_02264,2024-06-18,Delivery,Low,10,3
TKT_011338,CUST_00689,2022-05-29,Account,High,1,5
TKT_011339,CUST_04268,2022-05-25,Delivery,Medium,5,4
TKT_011340,CUST_01348,2023-04-10,Return,Medium,5,3
TKT_011341,CUST_02669,2023-04-17,Delivery,Medium,2,
TKT_011342,CUST_00987,2024-01-27,Payment,Medium,5,3
TKT_011343,CUST_03689,2022-05-20,Product Quality,Low,1,4
TKT_011344,CUST_04891,2023-07-22,Product Quality,Medium,10,5
TKT_011345,CUST_00854,2023-11-28,Account,Low,2,5
TKT_011346,CUST_02877,2022-08-06,Payment,Medium,2,5
TKT_011347,CUST_03617,2024-05-25,Other,Low,1,5
TKT_011348,CUST_03611,2024-02-03,Return,High,3,5
TKT_011349,CUST_01494,2022-09-11,Delivery,Medium,2,3
TKT_011350,CUST_04752,2024-03-07,Account,Medium,,5
TKT_011351,CUST_01854,2024-01-10,Account,High,7,4
TKT_011352,CUST_01633,2023-11-26,Product Quality,High,10,3
TKT_011353,CUST_04260,2022-12-31,Product Quality,Medium,2,5
TKT_011354,CUST_04079,2024-06-01,Other,High,1,3
TKT_011355,CUST_02010,2023-05-01,Payment,Medium,10,4
TKT_011356,CUST_00938,2022-06-21,Other,High,2,5
TKT_011357,CUST_04763,2022-03-26,Delivery,Low,3,4
TKT_011358,CUST_00645,2024-06-15,Delivery,High,2,
TKT_011359,CUST_03379,2023-04-26,Product Quality,Low,1,5
TKT_011360,CUST_01314,2022-05-24,Product Quality,Medium,5,5
TKT_011361,CUST_01008,2024-05-30,Return,Medium,3,3
TKT_011362,CUST_02895,2022-01-07,Account,Medium,2,3
TKT_011363,CUST_01012,2023-03-07,Account,High,2,5
TKT_011364,CUST_04947,2023-11-14,Product Quality,Low,3,3
TKT_011365,CUST_03235,2023-04-07,Account,Low,1,3
TKT_011366,CUST_00171,2022-10-22,Payment,High,2,4
TKT_011367,CUST_00104,2022-02-02,Payment,High,7,1
TKT_011368,CUST_03376,2023-10-13,Product Quality,Medium,2,3
TKT_011369,CUST_04320,2023-10-28,Product Quality,Low,3,4
TKT_011370,CUST_01425,2023-06-18,Product Quality,Low,1,5
TKT_011371,CUST_04888,2023-09-14,Other,Medium,10,4
TKT_011372,CUST_00040,2022-05-29,Return,Low,7,4
TKT_011373,CUST_03082,2024-04-07,Payment,Low,5,4
TKT_011374,CUST_00294,2023-08-17,Product Quality,Medium,5,4
TKT_011375,CUST_02514,2022-07-29,Account,Low,5,5
TKT_011376,CUST_04973,2024-02-27,Delivery,Medium,7,3
TKT_011377,CUST_00473,2023-08-08,Payment,Medium,7,4
TKT_011378,CUST_00865,2022-10-31,App Issue,Low,1,3
TKT_011379,CUST_01311,2024-06-17,Product Quality,Medium,1,4
TKT_011380,CUST_02945,2023-12-16,Other,High,1,
TKT_011381,CUST_01301,2023-10-11,Product Quality,High,5,3
TKT_011382,CUST_04211,2023-04-10,Account,Low,1,3
TKT_011383,CUST_04576,2022-03-04,Delivery,Low,3,3
TKT_011384,CUST_01782,2022-12-16,Payment,High,10,4
TKT_011385,CUST_04523,2023-11-19,Account,Medium,5,4
TKT_011386,CUST_00417,2022-11-26,App Issue,Low,2,4
TKT_011387,CUST_01528,2022-01-31,Return,High,2,4
TKT_011388,CUST_03606,2023-05-30,Payment,Medium,2,5
TKT_011389,CUST_02609,2023-12-15,Return,Medium,3,1
TKT_011390,CUST_02903,2023-03-09,App Issue,Low,1,4
TKT_011391,CUST_01272,2023-10-25,Delivery,Medium,1,5
TKT_011392,CUST_03944,2022-08-05,Payment,Low,5,5
TKT_011393,CUST_00884,2022-09-08,Delivery,Medium,3,4
TKT_011394,CUST_01409,2022-01-29,Other,Medium,5,5
TKT_011395,CUST_04753,2024-03-16,Account,Medium,,4
TKT_011396,CUST_04670,2024-06-12,Return,Medium,2,3
TKT_011397,CUST_02559,2022-04-02,Delivery,High,7,4
TKT_011398,CUST_03401,2024-03-19,Other,High,3,3
TKT_011399,CUST_02347,2023-04-21,Other,Low,2,4
TKT_011400,CUST_00162,2022-09-08,Account,High,2,4
TKT_011401,CUST_00511,2022-04-06,Delivery,Medium,2,3
TKT_011402,CUST_02214,2022-07-25,Account,Medium,3,5
TKT_011403,CUST_01274,2023-09-23,Product Quality,High,5,5
TKT_011404,CUST_00563,2023-06-09,Account,Medium,10,4
TKT_011405,CUST_03939,2022-07-14,Payment,Medium,1,3
TKT_011406,CUST_02675,2024-02-24,Payment,High,10,4
TKT_011407,CUST_02280,2023-07-04,Payment,Medium,1,4
TKT_011408,CUST_01651,2024-01-07,Return,High,1,4
TKT_011409,CUST_03312,2022-07-30,Return,Low,1,5
TKT_011410,CUST_03700,2022-12-07,Delivery,Low,1,5
TKT_011411,CUST_03616,2024-06-10,Account,Medium,3,4
TKT_011412,CUST_03425,2024-06-05,App Issue,Low,1,5
TKT_011413,CUST_01426,2022-11-24,App Issue,Low,3,4
TKT_011414,CUST_02002,2024-04-23,Delivery,Low,1,1
TKT_011415,CUST_03187,2023-09-26,App Issue,High,2,3
TKT_011416,CUST_01547,2023-03-08,Payment,Medium,,4
TKT_011417,CUST_01978,2022-08-30,App Issue,Medium,3,3
TKT_011418,CUST_00965,2022-10-16,Payment,Low,5,5
TKT_011419,CUST_03183,2023-09-05,App Issue,High,5,5
TKT_011420,CUST_04184,2023-09-21,App Issue,Medium,7,4
TKT_011421,CUST_04976,2024-02-25,Payment,Low,7,5
TKT_011422,CUST_03567,2022-01-07,Other,Medium,3,5
TKT_011423,CUST_03661,2022-07-28,App Issue,High,3,5
TKT_011424,CUST_04153,2022-11-11,Delivery,Medium,3,4
TKT_011425,CUST_03237,2022-03-15,Return,Medium,1,4
TKT_011426,CUST_01890,2024-02-25,Delivery,High,1,4
TKT_011427,CUST_04329,2023-01-04,Other,Medium,1,4
TKT_011428,CUST_04228,2023-07-20,App Issue,Low,3,2
TKT_011429,CUST_00373,2022-09-05,Return,Medium,2,5
TKT_011430,CUST_00349,2023-12-11,Product Quality,Low,2,1
TKT_011431,CUST_03101,2023-07-28,Other,Medium,5,4
TKT_011432,CUST_04941,2022-12-09,Account,Medium,3,2
TKT_011433,CUST_02452,2022-10-15,Other,Medium,1,5
TKT_011434,CUST_02641,2022-10-22,Account,Medium,3,3
TKT_011435,CUST_02272,2023-06-12,Other,Medium,7,4
TKT_011436,CUST_02281,2022-03-09,Delivery,High,2,3
TKT_011437,CUST_04903,2022-04-01,Other,Low,2,5
TKT_011438,CUST_02534,2023-09-28,Product Quality,Medium,2,4
TKT_011439,CUST_02099,2023-12-02,Account,High,10,4
TKT_011440,CUST_03394,2024-01-03,Delivery,High,2,3
TKT_011441,CUST_00237,2024-04-01,Product Quality,Medium,10,4
TKT_011442,CUST_00387,2023-01-17,Product Quality,Low,5,5
TKT_011443,CUST_01150,2023-09-16,App Issue,Medium,5,3
TKT_011444,CUST_03199,2022-03-06,Product Quality,Medium,2,4
TKT_011445,CUST_03761,2024-03-07,Account,Medium,,2
TKT_011446,CUST_02533,2022-07-25,App Issue,Medium,1,4
TKT_011447,CUST_04958,2023-07-09,Other,High,5,5
TKT_011448,CUST_00123,2022-03-04,App Issue,Medium,2,
TKT_011449,CUST_00107,2023-02-12,Return,Medium,3,5
TKT_011450,CUST_04242,2024-01-13,Account,Medium,3,
TKT_011451,CUST_04944,2022-11-13,Product Quality,Medium,3,5
TKT_011452,CUST_02678,2022-07-30,Payment,High,,5
TKT_011453,CUST_02840,2023-12-15,Delivery,Medium,1,5
TKT_011454,CUST_03127,2022-09-26,Other,Medium,1,3
TKT_011455,CUST_00904,2022-01-23,Return,Low,,5
TKT_011456,CUST_02516,2024-06-02,Account,Low,1,5
TKT_011457,CUST_00525,2023-09-12,Account,Medium,1,5
TKT_011458,CUST_03397,2023-06-15,Payment,Medium,,5
TKT_011459,CUST_00357,2023-03-27,Delivery,Low,2,4
TKT_011460,CUST_02578,2023-07-29,App Issue,High,5,4
TKT_011461,CUST_04236,2024-03-21,Account,Medium,1,3
TKT_011462,CUST_00770,2024-04-27,Product Quality,Low,3,3
TKT_011463,CUST_03189,2022-04-20,App Issue,Medium,,4
TKT_011464,CUST_01188,2022-02-01,Return,Low,1,3
TKT_011465,CUST_02525,2022-12-04,Product Quality,Low,5,4
TKT_011466,CUST_03816,2022-02-04,Other,Low,2,3
TKT_011467,CUST_03628,2022-10-06,Other,Medium,5,4
TKT_011468,CUST_02895,2023-08-30,Payment,Medium,2,2
TKT_011469,CUST_02681,2024-06-16,Product Quality,Medium,2,1
TKT_011470,CUST_04802,2023-07-02,Delivery,High,3,1
TKT_011471,CUST_01928,2022-05-16,Return,Medium,,3
TKT_011472,CUST_02704,2023-05-26,Return,High,1,4
TKT_011473,CUST_00483,2024-03-02,App Issue,Low,3,2
TKT_011474,CUST_01111,2022-05-16,App Issue,Medium,1,3
TKT_011475,CUST_02606,2022-09-16,Payment,Low,1,5
TKT_011476,CUST_02295,2024-04-27,Return,Low,2,
TKT_011477,CUST_01620,2022-05-24,Product Quality,Medium,5,4
TKT_011478,CUST_01794,2024-04-25,Delivery,Medium,3,5
TKT_011479,CUST_04896,2023-01-15,Other,Medium,5,4
TKT_011480,CUST_02279,2023-08-08,Payment,Medium,1,5
TKT_011481,CUST_04037,2023-07-03,Return,Low,1,4
TKT_011482,CUST_01011,2023-10-18,Product Quality,Medium,2,5
TKT_011483,CUST_02958,2022-09-28,Account,Medium,2,5
TKT_011484,CUST_02860,2023-01-16,App Issue,Low,1,5
TKT_011485,CUST_03902,2023-12-16,Other,Low,3,2
TKT_011486,CUST_03363,2023-03-29,Delivery,Medium,1,2
TKT_011487,CUST_02487,2022-12-15,Account,Medium,1,4
TKT_011488,CUST_03100,2023-08-07,Return,Medium,1,
TKT_011489,CUST_00063,2022-11-14,Account,Medium,3,3
TKT_011490,CUST_03766,2024-01-08,App Issue,Low,5,
TKT_011491,CUST_00917,2022-11-03,Other,Medium,5,3
TKT_011492,CUST_04121,2023-01-08,Delivery,High,2,5
TKT_011493,CUST_00033,2022-07-15,Payment,Low,5,4
TKT_011494,CUST_03539,2023-06-30,Other,Low,1,4
TKT_011495,CUST_03961,2022-03-09,Other,Low,2,5
TKT_011496,CUST_01238,2022-01-27,Return,Medium,1,5
TKT_011497,CUST_01257,2023-07-07,Product Quality,High,,5
TKT_011498,CUST_03891,2023-07-09,Other,Low,1,4
TKT_011499,CUST_03517,2024-02-16,Delivery,Medium,2,4
TKT_011500,CUST_01773,2023-03-21,Other,Low,5,4
TKT_011501,CUST_00565,2023-08-15,Payment,Low,,4
TKT_011502,CUST_03242,2023-07-30,Return,Medium,2,
TKT_011503,CUST_04814,2022-01-17,Delivery,Low,1,4
TKT_011504,CUST_04054,2023-11-14,Product Quality,Low,2,4
TKT_011505,CUST_01828,2023-02-12,Delivery,Low,5,2
TKT_011506,CUST_03807,2023-10-08,App Issue,High,,5
TKT_011507,CUST_04700,2023-07-16,Delivery,Low,,4
TKT_011508,CUST_04604,2023-01-31,Return,Medium,2,4
TKT_011509,CUST_00914,2022-10-22,Product Quality,Medium,2,3
TKT_011510,CUST_04221,2023-06-01,Payment,Medium,3,5
TKT_011511,CUST_04090,2022-04-03,Return,Medium,3,4
TKT_011512,CUST_02534,2023-07-01,Delivery,Medium,1,4
TKT_011513,CUST_03298,2022-11-20,App Issue,Medium,5,4
TKT_011514,CUST_01065,2022-10-27,Account,Low,2,4
TKT_011515,CUST_04608,2023-08-06,Delivery,Low,1,3
TKT_011516,CUST_01905,2024-01-15,Account,Medium,,4
TKT_011517,CUST_01135,2022-08-26,App Issue,Medium,2,4
TKT_011518,CUST_00728,2022-05-20,Return,Low,1,4
TKT_011519,CUST_02214,2022-03-02,Delivery,Low,3,
TKT_011520,CUST_00778,2022-09-13,Return,Medium,1,1
TKT_011521,CUST_02143,2022-03-23,App Issue,Medium,,5
TKT_011522,CUST_04725,2023-12-31,Payment,Low,1,5
TKT_011523,CUST_04224,2024-02-01,Return,Medium,,4
TKT_011524,CUST_03821,2024-04-01,Other,Medium,2,3
TKT_011525,CUST_01738,2023-04-07,Account,Medium,,4
TKT_011526,CUST_01649,2022-08-25,App Issue,Medium,10,5
TKT_011527,CUST_00790,2023-04-02,App Issue,Medium,2,
TKT_011528,CUST_03121,2022-08-14,Delivery,Low,7,5
TKT_011529,CUST_02759,2022-12-12,Delivery,High,3,5
TKT_011530,CUST_04391,2024-01-02,Other,Medium,7,4
TKT_011531,CUST_03468,2024-02-07,Product Quality,Medium,1,5
TKT_011532,CUST_02764,2023-05-11,Return,Medium,3,4
TKT_011533,CUST_03187,2022-08-18,Return,Medium,3,4
TKT_011534,CUST_00388,2023-06-09,Other,Medium,3,4
TKT_011535,CUST_03845,2022-12-18,Payment,Low,3,3
TKT_011536,CUST_03211,2024-02-17,App Issue,High,5,5
TKT_011537,CUST_02185,2023-03-02,Return,Low,5,4
TKT_011538,CUST_03585,2024-03-15,Other,Medium,,
TKT_011539,CUST_03669,2022-05-30,Return,Medium,2,5
TKT_011540,CUST_04991,2022-02-20,Payment,Medium,5,1
TKT_011541,CUST_03978,2024-06-14,Payment,Low,1,3
TKT_011542,CUST_04202,2024-01-01,Product Quality,Medium,5,5
TKT_011543,CUST_04036,2024-05-28,Account,Medium,5,4
TKT_011544,CUST_01207,2022-03-13,Other,Low,1,5
TKT_011545,CUST_02627,2022-04-18,Return,Medium,1,5
TKT_011546,CUST_00746,2023-04-25,Return,Low,7,4
TKT_011547,CUST_04911,2022-01-15,Delivery,High,7,5
TKT_011548,CUST_03824,2022-07-29,Return,Medium,2,
TKT_011549,CUST_00304,2023-10-05,Other,Low,2,4
TKT_011550,CUST_02716,2022-01-31,Payment,Medium,2,4
TKT_011551,CUST_04205,2023-09-13,Product Quality,Low,10,5
TKT_011552,CUST_04647,2023-12-28,Delivery,Medium,1,4
TKT_011553,CUST_03659,2023-10-28,Product Quality,Medium,3,5
TKT_011554,CUST_02286,2022-11-24,Delivery,High,3,4
TKT_011555,CUST_04526,2023-03-27,Account,Low,7,5
TKT_011556,CUST_04826,2022-08-28,Return,Medium,5,4
TKT_011557,CUST_03762,2022-11-01,App Issue,Medium,5,3
TKT_011558,CUST_00017,2023-09-14,Return,High,10,4
TKT_011559,CUST_01615,2022-09-17,Product Quality,Medium,2,5
TKT_011560,CUST_00399,2023-04-01,Return,High,7,4
TKT_011561,CUST_04104,2022-10-12,App Issue,Low,5,5
TKT_011562,CUST_03853,2023-03-08,Return,Low,7,5
TKT_011563,CUST_04353,2022-01-24,Product Quality,Low,5,5
TKT_011564,CUST_02640,2024-04-21,App Issue,Medium,2,5
TKT_011565,CUST_00345,2023-07-22,App Issue,Low,3,3
TKT_011566,CUST_03783,2023-02-21,Delivery,Medium,7,5
TKT_011567,CUST_01617,2023-09-08,Other,Medium,2,4
TKT_011568,CUST_00307,2024-05-29,Account,High,2,3
TKT_011569,CUST_04202,2024-03-11,Other,Low,3,1
TKT_011570,CUST_01919,2023-09-28,Payment,High,2,2
TKT_011571,CUST_04292,2022-03-28,Return,Low,2,4
TKT_011572,CUST_03560,2022-01-17,Delivery,Medium,3,3
TKT_011573,CUST_03919,2023-09-14,Product Quality,Medium,3,4
TKT_011574,CUST_02163,2022-10-03,Return,Medium,7,1
TKT_011575,CUST_03541,2023-10-30,Delivery,Low,5,5
TKT_011576,CUST_00361,2022-03-30,Delivery,Medium,1,4
TKT_011577,CUST_03553,2022-03-15,Account,Low,1,4
TKT_011578,CUST_00866,2024-03-26,Account,Medium,5,3
TKT_011579,CUST_04244,2022-08-15,Account,High,7,
TKT_011580,CUST_03879,2024-02-17,Return,Medium,3,4
TKT_011581,CUST_03792,2022-07-15,Payment,Medium,1,3
TKT_011582,CUST_01709,2023-06-24,Account,High,1,4
TKT_011583,CUST_03349,2022-03-30,Other,Medium,2,5
TKT_011584,CUST_02412,2022-04-15,Other,Low,5,4
TKT_011585,CUST_01535,2022-08-10,App Issue,High,1,5
TKT_011586,CUST_02079,2023-10-07,Return,Medium,1,4
TKT_011587,CUST_01394,2022-02-27,Account,Medium,3,4
TKT_011588,CUST_01609,2024-01-10,Payment,Medium,1,5
TKT_011589,CUST_04634,2022-02-14,Return,Medium,7,5
TKT_011590,CUST_00272,2023-04-19,Other,High,5,4
TKT_011591,CUST_04357,2023-11-23,Payment,Medium,2,3
TKT_011592,CUST_02401,2024-02-02,Product Quality,Medium,2,3
TKT_011593,CUST_04495,2024-05-07,Payment,Medium,7,5
TKT_011594,CUST_01808,2023-04-27,Return,High,2,4
TKT_011595,CUST_03996,2022-01-18,Delivery,Low,3,4
TKT_011596,CUST_01382,2022-06-23,Payment,Medium,2,3
TKT_011597,CUST_02904,2022-08-08,Delivery,Medium,2,2
TKT_011598,CUST_01642,2022-12-26,Payment,Medium,2,4
TKT_011599,CUST_02214,2023-04-19,Product Quality,Low,5,4
TKT_011600,CUST_01122,2023-05-31,Return,Low,2,5
TKT_011601,CUST_02405,2023-10-11,Account,Medium,1,1
TKT_011602,CUST_04623,2023-04-12,Product Quality,High,5,5
TKT_011603,CUST_00271,2023-07-08,Delivery,High,1,4
TKT_011604,CUST_02258,2022-12-18,Product Quality,Medium,3,4
TKT_011605,CUST_01520,2022-05-10,Payment,Low,2,5
TKT_011606,CUST_04561,2022-11-12,Other,High,2,2
TKT_011607,CUST_00631,2023-02-13,Payment,Low,2,5
TKT_011608,CUST_02637,2022-05-19,App Issue,Low,1,4
TKT_011609,CUST_04022,2023-07-09,Other,Medium,3,
TKT_011610,CUST_03373,2022-11-02,Product Quality,High,5,4
TKT_011611,CUST_03020,2023-10-27,App Issue,Medium,3,3
TKT_011612,CUST_03016,2023-06-08,App Issue,Medium,2,2
TKT_011613,CUST_04193,2022-04-14,Delivery,Medium,3,3
TKT_011614,CUST_04933,2023-12-30,Account,High,2,5
TKT_011615,CUST_03367,2022-06-04,Return,Medium,7,4
TKT_011616,CUST_02835,2023-08-04,Delivery,Medium,2,4
TKT_011617,CUST_03677,2023-10-22,Product Quality,Medium,3,5
TKT_011618,CUST_02818,2023-07-16,Account,Medium,3,
TKT_011619,CUST_04040,2022-05-05,Payment,Low,2,3
TKT_011620,CUST_00901,2022-04-02,App Issue,Low,2,5
TKT_011621,CUST_02573,2022-10-06,Delivery,Medium,10,5
TKT_011622,CUST_02634,2024-01-24,Other,Low,1,3
TKT_011623,CUST_02892,2024-01-07,Account,Medium,1,4
TKT_011624,CUST_02310,2023-10-22,Account,Low,3,5
TKT_011625,CUST_04423,2022-02-15,Return,Low,5,4
TKT_011626,CUST_03472,2024-01-20,Payment,Medium,2,5
TKT_011627,CUST_04720,2024-03-10,Other,Low,1,5
TKT_011628,CUST_03495,2022-01-10,Other,Medium,2,4
TKT_011629,CUST_02285,2023-06-10,Product Quality,Medium,1,3
TKT_011630,CUST_02448,2023-06-01,Delivery,Low,7,4
TKT_011631,CUST_01335,2023-09-10,Payment,Medium,7,4
TKT_011632,CUST_04624,2024-03-25,App Issue,Medium,2,5
TKT_011633,CUST_03129,2023-08-12,App Issue,Low,1,1
TKT_011634,CUST_00423,2022-08-30,Return,Medium,5,5
TKT_011635,CUST_02562,2024-04-02,Delivery,High,1,4
TKT_011636,CUST_01580,2023-09-12,Delivery,Medium,1,2
TKT_011637,CUST_04621,2023-08-08,Other,Low,5,3
TKT_011638,CUST_02377,2023-01-28,Other,Low,2,4
TKT_011639,CUST_04278,2023-12-19,Payment,Medium,5,3
TKT_011640,CUST_00614,2023-03-12,Product Quality,Medium,2,3
TKT_011641,CUST_01117,2023-02-27,Other,Low,7,4
TKT_011642,CUST_01691,2023-07-25,App Issue,Medium,2,3
TKT_011643,CUST_02502,2022-03-17,Return,Medium,2,5
TKT_011644,CUST_01119,2024-01-12,Product Quality,Medium,1,1
TKT_011645,CUST_01310,2023-10-30,App Issue,Medium,2,4
TKT_011646,CUST_03916,2023-06-09,Product Quality,Low,2,3
TKT_011647,CUST_03008,2022-08-28,App Issue,High,7,4
TKT_011648,CUST_00889,2022-12-30,Delivery,Low,3,4
TKT_011649,CUST_04375,2022-11-26,App Issue,Medium,10,4
TKT_011650,CUST_03046,2022-12-05,Delivery,Medium,,4
TKT_011651,CUST_02580,2023-01-25,Payment,Medium,,5
TKT_011652,CUST_04408,2022-01-07,Account,Medium,3,5
TKT_011653,CUST_01366,2023-09-07,Account,Medium,7,4
TKT_011654,CUST_00398,2023-07-21,App Issue,Low,1,1
TKT_011655,CUST_04199,2023-05-06,Product Quality,Low,3,1
TKT_011656,CUST_02999,2022-05-31,Delivery,Medium,5,3
TKT_011657,CUST_03155,2024-02-09,App Issue,Medium,3,4
TKT_011658,CUST_04292,2022-12-17,Product Quality,Medium,,4
TKT_011659,CUST_00366,2022-11-28,Payment,Low,1,5
TKT_011660,CUST_04345,2024-05-15,Account,Low,5,4
TKT_011661,CUST_03202,2023-10-25,Delivery,Medium,1,1
TKT_011662,CUST_02810,2022-07-03,Delivery,Low,3,4
TKT_011663,CUST_03842,2022-02-08,Account,Low,2,5
TKT_011664,CUST_04370,2023-04-01,Payment,High,7,4
TKT_011665,CUST_04899,2022-04-12,App Issue,High,2,3
TKT_011666,CUST_02970,2022-02-28,Product Quality,Medium,7,5
TKT_011667,CUST_00481,2022-11-20,Return,Medium,3,5
TKT_011668,CUST_03751,2022-09-09,Product Quality,Medium,5,4
TKT_011669,CUST_01297,2023-02-24,App Issue,Medium,1,4
TKT_011670,CUST_01415,2024-04-26,Payment,Medium,5,4
TKT_011671,CUST_04748,2022-05-04,Delivery,High,2,4
TKT_011672,CUST_00707,2022-05-19,Account,High,1,4
TKT_011673,CUST_02198,2024-03-14,Delivery,High,2,2
TKT_011674,CUST_03252,2023-10-08,Return,High,1,4
TKT_011675,CUST_02429,2023-07-19,Return,Medium,3,5
TKT_011676,CUST_04307,2022-09-19,Product Quality,High,3,5
TKT_011677,CUST_03198,2023-08-10,Return,High,1,4
TKT_011678,CUST_03836,2023-08-15,App Issue,High,1,5
TKT_011679,CUST_03030,2023-03-16,Delivery,Low,5,1
TKT_011680,CUST_01126,2022-08-15,Delivery,Low,2,4
TKT_011681,CUST_00290,2022-12-19,Payment,Medium,2,5
TKT_011682,CUST_00710,2023-11-04,Other,Medium,2,
TKT_011683,CUST_02480,2022-01-01,Return,Low,3,3
TKT_011684,CUST_01031,2022-08-06,Account,Medium,3,5
TKT_011685,CUST_03516,2023-03-16,App Issue,Low,1,3
TKT_011686,CUST_01901,2024-05-01,Return,Medium,7,2
TKT_011687,CUST_00196,2023-04-23,Return,Medium,2,
TKT_011688,CUST_03647,2022-04-18,Delivery,Medium,5,5
TKT_011689,CUST_03223,2022-08-12,Payment,Medium,3,5
TKT_011690,CUST_01731,2022-04-14,Payment,Low,2,4
TKT_011691,CUST_00649,2023-11-17,App Issue,Medium,2,5
TKT_011692,CUST_03910,2022-08-28,App Issue,Low,7,4
TKT_011693,CUST_00472,2022-06-11,Delivery,Medium,7,4
TKT_011694,CUST_03565,2024-05-22,Product Quality,High,3,4
TKT_011695,CUST_01436,2023-08-31,App Issue,Low,5,4
TKT_011696,CUST_02335,2022-09-11,Delivery,Low,7,5
TKT_011697,CUST_03015,2023-10-27,Payment,High,1,2
TKT_011698,CUST_01802,2022-09-02,Account,Medium,2,4
TKT_011699,CUST_01506,2022-01-05,App Issue,Medium,5,5
TKT_011700,CUST_00205,2022-07-22,Product Quality,Medium,2,5
TKT_011701,CUST_03537,2022-02-17,App Issue,Low,7,3
TKT_011702,CUST_04341,2022-05-19,Account,Medium,7,4
TKT_011703,CUST_00720,2022-04-08,App Issue,Medium,2,4
TKT_011704,CUST_00270,2022-06-11,Account,High,1,3
TKT_011705,CUST_02659,2023-06-19,Delivery,Low,1,3
TKT_011706,CUST_04259,2022-04-12,Payment,Medium,2,4
TKT_011707,CUST_02997,2024-01-14,Delivery,Low,5,4
TKT_011708,CUST_02701,2023-11-06,App Issue,Low,1,5
TKT_011709,CUST_00661,2022-02-26,App Issue,High,3,4
TKT_011710,CUST_03373,2023-02-25,Product Quality,Medium,3,2
TKT_011711,CUST_03713,2022-04-24,Return,Low,3,2
TKT_011712,CUST_00930,2023-08-11,Other,High,1,4
TKT_011713,CUST_00435,2024-02-16,Account,High,2,5
TKT_011714,CUST_01687,2023-08-19,Payment,High,5,2
TKT_011715,CUST_02607,2024-03-27,Delivery,Low,3,5
TKT_011716,CUST_03618,2022-06-02,Payment,Medium,2,4
TKT_011717,CUST_03547,2024-03-14,Delivery,Low,3,4
TKT_011718,CUST_02817,2024-05-05,App Issue,Low,1,5
TKT_011719,CUST_01968,2024-04-23,Payment,Low,3,5
TKT_011720,CUST_01354,2022-03-31,Return,Low,5,2
TKT_011721,CUST_01368,2022-08-06,Product Quality,Low,5,5
TKT_011722,CUST_01434,2023-12-28,Payment,High,2,2
TKT_011723,CUST_03646,2023-08-14,Other,Low,1,5
TKT_011724,CUST_01073,2024-04-13,Return,High,2,2
TKT_011725,CUST_00423,2023-01-09,App Issue,Medium,7,2
TKT_011726,CUST_00274,2023-03-01,Account,Medium,3,5
TKT_011727,CUST_02362,2022-04-28,Return,Medium,3,4
TKT_011728,CUST_00135,2024-02-17,Delivery,Low,5,3
TKT_011729,CUST_03206,2023-12-13,Other,Medium,2,4
TKT_011730,CUST_03177,2022-09-19,Delivery,Medium,,
TKT_011731,CUST_04896,2023-09-02,Payment,Medium,3,5
TKT_011732,CUST_04789,2023-05-18,Delivery,High,5,5
TKT_011733,CUST_02961,2022-04-18,Product Quality,Medium,2,4
TKT_011734,CUST_04455,2022-04-07,Payment,High,,3
TKT_011735,CUST_02094,2023-03-04,Other,Medium,3,4
TKT_011736,CUST_02665,2022-11-05,App Issue,Low,3,1
TKT_011737,CUST_04722,2024-01-22,Delivery,Medium,3,5
TKT_011738,CUST_02519,2022-04-04,Return,Medium,7,3
TKT_011739,CUST_00434,2023-04-10,Product Quality,Low,5,
TKT_011740,CUST_01256,2022-01-25,App Issue,Low,5,5
TKT_011741,CUST_00634,2023-02-16,Account,Medium,2,4
TKT_011742,CUST_03877,2022-01-18,Product Quality,High,5,5
TKT_011743,CUST_03480,2024-01-16,Account,Low,10,5
TKT_011744,CUST_03850,2022-10-28,Payment,Low,2,
TKT_011745,CUST_03870,2022-05-01,Return,High,5,4
TKT_011746,CUST_01982,2023-06-22,Other,Medium,2,4
TKT_011747,CUST_00971,2023-12-19,App Issue,Medium,5,4
TKT_011748,CUST_04994,2023-08-26,Payment,Medium,2,2
TKT_011749,CUST_03343,2022-09-25,Return,High,10,3
TKT_011750,CUST_04877,2023-09-06,Product Quality,Medium,3,4
TKT_011751,CUST_01098,2023-11-30,App Issue,Medium,2,4
TKT_011752,CUST_01610,2022-12-31,Account,High,5,3
TKT_011753,CUST_01558,2023-05-22,Return,High,1,3
TKT_011754,CUST_04506,2022-10-30,Delivery,Medium,7,4
TKT_011755,CUST_03871,2024-04-12,Account,High,2,5
TKT_011756,CUST_00216,2024-05-16,Account,High,1,5
TKT_011757,CUST_02844,2023-02-15,Other,Medium,5,2
TKT_011758,CUST_03283,2023-08-09,Product Quality,Medium,,5
TKT_011759,CUST_00305,2024-02-12,Other,Medium,10,
TKT_011760,CUST_03780,2022-11-09,Product Quality,Medium,3,5
TKT_011761,CUST_04808,2022-11-13,Product Quality,High,1,5
TKT_011762,CUST_02548,2022-09-10,Return,Medium,3,3
TKT_011763,CUST_00591,2023-01-04,App Issue,Medium,3,
TKT_011764,CUST_02282,2022-01-04,App Issue,Medium,2,4
TKT_011765,CUST_04288,2022-05-17,Return,Medium,1,5
TKT_011766,CUST_04413,2024-02-16,Product Quality,Medium,5,
TKT_011767,CUST_00389,2022-10-02,Other,Medium,1,3
TKT_011768,CUST_02671,2022-11-15,Other,High,7,4
TKT_011769,CUST_01865,2023-02-26,Other,High,5,5
TKT_011770,CUST_00711,2022-01-08,Other,Medium,1,4
TKT_011771,CUST_03922,2023-03-25,Product Quality,Low,,4
TKT_011772,CUST_02224,2022-09-30,App Issue,Medium,7,5
TKT_011773,CUST_02852,2022-05-27,App Issue,High,2,4
TKT_011774,CUST_04905,2024-03-31,App Issue,Medium,5,5
TKT_011775,CUST_00779,2024-05-16,Product Quality,Medium,7,4
TKT_011776,CUST_02959,2023-05-26,Product Quality,Low,2,4
TKT_011777,CUST_04190,2023-09-02,Return,Low,10,3
TKT_011778,CUST_00296,2023-04-24,Account,High,1,2
TKT_011779,CUST_00722,2022-05-01,App Issue,Low,3,5
TKT_011780,CUST_04498,2023-02-27,Payment,High,2,4
TKT_011781,CUST_02351,2023-02-20,App Issue,Low,3,2
TKT_011782,CUST_00467,2023-10-21,App Issue,Medium,2,1
TKT_011783,CUST_03727,2023-09-15,App Issue,Medium,3,2
TKT_011784,CUST_00671,2023-04-22,Account,Low,3,5
TKT_011785,CUST_01574,2023-01-24,Return,Medium,1,5
TKT_011786,CUST_01326,2023-06-01,Return,High,3,3
TKT_011787,CUST_02684,2022-09-22,Return,Low,1,3
TKT_011788,CUST_00458,2024-05-10,App Issue,Medium,3,4
TKT_011789,CUST_03372,2023-07-23,Payment,Low,2,4
TKT_011790,CUST_03348,2024-01-11,App Issue,Medium,3,4
TKT_011791,CUST_04896,2024-01-29,Account,Medium,1,5
TKT_011792,CUST_00274,2022-02-03,Delivery,Low,5,4
TKT_011793,CUST_00184,2022-08-07,App Issue,High,3,4
TKT_011794,CUST_00098,2023-12-09,App Issue,Medium,7,1
TKT_011795,CUST_03985,2022-08-31,Delivery,High,1,5
TKT_011796,CUST_03377,2023-01-15,Delivery,Medium,5,3
TKT_011797,CUST_00037,2022-03-21,Payment,Low,3,4
TKT_011798,CUST_03225,2023-03-16,Other,Medium,,4
TKT_011799,CUST_01472,2023-04-28,Delivery,Medium,3,4
TKT_011800,CUST_04681,2023-10-04,Product Quality,Medium,3,4
TKT_011801,CUST_00777,2022-09-06,Product Quality,High,7,4
TKT_011802,CUST_01278,2024-04-27,Product Quality,Low,5,
TKT_011803,CUST_01423,2024-02-20,Account,Medium,1,5
TKT_011804,CUST_04750,2022-07-20,Return,High,3,5
TKT_011805,CUST_01191,2023-10-03,Return,Medium,,4
TKT_011806,CUST_01408,2024-01-26,Product Quality,Medium,3,1
TKT_011807,CUST_02512,2023-05-10,Product Quality,Low,1,1
TKT_011808,CUST_01943,2024-01-11,App Issue,High,3,4
TKT_011809,CUST_04038,2023-10-08,Return,Low,2,5
TKT_011810,CUST_01101,2023-04-19,Payment,Low,2,2
TKT_011811,CUST_01663,2022-04-12,Delivery,Medium,2,4
TKT_011812,CUST_03476,2023-07-07,Product Quality,Low,2,4
TKT_011813,CUST_01771,2022-09-30,Account,High,1,
TKT_011814,CUST_02485,2024-03-14,App Issue,Medium,1,4
TKT_011815,CUST_03502,2023-11-30,Other,Medium,,4
TKT_011816,CUST_00053,2023-07-23,Delivery,Low,3,1
TKT_011817,CUST_00824,2022-01-31,Return,High,3,5
TKT_011818,CUST_00401,2022-09-03,Delivery,Low,3,5
TKT_011819,CUST_01490,2022-06-29,Return,Low,3,4
TKT_011820,CUST_03409,2023-08-07,Return,Low,2,3
TKT_011821,CUST_01068,2022-06-19,Account,Medium,1,5
TKT_011822,CUST_04885,2024-04-10,Other,Low,2,4
TKT_011823,CUST_02490,2023-10-04,App Issue,Low,,5
TKT_011824,CUST_00063,2023-02-05,Account,Medium,5,4
TKT_011825,CUST_02851,2024-03-22,App Issue,Low,2,5
TKT_011826,CUST_02212,2022-09-13,Product Quality,Medium,3,4
TKT_011827,CUST_00690,2023-08-02,App Issue,High,5,5
TKT_011828,CUST_04250,2023-09-04,App Issue,Low,2,5
TKT_011829,CUST_00635,2022-08-19,Delivery,High,3,5
TKT_011830,CUST_01358,2022-02-20,Other,High,1,4
TKT_011831,CUST_01571,2022-06-17,Account,Medium,10,4
TKT_011832,CUST_01898,2023-08-04,Account,Medium,10,5
TKT_011833,CUST_03154,2023-01-08,Payment,Low,5,3
TKT_011834,CUST_02774,2022-04-14,Return,Medium,10,1
TKT_011835,CUST_00913,2022-02-07,Account,Low,2,4
TKT_011836,CUST_01405,2022-12-05,Delivery,High,5,3
TKT_011837,CUST_03822,2022-08-14,Return,Medium,2,5
TKT_011838,CUST_03781,2022-12-09,Other,Medium,1,
TKT_011839,CUST_02566,2023-07-31,Delivery,Low,2,4
TKT_011840,CUST_01953,2022-11-09,App Issue,Medium,7,5
TKT_011841,CUST_02192,2022-07-19,Account,High,7,5
TKT_011842,CUST_03297,2022-10-22,Payment,Medium,3,4
TKT_011843,CUST_01326,2022-01-29,Account,Low,2,3
TKT_011844,CUST_00130,2022-05-04,Product Quality,High,5,5
TKT_011845,CUST_02775,2024-06-14,Return,Medium,3,2
TKT_011846,CUST_02440,2022-03-03,Delivery,Low,2,5
TKT_011847,CUST_04837,2023-07-24,Account,Medium,2,5
TKT_011848,CUST_00135,2023-02-14,Product Quality,Medium,2,4
TKT_011849,CUST_00067,2023-08-08,Return,Low,7,4
TKT_011850,CUST_03107,2023-12-21,Delivery,Medium,2,5
TKT_011851,CUST_03787,2023-07-06,Delivery,Medium,7,5
TKT_011852,CUST_02141,2022-08-19,Return,Low,7,5
TKT_011853,CUST_00055,2022-10-10,Payment,Low,1,2
TKT_011854,CUST_00004,2023-02-11,Payment,High,5,3
TKT_011855,CUST_04105,2023-06-28,Payment,High,1,5
TKT_011856,CUST_03681,2023-07-23,Other,Medium,5,2
TKT_011857,CUST_04988,2023-09-13,Other,Medium,3,3
TKT_011858,CUST_00796,2023-07-13,Product Quality,High,5,3
TKT_011859,CUST_03974,2022-11-18,Product Quality,Low,3,5
TKT_011860,CUST_00739,2022-01-11,Return,Low,1,5
TKT_011861,CUST_02683,2022-03-22,Return,Medium,,2
TKT_011862,CUST_04148,2022-04-10,Return,High,3,2
TKT_011863,CUST_00295,2022-03-16,Payment,Medium,2,5
TKT_011864,CUST_02860,2024-06-04,App Issue,Medium,3,4
TKT_011865,CUST_03534,2022-01-08,Return,High,1,3
TKT_011866,CUST_01066,2023-07-17,Delivery,Low,7,5
TKT_011867,CUST_04789,2022-04-01,Return,Low,2,4
TKT_011868,CUST_04954,2023-05-28,App Issue,High,5,5
TKT_011869,CUST_00373,2023-03-19,Product Quality,High,5,5
TKT_011870,CUST_00142,2022-10-29,App Issue,Medium,7,2
TKT_011871,CUST_00795,2023-06-15,Account,High,3,5
TKT_011872,CUST_00612,2023-04-02,Payment,Medium,2,3
TKT_011873,CUST_01463,2023-01-27,Other,Medium,,4
TKT_011874,CUST_03353,2022-01-06,Payment,Medium,1,3
TKT_011875,CUST_04221,2023-09-07,Account,Low,1,5
TKT_011876,CUST_03780,2023-11-28,App Issue,Low,2,3
TKT_011877,CUST_01073,2022-04-01,Other,Low,5,2
TKT_011878,CUST_03652,2024-03-01,App Issue,Medium,2,1
TKT_011879,CUST_00411,2023-04-11,Return,Medium,2,3
TKT_011880,CUST_00257,2022-08-27,App Issue,Low,1,5
TKT_011881,CUST_04106,2022-11-01,Other,Medium,3,5
TKT_011882,CUST_00608,2023-10-05,Return,Low,10,3
TKT_011883,CUST_00968,2023-06-06,Product Quality,Low,,4
TKT_011884,CUST_03496,2024-05-11,Product Quality,Medium,3,4
TKT_011885,CUST_01814,2023-09-07,Payment,Medium,,5
TKT_011886,CUST_00643,2024-03-11,Other,Low,3,4
TKT_011887,CUST_00371,2023-04-03,App Issue,Medium,3,3
TKT_011888,CUST_00641,2022-09-30,Other,Medium,2,4
TKT_011889,CUST_01238,2023-07-25,Payment,Low,3,5
TKT_011890,CUST_04662,2022-03-31,Other,Medium,5,2
TKT_011891,CUST_03450,2024-02-10,Delivery,Medium,3,3
TKT_011892,CUST_03542,2024-04-14,Payment,Medium,2,4
TKT_011893,CUST_02916,2023-06-07,Return,Low,7,5
TKT_011894,CUST_03481,2024-02-28,Return,Medium,5,2
TKT_011895,CUST_04079,2024-03-30,Product Quality,Medium,2,4
TKT_011896,CUST_03904,2024-01-09,Payment,Medium,,3
TKT_011897,CUST_00702,2022-10-02,Delivery,Medium,3,3
TKT_011898,CUST_04259,2022-03-15,App Issue,Low,5,4
TKT_011899,CUST_03871,2023-05-05,Product Quality,Low,2,2
TKT_011900,CUST_00948,2024-02-11,Payment,Medium,3,5
TKT_011901,CUST_02031,2024-01-26,Delivery,High,1,3
TKT_011902,CUST_02164,2022-12-29,Product Quality,Low,3,1
TKT_011903,CUST_01681,2022-06-23,Product Quality,Medium,5,2
TKT_011904,CUST_04229,2022-08-20,Delivery,Medium,,4
TKT_011905,CUST_04131,2023-03-23,App Issue,Medium,1,3
TKT_011906,CUST_00054,2024-06-14,Delivery,Low,2,5
TKT_011907,CUST_00722,2022-06-29,Other,Low,5,4
TKT_011908,CUST_02237,2023-02-11,Account,Low,1,4
TKT_011909,CUST_03212,2023-08-09,Other,Medium,1,5
TKT_011910,CUST_00398,2024-06-01,Other,Medium,3,5
TKT_011911,CUST_04205,2022-05-05,Product Quality,High,1,3
TKT_011912,CUST_02917,2022-05-23,Return,Medium,10,3
TKT_011913,CUST_04227,2022-09-16,Payment,Medium,2,5
TKT_011914,CUST_00201,2023-06-13,Account,High,1,4
TKT_011915,CUST_01464,2022-02-24,Account,Medium,2,3
TKT_011916,CUST_03570,2023-02-18,App Issue,Medium,5,5
TKT_011917,CUST_00452,2022-01-07,Return,Medium,1,5
TKT_011918,CUST_04998,2023-09-26,Delivery,High,1,3
TKT_011919,CUST_04689,2024-04-10,Payment,Low,2,3
TKT_011920,CUST_03610,2023-04-26,Other,Low,5,5
TKT_011921,CUST_01148,2023-02-23,Payment,Low,1,
TKT_011922,CUST_01562,2023-05-14,Return,Medium,3,4
TKT_011923,CUST_03316,2023-02-01,Product Quality,Medium,5,4
TKT_011924,CUST_03766,2023-08-13,Return,High,7,4
TKT_011925,CUST_04690,2023-10-03,Payment,Medium,2,4
TKT_011926,CUST_04187,2024-05-11,Delivery,Medium,5,5
TKT_011927,CUST_00596,2022-04-18,App Issue,Medium,1,4
TKT_011928,CUST_02184,2023-03-03,App Issue,Medium,2,5
TKT_011929,CUST_03017,2022-05-19,Other,Medium,5,
TKT_011930,CUST_04882,2023-01-27,Product Quality,Medium,2,4
TKT_011931,CUST_00175,2023-04-15,Delivery,Low,3,2
TKT_011932,CUST_04101,2023-06-01,App Issue,High,7,5
TKT_011933,CUST_00138,2024-03-11,Product Quality,Low,2,3
TKT_011934,CUST_00551,2022-12-30,Product Quality,Medium,3,3
TKT_011935,CUST_04334,2023-02-24,Delivery,Medium,3,5
TKT_011936,CUST_04145,2022-09-24,Account,Low,10,5
TKT_011937,CUST_03996,2024-01-14,Other,Medium,7,4
TKT_011938,CUST_01988,2023-05-02,Return,High,1,4
TKT_011939,CUST_04423,2022-04-12,Product Quality,High,3,3
TKT_011940,CUST_00411,2022-12-31,Product Quality,Medium,5,5
TKT_011941,CUST_02607,2022-01-10,Product Quality,High,10,1
TKT_011942,CUST_01879,2022-04-10,Delivery,Low,1,3
TKT_011943,CUST_01141,2024-03-17,Return,Medium,10,3
TKT_011944,CUST_01198,2024-06-12,Return,Medium,3,5
TKT_011945,CUST_01094,2023-12-12,Other,Medium,5,5
TKT_011946,CUST_01755,2024-04-13,Other,Medium,3,3
TKT_011947,CUST_03508,2023-02-06,Product Quality,Medium,5,5
TKT_011948,CUST_03645,2022-11-30,Account,Medium,1,5
TKT_011949,CUST_04426,2023-05-22,Delivery,Medium,1,4
TKT_011950,CUST_01077,2022-06-22,Return,Medium,3,3
TKT_011951,CUST_01914,2022-10-10,Account,Low,1,4
TKT_011952,CUST_00122,2024-03-20,Delivery,High,3,3
TKT_011953,CUST_04933,2024-06-02,Account,Medium,5,5
TKT_011954,CUST_03536,2023-02-22,Product Quality,Medium,1,5
TKT_011955,CUST_03657,2023-12-26,Payment,High,,5
TKT_011956,CUST_03650,2022-07-21,Delivery,High,3,5
TKT_011957,CUST_00283,2024-01-30,Return,Medium,2,4
TKT_011958,CUST_03610,2023-10-24,Delivery,High,7,1
TKT_011959,CUST_04374,2023-11-27,Product Quality,Medium,2,4
TKT_011960,CUST_01046,2022-09-09,Return,Medium,3,2
TKT_011961,CUST_04735,2023-10-13,Other,Medium,,4
TKT_011962,CUST_00423,2022-03-06,Account,Low,10,
TKT_011963,CUST_01502,2022-02-08,Return,Medium,3,1
TKT_011964,CUST_00590,2022-07-15,Return,Medium,5,5
TKT_011965,CUST_00328,2023-06-06,Account,Medium,3,4
TKT_011966,CUST_04301,2024-03-22,Account,Medium,5,5
TKT_011967,CUST_02691,2022-10-22,Payment,High,3,5
TKT_011968,CUST_03195,2022-12-14,Other,Medium,1,2
TKT_011969,CUST_00208,2022-02-15,Product Quality,High,3,
TKT_011970,CUST_02765,2024-02-10,Payment,Medium,10,4
TKT_011971,CUST_03202,2022-07-11,Payment,Medium,2,5
TKT_011972,CUST_04358,2024-02-11,Other,Low,,1
TKT_011973,CUST_00120,2023-10-30,Account,Medium,2,4
TKT_011974,CUST_02806,2022-07-26,Product Quality,Medium,7,4
TKT_011975,CUST_02857,2022-10-13,Product Quality,Low,2,4
TKT_011976,CUST_02271,2023-07-27,Account,Medium,5,4
TKT_011977,CUST_03382,2022-11-25,Delivery,Low,2,4
TKT_011978,CUST_03102,2024-05-27,Account,Low,1,5
TKT_011979,CUST_02603,2022-01-23,Account,Medium,2,5
TKT_011980,CUST_02319,2024-02-15,Other,High,7,3
TKT_011981,CUST_03609,2022-07-02,Delivery,Medium,,4
TKT_011982,CUST_03242,2023-09-15,App Issue,Medium,2,4
TKT_011983,CUST_02176,2023-05-13,Product Quality,Low,1,5
TKT_011984,CUST_02684,2023-10-14,Other,Low,2,5
TKT_011985,CUST_04068,2022-08-31,Other,Medium,1,5
TKT_011986,CUST_02670,2022-10-30,Delivery,Medium,3,4
TKT_011987,CUST_00896,2022-10-17,Account,Medium,7,5
TKT_011988,CUST_01708,2022-05-22,Account,High,1,4
TKT_011989,CUST_04188,2022-10-12,Payment,Low,5,4
TKT_011990,CUST_02444,2022-12-10,Account,Medium,2,4
TKT_011991,CUST_02674,2023-05-03,App Issue,Low,5,5
TKT_011992,CUST_02003,2022-04-14,App Issue,Low,1,5
TKT_011993,CUST_00242,2022-02-23,App Issue,High,2,2
TKT_011994,CUST_04901,2022-07-24,Delivery,Low,,1
TKT_011995,CUST_01003,2024-05-04,Return,Low,3,4
TKT_011996,CUST_00055,2023-06-17,App Issue,Low,5,3
TKT_011997,CUST_03837,2024-03-29,Delivery,High,3,2
TKT_011998,CUST_01235,2024-01-01,Payment,High,3,5
TKT_011999,CUST_03013,2023-02-16,Other,Medium,3,3
TKT_012000,CUST_00742,2024-05-08,Payment,High,1,5
